area_name,area_code,district_name,district_no,delivery_zipcode,locale_name,physical_delivery_address,physical_city,physical_state,physical_zip,physical_zip4,zip_class_code,locale_key,locale_type
WESTPAC,4E,CALIFORNIA 5,900,90001,MAIN OFFICE LOS ANGELES,7101 S CENTRAL AVE,LOS ANGELES,CA,90001,9998,,Z21858,S
WESTPAC,4E,CALIFORNIA 5,900,90002,AUGUSTUS F HAWKINS,10301 COMPTON AVE,LOS ANGELES,CA,90002,9998,,Z23799,S
WESTPAC,4E,CALIFORNIA 5,900,90002,GREENMEAD ANNEX,900 E GAGE AVE,LOS ANGELES,CA,90059,9998,,020153,4
WESTPAC,4E,CALIFORNIA 5,900,90003,MAIN OFFICE LOS ANGELES,7101 S CENTRAL AVE,LOS ANGELES,CA,90001,9998,,Z21858,S
WESTPAC,4E,CALIFORNIA 5,900,90004,OAKWOOD,265 S WESTERN AVE,LOS ANGELES,CA,90004,9998,,Z22301,S
WESTPAC,4E,CALIFORNIA 5,900,90005,PICO HEIGHTS,2390 W PICO BLVD,LOS ANGELES,CA,90075,9997,,Z22468,S
WESTPAC,4E,CALIFORNIA 5,900,90006,DOCKWEILER,3585 S VERMONT AVE,LOS ANGELES,CA,90007,9998,,Z20899,S
WESTPAC,4E,CALIFORNIA 5,900,90007,DOCKWEILER,3585 S VERMONT AVE,LOS ANGELES,CA,90007,9998,,Z20899,S
WESTPAC,4E,CALIFORNIA 5,900,90008,CRENSHAW,3894 CRENSHAW BLVD,LOS ANGELES,CA,90008,9998,,Z20778,S
WESTPAC,4E,CALIFORNIA 5,900,90009,AIRPORT LOS ANGELES,8821 AVIATION BLVD,LOS ANGELES,CA,90009,9997,P,019317,S
WESTPAC,4E,CALIFORNIA 5,900,90011,WASHINGTON LOS ANGELES,4352 S CENTRAL AVE,LOS ANGELES,CA,90011,9998,,Z23791,S
WESTPAC,4E,CALIFORNIA 5,900,90011,GREENMEAD ANNEX,900 E GAGE AVE,LOS ANGELES,CA,90059,9998,,020153,4
WESTPAC,4E,CALIFORNIA 5,900,90012,ALAMEDA CARRIER ANNEX,1055 N VIGNES ST,LOS ANGELES,CA,90012,2930,,Z21105,4
WESTPAC,4E,CALIFORNIA 5,900,90013,ARCADE,506 S SPRING ST,LOS ANGELES,CA,90013,9998,,Z20117,S
WESTPAC,4E,CALIFORNIA 5,900,90013,ALAMEDA CARRIER ANNEX,1055 N VIGNES ST,LOS ANGELES,CA,90012,2930,,Z21105,4
WESTPAC,4E,CALIFORNIA 5,900,90014,ALAMEDA CARRIER ANNEX,1055 N VIGNES ST,LOS ANGELES,CA,90012,2930,,Z21105,4
WESTPAC,4E,CALIFORNIA 5,900,90015,DEL VALLE,819 W WASHINGTON BLVD,LOS ANGELES,CA,90015,9997,,Z20862,S
WESTPAC,4E,CALIFORNIA 5,900,90015,WASHINGTON LOS ANGELES,4352 S CENTRAL AVE,LOS ANGELES,CA,90011,9998,,Z23791,S
WESTPAC,4E,CALIFORNIA 5,900,90016,WEST ADAMS,4960 W WASHINGTON BLVD,LOS ANGELES,CA,90016,9998,,Z23814,S
WESTPAC,4E,CALIFORNIA 5,900,90017,FOY,1808 W 7TH ST,LOS ANGELES,CA,90057,9998,,Z21194,S
WESTPAC,4E,CALIFORNIA 5,900,90018,DOCKWEILER,3585 S VERMONT AVE,LOS ANGELES,CA,90007,9998,,Z20899,S
WESTPAC,4E,CALIFORNIA 5,900,90019,RIMPAU,4040 W WASHINGTON BLVD FRNT,LOS ANGELES,CA,90018,1067,,Z22665,S
WESTPAC,4E,CALIFORNIA 5,900,90020,OAKWOOD,265 S WESTERN AVE,LOS ANGELES,CA,90004,9998,,Z22301,S
WESTPAC,4E,CALIFORNIA 5,900,90021,ALAMEDA CARRIER ANNEX,1055 N VIGNES ST,LOS ANGELES,CA,90012,2930,,Z21105,4
WESTPAC,4E,CALIFORNIA 5,900,90021,MARKET,1122 E 7TH ST,LOS ANGELES,CA,90021,9998,,Z21902,S
WESTPAC,4E,CALIFORNIA 5,900,90022,EAST LOS ANGELES,975 S ATLANTIC BLVD,LOS ANGELES,CA,90022,9998,,Z20976,B
WESTPAC,4E,CALIFORNIA 5,900,90023,LUGO,3641 E 8TH ST,LOS ANGELES,CA,90023,9998,,Z21830,S
WESTPAC,4E,CALIFORNIA 5,900,90024,BARRINGTON,200 S BARRINGTON AVE,LOS ANGELES,CA,90049,9998,,Z20198,S
WESTPAC,4E,CALIFORNIA 5,900,90024,VILLAGE,1001 GAYLEY AVE STE 105,LOS ANGELES,CA,90024,9997,,018650,S
WESTPAC,4E,CALIFORNIA 5,900,90025,WEST LOS ANGELES,11270 EXPOSITION BLVD FL 2,LOS ANGELES,CA,90064,3150,,Z23827,S
WESTPAC,4E,CALIFORNIA 5,900,90025,WEST LOS ANGELES FINANCE,11420 SANTA MONICA BLVD,LOS ANGELES,CA,90025,9998,,001266,S
WESTPAC,4E,CALIFORNIA 5,900,90026,EDENDALE,1525 N ALVARADO ST,LOS ANGELES,CA,90026,9998,,Z20998,S
WESTPAC,4E,CALIFORNIA 5,900,90027,LOS FELIZ,1825 N VERMONT AVE,LOS ANGELES,CA,90027,9998,,Z21809,S
WESTPAC,4E,CALIFORNIA 5,900,90028,HOLLYWOOD,1615 WILCOX AVE,LOS ANGELES,CA,90028,9998,,Z21450,S
WESTPAC,4E,CALIFORNIA 5,900,90029,LOS FELIZ,1825 N VERMONT AVE,LOS ANGELES,CA,90027,9998,,Z21809,S
WESTPAC,4E,CALIFORNIA 5,900,90030,MAIN OFFICE LOS ANGELES,7101 S CENTRAL AVE,LOS ANGELES,CA,90001,9998,P,Z21858,S
WESTPAC,4E,CALIFORNIA 5,900,90031,LINCOLN HGTS CARRIER ANNEX,2425 ALHAMBRA AVE,LOS ANGELES,CA,90031,9998,,Z21739,4
WESTPAC,4E,CALIFORNIA 5,900,90031,LINCOLN,3001 N BROADWAY,LOS ANGELES,CA,90031,9997,,001528,S
WESTPAC,4E,CALIFORNIA 5,900,90032,LINCOLN HGTS CARRIER ANNEX,2425 ALHAMBRA AVE,LOS ANGELES,CA,90031,9998,,Z21739,4
WESTPAC,4E,CALIFORNIA 5,900,90032,EL SERENO,4875 HUNTINGTON DR N,LOS ANGELES,CA,90032,9997,,001410,S
WESTPAC,4E,CALIFORNIA 5,900,90033,BOYLE HEIGHTS,2016 E 1ST ST,LOS ANGELES,CA,90033,9998,,Z20339,S
WESTPAC,4E,CALIFORNIA 5,900,90034,PALMS,3751 MOTOR AVE,LOS ANGELES,CA,90034,9998,,Z22395,S
WESTPAC,4E,CALIFORNIA 5,900,90035,PREUSS,1270 S ALFRED ST,LOS ANGELES,CA,90035,9998,,Z22571,S
WESTPAC,4E,CALIFORNIA 5,900,90036,MIRACLE MILE,5350 WILSHIRE BLVD,LOS ANGELES,CA,90036,9998,,Z21996,S
WESTPAC,4E,CALIFORNIA 5,900,90036,LOS ANGELES CA BICENTL SDC,7610 BEVERLY BLVD,LOS ANGELES,CA,90048,5805,,021547,4
WESTPAC,4E,CALIFORNIA 5,900,90037,DOCKWEILER,3585 S VERMONT AVE,LOS ANGELES,CA,90007,9998,,Z20899,S
WESTPAC,4E,CALIFORNIA 5,900,90038,HOLLYWOOD,1615 WILCOX AVE,LOS ANGELES,CA,90028,9998,,Z21450,S
WESTPAC,4E,CALIFORNIA 5,900,90039,GRIFFITH,3370 GLENDALE BLVD,LOS ANGELES,CA,90039,9998,,Z21337,S
WESTPAC,4E,CALIFORNIA 5,900,90040,COMMERCE,5670 E WASHINGTON BLVD,COMMERCE,CA,90040,9998,,Z24286,S
WESTPAC,4E,CALIFORNIA 5,900,90041,EAGLE ROCK,7435 N FIGUEROA ST,LOS ANGELES,CA,90041,9998,,Z20958,S
WESTPAC,4E,CALIFORNIA 5,900,90042,EAGLE ROCK,7435 N FIGUEROA ST,LOS ANGELES,CA,90041,9998,,Z20958,S
WESTPAC,4E,CALIFORNIA 5,900,90042,HIGHLAND PARK,5930 N FIGUEROA ST,LOS ANGELES,CA,90042,9998,,Z21425,S
WESTPAC,4E,CALIFORNIA 5,900,90043,LA TIJERA,5472 CRENSHAW BLVD,LOS ANGELES,CA,90043,9998,,Z21634,S
WESTPAC,4E,CALIFORNIA 5,900,90044,HANCOCK,8200 S VERMONT AVE,LOS ANGELES,CA,90044,9998,,Z21378,S
WESTPAC,4E,CALIFORNIA 5,900,90045,WESTCHESTER,7381 LA TIJERA BLVD,LOS ANGELES,CA,90045,9998,,Z23840,S
WESTPAC,4E,CALIFORNIA 5,900,90046,SUNSET,1425 N CHEROKEE AVE,LOS ANGELES,CA,90093,9993,,Z23494,S
WESTPAC,4E,CALIFORNIA 5,900,90046,COLE BRANCH,1125 N FAIRFAX AVE,WEST HOLLYWOOD,CA,90046,9998,,Z24248,S
WESTPAC,4E,CALIFORNIA 5,900,90047,WAGNER BRANCH,2200 W CENTURY BLVD,LOS ANGELES,CA,90047,9998,,Z23774,S
WESTPAC,4E,CALIFORNIA 5,900,90048,LOS ANGELES CA BICENTL SDC,7610 BEVERLY BLVD,LOS ANGELES,CA,90048,5805,,021547,4
WESTPAC,4E,CALIFORNIA 5,900,90049,BARRINGTON,200 S BARRINGTON AVE,LOS ANGELES,CA,90049,9998,,Z20198,S
WESTPAC,4E,CALIFORNIA 5,900,90050,YORK,5132 YORK BLVD,LOS ANGELES,CA,90042,9997,P,Z23946,S
WESTPAC,4E,CALIFORNIA 5,900,90051,MAIN OFFICE LOS ANGELES,7101 S CENTRAL AVE,LOS ANGELES,CA,90001,9998,P,Z21858,S
WESTPAC,4E,CALIFORNIA 5,900,90053,FEDERAL LOS ANGELES,300 N LOS ANGELES ST LBBY,LOS ANGELES,CA,90012,9997,P,Z24250,S
WESTPAC,4E,CALIFORNIA 5,900,90054,MAIN OFFICE LOS ANGELES,7101 S CENTRAL AVE,LOS ANGELES,CA,90001,9998,P,Z21858,S
WESTPAC,4E,CALIFORNIA 5,900,90055,DEL VALLE,819 W WASHINGTON BLVD,LOS ANGELES,CA,90015,9997,P,Z20862,S
WESTPAC,4E,CALIFORNIA 5,900,90056,CRENSHAW,3894 CRENSHAW BLVD,LOS ANGELES,CA,90008,9998,,Z20778,S
WESTPAC,4E,CALIFORNIA 5,900,90057,FOY,1808 W 7TH ST,LOS ANGELES,CA,90057,9998,,Z21194,S
WESTPAC,4E,CALIFORNIA 5,900,90058,VERNON,5121 HAMPTON ST,VERNON,CA,90058,9998,,Z23721,B
WESTPAC,4E,CALIFORNIA 5,900,90059,GREENMEAD FINANCE,12003 AVALON BLVD STE 109,LOS ANGELES,CA,90061,9997,,Z24314,S
WESTPAC,4E,CALIFORNIA 5,900,90059,GREENMEAD ANNEX,900 E GAGE AVE,LOS ANGELES,CA,90059,9998,,020153,4
WESTPAC,4E,CALIFORNIA 5,900,90060,MAIN OFFICE LOS ANGELES,7101 S CENTRAL AVE,LOS ANGELES,CA,90001,9998,P,Z21858,S
WESTPAC,4E,CALIFORNIA 5,900,90061,GREENMEAD FINANCE,12003 AVALON BLVD STE 109,LOS ANGELES,CA,90061,9997,,Z24314,S
WESTPAC,4E,CALIFORNIA 5,900,90061,GREENMEAD ANNEX,900 E GAGE AVE,LOS ANGELES,CA,90059,9998,,020153,4
WESTPAC,4E,CALIFORNIA 5,900,90062,LA TIJERA,5472 CRENSHAW BLVD,LOS ANGELES,CA,90043,9998,,Z21634,S
WESTPAC,4E,CALIFORNIA 5,900,90062,WESTVERN,1515 W VERNON AVE,LOS ANGELES,CA,90062,9998,,Z23855,S
WESTPAC,4E,CALIFORNIA 5,900,90063,HAZARD,3729 E 1ST ST,LOS ANGELES,CA,90063,9998,,Z21398,B
WESTPAC,4E,CALIFORNIA 5,900,90064,RANCHO PARK,11270 EXPOSITION BLVD FL 1,LOS ANGELES,CA,90064,9998,,Z22615,S
WESTPAC,4E,CALIFORNIA 5,900,90065,GLASSELL,3950 EAGLE ROCK BLVD,LOS ANGELES,CA,90065,9998,,Z21274,S
WESTPAC,4E,CALIFORNIA 5,900,90066,MAR VISTA,3826 GRAND VIEW BLVD,LOS ANGELES,CA,90066,9998,,Z21877,S
WESTPAC,4E,CALIFORNIA 5,900,90067,PREUSS,1270 S ALFRED ST,LOS ANGELES,CA,90035,9998,,Z22571,S
WESTPAC,4E,CALIFORNIA 5,900,90067,CENTURY CITY MALL,10250 SANTA MONICA BLVD LOWR 1700,LOS ANGELES,CA,90067,9997,,018663,S
WESTPAC,4E,CALIFORNIA 5,900,90068,HOLLYWOOD,1615 WILCOX AVE,LOS ANGELES,CA,90028,9998,,Z21450,S
WESTPAC,4E,CALIFORNIA 5,900,90069,WEST HOLLYWOOD,458 N DOHENY DR,WEST HOLLYWOOD,CA,90048,9997,,016917,B
WESTPAC,4E,CALIFORNIA 5,900,90069,LOS ANGELES CA BICENTL SDC,7610 BEVERLY BLVD,LOS ANGELES,CA,90048,5805,,021547,4
WESTPAC,4E,CALIFORNIA 5,900,90070,PICO HEIGHTS,2390 W PICO BLVD,LOS ANGELES,CA,90075,9997,P,Z22468,S
WESTPAC,4E,CALIFORNIA 5,900,90071,ARCO,505 S FLOWER ST,LOS ANGELES,CA,90071,9997,,Z20150,S
WESTPAC,4E,CALIFORNIA 5,900,90071,BUNKER  HILL,350 S GRAND AVE STE A6,LOS ANGELES,CA,90071,9998,,Z20395,S
WESTPAC,4E,CALIFORNIA 5,900,90071,FOY,1808 W 7TH ST,LOS ANGELES,CA,90057,9998,,Z21194,S
WESTPAC,4E,CALIFORNIA 5,900,90072,LOS FELIZ,1825 N VERMONT AVE,LOS ANGELES,CA,90027,9998,P,Z21809,S
WESTPAC,4E,CALIFORNIA 5,900,90073,WEST LOS ANGELES FINANCE,11420 SANTA MONICA BLVD,LOS ANGELES,CA,90025,9998,P,001266,S
WESTPAC,4E,CALIFORNIA 5,900,90075,PICO HEIGHTS,2390 W PICO BLVD,LOS ANGELES,CA,90075,9997,P,Z22468,S
WESTPAC,4E,CALIFORNIA 5,900,90076,PICO HEIGHTS,2390 W PICO BLVD,LOS ANGELES,CA,90075,9997,P,Z22468,S
WESTPAC,4E,CALIFORNIA 5,900,90077,BARRINGTON,200 S BARRINGTON AVE,LOS ANGELES,CA,90049,9998,,Z20198,S
WESTPAC,4E,CALIFORNIA 5,900,90078,HOLLYWOOD,1615 WILCOX AVE,LOS ANGELES,CA,90028,9998,P,Z21450,S
WESTPAC,4E,CALIFORNIA 5,900,90079,DEL VALLE,819 W WASHINGTON BLVD,LOS ANGELES,CA,90015,9997,,Z20862,S
WESTPAC,4E,CALIFORNIA 5,900,90079,WASHINGTON LOS ANGELES,4352 S CENTRAL AVE,LOS ANGELES,CA,90011,9998,,Z23791,S
WESTPAC,4E,CALIFORNIA 5,900,90080,AIRPORT LOS ANGELES,8821 AVIATION BLVD,LOS ANGELES,CA,90009,9997,P,019317,S
WESTPAC,4E,CALIFORNIA 5,900,90081,MACYS RETAIL STORE,750 W 7TH ST STE 201,LOS ANGELES,CA,90017,9997,P,Z24371,S
WESTPAC,4E,CALIFORNIA 5,900,90082,RAMIREZ,5115 S FIGUEROA ST,LOS ANGELES,CA,90037,9998,P,Z22596,S
WESTPAC,4E,CALIFORNIA 5,900,90083,WESTCHESTER,7381 LA TIJERA BLVD,LOS ANGELES,CA,90045,9998,P,Z23840,S
WESTPAC,4E,CALIFORNIA 5,900,90086,TERMINAL ANNEX FINANCE,900 N ALAMEDA ST,LOS ANGELES,CA,90012,2904,P,004310,S
WESTPAC,4E,CALIFORNIA 5,900,90087,MAIN OFFICE LOS ANGELES,7101 S CENTRAL AVE,LOS ANGELES,CA,90001,9998,P,Z21858,S
WESTPAC,4E,CALIFORNIA 5,900,90091,COMMERCE,5670 E WASHINGTON BLVD,COMMERCE,CA,90040,9998,P,Z24286,S
WESTPAC,4E,CALIFORNIA 5,900,90093,SUNSET,1425 N CHEROKEE AVE,LOS ANGELES,CA,90093,9993,P,Z23494,S
WESTPAC,4E,CALIFORNIA 5,900,90094,WESTCHESTER,7381 LA TIJERA BLVD,LOS ANGELES,CA,90045,9998,,Z23840,S
WESTPAC,4E,CALIFORNIA 5,900,90201,BELL GARDENS,7001 GARFIELD AVE,BELL GARDENS,CA,90201,9993,,Z20230,P
WESTPAC,4E,CALIFORNIA 5,900,90201,CUDAHY,4619 ELIZABETH ST,CUDAHY,CA,90201,9992,,Z20808,B
WESTPAC,4E,CALIFORNIA 5,900,90202,BELL GARDENS,7001 GARFIELD AVE,BELL GARDENS,CA,90201,9993,P,Z20230,P
WESTPAC,4E,CALIFORNIA 5,900,90209,BEVERLY HILLS,325 N MAPLE DR STE 150,BEVERLY HILLS,CA,90210,9998,P,Z20259,P
WESTPAC,4E,CALIFORNIA 5,900,90210,BEVERLY HILLS CARRIER ANNEX,820 N SAN VICENTE BLVD,BEVERLY HILLS,CA,90209,9997,,016960,4
WESTPAC,4E,CALIFORNIA 5,900,90211,BEVERLY HILLS CARRIER ANNEX,820 N SAN VICENTE BLVD,BEVERLY HILLS,CA,90209,9997,,016960,4
WESTPAC,4E,CALIFORNIA 5,900,90212,BEVERLY,312 S BEVERLY DR,BEVERLY HILLS,CA,90212,9998,,Z20258,S
WESTPAC,4E,CALIFORNIA 5,900,90212,BEVERLY HILLS CARRIER ANNEX,820 N SAN VICENTE BLVD,BEVERLY HILLS,CA,90209,9997,,016960,4
WESTPAC,4E,CALIFORNIA 5,900,90213,BEVERLY HILLS,325 N MAPLE DR STE 150,BEVERLY HILLS,CA,90210,9998,P,Z20259,P
WESTPAC,4E,CALIFORNIA 5,900,90220,COMPTON,701 S SANTA FE AVE,COMPTON,CA,90221,9998,,Z20690,P
WESTPAC,4E,CALIFORNIA 5,900,90221,COMPTON,701 S SANTA FE AVE,COMPTON,CA,90221,9998,,Z20690,P
WESTPAC,4E,CALIFORNIA 5,900,90222,COMPTON,701 S SANTA FE AVE,COMPTON,CA,90221,9998,,Z20690,P
WESTPAC,4E,CALIFORNIA 5,900,90223,HUB CITY,101 S WILLOWBROOK AVE,COMPTON,CA,90220,9998,P,Z21474,S
WESTPAC,4E,CALIFORNIA 5,900,90223,WILLOWBROOK,2241 E EL SEGUNDO BLVD,COMPTON,CA,90222,9998,P,Z23888,S
WESTPAC,4E,CALIFORNIA 5,900,90224,COMPTON,701 S SANTA FE AVE,COMPTON,CA,90221,9998,P,Z20690,P
WESTPAC,4E,CALIFORNIA 5,900,90230,CULVER CITY,6695 GREEN VALLEY CIR,CULVER CITY,CA,90230,9997,,Z20809,P
WESTPAC,4E,CALIFORNIA 5,900,90231,CULVER CITY,6695 GREEN VALLEY CIR,CULVER CITY,CA,90230,9997,P,Z20809,P
WESTPAC,4E,CALIFORNIA 5,900,90232,CULVER CITY,6695 GREEN VALLEY CIR,CULVER CITY,CA,90230,9997,,Z20809,P
WESTPAC,4E,CALIFORNIA 5,900,90232,GATEWAY CULVER CITY,9942 CULVER BLVD,CULVER CITY,CA,90232,9998,,Z21253,S
WESTPAC,4E,CALIFORNIA 5,900,90239,NORTH DOWNEY,10409 LAKEWOOD BLVD,DOWNEY,CA,90241,9993,P,Z22195,S
WESTPAC,4E,CALIFORNIA 5,900,90240,DOWNEY,8111 FIRESTONE BLVD,DOWNEY,CA,90241,9998,,Z20916,P
WESTPAC,4E,CALIFORNIA 5,900,90240,NORTH DOWNEY,10409 LAKEWOOD BLVD,DOWNEY,CA,90241,9993,,Z22195,S
WESTPAC,4E,CALIFORNIA 5,900,90241,DOWNEY,8111 FIRESTONE BLVD,DOWNEY,CA,90241,9998,,Z20916,P
WESTPAC,4E,CALIFORNIA 5,900,90242,SOUTH DOWNEY,7911 IMPERIAL HWY,DOWNEY,CA,90242,9998,,Z23052,S
WESTPAC,4E,CALIFORNIA 5,900,90245,EL SEGUNDO,2130 E MARIPOSA AVE,EL SEGUNDO,CA,90245,9998,,014973,B
WESTPAC,4E,CALIFORNIA 5,900,90247,GARDENA,1455 W REDONDO BEACH BLVD,GARDENA,CA,90247,9998,,Z21249,P
WESTPAC,4E,CALIFORNIA 5,900,90248,GARDENA,1455 W REDONDO BEACH BLVD,GARDENA,CA,90247,9998,,Z21249,P
WESTPAC,4E,CALIFORNIA 5,900,90248,SOUTH GARDENA,1103 W GARDENA BLVD,GARDENA,CA,90247,9993,,Z23054,S
WESTPAC,4E,CALIFORNIA 5,900,90249,ALONDRA,14028 VAN NESS AVE,GARDENA,CA,90249,9998,,Z20064,S
WESTPAC,4E,CALIFORNIA 5,900,90249,GARDENA,1455 W REDONDO BEACH BLVD,GARDENA,CA,90247,9998,,Z21249,P
WESTPAC,4E,CALIFORNIA 5,900,90250,HAWTHORNE,12700 INGLEWOOD AVE,HAWTHORNE,CA,90250,9998,,Z21395,P
WESTPAC,4E,CALIFORNIA 5,900,90251,HAWTHORNE,12700 INGLEWOOD AVE,HAWTHORNE,CA,90250,9998,P,Z21395,P
WESTPAC,4E,CALIFORNIA 5,900,90254,HERMOSA BEACH,565 PIER AVE,HERMOSA BEACH,CA,90254,9998,,Z21415,B
WESTPAC,4E,CALIFORNIA 5,900,90254,REDONDO BEACH CA SDC,1201 N CATALINA AVE,REDONDO BEACH,CA,90277,9900,,021243,4
WESTPAC,4E,CALIFORNIA 5,900,90255,HUNTINGTON PARK,6606 SEVILLE AVE,HUNTINGTON PARK,CA,90255,9998,,Z21486,P
WESTPAC,4E,CALIFORNIA 5,900,90255,SOTO,5625 SOTO ST,HUNTINGTON PARK,CA,90255,9993,,Z23043,S
WESTPAC,4E,CALIFORNIA 5,900,90255,STATE STREET,7800 STATE ST,HUNTINGTON PARK,CA,90255,9992,,Z23390,S
WESTPAC,4E,CALIFORNIA 5,900,90260,LAWNDALE,4320 MARINE AVE,LAWNDALE,CA,90260,9998,,Z21707,P
WESTPAC,4E,CALIFORNIA 5,900,90262,EAST LYNWOOD,11634 ATLANTIC AVE,LYNWOOD,CA,90262,9993,,Z20977,S
WESTPAC,4E,CALIFORNIA 5,900,90262,LYNWOOD,11200 LONG BEACH BLVD,LYNWOOD,CA,90262,9998,,Z21833,P
WESTPAC,4E,CALIFORNIA 5,900,90264,POINT DUME,29160 HEATHERCLIFF RD FL 1,MALIBU,CA,90265,9993,P,Z22527,S
WESTPAC,4E,CALIFORNIA 5,900,90265,LA COSTA MALIBU,21229 PACIFIC COAST HWY,MALIBU,CA,90265,9992,,Z21615,S
WESTPAC,4E,CALIFORNIA 5,900,90265,MALIBU,23838 PACIFIC COAST HWY,MALIBU,CA,90265,9994,,Z21862,P
WESTPAC,4E,CALIFORNIA 5,900,90265,POINT DUME,29160 HEATHERCLIFF RD FL 1,MALIBU,CA,90265,9993,,Z22527,S
WESTPAC,4E,CALIFORNIA 5,900,90266,DOWNTOWN MANHATTAN BEACH,425 15TH ST STE C,MANHATTAN BEACH,CA,90266,9993,,Z20922,S
WESTPAC,4E,CALIFORNIA 5,900,90266,EL SEGUNDO,2130 E MARIPOSA AVE,EL SEGUNDO,CA,90245,9998,,014973,B
WESTPAC,4E,CALIFORNIA 5,900,90267,MANHATTAN BEACH,1007 N SEPULVEDA BLVD,MANHATTAN BEACH,CA,90266,9998,P,Z21869,P
WESTPAC,4E,CALIFORNIA 5,900,90270,BELL GARDENS,7001 GARFIELD AVE,BELL GARDENS,CA,90201,9993,,Z20230,P
WESTPAC,4E,CALIFORNIA 5,900,90270,MAYWOOD,4357 SLAUSON AVE,MAYWOOD,CA,90270,9998,,008338,B
WESTPAC,4E,CALIFORNIA 5,900,90272,PACIFIC PALISADES,15243 LA CRUZ DR,PACIFIC PALISADES,CA,90272,9997,,Z22375,P
WESTPAC,4E,CALIFORNIA 5,900,90274,PALOS VERDES ESTATES,2516 VIA TEJON STE 102,PALOS VERDES ESTATES,CA,90274,9993,,Z22402,B
WESTPAC,4E,CALIFORNIA 5,900,90274,PALOS VERDES PENINSULA,955 DEEP VALLEY DR,PALOS VERDES PENINSULA,CA,90274,9998,,Z22404,P
WESTPAC,4E,CALIFORNIA 5,900,90275,PALOS VERDES PENINSULA,955 DEEP VALLEY DR,PALOS VERDES PENINSULA,CA,90274,9998,,Z22404,P
WESTPAC,4E,CALIFORNIA 5,900,90277,REDONDO BEACH CA SDC,1201 N CATALINA AVE,REDONDO BEACH,CA,90277,9900,,021243,4
WESTPAC,4E,CALIFORNIA 5,900,90278,NORTH REDONDO BEACH,2215 ARTESIA BLVD,REDONDO BEACH,CA,90278,9998,,Z22212,S
WESTPAC,4E,CALIFORNIA 5,900,90278,REDONDO BEACH CA SDC,1201 N CATALINA AVE,REDONDO BEACH,CA,90277,9900,,021243,4
WESTPAC,4E,CALIFORNIA 5,900,90280,FIRESTONE,3270 FIRESTONE BLVD,SOUTH GATE,CA,90280,9993,,Z21130,S
WESTPAC,4E,CALIFORNIA 5,900,90280,HOLLYDALE,12129 GARFIELD AVE,SOUTH GATE,CA,90280,9992,,Z21448,S
WESTPAC,4E,CALIFORNIA 5,900,90280,SOUTH GATE,10120 WRIGHT RD,SOUTH GATE,CA,90280,9998,,Z23055,P
WESTPAC,4E,CALIFORNIA 5,900,90290,TOPANGA,101 S TOPANGA CANYON BLVD,TOPANGA,CA,90290,9998,,Z23590,P
WESTPAC,4E,CALIFORNIA 5,900,90291,VENICE,313 GRAND BLVD,VENICE,CA,90291,9993,,Z23713,P
WESTPAC,4E,CALIFORNIA 5,900,90292,VENICE,313 GRAND BLVD,VENICE,CA,90291,9993,,Z23713,P
WESTPAC,4E,CALIFORNIA 5,900,90293,PLAYA DEL REY CARRIERS,8821 AVIATION BLVD,LOS ANGELES,CA,90009,9997,,020543,Z
WESTPAC,4E,CALIFORNIA 5,900,90294,VENICE,313 GRAND BLVD,VENICE,CA,90291,9993,P,Z23713,P
WESTPAC,4E,CALIFORNIA 5,900,90295,MARINA DEL REY,4325 GLENCOE AVE STE C9,MARINA DEL REY,CA,90292,9991,P,017260,B
WESTPAC,4E,CALIFORNIA 5,900,90296,PLAYA DEL REY,215 CULVER BLVD,PLAYA DEL REY,CA,90293,9998,P,Z22512,B
WESTPAC,4E,CALIFORNIA 5,900,90301,INGLEWOOD CA SDC,4201 W IMPERIAL HWY,INGLEWOOD,CA,90304,9900,,021251,4
WESTPAC,4E,CALIFORNIA 5,900,90302,INGLEWOOD CA SDC,4201 W IMPERIAL HWY,INGLEWOOD,CA,90304,9900,,021251,4
WESTPAC,4E,CALIFORNIA 5,900,90303,INGLEWOOD CA SDC,4201 W IMPERIAL HWY,INGLEWOOD,CA,90304,9900,,021251,4
WESTPAC,4E,CALIFORNIA 5,900,90304,CRENSHAW IMPERIAL,2672 W IMPERIAL HWY,INGLEWOOD,CA,90303,9998,,Z20779,S
WESTPAC,4E,CALIFORNIA 5,900,90304,INGLEWOOD CA SDC,4201 W IMPERIAL HWY,INGLEWOOD,CA,90304,9900,,021251,4
WESTPAC,4E,CALIFORNIA 5,900,90305,MORNINGSIDE PARK,3212 W 85TH ST,INGLEWOOD,CA,90305,9998,,Z22068,S
WESTPAC,4E,CALIFORNIA 5,900,90305,INGLEWOOD CA SDC,4201 W IMPERIAL HWY,INGLEWOOD,CA,90304,9900,,021251,4
WESTPAC,4E,CALIFORNIA 5,900,90306,HILLCREST INGLEWOOD,300 E HILLCREST BLVD,INGLEWOOD,CA,90301,9998,P,Z21427,S
WESTPAC,4E,CALIFORNIA 5,900,90307,HILLCREST INGLEWOOD,300 E HILLCREST BLVD,INGLEWOOD,CA,90301,9998,P,Z21427,S
WESTPAC,4E,CALIFORNIA 5,900,90308,HILLCREST INGLEWOOD,300 E HILLCREST BLVD,INGLEWOOD,CA,90301,9998,P,Z21427,S
WESTPAC,4E,CALIFORNIA 5,900,90309,HILLCREST INGLEWOOD,300 E HILLCREST BLVD,INGLEWOOD,CA,90301,9998,P,Z21427,S
WESTPAC,4E,CALIFORNIA 5,900,90310,CRENSHAW IMPERIAL,2672 W IMPERIAL HWY,INGLEWOOD,CA,90303,9998,P,Z20779,S
WESTPAC,4E,CALIFORNIA 5,900,90312,HILLCREST INGLEWOOD,300 E HILLCREST BLVD,INGLEWOOD,CA,90301,9998,P,Z21427,S
WESTPAC,4E,CALIFORNIA 5,900,90401,SANTA MONICA,1653 7TH ST,SANTA MONICA,CA,90401,9997,,Z22872,P
WESTPAC,4E,CALIFORNIA 5,900,90402,WILL ROGERS,1217 WILSHIRE BLVD,SANTA MONICA,CA,90403,9998,,Z23878,S
WESTPAC,4E,CALIFORNIA 5,900,90403,SANTA MONICA,1653 7TH ST,SANTA MONICA,CA,90401,9997,,Z22872,P
WESTPAC,4E,CALIFORNIA 5,900,90404,SANTA MONICA,1653 7TH ST,SANTA MONICA,CA,90401,9997,,Z22872,P
WESTPAC,4E,CALIFORNIA 5,900,90405,SANTA MONICA,1653 7TH ST,SANTA MONICA,CA,90401,9997,,Z22872,P
WESTPAC,4E,CALIFORNIA 5,900,90406,SANTA MONICA,1653 7TH ST,SANTA MONICA,CA,90401,9997,P,Z22872,P
WESTPAC,4E,CALIFORNIA 5,900,90407,SANTA MONICA,1653 7TH ST,SANTA MONICA,CA,90401,9997,P,Z22872,P
WESTPAC,4E,CALIFORNIA 5,900,90408,WILL ROGERS,1217 WILSHIRE BLVD,SANTA MONICA,CA,90403,9998,P,Z23878,S
WESTPAC,4E,CALIFORNIA 5,900,90409,OCEAN PARK,2720 NEILSON WAY FL 1,SANTA MONICA,CA,90405,9998,P,Z22306,S
WESTPAC,4E,CALIFORNIA 5,900,90411,SANTA MONICA,1653 7TH ST,SANTA MONICA,CA,90401,9997,P,Z22872,P
WESTPAC,4E,CALIFORNIA 5,900,90501,TORRANCE CA SDC,2510 MONTEREY ST,TORRANCE,CA,90503,9901,,021246,4
WESTPAC,4E,CALIFORNIA 5,900,90502,TORRANCE CA SDC,2510 MONTEREY ST,TORRANCE,CA,90503,9901,,021246,4
WESTPAC,4E,CALIFORNIA 5,900,90503,DEL AMO,291 DEL AMO FASHION SQ,TORRANCE,CA,90503,9997,,Z20847,S
WESTPAC,4E,CALIFORNIA 5,900,90503,TORRANCE CA SDC,2510 MONTEREY ST,TORRANCE,CA,90503,9901,,021246,4
WESTPAC,4E,CALIFORNIA 5,900,90504,NORTH TORRANCE,18080 CRENSHAW BLVD,TORRANCE,CA,90504,9998,,Z22217,S
WESTPAC,4E,CALIFORNIA 5,900,90505,WALTERIA,4216 PACIFIC COAST HWY,TORRANCE,CA,90505,9998,,Z23784,S
WESTPAC,4E,CALIFORNIA 5,900,90505,TORRANCE CA SDC,2510 MONTEREY ST,TORRANCE,CA,90503,9901,,021246,4
WESTPAC,4E,CALIFORNIA 5,900,90507,MARCELINA,1433 MARCELINA AVE,TORRANCE,CA,90501,9998,P,Z21878,S
WESTPAC,4E,CALIFORNIA 5,900,90508,MARCELINA,1433 MARCELINA AVE,TORRANCE,CA,90501,9998,P,Z21878,S
WESTPAC,4E,CALIFORNIA 5,900,90509,TORRANCE CA SDC,2510 MONTEREY ST,TORRANCE,CA,90503,9901,P,021246,4
WESTPAC,4E,CALIFORNIA 5,900,90510,TORRANCE CA SDC,2510 MONTEREY ST,TORRANCE,CA,90503,9901,P,021246,4
WESTPAC,4E,CALIFORNIA 5,900,90601,BAILEY,6709 WASHINGTON AVE,WHITTIER,CA,90601,9998,,Z20168,S
WESTPAC,4E,CALIFORNIA 5,900,90602,WHITTIER CA SDC,8520 MICHIGAN AVE,WHITTIER,CA,90605,9910,,021247,4
WESTPAC,4E,CALIFORNIA 5,900,90603,WHITTWOOD,10053 WHITTWOOD DR STE A,WHITTIER,CA,90603,9998,,Z23871,S
WESTPAC,4E,CALIFORNIA 5,900,90603,WHITTIER CA SDC,8520 MICHIGAN AVE,WHITTIER,CA,90605,9910,,021247,4
WESTPAC,4E,CALIFORNIA 5,900,90604,WHITTIER CA SDC,8520 MICHIGAN AVE,WHITTIER,CA,90605,9910,,021247,4
WESTPAC,4E,CALIFORNIA 5,900,90605,SANTA FE PLAZA,13445 TELEGRAPH RD,WHITTIER,CA,90605,9991,,Z22866,S
WESTPAC,4E,CALIFORNIA 5,900,90605,WHITTIER CA SDC,8520 MICHIGAN AVE,WHITTIER,CA,90605,9910,,021247,4
WESTPAC,4E,CALIFORNIA 5,900,90606,WHITTIER CA SDC,8520 MICHIGAN AVE,WHITTIER,CA,90605,9910,,021247,4
WESTPAC,4E,CALIFORNIA 5,900,90607,WHITTIER CA SDC,8520 MICHIGAN AVE,WHITTIER,CA,90605,9910,P,021247,4
WESTPAC,4E,CALIFORNIA 5,900,90608,BAILEY,6709 WASHINGTON AVE,WHITTIER,CA,90601,9998,P,Z20168,S
WESTPAC,4E,CALIFORNIA 5,900,90609,WHITTWOOD,10053 WHITTWOOD DR STE A,WHITTIER,CA,90603,9998,P,Z23871,S
WESTPAC,4E,CALIFORNIA 5,900,90610,LOS NIETOS,8232 NORWALK BLVD,WHITTIER,CA,90606,9998,P,Z21812,B
WESTPAC,4E,CALIFORNIA 5,900,90620,BUENA PARK,7377 LA PALMA AVE,BUENA PARK,CA,90622,9998,,Z20387,P
WESTPAC,4E,CALIFORNIA 5,900,90621,A STATION BUENA PARK,8082 COMMONWEALTH AVE STE 100,BUENA PARK,CA,90621,9995,,Z20006,S
WESTPAC,4E,CALIFORNIA 5,900,90621,BUENA PARK,7377 LA PALMA AVE,BUENA PARK,CA,90622,9998,,Z20387,P
WESTPAC,4E,CALIFORNIA 5,900,90622,BUENA PARK,7377 LA PALMA AVE,BUENA PARK,CA,90622,9998,P,Z20387,P
WESTPAC,4E,CALIFORNIA 5,900,90623,BUENA PARK,7377 LA PALMA AVE,BUENA PARK,CA,90622,9998,,Z20387,P
WESTPAC,4E,CALIFORNIA 5,900,90630,CYPRESS,5762 LINCOLN AVE,CYPRESS,CA,90630,9998,,Z20820,P
WESTPAC,4E,CALIFORNIA 5,900,90630,CYPRESS SOUTH,5907 CERRITOS AVE,CYPRESS,CA,90630,9997,,Z20822,S
WESTPAC,4E,CALIFORNIA 5,900,90631,LA HABRA,1001 W IMPERIAL HWY,LA HABRA,CA,90631,9998,,Z21618,P
WESTPAC,4E,CALIFORNIA 5,900,90632,LA HABRA,1001 W IMPERIAL HWY,LA HABRA,CA,90631,9998,P,Z21618,P
WESTPAC,4E,CALIFORNIA 5,900,90633,CIVIC CENTER LA HABRA,120 E LA HABRA BLVD,LA HABRA,CA,90631,9996,P,018285,S
WESTPAC,4E,CALIFORNIA 5,900,90637,LA MIRADA,14901 ADELFA DR,LA MIRADA,CA,90638,9998,P,Z21625,P
WESTPAC,4E,CALIFORNIA 5,900,90638,LA MIRADA,14901 ADELFA DR,LA MIRADA,CA,90638,9998,,Z21625,P
WESTPAC,4E,CALIFORNIA 5,900,90640,MONTEBELLO,145 N 5TH ST,MONTEBELLO,CA,90640,9998,,Z22041,P
WESTPAC,4E,CALIFORNIA 5,900,90640,MONTEBELLO HILLS,2547 VIA CAMPO,MONTEBELLO,CA,90640,9997,,Z22043,S
WESTPAC,4E,CALIFORNIA 5,900,90650,NORWALK,14011 CLARKDALE AVE,NORWALK,CA,90650,9998,,Z22228,P
WESTPAC,4E,CALIFORNIA 5,900,90651,NORWALK,14011 CLARKDALE AVE,NORWALK,CA,90650,9998,P,Z22228,P
WESTPAC,4E,CALIFORNIA 5,900,90652,PADDISON SQUARE,12415 NORWALK BLVD,NORWALK,CA,90650,9997,P,Z22380,S
WESTPAC,4E,CALIFORNIA 4,926,90660,PICO RIVERA,6320 PASSONS BLVD,PICO RIVERA,CA,90660,9998,,Z22469,P
WESTPAC,4E,CALIFORNIA 4,926,90660,EL MONTE CA SDC,11151 VALLEY BLVD,EL MONTE,CA,91734,9911,,021029,4
WESTPAC,4E,CALIFORNIA 4,926,90661,CROSSROADS PLAZA,9160 WHITTIER BLVD,PICO RIVERA,CA,90660,9997,P,Z20798,S
WESTPAC,4E,CALIFORNIA 4,926,90662,SLAUSON,9240 SLAUSON AVE,PICO RIVERA,CA,90660,9996,P,Z22979,S
WESTPAC,4E,CALIFORNIA 5,900,90670,SANTA FE SPRINGS,11760 TELEGRAPH RD,SANTA FE SPRINGS,CA,90670,9998,,Z22868,P
WESTPAC,4E,CALIFORNIA 5,900,90680,STANTON,10440 BEACH BLVD,STANTON,CA,90680,9998,,Z23384,P
WESTPAC,4E,CALIFORNIA 5,900,90701,ARTESIA,11721 183RD ST,ARTESIA,CA,90701,9998,,Z20140,P
WESTPAC,4E,CALIFORNIA 5,900,90702,ARTESIA,11721 183RD ST,ARTESIA,CA,90701,9998,P,Z20140,P
WESTPAC,4E,CALIFORNIA 5,900,90703,ARTESIA,11721 183RD ST,ARTESIA,CA,90701,9998,,Z20140,P
WESTPAC,4E,CALIFORNIA 5,900,90703,CERRITOS,18122 CARMENITA RD,CERRITOS,CA,90703,9998,,Z20570,B
WESTPAC,4E,CALIFORNIA 5,900,90704,AVALON,118 METROPOLE AVE,AVALON,CA,90704,9997,P,Z20156,P
WESTPAC,4E,CALIFORNIA 5,900,90706,BELLFLOWER,9835 FLOWER ST,BELLFLOWER,CA,90706,9998,,Z20237,P
WESTPAC,4E,CALIFORNIA 5,900,90707,BELLFLOWER,9835 FLOWER ST,BELLFLOWER,CA,90706,9998,P,Z20237,P
WESTPAC,4E,CALIFORNIA 5,900,90710,HARBOR CITY,25690 FRAMPTON AVE,HARBOR CITY,CA,90710,9998,,Z21382,P
WESTPAC,4E,CALIFORNIA 5,900,90711,LAKEWOOD,5200 CLARK AVE,LAKEWOOD,CA,90714,9998,P,Z21680,P
WESTPAC,4E,CALIFORNIA 5,900,90712,LAKEWOOD,5200 CLARK AVE,LAKEWOOD,CA,90714,9998,,Z21680,P
WESTPAC,4E,CALIFORNIA 5,900,90713,LAKEWOOD,5200 CLARK AVE,LAKEWOOD,CA,90714,9998,,Z21680,P
WESTPAC,4E,CALIFORNIA 5,900,90714,LAKEWOOD,5200 CLARK AVE,LAKEWOOD,CA,90714,9998,P,Z21680,P
WESTPAC,4E,CALIFORNIA 5,900,90715,LAKEWOOD,5200 CLARK AVE,LAKEWOOD,CA,90714,9998,,Z21680,P
WESTPAC,4E,CALIFORNIA 5,900,90716,LOS ALAMITOS,10650 REAGAN ST,LOS ALAMITOS,CA,90720,9998,,Z21800,P
WESTPAC,4E,CALIFORNIA 5,900,90717,LOMITA,25131 NARBONNE AVE,LOMITA,CA,90717,9998,,Z21781,P
WESTPAC,4E,CALIFORNIA 5,900,90720,LOS ALAMITOS,10650 REAGAN ST,LOS ALAMITOS,CA,90720,9998,,Z21800,P
WESTPAC,4E,CALIFORNIA 5,900,90721,LOS ALAMITOS,10650 REAGAN ST,LOS ALAMITOS,CA,90720,9998,P,Z21800,P
WESTPAC,4E,CALIFORNIA 5,900,90723,PARAMOUNT,7200 SOMERSET BLVD,PARAMOUNT,CA,90723,9998,,Z22416,P
WESTPAC,4E,CALIFORNIA 5,900,90731,FORT MAC ARTHUR,2900 S PACIFIC AVE BLDG 418,SAN PEDRO,CA,90731,9996,,Z21178,S
WESTPAC,4E,CALIFORNIA 5,900,90731,SAN PEDRO,839 S BEACON ST,SAN PEDRO,CA,90731,9998,,Z22837,P
WESTPAC,4E,CALIFORNIA 5,900,90732,SAN PEDRO,839 S BEACON ST,SAN PEDRO,CA,90731,9998,,Z22837,P
WESTPAC,4E,CALIFORNIA 5,900,90733,SAN PEDRO,839 S BEACON ST,SAN PEDRO,CA,90731,9998,P,Z22837,P
WESTPAC,4E,CALIFORNIA 5,900,90734,EASTVIEW,28649 S WESTERN AVE,SAN PEDRO,CA,90734,9998,P,Z20993,S
WESTPAC,4E,CALIFORNIA 5,900,90740,MARINER,221 MAIN ST,SEAL BEACH,CA,90740,9995,,Z21897,S
WESTPAC,4E,CALIFORNIA 5,900,90740,SEAL BEACH,2929 WESTMINSTER AVE,SEAL BEACH,CA,90740,9998,,Z22904,P
WESTPAC,4E,CALIFORNIA 5,900,90742,SUNSET BEACH,16885 PACIFIC COAST HWY,SUNSET BEACH,CA,90742,9800,P,Z23497,P
WESTPAC,4E,CALIFORNIA 5,900,90743,SURFSIDE,B89 SURFSIDE AVE,SURFSIDE,CA,90743,9800,P,Z23501,P
WESTPAC,4E,CALIFORNIA 5,900,90744,WILMINGTON,1008 N AVALON BLVD,WILMINGTON,CA,90744,9998,,Z23892,P
WESTPAC,4E,CALIFORNIA 5,900,90745,CARSON,21350 AVALON BLVD,CARSON,CA,90745,9998,,Z20522,B
WESTPAC,4E,CALIFORNIA 5,900,90746,CARSON,21350 AVALON BLVD,CARSON,CA,90745,9998,,Z20522,B
WESTPAC,4E,CALIFORNIA 5,900,90748,WILMINGTON,1008 N AVALON BLVD,WILMINGTON,CA,90744,9998,P,Z23892,P
WESTPAC,4E,CALIFORNIA 5,900,90749,CARSON,21350 AVALON BLVD,CARSON,CA,90745,9998,P,Z20522,B
WESTPAC,4E,CALIFORNIA 5,900,90749,SOUTHBAY PAVILION,20700 AVALON BLVD STE 116,CARSON,CA,90746,9997,P,Z23072,S
WESTPAC,4E,CALIFORNIA 5,900,90755,SIGNAL HILL,2371 GRAND AVE,LONG BEACH,CA,90809,9994,,018659,S
WESTPAC,4E,CALIFORNIA 5,900,90801,DOWNTOWN LONG BEACH,300 LONG BEACH BLVD,LONG BEACH,CA,90802,9991,P,Z20921,S
WESTPAC,4E,CALIFORNIA 5,900,90802,DOWNTOWN LONG BEACH,300 LONG BEACH BLVD,LONG BEACH,CA,90802,9991,,Z20921,S
WESTPAC,4E,CALIFORNIA 5,900,90803,LOMA,3540 E 4TH ST,LONG BEACH,CA,90803,9998,,Z21775,4
WESTPAC,4E,CALIFORNIA 5,900,90803,BELMONT SHORE POSTAL STORE,5050 E 2ND ST,LONG BEACH,CA,90803,9995,,Z24788,S
WESTPAC,4E,CALIFORNIA 5,900,90804,EAST LONG BEACH,2727 E ANAHEIM ST,LONG BEACH,CA,90804,9998,,Z20975,S
WESTPAC,4E,CALIFORNIA 5,900,90805,NORTH LONG BEACH,101 E MARKET ST,LONG BEACH,CA,90805,9998,,Z22206,S
WESTPAC,4E,CALIFORNIA 5,900,90805,NORTH CARRIER ANNEX,5101 LONG BEACH BLVD,LONG BEACH,CA,90805,9996,,Z24380,4
WESTPAC,4E,CALIFORNIA 5,900,90806,PACIFIC,1920 PACIFIC AVE,LONG BEACH,CA,90806,9998,,Z22365,S
WESTPAC,4E,CALIFORNIA 5,900,90807,NORTH CARRIER ANNEX,5101 LONG BEACH BLVD,LONG BEACH,CA,90805,9996,,Z24380,4
WESTPAC,4E,CALIFORNIA 5,900,90807,BIXBY,4470 ATLANTIC AVE,LONG BEACH,CA,90807,9997,,018138,S
WESTPAC,4E,CALIFORNIA 5,900,90808,SPRING CARRIER ANNEX,3019 N BELLFLOWER BLVD,LONG BEACH,CA,90808,9998,,Z23082,4
WESTPAC,4E,CALIFORNIA 5,900,90808,VIKING,5405 E VILLAGE RD,LONG BEACH,CA,90808,9995,,Z23740,S
WESTPAC,4E,CALIFORNIA 5,900,90809,SIGNAL HILL,2371 GRAND AVE,LONG BEACH,CA,90809,9994,P,018659,S
WESTPAC,4E,CALIFORNIA 5,900,90810,CABRILLO,1690 W 23RD ST,LONG BEACH,CA,90810,9997,,Z20425,S
WESTPAC,4E,CALIFORNIA 5,900,90810,DOWNTOWN LONG BEACH,300 LONG BEACH BLVD,LONG BEACH,CA,90802,9991,,Z20921,S
WESTPAC,4E,CALIFORNIA 5,900,90813,DOWNTOWN LONG BEACH,300 LONG BEACH BLVD,LONG BEACH,CA,90802,9991,,Z20921,S
WESTPAC,4E,CALIFORNIA 5,900,90814,EAST LONG BEACH,2727 E ANAHEIM ST,LONG BEACH,CA,90804,9998,,Z20975,S
WESTPAC,4E,CALIFORNIA 5,900,90815,BRYANT,2234 N BELLFLOWER BLVD,LONG BEACH,CA,90815,9995,,Z20379,S
WESTPAC,4E,CALIFORNIA 5,900,90815,SPRING CARRIER ANNEX,3019 N BELLFLOWER BLVD,LONG BEACH,CA,90808,9998,,Z23082,4
WESTPAC,4E,CALIFORNIA 5,900,90831,DOWNTOWN LONG BEACH,300 LONG BEACH BLVD,LONG BEACH,CA,90802,9991,,Z20921,S
WESTPAC,4E,CALIFORNIA 5,900,90832,TRADE CENTER,1 WORLD TRADE CTR,LONG BEACH,CA,90831,0002,P,Z23605,S
WESTPAC,4E,CALIFORNIA 5,900,90853,BELMONT SHORE POSTAL STORE,5050 E 2ND ST,LONG BEACH,CA,90803,9995,P,Z24788,S
WESTPAC,4E,CALIFORNIA 4,926,91001,ALTADENA CARRIERS,600 LINCOLN AVE,PASADENA,CA,91109,9929,,021256,Z
WESTPAC,4E,CALIFORNIA 4,926,91003,ALTADENA CARRIERS,600 LINCOLN AVE,PASADENA,CA,91109,9929,P,021256,Z
WESTPAC,4E,CALIFORNIA 4,926,91006,ARCADIA,41 WHEELER AVE,ARCADIA,CA,91006,9998,,Z20119,P
WESTPAC,4E,CALIFORNIA 4,926,91007,ARCADIA,41 WHEELER AVE,ARCADIA,CA,91006,9998,,Z20119,P
WESTPAC,4E,CALIFORNIA 4,926,91008,MONROVIA,225 S IVY AVE,MONROVIA,CA,91016,9998,,Z22031,P
WESTPAC,4E,CALIFORNIA 4,926,91009,DUARTE,1220 HIGHLAND AVE,DUARTE,CA,91010,9998,P,Z20938,P
WESTPAC,4E,CALIFORNIA 4,926,91010,MONROVIA,225 S IVY AVE,MONROVIA,CA,91016,9998,,Z22031,P
WESTPAC,4E,CALIFORNIA 4,926,91011,LA CANADA FLINTRIDGE,607 FOOTHILL BLVD,LA CANADA FLINTRIDGE,CA,91011,9998,,Z21613,P
WESTPAC,4E,CALIFORNIA 4,926,91012,LA CANADA FLINTRIDGE,607 FOOTHILL BLVD,LA CANADA FLINTRIDGE,CA,91011,9998,P,Z21613,P
WESTPAC,4E,CALIFORNIA 4,926,91016,MONROVIA,225 S IVY AVE,MONROVIA,CA,91016,9998,,Z22031,P
WESTPAC,4E,CALIFORNIA 4,926,91017,MONROVIA,225 S IVY AVE,MONROVIA,CA,91016,9998,P,Z22031,P
WESTPAC,4E,CALIFORNIA 4,926,91020,LA CANADA FLINTRIDGE,607 FOOTHILL BLVD,LA CANADA FLINTRIDGE,CA,91011,9998,,Z21613,P
WESTPAC,4E,CALIFORNIA 4,926,91021,MONTROSE,2100 MONTROSE AVE,MONTROSE,CA,91020,9998,P,Z22056,P
WESTPAC,4E,CALIFORNIA 4,926,91024,ARCADIA,41 WHEELER AVE,ARCADIA,CA,91006,9998,,Z20119,P
WESTPAC,4E,CALIFORNIA 4,926,91025,SIERRA MADRE,61 S BALDWIN AVE,SIERRA MADRE,CA,91024,9998,P,Z22959,P
WESTPAC,4E,CALIFORNIA 4,926,91030,SOUTH PASADENA,1001 FREMONT AVE,SOUTH PASADENA,CA,91030,9998,,Z23064,P
WESTPAC,4E,CALIFORNIA 4,926,91031,SOUTH PASADENA,1001 FREMONT AVE,SOUTH PASADENA,CA,91030,9998,P,Z23064,P
WESTPAC,4E,CALIFORNIA 4,926,91040,SUNLAND,8587 FENWICK ST,SUNLAND,CA,91040,9998,,Z23486,P
WESTPAC,4E,CALIFORNIA 4,926,91041,SUNLAND,8587 FENWICK ST,SUNLAND,CA,91040,9998,P,Z23486,P
WESTPAC,4E,CALIFORNIA 4,926,91042,TUJUNGA,10209 TUJUNGA CANYON BLVD,TUJUNGA,CA,91042,9998,,Z23623,P
WESTPAC,4E,CALIFORNIA 4,926,91043,TUJUNGA,10209 TUJUNGA CANYON BLVD,TUJUNGA,CA,91042,9998,P,Z23623,P
WESTPAC,4E,CALIFORNIA 4,926,91046,VERDUGO CITY,2816 HONOLULU AVE,VERDUGO CITY,CA,91046,9997,P,Z23716,P
WESTPAC,4E,CALIFORNIA 4,926,91066,ARCADIA,41 WHEELER AVE,ARCADIA,CA,91006,9998,P,Z20119,P
WESTPAC,4E,CALIFORNIA 4,926,91077,WEST ARCADIA,725 W DUARTE RD,ARCADIA,CA,91007,9998,P,Z23815,S
WESTPAC,4E,CALIFORNIA 4,926,91101,PASADENA,600 LINCOLN AVE,PASADENA,CA,91109,9998,,Z22427,P
WESTPAC,4E,CALIFORNIA 4,926,91102,PLAZA PASADENA,281 E COLORADO BLVD,PASADENA,CA,91101,9998,P,Z22516,S
WESTPAC,4E,CALIFORNIA 4,926,91103,PASADENA,600 LINCOLN AVE,PASADENA,CA,91109,9998,,Z22427,P
WESTPAC,4E,CALIFORNIA 4,926,91104,PASADENA,600 LINCOLN AVE,PASADENA,CA,91109,9998,,Z22427,P
WESTPAC,4E,CALIFORNIA 4,926,91105,PASADENA,600 LINCOLN AVE,PASADENA,CA,91109,9998,,Z22427,P
WESTPAC,4E,CALIFORNIA 4,926,91106,PASADENA,600 LINCOLN AVE,PASADENA,CA,91109,9998,,Z22427,P
WESTPAC,4E,CALIFORNIA 4,926,91107,PASADENA,600 LINCOLN AVE,PASADENA,CA,91109,9998,,Z22427,P
WESTPAC,4E,CALIFORNIA 4,926,91108,SAN MARINO,2960 HUNTINGTON DR,SAN MARINO,CA,91108,9998,,Z22832,B
WESTPAC,4E,CALIFORNIA 4,926,91109,PASADENA WINDOW UNIT,600 LINCOLN AVE,PASADENA,CA,91109,9800,P,006139,S
WESTPAC,4E,CALIFORNIA 4,926,91114,JACKIE ROBINSON,1355 N MENTOR AVE,PASADENA,CA,91104,9998,P,017850,S
WESTPAC,4E,CALIFORNIA 4,926,91115,ORANGEWOOD,99 W CALIFORNIA BLVD,PASADENA,CA,91105,9997,P,Z22343,S
WESTPAC,4E,CALIFORNIA 4,926,91116,CATALINA,967 E COLORADO BLVD,PASADENA,CA,91106,9998,P,Z20543,S
WESTPAC,4E,CALIFORNIA 4,926,91117,EAST PASADENA,3016 E COLORADO BLVD,PASADENA,CA,91107,3840,P,012403,S
WESTPAC,4E,CALIFORNIA 4,926,91118,SAN MARINO,2960 HUNTINGTON DR,SAN MARINO,CA,91108,9998,P,Z22832,B
WESTPAC,4E,CALIFORNIA 4,926,91201,GRAND CENTRAL,6444 SAN FERNANDO RD,GLENDALE,CA,91201,5079,,Z21308,S
WESTPAC,4E,CALIFORNIA 4,926,91202,GRAND CENTRAL,6444 SAN FERNANDO RD,GLENDALE,CA,91201,5079,,Z21308,S
WESTPAC,4E,CALIFORNIA 4,926,91203,GLENDALE,313 E BROADWAY,GLENDALE,CA,91205,9998,,Z21279,P
WESTPAC,4E,CALIFORNIA 4,926,91204,GLENDALE,313 E BROADWAY,GLENDALE,CA,91205,9998,,Z21279,P
WESTPAC,4E,CALIFORNIA 4,926,91205,VERDUGO VIEJO,101 N VERDUGO RD,GLENDALE,CA,91206,9998,,Z23717,S
WESTPAC,4E,CALIFORNIA 4,926,91206,VERDUGO VIEJO,101 N VERDUGO RD,GLENDALE,CA,91206,9998,,Z23717,S
WESTPAC,4E,CALIFORNIA 4,926,91207,GLENDALE,313 E BROADWAY,GLENDALE,CA,91205,9998,,Z21279,P
WESTPAC,4E,CALIFORNIA 4,926,91208,VERDUGO VIEJO,101 N VERDUGO RD,GLENDALE,CA,91206,9998,,Z23717,S
WESTPAC,4E,CALIFORNIA 4,926,91209,GLENDALE,313 E BROADWAY,GLENDALE,CA,91205,9998,P,Z21279,P
WESTPAC,4E,CALIFORNIA 4,926,91210,GLENDALE,313 E BROADWAY,GLENDALE,CA,91205,9998,,Z21279,P
WESTPAC,4E,CALIFORNIA 4,926,91214,LA CRESCENTA,3300 FOOTHILL BLVD,LA CRESCENTA,CA,91214,9998,,Z21616,B
WESTPAC,4E,CALIFORNIA 4,926,91221,GRAND CENTRAL,6444 SAN FERNANDO RD,GLENDALE,CA,91201,5079,P,Z21308,S
WESTPAC,4E,CALIFORNIA 4,926,91222,NORTH GLENDALE,1009 N PACIFIC AVE,GLENDALE,CA,91202,9998,P,Z22199,S
WESTPAC,4E,CALIFORNIA 4,926,91224,LA CRESCENTA,3300 FOOTHILL BLVD,LA CRESCENTA,CA,91214,9998,P,Z21616,B
WESTPAC,4E,CALIFORNIA 4,926,91225,TROPICO,120 E CHEVY CHASE DR,GLENDALE,CA,91205,3141,P,Z23619,S
WESTPAC,4E,CALIFORNIA 4,926,91226,VERDUGO VIEJO,101 N VERDUGO RD,GLENDALE,CA,91206,9998,P,Z23717,S
WESTPAC,4E,CALIFORNIA 3,913,91301,AGOURA HILLS,5158 CLARETON DR,AGOURA HILLS,CA,91301,9998,,Z20034,P
WESTPAC,4E,CALIFORNIA 3,913,91302,WOODLAND HILLS,21200 OXNARD ST,WOODLAND HILLS,CA,91367,9998,,Z23920,P
WESTPAC,4E,CALIFORNIA 3,913,91303,CANOGA PARK,8201 CANOGA AVE,CANOGA PARK,CA,91304,9998,,Z20487,P
WESTPAC,4E,CALIFORNIA 3,913,91304,CANOGA PARK,8201 CANOGA AVE,CANOGA PARK,CA,91304,9998,,Z20487,P
WESTPAC,4E,CALIFORNIA 3,913,91305,CHALLENGER,21801 SHERMAN WAY,CANOGA PARK,CA,91303,9998,P,Z20574,S
WESTPAC,4E,CALIFORNIA 3,913,91306,WINNETKA,7655 WINNETKA AVE,WINNETKA,CA,91306,9998,,Z23903,B
WESTPAC,4E,CALIFORNIA 3,913,91307,WEST HILLS,23055 SHERMAN WAY,WEST HILLS,CA,91307,9998,,Z23822,B
WESTPAC,4E,CALIFORNIA 3,913,91308,WEST HILLS,23055 SHERMAN WAY,WEST HILLS,CA,91307,9998,P,Z23822,B
WESTPAC,4E,CALIFORNIA 3,913,91309,CANOGA PARK,8201 CANOGA AVE,CANOGA PARK,CA,91304,9998,P,Z20487,P
WESTPAC,4E,CALIFORNIA 3,913,91310,CASTAIC,28201 FRANKLIN PKWY,SANTA CLARITA,CA,91383,9998,P,012359,B
WESTPAC,4E,CALIFORNIA 3,913,91311,CHATSWORTH,21606 DEVONSHIRE ST,CHATSWORTH,CA,91311,9998,,Z20580,P
WESTPAC,4E,CALIFORNIA 3,913,91313,CHATSWORTH,21606 DEVONSHIRE ST,CHATSWORTH,CA,91311,9998,P,Z20580,P
WESTPAC,4E,CALIFORNIA 3,913,91316,ENCINO,5805 WHITE OAK AVE,ENCINO,CA,91316,9998,,Z21061,B
WESTPAC,4E,CALIFORNIA 3,913,91319,NEWBURY PARK,3401 GRANDE VISTA DR,NEWBURY PARK,CA,91320,9998,P,016882,B
WESTPAC,4E,CALIFORNIA 3,913,91320,NEWBURY PARK,3401 GRANDE VISTA DR,NEWBURY PARK,CA,91320,9998,,016882,B
WESTPAC,4E,CALIFORNIA 3,913,91321,NEWHALL,24201 THE OLD RD,NEWHALL,CA,91321,9998,,Z22157,B
WESTPAC,4E,CALIFORNIA 3,913,91322,LYONS,23742 LYONS AVE,NEWHALL,CA,91321,2514,P,Z21834,S
WESTPAC,4E,CALIFORNIA 3,913,91324,NORTHRIDGE CARRIERS 24,5609 YOLANDA AVE,TARZANA,CA,91356,9911,,021033,Z
WESTPAC,4E,CALIFORNIA 3,913,91325,NORTHRIDGE CARRIERS 25,7320 RESEDA BLVD,RESEDA,CA,91335,9901,,021034,Z
WESTPAC,4E,CALIFORNIA 3,913,91326,RANCH,19300 RINALDI ST,PORTER RANCH,CA,91326,9998,,Z22598,S
WESTPAC,4E,CALIFORNIA 3,913,91326,NORTHRIDGE CARRIERS 26,8201 CANOGA AVE,CANOGA PARK,CA,91304,9903,,021035,Z
WESTPAC,4E,CALIFORNIA 3,913,91327,RANCH,19300 RINALDI ST,PORTER RANCH,CA,91326,9998,P,Z22598,S
WESTPAC,4E,CALIFORNIA 3,913,91328,GRANADA HILLS,18039 CHATSWORTH ST,GRANADA HILLS,CA,91344,9998,P,Z21306,B
WESTPAC,4E,CALIFORNIA 3,913,91331,PACOIMA,13507 VAN NUYS BLVD,PACOIMA,CA,91331,9998,,Z22379,P
WESTPAC,4E,CALIFORNIA 3,913,91333,PACOIMA,13507 VAN NUYS BLVD,PACOIMA,CA,91331,9998,P,Z22379,P
WESTPAC,4E,CALIFORNIA 3,913,91334,ARLETA,9454 ARLETA AVE,ARLETA,CA,91331,4749,P,Z20125,B
WESTPAC,4E,CALIFORNIA 3,913,91335,RESEDA,7320 RESEDA BLVD,RESEDA,CA,91335,9998,,Z22651,P
WESTPAC,4E,CALIFORNIA 3,913,91337,RESEDA,7320 RESEDA BLVD,RESEDA,CA,91335,9998,P,Z22651,P
WESTPAC,4E,CALIFORNIA 3,913,91340,SYLMAR,13700 FOOTHILL BLVD,SYLMAR,CA,91342,9998,,Z23515,B
WESTPAC,4E,CALIFORNIA 3,913,91341,SAN FERNANDO,308 S MACLAY AVE,SAN FERNANDO,CA,91340,9998,P,Z22799,P
WESTPAC,4E,CALIFORNIA 3,913,91342,SYLMAR,13700 FOOTHILL BLVD,SYLMAR,CA,91342,9998,,Z23515,B
WESTPAC,4E,CALIFORNIA 3,913,91343,SYLMAR,13700 FOOTHILL BLVD,SYLMAR,CA,91342,9998,,Z23515,B
WESTPAC,4E,CALIFORNIA 3,913,91344,SYLMAR,13700 FOOTHILL BLVD,SYLMAR,CA,91342,9998,,Z23515,B
WESTPAC,4E,CALIFORNIA 3,913,91345,SAN FERNANDO,308 S MACLAY AVE,SAN FERNANDO,CA,91340,9998,,Z22799,P
WESTPAC,4E,CALIFORNIA 3,913,91346,SYLMAR,13700 FOOTHILL BLVD,SYLMAR,CA,91342,9998,P,Z23515,B
WESTPAC,4E,CALIFORNIA 3,913,91350,SANTA CLARITA,24355 CREEKSIDE RD,SANTA CLARITA,CA,91355,9998,,Z22864,P
WESTPAC,4E,CALIFORNIA 3,913,91351,SANTA CLARITA,24355 CREEKSIDE RD,SANTA CLARITA,CA,91355,9998,,Z22864,P
WESTPAC,4E,CALIFORNIA 3,913,91352,BURBANK CA SDC,2140 N HOLLYWOOD WAY,BURBANK,CA,91505,9601,,021254,4
WESTPAC,4E,CALIFORNIA 3,913,91353,SUN VALLEY,10946 RATNER ST,SUN VALLEY,CA,91352,9998,P,Z23482,P
WESTPAC,4E,CALIFORNIA 3,913,91354,SANTA CLARITA,24355 CREEKSIDE RD,SANTA CLARITA,CA,91355,9998,,Z22864,P
WESTPAC,4E,CALIFORNIA 3,913,91355,SANTA CLARITA,24355 CREEKSIDE RD,SANTA CLARITA,CA,91355,9998,,Z22864,P
WESTPAC,4E,CALIFORNIA 3,913,91356,TARZANA,5609 YOLANDA AVE,TARZANA,CA,91356,9998,,Z23533,P
WESTPAC,4E,CALIFORNIA 3,913,91357,TARZANA,5609 YOLANDA AVE,TARZANA,CA,91356,9998,P,Z23533,P
WESTPAC,4E,CALIFORNIA 3,913,91358,CONEJO VALLEY,235 N MOORPARK RD STE A,THOUSAND OAKS,CA,91360,9998,P,Z20694,S
WESTPAC,4E,CALIFORNIA 3,913,91359,THOUSAND OAKS,3435 E THOUSAND OAKS BLVD,THOUSAND OAKS,CA,91362,9998,P,Z23569,P
WESTPAC,4E,CALIFORNIA 3,913,91360,THOUSAND OAKS,3435 E THOUSAND OAKS BLVD,THOUSAND OAKS,CA,91362,9998,,Z23569,P
WESTPAC,4E,CALIFORNIA 3,913,91361,THOUSAND OAKS,3435 E THOUSAND OAKS BLVD,THOUSAND OAKS,CA,91362,9998,,Z23569,P
WESTPAC,4E,CALIFORNIA 3,913,91362,THOUSAND OAKS,3435 E THOUSAND OAKS BLVD,THOUSAND OAKS,CA,91362,9998,,Z23569,P
WESTPAC,4E,CALIFORNIA 3,913,91364,WOODLAND HILLS,21200 OXNARD ST,WOODLAND HILLS,CA,91367,9998,,Z23920,P
WESTPAC,4E,CALIFORNIA 3,913,91365,WOODLAND HILLS,21200 OXNARD ST,WOODLAND HILLS,CA,91367,9998,P,Z23920,P
WESTPAC,4E,CALIFORNIA 3,913,91367,WOODLAND HILLS,21200 OXNARD ST,WOODLAND HILLS,CA,91367,9998,,Z23920,P
WESTPAC,4E,CALIFORNIA 3,913,91372,CALABASAS,4774 PARK GRANADA STE 10,CALABASAS,CA,91302,9998,P,Z20436,B
WESTPAC,4E,CALIFORNIA 3,913,91376,AGOURA HILLS,5158 CLARETON DR,AGOURA HILLS,CA,91301,9998,P,Z20034,P
WESTPAC,4E,CALIFORNIA 3,913,91377,AGOURA HILLS,5158 CLARETON DR,AGOURA HILLS,CA,91301,9998,,Z20034,P
WESTPAC,4E,CALIFORNIA 3,913,91380,SANTA CLARITA,24355 CREEKSIDE RD,SANTA CLARITA,CA,91355,9998,P,Z22864,P
WESTPAC,4E,CALIFORNIA 3,913,91381,NEWHALL,24201 THE OLD RD,NEWHALL,CA,91321,9998,,Z22157,B
WESTPAC,4E,CALIFORNIA 3,913,91384,CASTAIC,28201 FRANKLIN PKWY,SANTA CLARITA,CA,91383,9998,,012359,B
WESTPAC,4E,CALIFORNIA 3,913,91385,VALENCIA,25842 1/2 TOURNAMENT RD,VALENCIA,CA,91355,2323,P,Z23690,B
WESTPAC,4E,CALIFORNIA 3,913,91386,CANYON COUNTRY,18336 SOLEDAD CANYON RD,CANYON COUNTRY,CA,91387,9998,P,Z20491,B
WESTPAC,4E,CALIFORNIA 3,913,91387,NEWHALL,24201 THE OLD RD,NEWHALL,CA,91321,9998,,Z22157,B
WESTPAC,4E,CALIFORNIA 3,913,91390,SANTA CLARITA,24355 CREEKSIDE RD,SANTA CLARITA,CA,91355,9998,,Z22864,P
WESTPAC,4E,CALIFORNIA 3,913,91392,SYLMAR,13700 FOOTHILL BLVD,SYLMAR,CA,91342,9998,P,Z23515,B
WESTPAC,4E,CALIFORNIA 3,913,91393,NORTH HILLS,9134 SEPULVEDA BLVD,NORTH HILLS,CA,91343,9998,P,012360,B
WESTPAC,4E,CALIFORNIA 3,913,91394,GRANADA HILLS,18039 CHATSWORTH ST,GRANADA HILLS,CA,91344,9998,P,Z21306,B
WESTPAC,4E,CALIFORNIA 3,913,91395,SYLMAR,13700 FOOTHILL BLVD,SYLMAR,CA,91342,9998,P,Z23515,B
WESTPAC,4E,CALIFORNIA 3,913,91396,WINNETKA,7655 WINNETKA AVE,WINNETKA,CA,91306,9998,P,Z23903,B
WESTPAC,4E,CALIFORNIA 3,913,91401,VAN NUYS CA SDC,15701 SHERMAN WAY,VAN NUYS,CA,91406,9900,,021255,4
WESTPAC,4E,CALIFORNIA 3,913,91402,PANORAMA CITY,14416 CHASE ST,PANORAMA CITY,CA,91402,9998,,Z22408,B
WESTPAC,4E,CALIFORNIA 3,913,91403,SHERMAN OAKS,14900 MAGNOLIA BLVD,SHERMAN OAKS,CA,91403,9998,,Z22948,B
WESTPAC,4E,CALIFORNIA 3,913,91404,CIVIC CENTER VAN NUYS,6531 VAN NUYS BLVD,VAN NUYS,CA,91401,9998,P,015712,S
WESTPAC,4E,CALIFORNIA 3,913,91405,VAN NUYS CA SDC,15701 SHERMAN WAY,VAN NUYS,CA,91406,9900,,021255,4
WESTPAC,4E,CALIFORNIA 3,913,91406,VAN NUYS CA SDC,15701 SHERMAN WAY,VAN NUYS,CA,91406,9900,,021255,4
WESTPAC,4E,CALIFORNIA 3,913,91407,CIVIC CENTER VAN NUYS,6531 VAN NUYS BLVD,VAN NUYS,CA,91401,9998,P,015712,S
WESTPAC,4E,CALIFORNIA 3,913,91408,CIVIC CENTER VAN NUYS,6531 VAN NUYS BLVD,VAN NUYS,CA,91401,9998,P,015712,S
WESTPAC,4E,CALIFORNIA 3,913,91409,VAN NUYS CA SDC,15701 SHERMAN WAY,VAN NUYS,CA,91406,9900,P,021255,4
WESTPAC,4E,CALIFORNIA 3,913,91410,VAN NUYS CA SDC,15701 SHERMAN WAY,VAN NUYS,CA,91406,9900,P,021255,4
WESTPAC,4E,CALIFORNIA 3,913,91411,VAN NUYS CA SDC,15701 SHERMAN WAY,VAN NUYS,CA,91406,9900,,021255,4
WESTPAC,4E,CALIFORNIA 3,913,91412,PANORAMA CITY,14416 CHASE ST,PANORAMA CITY,CA,91402,9998,P,Z22408,B
WESTPAC,4E,CALIFORNIA 3,913,91413,SHERMAN OAKS,14900 MAGNOLIA BLVD,SHERMAN OAKS,CA,91403,9998,P,Z22948,B
WESTPAC,4E,CALIFORNIA 3,913,91416,ENCINO,5805 WHITE OAK AVE,ENCINO,CA,91316,9998,P,Z21061,B
WESTPAC,4E,CALIFORNIA 3,913,91423,SHERMAN OAKS,14900 MAGNOLIA BLVD,SHERMAN OAKS,CA,91403,9998,,Z22948,B
WESTPAC,4E,CALIFORNIA 3,913,91426,BALBOA VAN NUYS,4930 BALBOA BLVD,ENCINO,CA,91316,3432,P,Z21261,S
WESTPAC,4E,CALIFORNIA 3,913,91436,ENCINO,5805 WHITE OAK AVE,ENCINO,CA,91316,9998,,Z21061,B
WESTPAC,4E,CALIFORNIA 3,913,91501,BURBANK CA SDC,2140 N HOLLYWOOD WAY,BURBANK,CA,91505,9601,,021254,4
WESTPAC,4E,CALIFORNIA 3,913,91502,BURBANK CA SDC,2140 N HOLLYWOOD WAY,BURBANK,CA,91505,9601,,021254,4
WESTPAC,4E,CALIFORNIA 3,913,91503,DOWNTOWN BURBANK,135 E OLIVE AVE,BURBANK,CA,91502,9998,P,Z20920,S
WESTPAC,4E,CALIFORNIA 3,913,91504,BURBANK CA SDC,2140 N HOLLYWOOD WAY,BURBANK,CA,91505,9601,,021254,4
WESTPAC,4E,CALIFORNIA 3,913,91505,BURBANK CA SDC,2140 N HOLLYWOOD WAY,BURBANK,CA,91505,9601,,021254,4
WESTPAC,4E,CALIFORNIA 3,913,91506,BURBANK CA SDC,2140 N HOLLYWOOD WAY,BURBANK,CA,91505,9601,,021254,4
WESTPAC,4E,CALIFORNIA 3,913,91507,BURBANK CA SDC,2140 N HOLLYWOOD WAY,BURBANK,CA,91505,9601,P,021254,4
WESTPAC,4E,CALIFORNIA 3,913,91508,DOWNTOWN BURBANK,135 E OLIVE AVE,BURBANK,CA,91502,9998,P,Z20920,S
WESTPAC,4E,CALIFORNIA 3,913,91510,BURBANK CA SDC,2140 N HOLLYWOOD WAY,BURBANK,CA,91505,9601,P,021254,4
WESTPAC,4E,CALIFORNIA 3,913,91601,CHANDLER,11304 CHANDLER BLVD,NORTH HOLLYWOOD,CA,91601,9998,,Z20576,S
WESTPAC,4E,CALIFORNIA 3,913,91602,CHANDLER,11304 CHANDLER BLVD,NORTH HOLLYWOOD,CA,91601,9998,,Z20576,S
WESTPAC,4E,CALIFORNIA 3,913,91603,CHANDLER,11304 CHANDLER BLVD,NORTH HOLLYWOOD,CA,91601,9998,P,Z20576,S
WESTPAC,4E,CALIFORNIA 3,913,91604,STUDIO CITY,3950 LAUREL CANYON BLVD,STUDIO CITY,CA,91604,9998,,Z23471,B
WESTPAC,4E,CALIFORNIA 3,913,91605,NORTH HOLLYWOOD,7035 LAUREL CANYON BLVD,NORTH HOLLYWOOD,CA,91605,9998,,Z22202,P
WESTPAC,4E,CALIFORNIA 3,913,91606,NORTH HOLLYWOOD,7035 LAUREL CANYON BLVD,NORTH HOLLYWOOD,CA,91605,9998,,Z22202,P
WESTPAC,4E,CALIFORNIA 3,913,91607,NORTH HOLLYWOOD,7035 LAUREL CANYON BLVD,NORTH HOLLYWOOD,CA,91605,9998,,Z22202,P
WESTPAC,4E,CALIFORNIA 3,913,91608,NORTH HOLLYWOOD,7035 LAUREL CANYON BLVD,NORTH HOLLYWOOD,CA,91605,9998,,Z22202,P
WESTPAC,4E,CALIFORNIA 3,913,91609,VICTORY CENTER,6535 LANKERSHIM BLVD,NORTH HOLLYWOOD,CA,91606,9998,P,Z23736,S
WESTPAC,4E,CALIFORNIA 3,913,91610,CHANDLER,11304 CHANDLER BLVD,NORTH HOLLYWOOD,CA,91601,9998,P,Z20576,S
WESTPAC,4E,CALIFORNIA 3,913,91614,STUDIO CITY,3950 LAUREL CANYON BLVD,STUDIO CITY,CA,91604,9998,P,Z23471,B
WESTPAC,4E,CALIFORNIA 3,913,91615,NORTH HOLLYWOOD,7035 LAUREL CANYON BLVD,NORTH HOLLYWOOD,CA,91605,9998,P,Z22202,P
WESTPAC,4E,CALIFORNIA 3,913,91616,VALLEY PLAZA,6418 BELLINGHAM AVE,NORTH HOLLYWOOD,CA,91606,1492,P,Z23702,S
WESTPAC,4E,CALIFORNIA 3,913,91617,VALLEY VILLAGE,12450 MAGNOLIA BLVD,VALLEY VILLAGE,CA,91607,9998,P,Z23704,B
WESTPAC,4E,CALIFORNIA 4,926,91701,RANCHO CUCAMONGA,10950 ARROW RTE,RANCHO CUCAMONGA,CA,91729,9998,,Z22604,P
WESTPAC,4E,CALIFORNIA 4,926,91701,ALTA LOMA,6649 AMETHYST AVE,RANCHO CUCAMONGA,CA,91701,9998,,Z24125,S
WESTPAC,4E,CALIFORNIA 4,926,91702,AZUSA,110 W 6TH ST,AZUSA,CA,91702,9998,,Z20161,P
WESTPAC,4E,CALIFORNIA 4,926,91706,BALDWIN PARK,4230 MAINE AVE,BALDWIN PARK,CA,91706,9998,,Z20178,P
WESTPAC,4E,CALIFORNIA 4,926,91706,IRWINDALE,16025 CALLE DEL NORTE,BALDWIN PARK,CA,91706,9997,,Z21532,B
WESTPAC,4E,CALIFORNIA 4,926,91708,CHINO,5375 WALNUT AVE,CHINO,CA,91708,9998,,Z20597,P
WESTPAC,4E,CALIFORNIA 4,926,91709,CHINO HILLS,14071 PEYTON DR,CHINO HILLS,CA,91709,9998,,000809,P
WESTPAC,4E,CALIFORNIA 4,926,91710,CHINO,5375 WALNUT AVE,CHINO,CA,91708,9998,,Z20597,P
WESTPAC,4E,CALIFORNIA 4,926,91711,CLAREMONT,140 HARVARD AVE,CLAREMONT,CA,91711,9998,,Z20630,P
WESTPAC,4E,CALIFORNIA 4,926,91711,LA VERNE,3355 N WHITE AVE,LA VERNE,CA,91750,9998,,Z21636,P
WESTPAC,4E,CALIFORNIA 4,926,91715,CITY OF INDUSTRY,15421 E GALE AVE,CITY OF INDUSTRY,CA,91715,9608,P,Z20617,B
WESTPAC,4E,CALIFORNIA 4,926,91716,CITY OF INDUSTRY,15421 E GALE AVE,CITY OF INDUSTRY,CA,91715,9608,P,Z20617,B
WESTPAC,4E,CALIFORNIA 4,926,91722,COVINA,545 N RIMSDALE AVE,COVINA,CA,91722,9998,,Z20774,P
WESTPAC,4E,CALIFORNIA 4,926,91723,COVINA,545 N RIMSDALE AVE,COVINA,CA,91722,9998,,Z20774,P
WESTPAC,4E,CALIFORNIA 4,926,91723,FEDERAL COVINA,170 E COLLEGE ST,COVINA,CA,91723,9998,,Z21103,S
WESTPAC,4E,CALIFORNIA 4,926,91724,COVINA,545 N RIMSDALE AVE,COVINA,CA,91722,9998,,Z20774,P
WESTPAC,4E,CALIFORNIA 4,926,91729,RANCHO CUCAMONGA,10950 ARROW RTE,RANCHO CUCAMONGA,CA,91729,9998,P,Z22604,P
WESTPAC,4E,CALIFORNIA 4,926,91730,RANCHO CUCAMONGA,10950 ARROW RTE,RANCHO CUCAMONGA,CA,91729,9998,,Z22604,P
WESTPAC,4E,CALIFORNIA 4,926,91731,EL MONTE CA SDC,11151 VALLEY BLVD,EL MONTE,CA,91734,9911,,021029,4
WESTPAC,4E,CALIFORNIA 4,926,91732,EL MONTE CA SDC,11151 VALLEY BLVD,EL MONTE,CA,91734,9911,,021029,4
WESTPAC,4E,CALIFORNIA 4,926,91733,SOUTH EL MONTE,10452 RUSH ST,SOUTH EL MONTE,CA,91733,9998,,Z23053,B
WESTPAC,4E,CALIFORNIA 4,926,91733,EL MONTE CA SDC,11151 VALLEY BLVD,EL MONTE,CA,91734,9911,,021029,4
WESTPAC,4E,CALIFORNIA 4,926,91734,EL MONTE CA SDC,11151 VALLEY BLVD,EL MONTE,CA,91734,9911,P,021029,4
WESTPAC,4E,CALIFORNIA 4,926,91737,RANCHO CUCAMONGA,10950 ARROW RTE,RANCHO CUCAMONGA,CA,91729,9998,,Z22604,P
WESTPAC,4E,CALIFORNIA 4,926,91739,RANCHO CUCAMONGA,10950 ARROW RTE,RANCHO CUCAMONGA,CA,91729,9998,,Z22604,P
WESTPAC,4E,CALIFORNIA 4,926,91740,GLENDORA,255 S GLENDORA AVE,GLENDORA,CA,91740,9998,,Z21281,P
WESTPAC,4E,CALIFORNIA 4,926,91741,GLENDORA,255 S GLENDORA AVE,GLENDORA,CA,91740,9998,,Z21281,P
WESTPAC,4E,CALIFORNIA 4,926,91743,GUASTI,323 N TURNER AVE,GUASTI,CA,91743,9001,P,Z21349,P
WESTPAC,4E,CALIFORNIA 4,926,91744,INDUSTRY,15559 RAUSCH RD,LA PUENTE,CA,91744,9998,,Z24227,S
WESTPAC,4E,CALIFORNIA 4,926,91744,LA PUENTE CA SDC,15310 ELLIOT AVE,LA PUENTE,CA,91747,9903,,021252,4
WESTPAC,4E,CALIFORNIA 4,926,91745,HACIENDA HEIGHTS,2054 S HACIENDA BLVD,HACIENDA HEIGHTS,CA,91745,9998,,Z21361,B
WESTPAC,4E,CALIFORNIA 4,926,91745,LA PUENTE CA SDC,15310 ELLIOT AVE,LA PUENTE,CA,91747,9903,,021252,4
WESTPAC,4E,CALIFORNIA 4,926,91746,BASSETT,512 WORKMAN MILL RD,LA PUENTE,CA,91746,9998,,Z20203,B
WESTPAC,4E,CALIFORNIA 4,926,91746,LA PUENTE CA SDC,15310 ELLIOT AVE,LA PUENTE,CA,91747,9903,,021252,4
WESTPAC,4E,CALIFORNIA 4,926,91747,LA PUENTE CA SDC,15310 ELLIOT AVE,LA PUENTE,CA,91747,9903,P,021252,4
WESTPAC,4E,CALIFORNIA 4,926,91748,ROWLAND HEIGHTS,1521 NOGALES ST,ROWLAND HEIGHTS,CA,91748,9998,,Z22729,B
WESTPAC,4E,CALIFORNIA 4,926,91748,WALNUT,280 S LEMON AVE,WALNUT,CA,91788,9998,,Z23778,P
WESTPAC,4E,CALIFORNIA 4,926,91750,LA VERNE,3355 N WHITE AVE,LA VERNE,CA,91750,9998,,Z21636,P
WESTPAC,4E,CALIFORNIA 4,926,91752,MIRA LOMA,10798 JURUPA RD,JURUPA VALLEY,CA,91752,9998,,Z21989,P
WESTPAC,4E,CALIFORNIA 4,926,91754,MONTEREY PARK,245 W GARVEY AVE,MONTEREY PARK,CA,91754,9998,,Z22048,P
WESTPAC,4E,CALIFORNIA 4,926,91755,MONTEREY PARK,245 W GARVEY AVE,MONTEREY PARK,CA,91754,9998,,Z22048,P
WESTPAC,4E,CALIFORNIA 4,926,91759,MT BALDY,6730 MT BALDY RD,MT BALDY,CA,91759,9000,P,Z22094,P
WESTPAC,4E,CALIFORNIA 4,926,91761,ONTARIO,1555 E HOLT BLVD,ONTARIO,CA,91761,9998,,Z22333,P
WESTPAC,4E,CALIFORNIA 4,926,91762,DOWNTOWN ONTARIO,123 W HOLT BLVD,ONTARIO,CA,91762,9998,,Z20923,S
WESTPAC,4E,CALIFORNIA 4,926,91762,ONTARIO,1555 E HOLT BLVD,ONTARIO,CA,91761,9998,,Z22333,P
WESTPAC,4E,CALIFORNIA 4,926,91762,PLAZA CENTER,1126 N MOUNTAIN AVE,ONTARIO,CA,91762,9991,,Z22518,S
WESTPAC,4E,CALIFORNIA 4,926,91763,MONTCLAIR,5186 BENITO ST,MONTCLAIR,CA,91763,9998,,Z22036,P
WESTPAC,4E,CALIFORNIA 4,926,91764,ONTARIO,1555 E HOLT BLVD,ONTARIO,CA,91761,9998,,Z22333,P
WESTPAC,4E,CALIFORNIA 4,926,91765,DIAMOND BAR,1317 S DIAMOND BAR BLVD,DIAMOND BAR,CA,91765,9998,,Z20884,B
WESTPAC,4E,CALIFORNIA 4,926,91766,POMONA,580 W MONTEREY AVE,POMONA,CA,91769,9998,,Z22537,P
WESTPAC,4E,CALIFORNIA 4,926,91767,POMONA,580 W MONTEREY AVE,POMONA,CA,91769,9998,,Z22537,P
WESTPAC,4E,CALIFORNIA 4,926,91768,POMONA,580 W MONTEREY AVE,POMONA,CA,91769,9998,,Z22537,P
WESTPAC,4E,CALIFORNIA 4,926,91769,POMONA,580 W MONTEREY AVE,POMONA,CA,91769,9998,P,Z22537,P
WESTPAC,4E,CALIFORNIA 4,926,91770,ROSEMEAD,8845 VALLEY BLVD,ROSEMEAD,CA,91770,9998,,Z22718,P
WESTPAC,4E,CALIFORNIA 4,926,91770,SOUTH SAN GABRIEL,8111 NEWMARK AVE,ROSEMEAD,CA,91770,9997,,Z23067,S
WESTPAC,4E,CALIFORNIA 4,926,91773,SAN DIMAS,300 E BONITA AVE,SAN DIMAS,CA,91773,9998,,Z22798,P
WESTPAC,4E,CALIFORNIA 4,926,91775,SAN GABRIEL,120 S DEL MAR AVE,SAN GABRIEL,CA,91778,9998,,Z22807,P
WESTPAC,4E,CALIFORNIA 4,926,91776,SAN GABRIEL,120 S DEL MAR AVE,SAN GABRIEL,CA,91778,9998,,Z22807,P
WESTPAC,4E,CALIFORNIA 4,926,91778,SAN GABRIEL,120 S DEL MAR AVE,SAN GABRIEL,CA,91778,9998,P,Z22807,P
WESTPAC,4E,CALIFORNIA 4,926,91780,TEMPLE CITY,5940 OAK AVE,TEMPLE CITY,CA,91780,9998,,Z23544,P
WESTPAC,4E,CALIFORNIA 4,926,91784,UPLAND,333 E ARROW HWY,UPLAND,CA,91785,9998,,Z23676,P
WESTPAC,4E,CALIFORNIA 4,926,91785,UPLAND,333 E ARROW HWY,UPLAND,CA,91785,9998,P,Z23676,P
WESTPAC,4E,CALIFORNIA 4,926,91786,UPLAND,333 E ARROW HWY,UPLAND,CA,91785,9998,,Z23676,P
WESTPAC,4E,CALIFORNIA 4,926,91788,WALNUT,280 S LEMON AVE,WALNUT,CA,91788,9998,P,Z23778,P
WESTPAC,4E,CALIFORNIA 4,926,91789,WALNUT,280 S LEMON AVE,WALNUT,CA,91788,9998,,Z23778,P
WESTPAC,4E,CALIFORNIA 4,926,91790,WEST COVINA,396 S CALIFORNIA AVE,WEST COVINA,CA,91793,9998,,Z23817,P
WESTPAC,4E,CALIFORNIA 4,926,91791,WEST COVINA,396 S CALIFORNIA AVE,WEST COVINA,CA,91793,9998,,Z23817,P
WESTPAC,4E,CALIFORNIA 4,926,91791,SOUTH HILL,1418 S AZUSA AVE STE D1,WEST COVINA,CA,91791,9998,,Z24337,S
WESTPAC,4E,CALIFORNIA 4,926,91792,WEST COVINA,396 S CALIFORNIA AVE,WEST COVINA,CA,91793,9998,,Z23817,P
WESTPAC,4E,CALIFORNIA 4,926,91793,WEST COVINA,396 S CALIFORNIA AVE,WEST COVINA,CA,91793,9998,P,Z23817,P
WESTPAC,4E,CALIFORNIA 4,926,91801,ALHAMBRA,10 W BAY STATE ST,ALHAMBRA,CA,91802,9998,,Z20050,P
WESTPAC,4E,CALIFORNIA 4,926,91802,ALHAMBRA,10 W BAY STATE ST,ALHAMBRA,CA,91802,9998,P,Z20050,P
WESTPAC,4E,CALIFORNIA 4,926,91803,ALHAMBRA,10 W BAY STATE ST,ALHAMBRA,CA,91802,9998,,Z20050,P
WESTPAC,4E,CALIFORNIA 4,926,91803,SOUTH ALHAMBRA,1603 W VALLEY BLVD,ALHAMBRA,CA,91803,9998,,Z23047,S
WESTPAC,4E,CALIFORNIA 6,920,91901,ALPINE,2127 ARNOLD WAY,ALPINE,CA,91901,9998,,Z20066,P
WESTPAC,4E,CALIFORNIA 6,920,91902,BONITA,5073 CENTRAL AVE,BONITA,CA,91902,9998,,Z20315,P
WESTPAC,4E,CALIFORNIA 6,920,91903,ALPINE,2127 ARNOLD WAY,ALPINE,CA,91901,9998,P,Z20066,P
WESTPAC,4E,CALIFORNIA 6,920,91905,BOULEVARD,39550 OLD HIGHWAY 80 STE A,BOULEVARD,CA,91905,9666,,Z20329,P
WESTPAC,4E,CALIFORNIA 6,920,91906,CAMPO,951 JEB STUART RD,CAMPO,CA,91906,9998,,Z20480,P
WESTPAC,4E,CALIFORNIA 6,920,91908,BONITA,5073 CENTRAL AVE,BONITA,CA,91902,9998,P,Z20315,P
WESTPAC,4E,CALIFORNIA 6,920,91909,RANCHO DEL REY,340 OXFORD ST,CHULA VISTA,CA,91911,9998,P,Z22605,S
WESTPAC,4E,CALIFORNIA 6,920,91910,CHULA VISTA CA S&DC,750 3RD AVE,CHULA VISTA,CA,91910,9900,,020549,4
WESTPAC,4E,CALIFORNIA 6,920,91911,CHULA VISTA CA S&DC,750 3RD AVE,CHULA VISTA,CA,91910,9900,,020549,4
WESTPAC,4E,CALIFORNIA 6,920,91912,CHULA VISTA CA S&DC,750 3RD AVE,CHULA VISTA,CA,91910,9900,P,020549,4
WESTPAC,4E,CALIFORNIA 6,920,91913,EASTLAKE,830 KUHN DR,CHULA VISTA,CA,91914,9998,,Z24325,S
WESTPAC,4E,CALIFORNIA 6,920,91914,EASTLAKE,830 KUHN DR,CHULA VISTA,CA,91914,9998,,Z24325,S
WESTPAC,4E,CALIFORNIA 6,920,91915,EASTLAKE,830 KUHN DR,CHULA VISTA,CA,91914,9998,,Z24325,S
WESTPAC,4E,CALIFORNIA 6,920,91916,DESCANSO,24680 VIEJAS GRADE RD STE A,DESCANSO,CA,91916,9998,,Z20872,P
WESTPAC,4E,CALIFORNIA 6,920,91917,DULZURA,17015 HIGHWAY 94,DULZURA,CA,91917,9998,,Z20941,P
WESTPAC,4E,CALIFORNIA 6,920,91921,EASTLAKE,830 KUHN DR,CHULA VISTA,CA,91914,9998,P,Z24325,S
WESTPAC,4E,CALIFORNIA 6,920,91931,GUATAY DPOBU,26835 OLD HIGHWAY 80,GUATAY,CA,91931,3101,P,014166,6
WESTPAC,4E,CALIFORNIA 6,920,91932,CHULA VISTA CA S&DC,750 3RD AVE,CHULA VISTA,CA,91910,9900,,020549,4
WESTPAC,4E,CALIFORNIA 6,920,91933,IMPERIAL BEACH,946 DONAX AVE,IMPERIAL BEACH,CA,91932,9998,P,Z21503,P
WESTPAC,4E,CALIFORNIA 6,920,91934,JACUMBA,1209 N RAILROAD ST,JACUMBA,CA,91934,9800,,Z21540,P
WESTPAC,4E,CALIFORNIA 6,920,91935,JAMUL,13961 CAMPO RD,JAMUL,CA,91935,9998,,Z21543,P
WESTPAC,4E,CALIFORNIA 6,920,91941,LA MESA,10174 AUSTIN DR,SPRING VALLEY,CA,91977,9996,,Z21624,P
WESTPAC,4E,CALIFORNIA 6,920,91942,LA MESA ANNEX,6055 LAKE MURRAY BLVD,LA MESA,CA,91942,9997,,Z24216,S
WESTPAC,4E,CALIFORNIA 6,920,91943,GROSSMONT,5500 GROSSMONT CENTER DR STE 440,LA MESA,CA,91942,9996,P,Z21341,S
WESTPAC,4E,CALIFORNIA 6,920,91944,LA MESA FINANCE,8064 ALLISON AVE,LA MESA,CA,91942,9994,P,012111,S
WESTPAC,4E,CALIFORNIA 6,920,91945,LEMON GROVE,7938 BROADWAY,LEMON GROVE,CA,91945,9998,,Z21720,P
WESTPAC,4E,CALIFORNIA 6,920,91946,LEMON GROVE,7938 BROADWAY,LEMON GROVE,CA,91945,9998,P,Z21720,P
WESTPAC,4E,CALIFORNIA 6,920,91948,MOUNT LAGUNA,810 SUNRISE HWY,MOUNT LAGUNA,CA,91948,9800,P,Z22080,P
WESTPAC,4E,CALIFORNIA 6,920,91950,NATIONAL CITY,710 E 16TH ST,NATIONAL CITY,CA,91950,9998,,Z22127,P
WESTPAC,4E,CALIFORNIA 6,920,91951,NATIONAL CITY,710 E 16TH ST,NATIONAL CITY,CA,91950,9998,P,Z22127,P
WESTPAC,4E,CALIFORNIA 6,920,91962,PINE VALLEY,28858 OLD HIGHWAY 80,PINE VALLEY,CA,91962,9998,,Z22486,P
WESTPAC,4E,CALIFORNIA 6,920,91963,POTRERO,25050 HIGHWAY 94,POTRERO,CA,91963,9998,,Z22556,P
WESTPAC,4E,CALIFORNIA 6,920,91976,SPRING VALLEY CASA DE ORO,9805 CAMPO RD STE 165,SPRING VALLEY,CA,91977,9997,P,Z20530,S
WESTPAC,4E,CALIFORNIA 6,920,91977,LA MESA,10174 AUSTIN DR,SPRING VALLEY,CA,91977,9996,,Z21624,P
WESTPAC,4E,CALIFORNIA 6,920,91978,LA MESA,10174 AUSTIN DR,SPRING VALLEY,CA,91977,9996,,Z21624,P
WESTPAC,4E,CALIFORNIA 6,920,91979,LA MESA,10174 AUSTIN DR,SPRING VALLEY,CA,91977,9996,P,Z21624,P
WESTPAC,4E,CALIFORNIA 6,920,91980,TECATE,441 TECATE RD,TECATE,CA,91980,9998,,Z23537,P
WESTPAC,4E,CALIFORNIA 6,920,92003,BONSALL,5521 MISSION RD STE D,BONSALL,CA,92003,9998,,Z20318,P
WESTPAC,4E,CALIFORNIA 6,920,92004,BORREGO SPRINGS,2599 COUNTRY CLUB RD,BORREGO SPRINGS,CA,92004,9998,,Z20323,P
WESTPAC,4E,CALIFORNIA 6,920,92007,ENCINITAS,1150 GARDEN VIEW RD,ENCINITAS,CA,92024,9998,,Z21059,P
WESTPAC,4E,CALIFORNIA 6,920,92007,CARDIFF BY THE SEA,135 LIVERPOOL DR STE A,CARDIFF BY THE SEA,CA,92007,1843,,019093,B
WESTPAC,4E,CALIFORNIA 6,920,92008,CARLSBAD,2772 ROOSEVELT ST,CARLSBAD,CA,92008,9998,,Z20509,P
WESTPAC,4E,CALIFORNIA 6,920,92009,LA COSTA CARLSBAD,1700 AVIARA PKWY,CARLSBAD,CA,92011,9998,,Z24253,S
WESTPAC,4E,CALIFORNIA 6,920,92010,CARLSBAD,2772 ROOSEVELT ST,CARLSBAD,CA,92008,9998,,Z20509,P
WESTPAC,4E,CALIFORNIA 6,920,92011,LA COSTA CARLSBAD,1700 AVIARA PKWY,CARLSBAD,CA,92011,9998,,Z24253,S
WESTPAC,4E,CALIFORNIA 6,920,92013,LA COSTA CARLSBAD,1700 AVIARA PKWY,CARLSBAD,CA,92011,9998,P,Z24253,S
WESTPAC,4E,CALIFORNIA 6,920,92014,DEL MAR,122 15TH ST,DEL MAR,CA,92014,9998,,Z20849,P
WESTPAC,4E,CALIFORNIA 6,920,92018,CARLSBAD,2772 ROOSEVELT ST,CARLSBAD,CA,92008,9998,P,Z20509,P
WESTPAC,4E,CALIFORNIA 6,920,92019,EL CAJON,401 W LEXINGTON AVE,EL CAJON,CA,92020,9998,,Z21009,P
WESTPAC,4E,CALIFORNIA 6,920,92020,EL CAJON,401 W LEXINGTON AVE,EL CAJON,CA,92020,9998,,Z21009,P
WESTPAC,4E,CALIFORNIA 6,920,92021,BOSTONIA,867 N 2ND ST,EL CAJON,CA,92021,9998,,Z20326,S
WESTPAC,4E,CALIFORNIA 6,920,92022,EL CAJON,401 W LEXINGTON AVE,EL CAJON,CA,92020,9998,P,Z21009,P
WESTPAC,4E,CALIFORNIA 6,920,92023,ENCINITAS,1150 GARDEN VIEW RD,ENCINITAS,CA,92024,9998,P,Z21059,P
WESTPAC,4E,CALIFORNIA 6,920,92023,LEUCADIA,1160 N COAST HIGHWAY 101,ENCINITAS,CA,92024,9996,P,Z21731,S
WESTPAC,4E,CALIFORNIA 6,920,92024,ENCINITAS,1150 GARDEN VIEW RD,ENCINITAS,CA,92024,9998,,Z21059,P
WESTPAC,4E,CALIFORNIA 6,920,92025,ESCONDIDO CA SDC,1157 W MISSION AVE,ESCONDIDO,CA,92025,9900,,021620,4
WESTPAC,4E,CALIFORNIA 6,920,92026,ESCONDIDO CA SDC,1157 W MISSION AVE,ESCONDIDO,CA,92025,9900,,021620,4
WESTPAC,4E,CALIFORNIA 6,920,92027,ORANGE GLEN,1770 E VALLEY PKWY,ESCONDIDO,CA,92027,9998,,Z22338,S
WESTPAC,4E,CALIFORNIA 6,920,92028,FALLBROOK,747 S MISSION RD,FALLBROOK,CA,92028,9998,,Z21087,P
WESTPAC,4E,CALIFORNIA 6,920,92029,ESCONDIDO CA SDC,1157 W MISSION AVE,ESCONDIDO,CA,92025,9900,,021620,4
WESTPAC,4E,CALIFORNIA 6,920,92030,ORANGE GLEN,1770 E VALLEY PKWY,ESCONDIDO,CA,92027,9998,P,Z22338,S
WESTPAC,4E,CALIFORNIA 6,920,92033,ESCONDIDO POSTAL STORE,403 N ESCONDIDO BLVD,ESCONDIDO,CA,92025,9997,P,Z21065,S
WESTPAC,4E,CALIFORNIA 6,920,92036,JULIAN,1785 HIGHWAY 78,JULIAN,CA,92036,9998,,Z21557,P
WESTPAC,4E,CALIFORNIA 6,920,92037,LA JOLLA ANNEX UC,5047 SHOREHAM PL,SAN DIEGO,CA,92122,9995,,017760,4
WESTPAC,4E,CALIFORNIA 6,920,92038,LA JOLLA,1140 WALL ST,LA JOLLA,CA,92037,9998,P,Z21622,P
WESTPAC,4E,CALIFORNIA 6,920,92039,LA JOLLA VILLAGE,8861 VILLA LA JOLLA DR STE 505,LA JOLLA,CA,92037,9996,P,018059,S
WESTPAC,4E,CALIFORNIA 6,920,92040,LAKESIDE,12515 WOODSIDE AVE,LAKESIDE,CA,92040,9998,,Z21675,P
WESTPAC,4E,CALIFORNIA 6,920,92046,ESCONDIDO CA SDC,1157 W MISSION AVE,ESCONDIDO,CA,92025,9900,P,021620,4
WESTPAC,4E,CALIFORNIA 6,920,92049,FIRST STREET,517 SEAGAZE DR,OCEANSIDE,CA,92054,3004,P,Z21137,S
WESTPAC,4E,CALIFORNIA 6,920,92051,BROOKS STREET,211 BROOKS ST,OCEANSIDE,CA,92054,9998,P,Z24708,S
WESTPAC,4E,CALIFORNIA 6,920,92052,OCEANSIDE,1895 AVENIDA DEL ORO,OCEANSIDE,CA,92056,9998,P,Z22309,P
WESTPAC,4E,CALIFORNIA 6,920,92054,BROOKS STREET,211 BROOKS ST,OCEANSIDE,CA,92054,9998,,Z24708,S
WESTPAC,4E,CALIFORNIA 6,920,92056,OCEANSIDE,1895 AVENIDA DEL ORO,OCEANSIDE,CA,92056,9998,,Z22309,P
WESTPAC,4E,CALIFORNIA 6,920,92057,OCEANSIDE,1895 AVENIDA DEL ORO,OCEANSIDE,CA,92056,9998,,Z22309,P
WESTPAC,4E,CALIFORNIA 6,920,92058,BROOKS STREET,211 BROOKS ST,OCEANSIDE,CA,92054,9998,,Z24708,S
WESTPAC,4E,CALIFORNIA 6,920,92059,PAUMA VALLEY,16160 HIGHWAY 76,PAUMA VALLEY,CA,92061,9998,,Z22433,P
WESTPAC,4E,CALIFORNIA 6,920,92059,PALA,3000 E PALA MSN,PALA,CA,92059,3200,,Z24375,B
WESTPAC,4E,CALIFORNIA 6,920,92060,PALOMAR MOUNTAIN,33124 CANFIELD RD,PALOMAR MOUNTAIN,CA,92060,0019,P,Z22399,P
WESTPAC,4E,CALIFORNIA 6,920,92061,PAUMA VALLEY,16160 HIGHWAY 76,PAUMA VALLEY,CA,92061,9998,,Z22433,P
WESTPAC,4E,CALIFORNIA 6,920,92064,POWAY,13308 MIDLAND RD,POWAY,CA,92064,9998,,Z22559,P
WESTPAC,4E,CALIFORNIA 6,920,92065,RAMONA,1444 MAIN ST,RAMONA,CA,92065,9998,,Z22597,P
WESTPAC,4E,CALIFORNIA 6,920,92066,WARNER SPRINGS,31650 HIGHWAY 79,WARNER SPRINGS,CA,92086,9998,,Z23787,P
WESTPAC,4E,CALIFORNIA 6,920,92067,RANCHO SANTA FE,16956 VIA DE SANTA FE,RANCHO SANTA FE,CA,92091,4606,P,Z22620,P
WESTPAC,4E,CALIFORNIA 6,920,92067,DEL RAYO PLAZA,16091 SAN DIEGUITO RD,RANCHO SANTA FE,CA,92091,9800,P,Z24840,S
WESTPAC,4E,CALIFORNIA 6,920,92068,SAN LUIS REY,3774 MISSION AVE,OCEANSIDE,CA,92058,9996,P,Z24333,B
WESTPAC,4E,CALIFORNIA 6,920,92069,SAN MARCOS,420 N TWIN OAKS VALLEY RD,SAN MARCOS,CA,92069,9998,,Z22830,P
WESTPAC,4E,CALIFORNIA 6,920,92070,SANTA YSABEL,21977 HIGHWAY 79,SANTA YSABEL,CA,92070,9998,,Z22883,P
WESTPAC,4E,CALIFORNIA 6,920,92071,SANTEE,9518 MISSION GORGE RD,SANTEE,CA,92071,9998,,Z22884,P
WESTPAC,4E,CALIFORNIA 6,920,92072,SANTEE,9518 MISSION GORGE RD,SANTEE,CA,92071,9998,P,Z22884,P
WESTPAC,4E,CALIFORNIA 6,920,92074,POWAY,13308 MIDLAND RD,POWAY,CA,92064,9998,P,Z22559,P
WESTPAC,4E,CALIFORNIA 6,920,92075,SOLANA BEACH,153 S SIERRA AVE,SOLANA BEACH,CA,92075,9998,,Z23030,P
WESTPAC,4E,CALIFORNIA 6,920,92078,SAN MARCOS,420 N TWIN OAKS VALLEY RD,SAN MARCOS,CA,92069,9998,,Z22830,P
WESTPAC,4E,CALIFORNIA 6,920,92079,SAN MARCOS,420 N TWIN OAKS VALLEY RD,SAN MARCOS,CA,92069,9998,P,Z22830,P
WESTPAC,4E,CALIFORNIA 6,920,92081,VISTA,960 POSTAL WAY,VISTA,CA,92083,9998,,Z23756,P
WESTPAC,4E,CALIFORNIA 6,920,92082,VALLEY CENTER,28588 COLE GRADE RD,VALLEY CENTER,CA,92082,9998,,Z23696,P
WESTPAC,4E,CALIFORNIA 6,920,92083,PALA VISTA ANNEX,1525 E VISTA WAY,VISTA,CA,92084,9997,,018279,4
WESTPAC,4E,CALIFORNIA 6,920,92084,PALA VISTA ANNEX,1525 E VISTA WAY,VISTA,CA,92084,9997,,018279,4
WESTPAC,4E,CALIFORNIA 6,920,92085,VISTA,960 POSTAL WAY,VISTA,CA,92083,9998,P,Z23756,P
WESTPAC,4E,CALIFORNIA 6,920,92086,WARNER SPRINGS,31650 HIGHWAY 79,WARNER SPRINGS,CA,92086,9998,,Z23787,P
WESTPAC,4E,CALIFORNIA 6,920,92088,FALLBROOK,747 S MISSION RD,FALLBROOK,CA,92028,9998,P,Z21087,P
WESTPAC,4E,CALIFORNIA 6,920,92091,RANCHO SANTA FE,16956 VIA DE SANTA FE,RANCHO SANTA FE,CA,92091,4606,,Z22620,P
WESTPAC,4E,CALIFORNIA 6,920,92101,DOWNTOWN SAN DIEGO,815 E ST,SAN DIEGO,CA,92101,9998,,Z20928,S
WESTPAC,4E,CALIFORNIA 6,920,92102,ENCANTO,5505 STEVENS WAY,SAN DIEGO,CA,92114,9998,,Z21057,S
WESTPAC,4E,CALIFORNIA 6,920,92103,HILLCREST SAN DIEGO,3911 CLEVELAND AVE,SAN DIEGO,CA,92103,9998,,Z21428,S
WESTPAC,4E,CALIFORNIA 6,920,92104,RIVERFRONT CARRIER ANNEX,2600 CAMINO DEL RIO N,SAN DIEGO,CA,92108,9997,,002131,4
WESTPAC,4E,CALIFORNIA 6,920,92105,CITY HEIGHTS,4193 UNIVERSITY AVE,SAN DIEGO,CA,92105,9998,,Z20613,S
WESTPAC,4E,CALIFORNIA 6,920,92106,MIDWAY,2701 MIDWAY DR,SAN DIEGO,CA,92110,9996,,016730,S
WESTPAC,4E,CALIFORNIA 6,920,92107,OCEAN BEACH,4833 SANTA MONICA AVE,SAN DIEGO,CA,92107,9998,,Z22305,S
WESTPAC,4E,CALIFORNIA 6,920,92108,LINDA VISTA,2150 COMSTOCK ST,SAN DIEGO,CA,92111,9998,,Z21742,S
WESTPAC,4E,CALIFORNIA 6,920,92109,PACIFIC BEACH,4640 CASS ST,SAN DIEGO,CA,92109,9998,,Z22367,S
WESTPAC,4E,CALIFORNIA 6,920,92110,MIDWAY,2701 MIDWAY DR,SAN DIEGO,CA,92110,9996,,016730,S
WESTPAC,4E,CALIFORNIA 6,920,92111,LINDA VISTA,2150 COMSTOCK ST,SAN DIEGO,CA,92111,9998,,Z21742,S
WESTPAC,4E,CALIFORNIA 6,920,92112,DOWNTOWN SAN DIEGO,815 E ST,SAN DIEGO,CA,92101,9998,P,Z20928,S
WESTPAC,4E,CALIFORNIA 6,920,92113,SOUTHEASTERN CARRIERS,5505 STEVENS WAY,SAN DIEGO,CA,92114,9997,,021798,Z
WESTPAC,4E,CALIFORNIA 6,920,92114,ENCANTO,5505 STEVENS WAY,SAN DIEGO,CA,92114,9998,,Z21057,S
WESTPAC,4E,CALIFORNIA 6,920,92115,ANDREW JACKSON,6401 EL CAJON BLVD,SAN DIEGO,CA,92115,9998,,Z20100,S
WESTPAC,4E,CALIFORNIA 6,920,92116,RIVERFRONT CARRIER ANNEX,2600 CAMINO DEL RIO N,SAN DIEGO,CA,92108,9997,,002131,4
WESTPAC,4E,CALIFORNIA 6,920,92117,WILLIAM TAFT,5052 CLAIREMONT DR,SAN DIEGO,CA,92117,9998,,Z23880,S
WESTPAC,4E,CALIFORNIA 6,920,92118,CORONADO,1320 YNEZ PL,CORONADO,CA,92118,9998,,Z20761,B
WESTPAC,4E,CALIFORNIA 6,920,92119,NAVAJO,6519 BISBY LAKE AVE,SAN DIEGO,CA,92119,9998,,Z22129,S
WESTPAC,4E,CALIFORNIA 6,920,92120,GRANTVILLE,4740 MISSION GORGE PL,SAN DIEGO,CA,92120,9998,,Z21316,S
WESTPAC,4E,CALIFORNIA 6,920,92121,CARMEL VALLEY 21 CARRIERS,9051 MIRA MESA BLVD STE 1,SAN DIEGO,CA,92126,2701,,020202,Z
WESTPAC,4E,CALIFORNIA 6,920,92122,UNIVERSITY CITY ANNEX,5045 SHOREHAM PL,SAN DIEGO,CA,92122,9998,,Z24345,4
WESTPAC,4E,CALIFORNIA 6,920,92123,SERRA MESA,3223 GREYLING DR,SAN DIEGO,CA,92123,9998,,Z22920,S
WESTPAC,4E,CALIFORNIA 6,920,92124,GRANTVILLE,4740 MISSION GORGE PL,SAN DIEGO,CA,92120,9998,,Z21316,S
WESTPAC,4E,CALIFORNIA 6,920,92126,MIRA MESA,9051 MIRA MESA BLVD,SAN DIEGO,CA,92126,9998,,Z21990,S
WESTPAC,4E,CALIFORNIA 6,920,92127,RANCHO BERNARDO ANNEX,16960 BERNARDO CENTER DR,SAN DIEGO,CA,92128,9998,,Z22601,4
WESTPAC,4E,CALIFORNIA 6,920,92128,RANCHO BERNARDO ANNEX,16960 BERNARDO CENTER DR,SAN DIEGO,CA,92128,9998,,Z22601,4
WESTPAC,4E,CALIFORNIA 6,920,92129,RANCHO PENASQUITOS,9245 TWIN TRAILS DR,SAN DIEGO,CA,92129,9998,,Z22617,S
WESTPAC,4E,CALIFORNIA 6,920,92130,RANCHO PENASQUITOS,9245 TWIN TRAILS DR,SAN DIEGO,CA,92129,9998,,Z22617,S
WESTPAC,4E,CALIFORNIA 6,920,92130,CARMEL VALLEY 30 CARRIERS,9245 TWIN TRAILS DR STE 1,SAN DIEGO,CA,92129,2648,,020203,Z
WESTPAC,4E,CALIFORNIA 6,920,92131,SCRIPPS RANCH ANNEX,10060 WILLOW CREEK RD,SAN DIEGO,CA,92131,9997,,002720,4
WESTPAC,4E,CALIFORNIA 6,920,92137,MIDWAY,2701 MIDWAY DR,SAN DIEGO,CA,92110,9996,P,016730,S
WESTPAC,4E,CALIFORNIA 6,920,92138,MIDWAY,2701 MIDWAY DR,SAN DIEGO,CA,92110,9996,P,016730,S
WESTPAC,4E,CALIFORNIA 6,920,92139,PARADISE HILLS,2356 REO DR,SAN DIEGO,CA,92139,9998,,Z22413,S
WESTPAC,4E,CALIFORNIA 6,920,92142,TIERRASANTA,6030 SANTO RD STE I,SAN DIEGO,CA,92124,9998,P,Z23576,S
WESTPAC,4E,CALIFORNIA 6,920,92143,SAN YSIDRO,440 W SAN YSIDRO BLVD,SAN YSIDRO,CA,92173,9998,P,Z22844,B
WESTPAC,4E,CALIFORNIA 6,920,92149,PARADISE HILLS,2356 REO DR,SAN DIEGO,CA,92139,9998,P,Z22413,S
WESTPAC,4E,CALIFORNIA 6,920,92150,CARMEL MOUNTAIN POSTAL STORE,11251 RANCHO CARMEL DR,SAN DIEGO,CA,92199,9709,P,Z24035,S
WESTPAC,4E,CALIFORNIA 6,920,92153,OTAY MESA,650 DENNERY RD STE 102,SAN DIEGO,CA,92154,9997,P,Z24344,S
WESTPAC,4E,CALIFORNIA 6,920,92154,OTAY MESA ANNEX,2960 FERN AVE,SAN DIEGO,CA,92154,9998,,Z22357,4
WESTPAC,4E,CALIFORNIA 6,920,92159,NAVAJO,6519 BISBY LAKE AVE,SAN DIEGO,CA,92119,9998,P,Z22129,S
WESTPAC,4E,CALIFORNIA 6,920,92160,GRANTVILLE,4740 MISSION GORGE PL,SAN DIEGO,CA,92120,9998,P,Z21316,S
WESTPAC,4E,CALIFORNIA 6,920,92163,HILLCREST SAN DIEGO,3911 CLEVELAND AVE,SAN DIEGO,CA,92103,9998,P,Z21428,S
WESTPAC,4E,CALIFORNIA 6,920,92165,CITY HEIGHTS,4193 UNIVERSITY AVE,SAN DIEGO,CA,92105,9998,P,Z20613,S
WESTPAC,4E,CALIFORNIA 6,920,92166,POINT LOMA,2931 CANON ST,SAN DIEGO,CA,92106,9998,P,Z22529,S
WESTPAC,4E,CALIFORNIA 6,920,92167,OCEAN BEACH,4833 SANTA MONICA AVE,SAN DIEGO,CA,92107,9998,P,Z22305,S
WESTPAC,4E,CALIFORNIA 6,920,92168,MISSION VALLEY,1640 CAMINO DEL RIO N STE 202,SAN DIEGO,CA,92108,9998,P,Z21098,S
WESTPAC,4E,CALIFORNIA 6,920,92169,PACIFIC BEACH,4640 CASS ST,SAN DIEGO,CA,92109,9998,P,Z22367,S
WESTPAC,4E,CALIFORNIA 6,920,92170,ENCANTO,5505 STEVENS WAY,SAN DIEGO,CA,92114,9998,P,Z21057,S
WESTPAC,4E,CALIFORNIA 6,920,92171,LINDA VISTA,2150 COMSTOCK ST,SAN DIEGO,CA,92111,9998,P,Z21742,S
WESTPAC,4E,CALIFORNIA 6,920,92172,RANCHO PENASQUITOS,9245 TWIN TRAILS DR,SAN DIEGO,CA,92129,9998,P,Z22617,S
WESTPAC,4E,CALIFORNIA 6,920,92173,SAN YSIDRO,440 W SAN YSIDRO BLVD,SAN YSIDRO,CA,92173,9998,,Z22844,B
WESTPAC,4E,CALIFORNIA 6,920,92174,ENCANTO,5505 STEVENS WAY,SAN DIEGO,CA,92114,9998,P,Z21057,S
WESTPAC,4E,CALIFORNIA 6,920,92175,ANDREW JACKSON,6401 EL CAJON BLVD,SAN DIEGO,CA,92115,9998,P,Z20100,S
WESTPAC,4E,CALIFORNIA 6,920,92176,JOHN ADAMS,3288 ADAMS AVE,SAN DIEGO,CA,92116,9998,P,Z21549,S
WESTPAC,4E,CALIFORNIA 6,920,92177,WILLIAM TAFT,5052 CLAIREMONT DR,SAN DIEGO,CA,92117,9998,P,Z23880,S
WESTPAC,4E,CALIFORNIA 6,920,92178,CORONADO,1320 YNEZ PL,CORONADO,CA,92118,9998,P,Z20761,B
WESTPAC,4E,CALIFORNIA 6,920,92186,MIDWAY,2701 MIDWAY DR,SAN DIEGO,CA,92110,9996,P,016730,S
WESTPAC,4E,CALIFORNIA 6,920,92191,MIRA MESA,9051 MIRA MESA BLVD,SAN DIEGO,CA,92126,9998,P,Z21990,S
WESTPAC,4E,CALIFORNIA 6,920,92192,UNIVERSITY CITY,3298 GOVERNOR DR,SAN DIEGO,CA,92122,9996,P,Z23674,S
WESTPAC,4E,CALIFORNIA 6,920,92193,SERRA MESA,3223 GREYLING DR,SAN DIEGO,CA,92123,9998,P,Z22920,S
WESTPAC,4E,CALIFORNIA 6,920,92195,COLLEGE GROVE CENTER,3426 COLLEGE AVE,SAN DIEGO,CA,92115,9997,P,Z21903,S
WESTPAC,4E,CALIFORNIA 6,920,92196,MIRA MESA,9051 MIRA MESA BLVD,SAN DIEGO,CA,92126,9998,P,Z21990,S
WESTPAC,4E,CALIFORNIA 6,920,92198,RANCHO BERNARDO,16767 BERNARDO CENTER DR STE L1,SAN DIEGO,CA,92128,9996,P,000969,S
WESTPAC,4E,CALIFORNIA 6,920,92201,INDIO,45805 FARGO ST,INDIO,CA,92201,9998,,Z21508,P
WESTPAC,4E,CALIFORNIA 6,920,92202,INDIO,45805 FARGO ST,INDIO,CA,92201,9998,P,Z21508,P
WESTPAC,4E,CALIFORNIA 6,920,92203,LA QUINTA,79125 CORPORATE CENTER DR,LA QUINTA,CA,92253,9998,,Z21629,P
WESTPAC,4E,CALIFORNIA 6,920,92210,PALM DESERT,74801 HOVLEY LN E,PALM DESERT,CA,92260,9998,,Z22387,P
WESTPAC,4E,CALIFORNIA 6,920,92211,PALM DESERT,74801 HOVLEY LN E,PALM DESERT,CA,92260,9998,,Z22387,P
WESTPAC,4E,CALIFORNIA 6,920,92220,BANNING,176 N ALESSANDRO ST,BANNING,CA,92220,5524,,Z20192,P
WESTPAC,4E,CALIFORNIA 6,920,92222,BARD,1280 BARD RD,BARD,CA,92222,9800,P,Z20195,P
WESTPAC,4E,CALIFORNIA 6,920,92223,BEAUMONT,950 BEAUMONT AVE,BEAUMONT,CA,92223,9998,,Z20222,P
WESTPAC,4E,CALIFORNIA 6,920,92225,BLYTHE,200 E MURPHY ST,BLYTHE,CA,92225,9998,,Z20305,P
WESTPAC,4E,CALIFORNIA 6,920,92226,BLYTHE,200 E MURPHY ST,BLYTHE,CA,92225,9998,P,Z20305,P
WESTPAC,4E,CALIFORNIA 6,920,92227,BRAWLEY,401 MAIN ST,BRAWLEY,CA,92227,9998,,Z20350,P
WESTPAC,4E,CALIFORNIA 6,920,92230,CABAZON,50360 RAMONA RD,CABAZON,CA,92230,9998,,Z20421,P
WESTPAC,4E,CALIFORNIA 6,920,92231,CALEXICO,1101 OLLIE AVE,CALEXICO,CA,92231,9998,,Z20441,P
WESTPAC,4E,CALIFORNIA 6,920,92232,CALEXICO,1101 OLLIE AVE,CALEXICO,CA,92231,9998,P,Z20441,P
WESTPAC,4E,CALIFORNIA 6,920,92233,CALIPATRIA,190 W MAIN ST,CALIPATRIA,CA,92233,9998,,Z20456,P
WESTPAC,4E,CALIFORNIA 6,920,92234,CATHEDRAL CITY,33490 DATE PALM DR,CATHEDRAL CITY,CA,92234,9998,,Z20545,P
WESTPAC,4E,CALIFORNIA 6,920,92235,CATHEDRAL CITY,33490 DATE PALM DR,CATHEDRAL CITY,CA,92234,9998,P,Z20545,P
WESTPAC,4E,CALIFORNIA 6,920,92236,COACHELLA,1412 6TH ST,COACHELLA,CA,92236,9998,,Z20653,P
WESTPAC,4E,CALIFORNIA 6,920,92239,DESERT CENTER,44300 RAGSDALE RD,DESERT CENTER,CA,92239,0400,P,Z20873,P
WESTPAC,4E,CALIFORNIA 6,920,92240,DESERT HOT SPRINGS,66311 TWO BUNCH PALMS TRL,DESERT HOT SPRINGS,CA,92240,9998,,Z20875,P
WESTPAC,4E,CALIFORNIA 6,920,92241,DESERT HOT SPRINGS,66311 TWO BUNCH PALMS TRL,DESERT HOT SPRINGS,CA,92240,9998,,Z20875,P
WESTPAC,4E,CALIFORNIA 6,920,92242,BIG RIVER,150400 TURQUOISE RD,EARP,CA,92242,9800,,Z20273,C
WESTPAC,4E,CALIFORNIA 6,920,92242,EARP,144977 AQUEDUCT RD,EARP,CA,92242,9997,,Z20962,P
WESTPAC,4E,CALIFORNIA 6,920,92243,EL CENTRO,1598 W MAIN ST,EL CENTRO,CA,92243,9998,,Z21012,P
WESTPAC,4E,CALIFORNIA 6,920,92244,EL CENTRO,1598 W MAIN ST,EL CENTRO,CA,92243,9998,P,Z21012,P
WESTPAC,4E,CALIFORNIA 6,920,92247,COVE,51321 AVENIDA BERMUDAS,LA QUINTA,CA,92253,9997,P,003979,S
WESTPAC,4E,CALIFORNIA 6,920,92248,LA QUINTA,79125 CORPORATE CENTER DR,LA QUINTA,CA,92253,9998,P,Z21629,P
WESTPAC,4E,CALIFORNIA 6,920,92249,HEBER,71 E MAIN ST,HEBER,CA,92249,9998,,Z21402,P
WESTPAC,4E,CALIFORNIA 6,920,92250,HOLTVILLE,520 FERN AVE,HOLTVILLE,CA,92250,9998,,Z21452,P
WESTPAC,4E,CALIFORNIA 6,920,92251,IMPERIAL,820 N IMPERIAL AVE,IMPERIAL,CA,92251,9998,,Z21502,P
WESTPAC,4E,CALIFORNIA 6,920,92252,JOSHUA TREE,61416 29 PALMS HWY,JOSHUA TREE,CA,92252,1943,,Z21556,P
WESTPAC,4E,CALIFORNIA 6,920,92253,LA QUINTA,79125 CORPORATE CENTER DR,LA QUINTA,CA,92253,9998,,Z21629,P
WESTPAC,4E,CALIFORNIA 6,920,92254,MECCA,91307 2ND ST,MECCA,CA,92254,6515,,Z21931,P
WESTPAC,4E,CALIFORNIA 6,920,92255,PALM DESERT,74801 HOVLEY LN E,PALM DESERT,CA,92260,9998,P,Z22387,P
WESTPAC,4E,CALIFORNIA 6,920,92256,MORONGO VALLEY,49649 29 PALMS HWY,MORONGO VALLEY,CA,92256,2000,,Z22070,P
WESTPAC,4E,CALIFORNIA 6,920,92257,CALIPATRIA,190 W MAIN ST,CALIPATRIA,CA,92233,9998,,Z20456,P
WESTPAC,4E,CALIFORNIA 6,920,92258,NORTH PALM SPRINGS,64117 DILLON RD,NORTH PALM SPRINGS,CA,92258,0400,P,Z22209,P
WESTPAC,4E,CALIFORNIA 6,920,92259,OCOTILLO,1153 N IMPERIAL HWY,OCOTILLO,CA,92259,9800,P,Z22310,P
WESTPAC,4E,CALIFORNIA 6,920,92260,PALM DESERT,74801 HOVLEY LN E,PALM DESERT,CA,92260,9998,,Z22387,P
WESTPAC,4E,CALIFORNIA 6,920,92261,PORTOLA,45300 PORTOLA AVE,PALM DESERT,CA,92260,9996,P,Z24220,S
WESTPAC,4E,CALIFORNIA 6,920,92262,PALM SPRINGS,333 N SUNRISE WAY,PALM SPRINGS,CA,92262,9998,,Z22391,P
WESTPAC,4E,CALIFORNIA 6,920,92263,PALM SPRINGS,333 N SUNRISE WAY,PALM SPRINGS,CA,92262,9998,P,Z22391,P
WESTPAC,4E,CALIFORNIA 6,920,92263,SMOKE TREE,1775 E PALM CANYON DR STE 605,PALM SPRINGS,CA,92264,9996,P,Z22991,S
WESTPAC,4E,CALIFORNIA 6,920,92264,PALM SPRINGS,333 N SUNRISE WAY,PALM SPRINGS,CA,92262,9998,,Z22391,P
WESTPAC,4E,CALIFORNIA 6,920,92266,PALO VERDE,15 BEN HULSE HWY,PALO VERDE,CA,92266,9800,P,Z22398,P
WESTPAC,4E,CALIFORNIA 6,920,92267,PARKER DAM,102 CALIFORNIA ST,PARKER DAM,CA,92267,9800,P,Z22420,P
WESTPAC,4E,CALIFORNIA 6,920,92268,PIONEERTOWN,53441 MANE ST,PIONEERTOWN,CA,92268,0423,P,Z22497,P
WESTPAC,4E,CALIFORNIA 6,920,92270,RANCHO MIRAGE,42222 RANCHO LAS PALMAS DR,RANCHO MIRAGE,CA,92270,4368,,Z22609,P
WESTPAC,4E,CALIFORNIA 6,920,92273,SEELEY,1801 W PARK ST,SEELEY,CA,92273,9800,P,Z22911,P
WESTPAC,4E,CALIFORNIA 6,920,92274,COACHELLA,1412 6TH ST,COACHELLA,CA,92236,9998,,Z20653,P
WESTPAC,4E,CALIFORNIA 6,920,92274,THERMAL,87200 AIRPORT BLVD,THERMAL,CA,92274,9998,,Z23565,P
WESTPAC,4E,CALIFORNIA 6,920,92275,SALTON CITY,2113 S MARINA DR,THERMAL,CA,92274,8432,P,Z22775,C
WESTPAC,4E,CALIFORNIA 6,920,92276,THOUSAND PALMS,72630 RAMON RD,THOUSAND PALMS,CA,92276,3427,,Z23570,P
WESTPAC,4E,CALIFORNIA 6,920,92277,TWENTYNINE PALMS,73839 GORGONIO DR,TWENTYNINE PALMS,CA,92277,2676,,Z23637,P
WESTPAC,4E,CALIFORNIA 6,920,92278,TWENTYNINE PALMS MCB,1435 STURGIS RD BLDG 1435,TWENTYNINE PALMS,CA,92278,9802,P,Z23639,B
WESTPAC,4E,CALIFORNIA 6,920,92280,BLYTHE,200 E MURPHY ST,BLYTHE,CA,92225,9998,,Z20305,P
WESTPAC,4E,CALIFORNIA 6,920,92281,WESTMORLAND,199 S CENTER ST,WESTMORLAND,CA,92281,9998,P,Z23850,P
WESTPAC,4E,CALIFORNIA 6,920,92282,CABAZON,50360 RAMONA RD,CABAZON,CA,92230,9998,,Z20421,P
WESTPAC,4E,CALIFORNIA 6,920,92283,WINTERHAVEN,2127 WINTERHAVEN DR,WINTERHAVEN,CA,92283,9998,,Z23904,P
WESTPAC,4E,CALIFORNIA 6,920,92284,YUCCA VALLEY,57280 YUCCA TRL,YUCCA VALLEY,CA,92284,7915,,Z23959,P
WESTPAC,4E,CALIFORNIA 6,920,92285,LANDERS,890 LANDERS LN,LANDERS,CA,92285,9998,,Z21686,B
WESTPAC,4E,CALIFORNIA 6,920,92285,YUCCA VALLEY,57280 YUCCA TRL,YUCCA VALLEY,CA,92284,7915,,Z23959,P
WESTPAC,4E,CALIFORNIA 6,920,92286,YUCCA VALLEY,57280 YUCCA TRL,YUCCA VALLEY,CA,92284,7915,P,Z23959,P
WESTPAC,4E,CALIFORNIA 6,920,92301,ADELANTO,11530 RANCHO RD,ADELANTO,CA,92301,2729,,Z20025,P
WESTPAC,4E,CALIFORNIA 6,920,92304,CADIZ DPOBU,976 NATIONAL TRAILS HWY,AMBOY,CA,92304,9801,P,013474,6
WESTPAC,4E,CALIFORNIA 6,920,92305,ANGELUS OAKS,37696 STATE HIGHWAY 38,ANGELUS OAKS,CA,92305,9998,,Z20104,P
WESTPAC,4E,CALIFORNIA 6,920,92307,APPLE VALLEY,22099 US HIGHWAY 18,APPLE VALLEY,CA,92307,9998,,Z20112,P
WESTPAC,4E,CALIFORNIA 6,920,92308,APPLE VALLEY,22099 US HIGHWAY 18,APPLE VALLEY,CA,92307,9998,,Z20112,P
WESTPAC,4E,CALIFORNIA 6,920,92309,BAKER,1 LAKEVIEW DR,BAKER,CA,92309,9998,,Z20169,P
WESTPAC,4E,CALIFORNIA 6,920,92310,FORT IRWIN,306 LANGFORD LAKE RD BLDG 306,FORT IRWIN,CA,92310,9800,,Z21176,B
WESTPAC,4E,CALIFORNIA 6,920,92311,BARSTOW,425 S 2ND AVE,BARSTOW,CA,92311,2891,,Z20199,P
WESTPAC,4E,CALIFORNIA 6,920,92312,BARSTOW,425 S 2ND AVE,BARSTOW,CA,92311,2891,P,Z20199,P
WESTPAC,4E,CALIFORNIA 6,920,92313,COLTON,265 N 7TH ST,COLTON,CA,92324,2952,,Z20679,P
WESTPAC,4E,CALIFORNIA 6,920,92314,BIG BEAR CITY,120 W COUNTRY CLUB BLVD,BIG BEAR CITY,CA,92314,9998,,Z20267,P
WESTPAC,4E,CALIFORNIA 6,920,92315,BIG BEAR LAKE,472 PINE KNOT BLVD,BIG BEAR LAKE,CA,92315,9996,,Z20268,P
WESTPAC,4E,CALIFORNIA 6,920,92315,MOONRIDGE,42166 BIG BEAR BLVD,BIG BEAR LAKE,CA,92315,1518,,018035,S
WESTPAC,4E,CALIFORNIA 6,920,92316,BLOOMINGTON,10191 LINDEN AVE,BLOOMINGTON,CA,92316,1891,,Z20292,P
WESTPAC,4E,CALIFORNIA 6,920,92317,BLUE JAY,27177 STATE HIGHWAY 189 STE F,BLUE JAY,CA,92317,0017,P,Z20300,P
WESTPAC,4E,CALIFORNIA 6,920,92318,LOMA LINDA,25925 BARTON RD,LOMA LINDA,CA,92354,9996,,Z21776,P
WESTPAC,4E,CALIFORNIA 6,920,92320,CALIMESA,600 W AVENUE L,CALIMESA,CA,92320,1149,,Z20455,P
WESTPAC,4E,CALIFORNIA 6,920,92321,CEDAR GLEN,28982 HOOK CREEK RD,CEDAR GLEN,CA,92321,0400,P,Z20552,P
WESTPAC,4E,CALIFORNIA 6,920,92322,CEDARPINES PARK,201 NARDY LN,CEDARPINES PARK,CA,92322,0001,P,Z20558,B
WESTPAC,4E,CALIFORNIA 6,920,92323,BAKER,1 LAKEVIEW DR,BAKER,CA,92309,9998,,Z20169,P
WESTPAC,4E,CALIFORNIA 6,920,92324,COLTON,265 N 7TH ST,COLTON,CA,92324,2952,,Z20679,P
WESTPAC,4E,CALIFORNIA 6,920,92325,CRESTLINE,23921 LAKE DR,CRESTLINE,CA,92325,0677,P,Z20788,P
WESTPAC,4E,CALIFORNIA 6,920,92325,VALLEY OF ENCHANTMENT,23026 WATERS DR,CRESTLINE,CA,92325,0678,P,Z23701,6
WESTPAC,4E,CALIFORNIA 6,920,92327,DAGGETT,33530 C ST,DAGGETT,CA,92327,9998,,Z20825,P
WESTPAC,4E,CALIFORNIA 6,920,92328,DEATH VALLEY,328 GREENLAND BLVD,DEATH VALLEY,CA,92328,9998,,Z20842,P
WESTPAC,4E,CALIFORNIA 6,920,92329,PHELAN,9782 CLOVIS RD,PHELAN,CA,92371,9998,P,Z22459,P
WESTPAC,4E,CALIFORNIA 6,920,92331,SOUTHSIDE,16731 SANTA ANA AVE,FONTANA,CA,92337,9997,P,008453,S
WESTPAC,4E,CALIFORNIA 6,920,92333,FAWNSKIN,39132 N SHORE DR,FAWNSKIN,CA,92333,0400,P,Z21099,P
WESTPAC,4E,CALIFORNIA 6,920,92334,FONTANA,8282 SIERRA AVE,FONTANA,CA,92335,9998,P,Z21155,P
WESTPAC,4E,CALIFORNIA 6,920,92335,FONTANA,8282 SIERRA AVE,FONTANA,CA,92335,9998,,Z21155,P
WESTPAC,4E,CALIFORNIA 6,920,92336,FONTANA,8282 SIERRA AVE,FONTANA,CA,92335,9998,,Z21155,P
WESTPAC,4E,CALIFORNIA 6,920,92337,SOUTHSIDE,16731 SANTA ANA AVE,FONTANA,CA,92337,9997,,008453,S
WESTPAC,4E,CALIFORNIA 6,920,92338,NEWBERRY SPRINGS,31411 NEWBERRY RD,NEWBERRY SPRINGS,CA,92365,9998,,Z22153,P
WESTPAC,4E,CALIFORNIA 6,920,92339,FOREST FALLS,40555 VALLEY OF THE FALLS DR,FOREST FALLS,CA,92339,9998,,Z21160,P
WESTPAC,4E,CALIFORNIA 6,920,92340,HESPERIA,17240 OLIVE ST,HESPERIA,CA,92345,9998,P,Z21416,P
WESTPAC,4E,CALIFORNIA 6,920,92341,GREEN VALLEY LAKE,33271 GREEN VALLEY LAKE RD,GREEN VALLEY LAKE,CA,92341,0400,P,Z21325,B
WESTPAC,4E,CALIFORNIA 6,920,92342,HELENDALE,27072 HELENDALE RD,HELENDALE,CA,92342,9998,,Z21404,P
WESTPAC,4E,CALIFORNIA 6,920,92344,HESPERIA,17240 OLIVE ST,HESPERIA,CA,92345,9998,,Z21416,P
WESTPAC,4E,CALIFORNIA 6,920,92345,HESPERIA,17240 OLIVE ST,HESPERIA,CA,92345,9998,,Z21416,P
WESTPAC,4E,CALIFORNIA 6,920,92346,HIGHLAND,7745 BOULDER AVE,HIGHLAND,CA,92346,9998,,Z21423,P
WESTPAC,4E,CALIFORNIA 6,920,92347,BARSTOW,425 S 2ND AVE,BARSTOW,CA,92311,2891,,Z20199,P
WESTPAC,4E,CALIFORNIA 6,920,92347,HINKLEY,35997 MOUNTAIN VIEW RD STE 1,HINKLEY,CA,92347,9630,,Z21439,P
WESTPAC,4E,CALIFORNIA 6,920,92352,LAKE ARROWHEAD,28150 HIGHWAY 189,LAKE ARROWHEAD,CA,92352,9997,P,Z21651,P
WESTPAC,4E,CALIFORNIA 6,920,92354,LOMA LINDA,25925 BARTON RD,LOMA LINDA,CA,92354,9996,,Z21776,P
WESTPAC,4E,CALIFORNIA 6,920,92356,LUCERNE VALLEY,10418 HIGHLAND AVE,LUCERNE VALLEY,CA,92356,9998,,Z21825,P
WESTPAC,4E,CALIFORNIA 6,920,92358,LYTLE CREEK,375 VALLEY VISTA DR,LYTLE CREEK,CA,92358,9998,,Z21835,P
WESTPAC,4E,CALIFORNIA 6,920,92359,MENTONE,1842 MENTONE BLVD,MENTONE,CA,92359,1541,,Z21944,P
WESTPAC,4E,CALIFORNIA 6,920,92363,HAVASU LAKE,148629 SHOWBOAT RD,NEEDLES,CA,92363,9802,,Z21391,C
WESTPAC,4E,CALIFORNIA 6,920,92363,NEEDLES,628 3RD ST,NEEDLES,CA,92363,9998,,Z22141,P
WESTPAC,4E,CALIFORNIA 6,920,92364,BAKER,1 LAKEVIEW DR,BAKER,CA,92309,9998,,Z20169,P
WESTPAC,4E,CALIFORNIA 6,920,92365,NEWBERRY SPRINGS,31411 NEWBERRY RD,NEWBERRY SPRINGS,CA,92365,9998,,Z22153,P
WESTPAC,4E,CALIFORNIA 6,920,92366,BAKER,1 LAKEVIEW DR,BAKER,CA,92309,9998,,Z20169,P
WESTPAC,4E,CALIFORNIA 6,920,92368,ORO GRANDE,15155 OLIVE ST,ORO GRANDE,CA,92368,9998,,Z22354,P
WESTPAC,4E,CALIFORNIA 6,920,92369,PATTON,2592 E HIGHLAND AVE,PATTON,CA,92369,0016,P,Z22431,P
WESTPAC,4E,CALIFORNIA 6,920,92371,PHELAN,9782 CLOVIS RD,PHELAN,CA,92371,9998,,Z22459,P
WESTPAC,4E,CALIFORNIA 6,920,92372,PINON HILLS,10353 OASIS RD,PINON HILLS,CA,92372,9998,,Z22493,P
WESTPAC,4E,CALIFORNIA 6,920,92373,REDLANDS,201 BROOKSIDE AVE,REDLANDS,CA,92373,9997,,Z22634,P
WESTPAC,4E,CALIFORNIA 6,920,92373,LUGONIA,1275 W PARK AVE,REDLANDS,CA,92373,8111,,019106,S
WESTPAC,4E,CALIFORNIA 6,920,92374,LUGONIA,1275 W PARK AVE,REDLANDS,CA,92373,8111,,019106,S
WESTPAC,4E,CALIFORNIA 6,920,92375,LUGONIA,1275 W PARK AVE,REDLANDS,CA,92373,8111,P,019106,S
WESTPAC,4E,CALIFORNIA 6,920,92376,RIALTO ANNEX,1630 N RIVERSIDE AVE,RIALTO,CA,92376,8084,,Z24215,4
WESTPAC,4E,CALIFORNIA 6,920,92377,RIALTO,241 W RIALTO AVE,RIALTO,CA,92376,6471,,Z22655,P
WESTPAC,4E,CALIFORNIA 6,920,92377,RIALTO ANNEX,1630 N RIVERSIDE AVE,RIALTO,CA,92376,8084,,Z24215,4
WESTPAC,4E,CALIFORNIA 6,920,92378,RIMFOREST,26517 STATE HIGHWAY 18,RIMFOREST,CA,92378,0010,P,Z22663,P
WESTPAC,4E,CALIFORNIA 6,920,92382,RUNNING SPRINGS,2641 PALO ALTO WAY,RUNNING SPRINGS,CA,92382,0481,P,Z22736,P
WESTPAC,4E,CALIFORNIA 6,920,92384,SHOSHONE,113 N STATE HIGHWAY 127,SHOSHONE,CA,92384,9998,P,Z22956,P
WESTPAC,4E,CALIFORNIA 6,920,92385,SKYFOREST,951 KUFFEL CANYON RD,SKYFOREST,CA,92385,0400,P,Z22978,P
WESTPAC,4E,CALIFORNIA 6,920,92386,SUGARLOAF,501 MAPLE LN,SUGARLOAF,CA,92386,9998,P,008957,B
WESTPAC,4E,CALIFORNIA 6,920,92389,TECOPA,101 OLD SPANISH TRAIL HWY,TECOPA,CA,92389,0010,P,Z23538,P
WESTPAC,4E,CALIFORNIA 6,920,92391,TWIN PEAKS,753 ROSE LN,TWIN PEAKS,CA,92391,0400,P,Z23641,P
WESTPAC,4E,CALIFORNIA 6,920,92392,VICTORVILLE,16333 GREEN TREE BLVD,VICTORVILLE,CA,92395,9998,,Z23735,P
WESTPAC,4E,CALIFORNIA 6,920,92393,VICTORVILLE,16333 GREEN TREE BLVD,VICTORVILLE,CA,92395,9998,P,Z23735,P
WESTPAC,4E,CALIFORNIA 6,920,92394,VICTORVILLE,16333 GREEN TREE BLVD,VICTORVILLE,CA,92395,9998,,Z23735,P
WESTPAC,4E,CALIFORNIA 6,920,92395,SPRING VALLEY LAKE,13295 SPRING VALLEY PKWY,VICTORVILLE,CA,92395,9997,,Z23086,B
WESTPAC,4E,CALIFORNIA 6,920,92395,VICTORVILLE,16333 GREEN TREE BLVD,VICTORVILLE,CA,92395,9998,,Z23735,P
WESTPAC,4E,CALIFORNIA 6,920,92397,WRIGHTWOOD,1440 STATE HIGHWAY 2,WRIGHTWOOD,CA,92397,9998,,Z23931,P
WESTPAC,4E,CALIFORNIA 6,920,92398,YERMO,485 W YERMO RD,YERMO,CA,92398,0405,P,Z23938,P
WESTPAC,4E,CALIFORNIA 6,920,92399,YUCAIPA,12460 CALIFORNIA ST,YUCAIPA,CA,92399,4494,,Z23957,P
WESTPAC,4E,CALIFORNIA 6,920,92401,SAN BERNARDINO,390 W 5TH ST,SAN BERNARDINO,CA,92401,9998,,Z22789,P
WESTPAC,4E,CALIFORNIA 6,920,92402,SAN BERNARDINO,390 W 5TH ST,SAN BERNARDINO,CA,92401,9998,P,Z22789,P
WESTPAC,4E,CALIFORNIA 6,920,92404,DEL ROSA,1663 E DATE PL,SAN BERNARDINO,CA,92404,4496,,Z20857,S
WESTPAC,4E,CALIFORNIA 6,920,92405,UPTOWN,2160 N ARROWHEAD AVE,SAN BERNARDINO,CA,92405,4022,,Z23679,S
WESTPAC,4E,CALIFORNIA 6,920,92406,UPTOWN,2160 N ARROWHEAD AVE,SAN BERNARDINO,CA,92405,4022,P,Z23679,S
WESTPAC,4E,CALIFORNIA 6,920,92407,NORTHPARK SAN BERNARDINO,4560 HALLMARK PKWY,SAN BERNARDINO,CA,92407,1886,,Z22219,S
WESTPAC,4E,CALIFORNIA 6,920,92408,SAN BERNARDINO,390 W 5TH ST,SAN BERNARDINO,CA,92401,9998,,Z22789,P
WESTPAC,4E,CALIFORNIA 6,920,92410,SAN BERNARDINO,390 W 5TH ST,SAN BERNARDINO,CA,92401,9998,,Z22789,P
WESTPAC,4E,CALIFORNIA 6,920,92411,WESTSIDE,1560 W BASE LINE ST,SAN BERNARDINO,CA,92411,1775,,Z23853,S
WESTPAC,4E,CALIFORNIA 6,920,92413,DEL ROSA,1663 E DATE PL,SAN BERNARDINO,CA,92404,4496,P,Z20857,S
WESTPAC,4E,CALIFORNIA 6,920,92423,SAN BERNARDINO MO WINDOWS,1900 W REDLANDS BLVD,SAN BERNARDINO,CA,92403,9997,P,Z24698,S
WESTPAC,4E,CALIFORNIA 6,920,92427,NORTHPARK SAN BERNARDINO,4560 HALLMARK PKWY,SAN BERNARDINO,CA,92407,1886,P,Z22219,S
WESTPAC,4E,CALIFORNIA 6,920,92501,DOWNTOWN RIVERSIDE,3890 ORANGE ST,RIVERSIDE,CA,92501,9998,,Z20926,S
WESTPAC,4E,CALIFORNIA 6,920,92502,DOWNTOWN RIVERSIDE,3890 ORANGE ST,RIVERSIDE,CA,92501,9998,P,Z20926,S
WESTPAC,4E,CALIFORNIA 6,920,92503,ARLINGTON,10275 HOLE AVE,RIVERSIDE,CA,92503,3457,,Z20128,S
WESTPAC,4E,CALIFORNIA 6,920,92504,RIVERSIDE,4150 CHICAGO AVE,RIVERSIDE,CA,92507,9998,,Z22686,P
WESTPAC,4E,CALIFORNIA 6,920,92505,ARLINGTON,10275 HOLE AVE,RIVERSIDE,CA,92503,3457,,Z20128,S
WESTPAC,4E,CALIFORNIA 6,920,92506,RIVERSIDE,4150 CHICAGO AVE,RIVERSIDE,CA,92507,9998,,Z22686,P
WESTPAC,4E,CALIFORNIA 6,920,92507,RIVERSIDE,4150 CHICAGO AVE,RIVERSIDE,CA,92507,9998,,Z22686,P
WESTPAC,4E,CALIFORNIA 6,920,92508,RIVERSIDE,4150 CHICAGO AVE,RIVERSIDE,CA,92507,9998,,Z22686,P
WESTPAC,4E,CALIFORNIA 6,920,92509,RUBIDOUX,8082 LIMONITE AVE STE 1,JURUPA VALLEY,CA,92509,6127,,018056,B
WESTPAC,4E,CALIFORNIA 6,920,92513,ARLINGTON,10275 HOLE AVE,RIVERSIDE,CA,92503,3457,P,Z20128,S
WESTPAC,4E,CALIFORNIA 6,920,92514,HARDMAN,5172 ARLINGTON AVE,RIVERSIDE,CA,92504,2686,P,Z21386,S
WESTPAC,4E,CALIFORNIA 6,920,92516,MAGNOLIA CENTER,3681 SUNNYSIDE DR,RIVERSIDE,CA,92506,9997,P,Z21852,S
WESTPAC,4E,CALIFORNIA 6,920,92517,RIVERSIDE,4150 CHICAGO AVE,RIVERSIDE,CA,92507,9998,P,Z22686,P
WESTPAC,4E,CALIFORNIA 6,920,92518,MARCH AIR RESERVE BASE,1486 GRAEBER ST BLDG 2406,MARCH AIR RESERVE BASE,CA,92518,9995,,Z21880,B
WESTPAC,4E,CALIFORNIA 6,920,92518,RIVERSIDE,4150 CHICAGO AVE,RIVERSIDE,CA,92507,9998,,Z22686,P
WESTPAC,4E,CALIFORNIA 6,920,92519,RUBIDOUX,8082 LIMONITE AVE STE 1,JURUPA VALLEY,CA,92509,6127,P,018056,B
WESTPAC,4E,CALIFORNIA 6,920,92530,LAKE ELSINORE,500 W GRAHAM AVE,LAKE ELSINORE,CA,92530,9998,,Z21654,P
WESTPAC,4E,CALIFORNIA 6,920,92531,LAKE ELSINORE FINANCE,31724 CASINO DR,LAKE ELSINORE,CA,92530,4510,P,019960,S
WESTPAC,4E,CALIFORNIA 6,920,92532,LAKE ELSINORE,500 W GRAHAM AVE,LAKE ELSINORE,CA,92530,9998,,Z21654,P
WESTPAC,4E,CALIFORNIA 6,920,92536,AGUANGA,45600 HIGHWAY 79,AGUANGA,CA,92536,9998,,Z20037,P
WESTPAC,4E,CALIFORNIA 6,920,92539,ANZA,38775 CONTRERAS RD,ANZA,CA,92539,9998,,Z20111,P
WESTPAC,4E,CALIFORNIA 6,920,92543,HEMET,324 S STATE ST,HEMET,CA,92543,9998,,Z21406,P
WESTPAC,4E,CALIFORNIA 6,920,92544,HEMET,324 S STATE ST,HEMET,CA,92543,9998,,Z21406,P
WESTPAC,4E,CALIFORNIA 6,920,92544,YALE,1957 E FLORIDA AVE,HEMET,CA,92544,9997,,Z23935,S
WESTPAC,4E,CALIFORNIA 6,920,92545,HEMET,324 S STATE ST,HEMET,CA,92543,9998,,Z21406,P
WESTPAC,4E,CALIFORNIA 6,920,92546,HEMET,324 S STATE ST,HEMET,CA,92543,9998,P,Z21406,P
WESTPAC,4E,CALIFORNIA 6,920,92548,HOMELAND,31610 US HIGHWAY 74,HOMELAND,CA,92548,9998,,Z21455,P
WESTPAC,4E,CALIFORNIA 6,920,92548,SUN CITY,29700 HAUN RD,MENIFEE,CA,92586,9997,,Z23481,P
WESTPAC,4E,CALIFORNIA 6,920,92549,IDYLLWILD,54391 VILLAGE CENTER DR,IDYLLWILD,CA,92549,9997,P,Z21497,P
WESTPAC,4E,CALIFORNIA 6,920,92551,MORENO VALLEY,23580 ALESSANDRO BLVD,MORENO VALLEY,CA,92553,9998,,Z22063,P
WESTPAC,4E,CALIFORNIA 6,920,92552,MORENO VALLEY,23580 ALESSANDRO BLVD,MORENO VALLEY,CA,92553,9998,P,Z22063,P
WESTPAC,4E,CALIFORNIA 6,920,92553,MORENO VALLEY,23580 ALESSANDRO BLVD,MORENO VALLEY,CA,92553,9998,,Z22063,P
WESTPAC,4E,CALIFORNIA 6,920,92554,MORENO,28981 ALESSANDRO BLVD,MORENO VALLEY,CA,92555,6907,P,Z22061,S
WESTPAC,4E,CALIFORNIA 6,920,92555,MORENO VALLEY,23580 ALESSANDRO BLVD,MORENO VALLEY,CA,92553,9998,,Z22063,P
WESTPAC,4E,CALIFORNIA 6,920,92556,POSTAL AVE,24040 POSTAL AVE,MORENO VALLEY,CA,92553,9997,P,Z22554,S
WESTPAC,4E,CALIFORNIA 6,920,92557,MORENO VALLEY,23580 ALESSANDRO BLVD,MORENO VALLEY,CA,92553,9998,,Z22063,P
WESTPAC,4E,CALIFORNIA 6,920,92561,MOUNTAIN CENTER,29470 US HIGHWAY 243,MOUNTAIN CENTER,CA,92561,0020,,Z22084,P
WESTPAC,4E,CALIFORNIA 6,920,92562,MURRIETA CA SDC,39571 LOS ALAMOS RD,MURRIETA,CA,92563,9977,,021417,4
WESTPAC,4E,CALIFORNIA 6,920,92563,MURRIETA CA SDC,39571 LOS ALAMOS RD,MURRIETA,CA,92563,9977,,021417,4
WESTPAC,4E,CALIFORNIA 6,920,92564,MURRIETA,24930 WASHINGTON AVE,MURRIETA,CA,92562,9998,P,Z22109,P
WESTPAC,4E,CALIFORNIA 6,920,92567,NUEVO,29245 LAKEVIEW AVE,NUEVO,CA,92567,9998,,Z22276,P
WESTPAC,4E,CALIFORNIA 6,920,92570,PERRIS,778 S REDLANDS AVE,PERRIS,CA,92570,9991,,Z22455,P
WESTPAC,4E,CALIFORNIA 6,920,92571,PERRIS,778 S REDLANDS AVE,PERRIS,CA,92570,9991,,Z22455,P
WESTPAC,4E,CALIFORNIA 6,920,92572,PERRIS,778 S REDLANDS AVE,PERRIS,CA,92570,9991,P,Z22455,P
WESTPAC,4E,CALIFORNIA 6,920,92581,SAN JACINTO,315 E ESPLANADE AVE,SAN JACINTO,CA,92583,9998,P,Z22811,P
WESTPAC,4E,CALIFORNIA 6,920,92582,SAN JACINTO,315 E ESPLANADE AVE,SAN JACINTO,CA,92583,9998,,Z22811,P
WESTPAC,4E,CALIFORNIA 6,920,92583,SAN JACINTO,315 E ESPLANADE AVE,SAN JACINTO,CA,92583,9998,,Z22811,P
WESTPAC,4E,CALIFORNIA 6,920,92584,SUN CITY,29700 HAUN RD,MENIFEE,CA,92586,9997,,Z23481,P
WESTPAC,4E,CALIFORNIA 6,920,92585,ROMOLAND,28480 US HIGHWAY 74 STE C,MENIFEE,CA,92585,9998,,Z22712,B
WESTPAC,4E,CALIFORNIA 6,920,92585,SUN CITY,29700 HAUN RD,MENIFEE,CA,92586,9997,,Z23481,P
WESTPAC,4E,CALIFORNIA 6,920,92586,SUN CITY,29700 HAUN RD,MENIFEE,CA,92586,9997,,Z23481,P
WESTPAC,4E,CALIFORNIA 6,920,92586,SUN CITY FINANCE,26822 CHERRY HILLS BLVD,MENIFEE,CA,92586,9998,,015255,S
WESTPAC,4E,CALIFORNIA 6,920,92587,SUN CITY,29700 HAUN RD,MENIFEE,CA,92586,9997,,Z23481,P
WESTPAC,4E,CALIFORNIA 6,920,92589,TEMECULA,30777 RANCHO CALIFORNIA RD,TEMECULA,CA,92591,3209,P,Z23542,P
WESTPAC,4E,CALIFORNIA 6,920,92590,TEMECULA,30777 RANCHO CALIFORNIA RD,TEMECULA,CA,92591,3209,,Z23542,P
WESTPAC,4E,CALIFORNIA 6,920,92591,TEMECULA,30777 RANCHO CALIFORNIA RD,TEMECULA,CA,92591,3209,,Z23542,P
WESTPAC,4E,CALIFORNIA 6,920,92592,TEMECULA,30777 RANCHO CALIFORNIA RD,TEMECULA,CA,92591,3209,,Z23542,P
WESTPAC,4E,CALIFORNIA 6,920,92593,OLD TOWN,28360 OLD TOWN FRONT ST,TEMECULA,CA,92590,9998,P,Z22321,S
WESTPAC,4E,CALIFORNIA 6,920,92595,WILDOMAR,21392 PALOMAR ST,WILDOMAR,CA,92595,9998,,Z23875,P
WESTPAC,4E,CALIFORNIA 6,920,92595,WILDOMAR ANNEX,21420 PALOMAR ST,WILDOMAR,CA,92595,9997,,011732,4
WESTPAC,4E,CALIFORNIA 6,920,92596,MURRIETA CA SDC,39571 LOS ALAMOS RD,MURRIETA,CA,92563,9977,,021417,4
WESTPAC,4E,CALIFORNIA 4,926,92602,NORTHWOOD,1 LEAGUE,IRVINE,CA,92602,9998,,008994,S
WESTPAC,4E,CALIFORNIA 4,926,92603,IRVINE CA S&DC,15642 SAND CANYON AVE,IRVINE,CA,92619,9996,,020557,4
WESTPAC,4E,CALIFORNIA 4,926,92604,HARVEST,17192 MURPHY AVE,IRVINE,CA,92623,9998,,Z24031,S
WESTPAC,4E,CALIFORNIA 4,926,92605,HUNTINGTON BEACH,6771 WARNER AVE,HUNTINGTON BEACH,CA,92647,9998,P,Z21482,P
WESTPAC,4E,CALIFORNIA 4,926,92606,HARVEST,17192 MURPHY AVE,IRVINE,CA,92623,9998,,Z24031,S
WESTPAC,4E,CALIFORNIA 4,926,92607,LAGUNA BEACH,29911 NIGUEL RD,LAGUNA NIGUEL,CA,92607,9998,P,Z21643,P
WESTPAC,4E,CALIFORNIA 4,926,92609,EL TORO,24552 RAYMOND WAY,LAKE FOREST,CA,92630,9998,P,Z21031,P
WESTPAC,4E,CALIFORNIA 4,926,92610,RANCHO SANTA MARGARITA,29862 AVENIDA DE LAS BANDERA,RANCHO SANTA MARGARITA,CA,92688,9998,,Z22621,B
WESTPAC,4E,CALIFORNIA 4,926,92612,IRVINE CA S&DC,15642 SAND CANYON AVE,IRVINE,CA,92619,9996,,020557,4
WESTPAC,4E,CALIFORNIA 4,926,92614,HARVEST,17192 MURPHY AVE,IRVINE,CA,92623,9998,,Z24031,S
WESTPAC,4E,CALIFORNIA 4,926,92615,IDA JEAN HAXTON,9151 ATLANTA AVE,HUNTINGTON BEACH,CA,92615,9998,P,Z21495,S
WESTPAC,4E,CALIFORNIA 4,926,92616,UNIVERSITY,4255 CAMPUS DR STE A100,IRVINE,CA,92616,9001,P,Z23672,S
WESTPAC,4E,CALIFORNIA 4,926,92617,IRVINE CA S&DC,15642 SAND CANYON AVE,IRVINE,CA,92619,9996,,020557,4
WESTPAC,4E,CALIFORNIA 4,926,92618,IRVINE CA S&DC,15642 SAND CANYON AVE,IRVINE,CA,92619,9996,,020557,4
WESTPAC,4E,CALIFORNIA 4,926,92619,IRVINE CA S&DC,15642 SAND CANYON AVE,IRVINE,CA,92619,9996,P,020557,4
WESTPAC,4E,CALIFORNIA 4,926,92620,NORTHWOOD,1 LEAGUE,IRVINE,CA,92602,9998,,008994,S
WESTPAC,4E,CALIFORNIA 4,926,92623,HARVEST,17192 MURPHY AVE,IRVINE,CA,92623,9998,P,Z24031,S
WESTPAC,4E,CALIFORNIA 4,926,92624,CAPISTRANO BEACH,34281 DOHENY PARK RD,CAPISTRANO BEACH,CA,92624,2200,,Z20499,B
WESTPAC,4E,CALIFORNIA 4,926,92624,DANA POINT,24551 DEL PRADO,DANA POINT,CA,92629,9998,,Z20830,P
WESTPAC,4E,CALIFORNIA 4,926,92625,CORONA DEL MAR,406 ORCHID AVE,CORONA DEL MAR,CA,92625,9998,,Z20760,P
WESTPAC,4E,CALIFORNIA 4,926,92625,NEWPORT BEACH CA SDC,1133 CAMELBACK ST,NEWPORT BEACH,CA,92658,9937,,021253,4
WESTPAC,4E,CALIFORNIA 4,926,92626,COSTA MESA,1590 ADAMS AVE,COSTA MESA,CA,92628,9998,,Z20765,P
WESTPAC,4E,CALIFORNIA 4,926,92627,MESA CENTER,2230 FAIRVIEW RD STE C,COSTA MESA,CA,92627,9998,,Z21949,S
WESTPAC,4E,CALIFORNIA 4,926,92628,COSTA MESA,1590 ADAMS AVE,COSTA MESA,CA,92628,9998,P,Z20765,P
WESTPAC,4E,CALIFORNIA 4,926,92629,DANA POINT,24551 DEL PRADO,DANA POINT,CA,92629,9998,,Z20830,P
WESTPAC,4E,CALIFORNIA 4,926,92630,EL TORO,24552 RAYMOND WAY,LAKE FOREST,CA,92630,9998,,Z21031,P
WESTPAC,4E,CALIFORNIA 4,926,92637,LAGUNA HILLS,24001 CALLE DE LA MAGDALENA,LAGUNA HILLS,CA,92654,9998,,Z21644,B
WESTPAC,4E,CALIFORNIA 4,926,92646,IDA JEAN HAXTON,9151 ATLANTA AVE,HUNTINGTON BEACH,CA,92615,9998,,Z21495,S
WESTPAC,4E,CALIFORNIA 4,926,92647,HUNTINGTON BEACH,6771 WARNER AVE,HUNTINGTON BEACH,CA,92647,9998,,Z21482,P
WESTPAC,4E,CALIFORNIA 4,926,92648,BEACH CENTER,316 OLIVE AVE,HUNTINGTON BEACH,CA,92648,9998,,Z20216,S
WESTPAC,4E,CALIFORNIA 4,926,92648,HUNTINGTON BEACH,6771 WARNER AVE,HUNTINGTON BEACH,CA,92647,9998,,Z21482,P
WESTPAC,4E,CALIFORNIA 4,926,92649,HUNTINGTON BEACH,6771 WARNER AVE,HUNTINGTON BEACH,CA,92647,9998,,Z21482,P
WESTPAC,4E,CALIFORNIA 4,926,92650,IRVINE CA S&DC,15642 SAND CANYON AVE,IRVINE,CA,92619,9996,P,020557,4
WESTPAC,4E,CALIFORNIA 4,926,92651,LAGUNA BEACH,29911 NIGUEL RD,LAGUNA NIGUEL,CA,92607,9998,,Z21643,P
WESTPAC,4E,CALIFORNIA 4,926,92652,PLAYA,350 FOREST AVE,LAGUNA BEACH,CA,92652,9000,P,Z22511,S
WESTPAC,4E,CALIFORNIA 4,926,92652,SOUTH LAGUNA,31677 VIRGINIA WAY,LAGUNA BEACH,CA,92652,9998,P,Z23057,B
WESTPAC,4E,CALIFORNIA 4,926,92653,LAGUNA HILLS,24001 CALLE DE LA MAGDALENA,LAGUNA HILLS,CA,92654,9998,,Z21644,B
WESTPAC,4E,CALIFORNIA 4,926,92654,LAGUNA HILLS,24001 CALLE DE LA MAGDALENA,LAGUNA HILLS,CA,92654,9998,P,Z21644,B
WESTPAC,4E,CALIFORNIA 4,926,92655,WESTMINSTER,15030 GOLDENWEST CIR,WESTMINSTER,CA,92685,9998,,Z23848,P
WESTPAC,4E,CALIFORNIA 4,926,92655,MIDWAY CITY,15041 JACKSON ST,MIDWAY CITY,CA,92655,3400,,Z24100,B
WESTPAC,4E,CALIFORNIA 4,926,92656,LAGUNA HILLS,24001 CALLE DE LA MAGDALENA,LAGUNA HILLS,CA,92654,9998,,Z21644,B
WESTPAC,4E,CALIFORNIA 4,926,92657,NEWPORT BEACH CA SDC,1133 CAMELBACK ST,NEWPORT BEACH,CA,92658,9937,,021253,4
WESTPAC,4E,CALIFORNIA 4,926,92658,NEWPORT BEACH CA SDC,1133 CAMELBACK ST,NEWPORT BEACH,CA,92658,9937,P,021253,4
WESTPAC,4E,CALIFORNIA 4,926,92659,BAY STATION STAMP STORE,177 RIVERSIDE AVE STE A,NEWPORT BEACH,CA,92663,9998,P,006351,S
WESTPAC,4E,CALIFORNIA 4,926,92660,NEWPORT BEACH CA SDC,1133 CAMELBACK ST,NEWPORT BEACH,CA,92658,9937,,021253,4
WESTPAC,4E,CALIFORNIA 4,926,92661,BALBOA NEWPORT BEACH,204 MAIN ST,NEWPORT BEACH,CA,92661,9998,,Z20175,S
WESTPAC,4E,CALIFORNIA 4,926,92661,NEWPORT BEACH CA SDC,1133 CAMELBACK ST,NEWPORT BEACH,CA,92658,9937,,021253,4
WESTPAC,4E,CALIFORNIA 4,926,92662,BALBOA ISLAND,206 MARINE AVE,NEWPORT BEACH,CA,92662,9998,,Z20177,S
WESTPAC,4E,CALIFORNIA 4,926,92662,NEWPORT BEACH CA SDC,1133 CAMELBACK ST,NEWPORT BEACH,CA,92658,9937,,021253,4
WESTPAC,4E,CALIFORNIA 4,926,92663,NEWPORT BEACH CA SDC,1133 CAMELBACK ST,NEWPORT BEACH,CA,92658,9937,,021253,4
WESTPAC,4E,CALIFORNIA 4,926,92672,SAN CLEMENTE,520 E AVENIDA PICO,SAN CLEMENTE,CA,92674,9998,,Z22792,P
WESTPAC,4E,CALIFORNIA 4,926,92673,RANCHO SAN CLEMENTE,905 CALLE NEGOCIO,SAN CLEMENTE,CA,92673,9000,,001277,S
WESTPAC,4E,CALIFORNIA 4,926,92674,SAN CLEMENTE,520 E AVENIDA PICO,SAN CLEMENTE,CA,92674,9998,P,Z22792,P
WESTPAC,4E,CALIFORNIA 4,926,92674,VISTA DEL MAR,205 AVENIDA DEL MAR,SAN CLEMENTE,CA,92674,9997,P,Z23758,S
WESTPAC,4E,CALIFORNIA 4,926,92675,SAN JUAN CAPISTRANO,28081 MARGUERITE PKWY,MISSION VIEJO,CA,92690,9998,,Z22821,P
WESTPAC,4E,CALIFORNIA 4,926,92676,SILVERADO,28251 SILVERADO CANYON RD,SILVERADO,CA,92676,9899,,Z22967,P
WESTPAC,4E,CALIFORNIA 4,926,92676,IRVINE CA S&DC,15642 SAND CANYON AVE,IRVINE,CA,92619,9996,,020557,4
WESTPAC,4E,CALIFORNIA 4,926,92677,LAGUNA BEACH,29911 NIGUEL RD,LAGUNA NIGUEL,CA,92607,9998,,Z21643,P
WESTPAC,4E,CALIFORNIA 4,926,92678,TRABUCO CANYON,30595 TRABUCO CANYON RD,TRABUCO CANYON,CA,92678,9998,P,Z23602,P
WESTPAC,4E,CALIFORNIA 4,926,92679,RANCHO SANTA MARGARITA,29862 AVENIDA DE LAS BANDERA,RANCHO SANTA MARGARITA,CA,92688,9998,,Z22621,B
WESTPAC,4E,CALIFORNIA 4,926,92683,WESTMINSTER,15030 GOLDENWEST CIR,WESTMINSTER,CA,92685,9998,,Z23848,P
WESTPAC,4E,CALIFORNIA 4,926,92684,BOLSA,9317 BOLSA AVE,WESTMINSTER,CA,92684,9997,P,Z20311,S
WESTPAC,4E,CALIFORNIA 4,926,92684,GOLDENWEST,13761 GOLDENWEST ST,WESTMINSTER,CA,92684,9992,P,Z24222,S
WESTPAC,4E,CALIFORNIA 4,926,92685,WESTMINSTER,15030 GOLDENWEST CIR,WESTMINSTER,CA,92685,9998,P,Z23848,P
WESTPAC,4E,CALIFORNIA 4,926,92688,RANCHO SANTA MARGARITA,29862 AVENIDA DE LAS BANDERA,RANCHO SANTA MARGARITA,CA,92688,9998,,Z22621,B
WESTPAC,4E,CALIFORNIA 4,926,92688,RANCHO,29851 AVENTURA STE K,RANCHO SANTA MARGARITA,CA,92688,9997,,Z24676,S
WESTPAC,4E,CALIFORNIA 4,926,92690,SAN JUAN CAPISTRANO,28081 MARGUERITE PKWY,MISSION VIEJO,CA,92690,9998,P,Z22821,P
WESTPAC,4E,CALIFORNIA 4,926,92691,SAN JUAN CAPISTRANO,28081 MARGUERITE PKWY,MISSION VIEJO,CA,92690,9998,,Z22821,P
WESTPAC,4E,CALIFORNIA 4,926,92692,SAN JUAN CAPISTRANO,28081 MARGUERITE PKWY,MISSION VIEJO,CA,92690,9998,,Z22821,P
WESTPAC,4E,CALIFORNIA 4,926,92693,SAN JUAN PLAZA,32124 PASEO ADELANTO STE 1,SAN JUAN CAPISTRANO,CA,92693,9998,P,Z22823,S
WESTPAC,4E,CALIFORNIA 4,926,92694,SAN JUAN CAPISTRANO,28081 MARGUERITE PKWY,MISSION VIEJO,CA,92690,9998,,Z22821,P
WESTPAC,4E,CALIFORNIA 4,926,92701,SANTA ANA CA NORTH GRAND SDC,2201 N GRAND AVE,SANTA ANA,CA,92711,9930,,021250,4
WESTPAC,4E,CALIFORNIA 4,926,92702,SPURGEON,615 N BUSH ST,SANTA ANA,CA,92702,9998,P,Z23091,S
WESTPAC,4E,CALIFORNIA 4,926,92703,BRISTOL,1620 W 1ST ST,SANTA ANA,CA,92703,9998,,Z20362,S
WESTPAC,4E,CALIFORNIA 4,926,92704,DIAMOND,1517 S GREENVILLE ST,SANTA ANA,CA,92704,9998,,Z20883,S
WESTPAC,4E,CALIFORNIA 4,926,92705,SANTA ANA CA NORTH GRAND SDC,2201 N GRAND AVE,SANTA ANA,CA,92711,9930,,021250,4
WESTPAC,4E,CALIFORNIA 4,926,92706,KING,1609 N KING ST,SANTA ANA,CA,92706,9998,,Z21591,S
WESTPAC,4E,CALIFORNIA 4,926,92706,SANTA ANA CA NORTH GRAND SDC,2201 N GRAND AVE,SANTA ANA,CA,92711,9930,,021250,4
WESTPAC,4E,CALIFORNIA 4,926,92707,BRISTOL,1620 W 1ST ST,SANTA ANA,CA,92703,9998,,Z20362,S
WESTPAC,4E,CALIFORNIA 4,926,92707,SOUTH MAIN,1415 S MAIN ST,SANTA ANA,CA,92707,9998,,Z23061,S
WESTPAC,4E,CALIFORNIA 4,926,92708,FOUNTAIN VALLEY,17227 NEWHOPE ST,FOUNTAIN VALLEY,CA,92728,9005,,Z21187,B
WESTPAC,4E,CALIFORNIA 4,926,92711,SANTA ANA CA NORTH GRAND SDC,2201 N GRAND AVE,SANTA ANA,CA,92711,9930,P,021250,4
WESTPAC,4E,CALIFORNIA 4,926,92728,FOUNTAIN VALLEY,17227 NEWHOPE ST,FOUNTAIN VALLEY,CA,92728,9005,P,Z21187,B
WESTPAC,4E,CALIFORNIA 4,926,92735,INDUSTRIAL SANTA ANA,2230 S GRAND AVE,SANTA ANA,CA,92735,9998,P,Z21510,S
WESTPAC,4E,CALIFORNIA 4,926,92780,TUSTIN,340 E 1ST ST,TUSTIN,CA,92781,9998,,Z23631,P
WESTPAC,4E,CALIFORNIA 4,926,92781,TUSTIN,340 E 1ST ST,TUSTIN,CA,92781,9998,P,Z23631,P
WESTPAC,4E,CALIFORNIA 4,926,92782,TUSTIN,340 E 1ST ST,TUSTIN,CA,92781,9998,,Z23631,P
WESTPAC,4E,CALIFORNIA 4,926,92799,SANTA ANA WINDOW SVCS,3101 W SUNFLOWER AVE,SANTA ANA,CA,92799,0100,,008109,S
WESTPAC,4E,CALIFORNIA 4,926,92801,ANAHEIM,701 N LOARA ST,ANAHEIM,CA,92803,9998,,Z20093,P
WESTPAC,4E,CALIFORNIA 4,926,92802,HOLIDAY,1180 W BALL RD,ANAHEIM,CA,92812,9998,,Z21444,S
WESTPAC,4E,CALIFORNIA 4,926,92803,ANAHEIM,701 N LOARA ST,ANAHEIM,CA,92803,9998,P,Z20093,P
WESTPAC,4E,CALIFORNIA 4,926,92804,BROOKHURST CENTER,2255 W BALL RD,ANAHEIM,CA,92814,9998,,Z20372,S
WESTPAC,4E,CALIFORNIA 4,926,92805,ANAHEIM,701 N LOARA ST,ANAHEIM,CA,92803,9998,,Z20093,P
WESTPAC,4E,CALIFORNIA 4,926,92806,SUNKIST,2320 E LINCOLN AVE,ANAHEIM,CA,92816,9998,,Z23485,S
WESTPAC,4E,CALIFORNIA 4,926,92807,ANAHEIM HILLS,5505 E SANTA ANA CANYON RD,ANAHEIM,CA,92817,9998,,Z20095,S
WESTPAC,4E,CALIFORNIA 4,926,92808,ANAHEIM HILLS,5505 E SANTA ANA CANYON RD,ANAHEIM,CA,92817,9998,,Z20095,S
WESTPAC,4E,CALIFORNIA 4,926,92809,ANAHEIM HILLS,5505 E SANTA ANA CANYON RD,ANAHEIM,CA,92817,9998,,Z20095,S
WESTPAC,4E,CALIFORNIA 4,926,92811,ATWOOD,1679 E ORANGETHORPE AVE,ATWOOD,CA,92811,9997,P,Z20152,P
WESTPAC,4E,CALIFORNIA 4,926,92812,HOLIDAY,1180 W BALL RD,ANAHEIM,CA,92812,9998,P,Z21444,S
WESTPAC,4E,CALIFORNIA 4,926,92814,BROOKHURST CENTER,2255 W BALL RD,ANAHEIM,CA,92814,9998,P,Z20372,S
WESTPAC,4E,CALIFORNIA 4,926,92815,FEDERAL ANAHEIM,333 W BROADWAY,ANAHEIM,CA,92815,9000,P,Z21102,S
WESTPAC,4E,CALIFORNIA 4,926,92816,SUNKIST,2320 E LINCOLN AVE,ANAHEIM,CA,92816,9998,P,Z23485,S
WESTPAC,4E,CALIFORNIA 4,926,92817,ANAHEIM HILLS,5505 E SANTA ANA CANYON RD,ANAHEIM,CA,92817,9998,P,Z20095,S
WESTPAC,4E,CALIFORNIA 4,926,92821,BREA,700 E BIRCH ST,BREA,CA,92822,9998,,Z20351,P
WESTPAC,4E,CALIFORNIA 4,926,92822,BREA,700 E BIRCH ST,BREA,CA,92822,9998,P,Z20351,P
WESTPAC,4E,CALIFORNIA 4,926,92823,BREA,700 E BIRCH ST,BREA,CA,92822,9998,,Z20351,P
WESTPAC,4E,CALIFORNIA 4,926,92831,FULLERTON,1350 E CHAPMAN AVE,FULLERTON,CA,92834,9998,,Z21235,P
WESTPAC,4E,CALIFORNIA 4,926,92832,FULLERTON,1350 E CHAPMAN AVE,FULLERTON,CA,92834,9998,,Z21235,P
WESTPAC,4E,CALIFORNIA 4,926,92833,ORANGEHURST,1920 W COMMONWEALTH AVE,FULLERTON,CA,92837,9998,,Z22341,S
WESTPAC,4E,CALIFORNIA 4,926,92834,FULLERTON,1350 E CHAPMAN AVE,FULLERTON,CA,92834,9998,P,Z21235,P
WESTPAC,4E,CALIFORNIA 4,926,92835,SUNNY HILLS,1820 N SUNNYCREST DR,FULLERTON,CA,92838,9998,,Z23488,S
WESTPAC,4E,CALIFORNIA 4,926,92836,COMMONWEALTH,202 E COMMONWEALTH AVE,FULLERTON,CA,92836,9998,P,Z20688,S
WESTPAC,4E,CALIFORNIA 4,926,92837,ORANGEHURST,1920 W COMMONWEALTH AVE,FULLERTON,CA,92837,9998,P,Z22341,S
WESTPAC,4E,CALIFORNIA 4,926,92838,SUNNY HILLS,1820 N SUNNYCREST DR,FULLERTON,CA,92838,9998,P,Z23488,S
WESTPAC,4E,CALIFORNIA 4,926,92840,GARDEN GROVE,10441 STANFORD AVE,GARDEN GROVE,CA,92842,9998,,Z21246,P
WESTPAC,4E,CALIFORNIA 4,926,92841,GARDEN GROVE,10441 STANFORD AVE,GARDEN GROVE,CA,92842,9998,,Z21246,P
WESTPAC,4E,CALIFORNIA 4,926,92842,GARDEN GROVE,10441 STANFORD AVE,GARDEN GROVE,CA,92842,9998,P,Z21246,P
WESTPAC,4E,CALIFORNIA 4,926,92843,GARDEN GROVE,10441 STANFORD AVE,GARDEN GROVE,CA,92842,9998,,Z21246,P
WESTPAC,4E,CALIFORNIA 4,926,92844,GARDEN GROVE,10441 STANFORD AVE,GARDEN GROVE,CA,92842,9998,,Z21246,P
WESTPAC,4E,CALIFORNIA 4,926,92845,GARDEN GROVE,10441 STANFORD AVE,GARDEN GROVE,CA,92842,9998,,Z21246,P
WESTPAC,4E,CALIFORNIA 4,926,92846,WEST GARDEN GROVE,11947 VALLEY VIEW ST,GARDEN GROVE,CA,92846,9998,P,Z23819,S
WESTPAC,4E,CALIFORNIA 4,926,92856,PLAZA ORANGE,308 W CHAPMAN AVE,ORANGE,CA,92856,9998,P,Z22515,S
WESTPAC,4E,CALIFORNIA 4,926,92857,ORANGE CA S&DC,1075 N TUSTIN ST,ORANGE,CA,92863,9961,P,020669,4
WESTPAC,4E,CALIFORNIA 4,926,92859,EL MODENA,3744 E CHAPMAN AVE STE F,ORANGE,CA,92859,9998,P,Z21022,S
WESTPAC,4E,CALIFORNIA 4,926,92860,NORCO,1801 TOWN AND COUNTRY DR,NORCO,CA,92860,9998,,Z22182,P
WESTPAC,4E,CALIFORNIA 4,926,92861,ORANGE CA S&DC,1075 N TUSTIN ST,ORANGE,CA,92863,9961,,020669,4
WESTPAC,4E,CALIFORNIA 4,926,92863,ORANGE CA S&DC,1075 N TUSTIN ST,ORANGE,CA,92863,9961,P,020669,4
WESTPAC,4E,CALIFORNIA 4,926,92865,ORANGE CA S&DC,1075 N TUSTIN ST,ORANGE,CA,92863,9961,,020669,4
WESTPAC,4E,CALIFORNIA 4,926,92866,ORANGE CA S&DC,1075 N TUSTIN ST,ORANGE,CA,92863,9961,,020669,4
WESTPAC,4E,CALIFORNIA 4,926,92867,ORANGE CA S&DC,1075 N TUSTIN ST,ORANGE,CA,92863,9961,,020669,4
WESTPAC,4E,CALIFORNIA 4,926,92868,ORANGE CA S&DC,1075 N TUSTIN ST,ORANGE,CA,92863,9961,,020669,4
WESTPAC,4E,CALIFORNIA 4,926,92869,ORANGE CA S&DC,1075 N TUSTIN ST,ORANGE,CA,92863,9961,,020669,4
WESTPAC,4E,CALIFORNIA 4,926,92870,PLACENTIA,1400 N KRAEMER BLVD,PLACENTIA,CA,92871,9998,,Z22504,P
WESTPAC,4E,CALIFORNIA 4,926,92871,PLACENTIA,1400 N KRAEMER BLVD,PLACENTIA,CA,92871,9998,P,Z22504,P
WESTPAC,4E,CALIFORNIA 4,926,92877,CITRUS,1941 CALIFORNIA AVE,CORONA,CA,92877,9998,P,Z24236,S
WESTPAC,4E,CALIFORNIA 4,926,92878,CORONA,414 W GRAND BLVD,CORONA,CA,92878,9998,,Z20759,P
WESTPAC,4E,CALIFORNIA 4,926,92879,CITRUS,1941 CALIFORNIA AVE,CORONA,CA,92877,9998,,Z24236,S
WESTPAC,4E,CALIFORNIA 4,926,92880,NORCO,1801 TOWN AND COUNTRY DR,NORCO,CA,92860,9998,,Z22182,P
WESTPAC,4E,CALIFORNIA 4,926,92881,CITRUS,1941 CALIFORNIA AVE,CORONA,CA,92877,9998,,Z24236,S
WESTPAC,4E,CALIFORNIA 4,926,92882,CORONA,414 W GRAND BLVD,CORONA,CA,92878,9998,,Z20759,P
WESTPAC,4E,CALIFORNIA 4,926,92883,CITRUS,1941 CALIFORNIA AVE,CORONA,CA,92877,9998,,Z24236,S
WESTPAC,4E,CALIFORNIA 4,926,92885,YORBA LINDA,4770 EUREKA AVE,YORBA LINDA,CA,92885,9998,P,Z23945,P
WESTPAC,4E,CALIFORNIA 4,926,92886,YORBA LINDA,4770 EUREKA AVE,YORBA LINDA,CA,92885,9998,,Z23945,P
WESTPAC,4E,CALIFORNIA 4,926,92887,YORBA LINDA,4770 EUREKA AVE,YORBA LINDA,CA,92885,9998,,Z23945,P
WESTPAC,4E,CALIFORNIA 3,913,93001,OXNARD CA S&DC,1961 N C ST,OXNARD,CA,93036,9997,,020656,4
WESTPAC,4E,CALIFORNIA 3,913,93002,VENTURA,675 E SANTA CLARA ST,VENTURA,CA,93001,9998,P,Z23715,P
WESTPAC,4E,CALIFORNIA 3,913,93003,EAST VENTURA,41 S WAKE FOREST AVE,VENTURA,CA,93003,9998,,Z20986,S
WESTPAC,4E,CALIFORNIA 3,913,93004,EAST VENTURA,41 S WAKE FOREST AVE,VENTURA,CA,93003,9998,,Z20986,S
WESTPAC,4E,CALIFORNIA 3,913,93005,MONTALVO,2481 GRAND AVE,VENTURA,CA,93003,6600,P,Z22034,B
WESTPAC,4E,CALIFORNIA 3,913,93006,EAST VENTURA,41 S WAKE FOREST AVE,VENTURA,CA,93003,9998,P,Z20986,S
WESTPAC,4E,CALIFORNIA 3,913,93007,SATICOY,11043 CITRUS DR,VENTURA,CA,93004,1300,P,Z22890,S
WESTPAC,4E,CALIFORNIA 3,913,93010,CAMARILLO,2150 PICKWICK DR,CAMARILLO,CA,93010,9998,,Z20464,P
WESTPAC,4E,CALIFORNIA 3,913,93011,CAMARILLO,2150 PICKWICK DR,CAMARILLO,CA,93010,9998,P,Z20464,P
WESTPAC,4E,CALIFORNIA 3,913,93012,CAMARILLO,2150 PICKWICK DR,CAMARILLO,CA,93010,9998,,Z20464,P
WESTPAC,4E,CALIFORNIA 3,913,93013,CARPINTERIA,5425 CARPINTERIA AVE,CARPINTERIA,CA,93013,9998,,Z20519,P
WESTPAC,4E,CALIFORNIA 3,913,93014,CARPINTERIA,5425 CARPINTERIA AVE,CARPINTERIA,CA,93013,9998,P,Z20519,P
WESTPAC,4E,CALIFORNIA 3,913,93015,FILLMORE,333 CENTRAL AVE,FILLMORE,CA,93015,9998,,Z21123,P
WESTPAC,4E,CALIFORNIA 3,913,93016,FILLMORE,333 CENTRAL AVE,FILLMORE,CA,93015,9998,P,Z21123,P
WESTPAC,4E,CALIFORNIA 3,913,93020,MOORPARK,100 W HIGH ST,MOORPARK,CA,93021,1113,P,Z22058,P
WESTPAC,4E,CALIFORNIA 3,913,93021,MOORPARK,100 W HIGH ST,MOORPARK,CA,93021,1113,,Z22058,P
WESTPAC,4E,CALIFORNIA 3,913,93022,OAK VIEW,360 VENTURA AVE,OAK VIEW,CA,93022,9998,,Z22291,P
WESTPAC,4E,CALIFORNIA 3,913,93023,OJAI,201 E OJAI AVE,OJAI,CA,93023,9998,,Z22313,P
WESTPAC,4E,CALIFORNIA 3,913,93024,OJAI,201 E OJAI AVE,OJAI,CA,93023,9998,P,Z22313,P
WESTPAC,4E,CALIFORNIA 3,913,93030,OXNARD CA S&DC,1961 N C ST,OXNARD,CA,93036,9997,,020656,4
WESTPAC,4E,CALIFORNIA 3,913,93031,OXNARD CA S&DC,1961 N C ST,OXNARD,CA,93036,9997,P,020656,4
WESTPAC,4E,CALIFORNIA 3,913,93032,FEDERAL BUILDING OXNARD,350 S A ST,OXNARD,CA,93030,5899,P,Z21108,S
WESTPAC,4E,CALIFORNIA 3,913,93033,OXNARD CA S&DC,1961 N C ST,OXNARD,CA,93036,9997,,020656,4
WESTPAC,4E,CALIFORNIA 3,913,93034,SAVIERS,2520 SAVIERS RD,OXNARD,CA,93033,9998,P,017053,S
WESTPAC,4E,CALIFORNIA 3,913,93035,OXNARD CA S&DC,1961 N C ST,OXNARD,CA,93036,9997,,020656,4
WESTPAC,4E,CALIFORNIA 3,913,93036,OXNARD CA S&DC,1961 N C ST,OXNARD,CA,93036,9997,,020656,4
WESTPAC,4E,CALIFORNIA 3,913,93040,PIRU,652 N MAIN ST,PIRU,CA,93040,9998,P,Z22498,P
WESTPAC,4E,CALIFORNIA 3,913,93041,OXNARD CA S&DC,1961 N C ST,OXNARD,CA,93036,9997,,020656,4
WESTPAC,4E,CALIFORNIA 3,913,93044,PORT HUENEME,560 E PLEASANT VALLEY RD,PORT HUENEME,CA,93041,9998,P,Z22543,P
WESTPAC,4E,CALIFORNIA 3,913,93060,SANTA PAULA ANNEX,950 W TELEGRAPH RD,SANTA PAULA,CA,93060,5499,,001880,4
WESTPAC,4E,CALIFORNIA 3,913,93061,SANTA PAULA,111 S MILL ST,SANTA PAULA,CA,93060,9998,P,Z22874,P
WESTPAC,4E,CALIFORNIA 3,913,93062,SIMI VALLEY,2551 GALENA AVE,SIMI VALLEY,CA,93065,9998,P,Z22970,P
WESTPAC,4E,CALIFORNIA 3,913,93063,SIMI VALLEY,2551 GALENA AVE,SIMI VALLEY,CA,93065,9998,,Z22970,P
WESTPAC,4E,CALIFORNIA 3,913,93065,MOUNT MCCOY,225 SIMI VILLAGE DR,SIMI VALLEY,CA,93065,7499,,Z24736,S
WESTPAC,4E,CALIFORNIA 3,913,93066,CAMARILLO,2150 PICKWICK DR,CAMARILLO,CA,93010,9998,,Z20464,P
WESTPAC,4E,CALIFORNIA 3,913,93066,SOMIS,3349 SOMIS RD,SOMIS,CA,93066,9997,,Z23037,P
WESTPAC,4E,CALIFORNIA 3,913,93067,SUMMERLAND,2245 LILLIE AVE,SUMMERLAND,CA,93067,9997,P,Z23479,P
WESTPAC,4E,CALIFORNIA 3,913,93094,MOUNT MCCOY,225 SIMI VILLAGE DR,SIMI VALLEY,CA,93065,7499,P,Z24736,S
WESTPAC,4E,CALIFORNIA 3,913,93101,SANTA BARBARA,836 ANACAPA ST,SANTA BARBARA,CA,93102,9998,,Z22860,P
WESTPAC,4E,CALIFORNIA 3,913,93102,SANTA BARBARA,836 ANACAPA ST,SANTA BARBARA,CA,93102,9998,P,Z22860,P
WESTPAC,4E,CALIFORNIA 3,913,93103,MILPAS,107 NOPALITOS WAY,SANTA BARBARA,CA,93103,3628,,013427,S
WESTPAC,4E,CALIFORNIA 3,913,93105,SAN ROQUE,3345 STATE ST,SANTA BARBARA,CA,93105,9998,,Z22842,S
WESTPAC,4E,CALIFORNIA 3,913,93108,MILPAS,107 NOPALITOS WAY,SANTA BARBARA,CA,93103,3628,,013427,S
WESTPAC,4E,CALIFORNIA 3,913,93109,MILPAS,107 NOPALITOS WAY,SANTA BARBARA,CA,93103,3628,,013427,S
WESTPAC,4E,CALIFORNIA 3,913,93110,GOLETA,130 S PATTERSON AVE,SANTA BARBARA,CA,93111,9998,,Z21298,B
WESTPAC,4E,CALIFORNIA 3,913,93111,GOLETA,130 S PATTERSON AVE,SANTA BARBARA,CA,93111,9998,,Z21298,B
WESTPAC,4E,CALIFORNIA 3,913,93116,GOLETA,130 S PATTERSON AVE,SANTA BARBARA,CA,93111,9998,P,Z21298,B
WESTPAC,4E,CALIFORNIA 3,913,93117,GOLETA,130 S PATTERSON AVE,SANTA BARBARA,CA,93111,9998,,Z21298,B
WESTPAC,4E,CALIFORNIA 3,913,93118,ELLWOOD,400 STORKE RD,GOLETA,CA,93199,9998,P,012396,B
WESTPAC,4E,CALIFORNIA 3,913,93120,SANTA BARBARA,836 ANACAPA ST,SANTA BARBARA,CA,93102,9998,P,Z22860,P
WESTPAC,4E,CALIFORNIA 3,913,93121,SANTA BARBARA,836 ANACAPA ST,SANTA BARBARA,CA,93102,9998,P,Z22860,P
WESTPAC,4E,CALIFORNIA 3,913,93130,SAN ROQUE,3345 STATE ST,SANTA BARBARA,CA,93105,9998,P,Z22842,S
WESTPAC,4E,CALIFORNIA 3,913,93140,MILPAS,107 NOPALITOS WAY,SANTA BARBARA,CA,93103,3628,P,013427,S
WESTPAC,4E,CALIFORNIA 3,913,93150,MONTECITO,1470 E VALLEY RD STE H,SANTA BARBARA,CA,93108,1297,P,Z22044,B
WESTPAC,4E,CALIFORNIA 3,913,93160,GOLETA,130 S PATTERSON AVE,SANTA BARBARA,CA,93111,9998,P,Z21298,B
WESTPAC,4E,CALIFORNIA 3,913,93190,VICTORIA COURT,1221 STATE ST STE 12,SANTA BARBARA,CA,93101,2699,P,Z23734,S
WESTPAC,4E,CALIFORNIA 3,913,93201,ALPAUGH,3896 CENTER AVE,ALPAUGH,CA,93201,1100,P,Z20065,P
WESTPAC,4E,CALIFORNIA 3,913,93202,ARMONA,13992 ADA ST STE 205,ARMONA,CA,93202,9998,,Z20129,P
WESTPAC,4E,CALIFORNIA 3,913,93203,ARVIN,140 N HILL ST,ARVIN,CA,93203,1014,,Z20142,P
WESTPAC,4E,CALIFORNIA 3,913,93204,AVENAL,913 E SAN JOAQUIN ST,AVENAL,CA,93204,9998,,Z20157,P
WESTPAC,4E,CALIFORNIA 3,913,93205,BODFISH,1 MILLER ST,BODFISH,CA,93205,9998,,Z20309,P
WESTPAC,4E,CALIFORNIA 3,913,93206,BUTTONWILLOW,121 N MAIN ST,BUTTONWILLOW,CA,93206,9998,,Z20410,P
WESTPAC,4E,CALIFORNIA 3,913,93207,CALIFORNIA HOT SPRINGS,42231 HOT SPRINGS DR,CALIFORNIA HOT SPRINGS,CA,93207,9998,,Z20449,P
WESTPAC,4E,CALIFORNIA 3,913,93210,COALINGA,218 W DURIAN AVE,COALINGA,CA,93210,9997,,Z20654,P
WESTPAC,4E,CALIFORNIA 3,913,93212,CORCORAN,917 CHASE AVE,CORCORAN,CA,93212,9998,,Z20754,P
WESTPAC,4E,CALIFORNIA 3,913,93215,DELANO,1800 GARCES HWY,DELANO,CA,93215,9998,,Z20863,P
WESTPAC,4E,CALIFORNIA 3,913,93216,DELANO,1800 GARCES HWY,DELANO,CA,93215,9998,P,Z20863,P
WESTPAC,4E,CALIFORNIA 3,913,93218,DUCOR,23318 AVENUE 56,DUCOR,CA,93218,9997,P,Z20940,P
WESTPAC,4E,CALIFORNIA 3,913,93219,EARLIMART,300 N CHURCH RD,EARLIMART,CA,93219,9998,,Z20961,P
WESTPAC,4E,CALIFORNIA 3,913,93220,EDISON,12299 EDISON HWY,EDISON,CA,93220,9997,P,Z21000,P
WESTPAC,4E,CALIFORNIA 3,913,93221,EXETER,135 S D ST,EXETER,CA,93221,9998,,Z21074,P
WESTPAC,4E,CALIFORNIA 3,913,93222,CPU PINE MOUNTAIN CLUB,16321 ASKIN DR,PINE MOUNTAIN CLUB,CA,93222,9900,P,Z22484,5
WESTPAC,4E,CALIFORNIA 3,913,93223,FARMERSVILLE,382 N FARMERSVILLE BLVD,FARMERSVILLE,CA,93223,9998,,Z21095,P
WESTPAC,4E,CALIFORNIA 3,913,93224,TAFT,427 NORTH ST,TAFT,CA,93268,9998,,Z23518,P
WESTPAC,4E,CALIFORNIA 3,913,93225,FRAZIER PARK,512 MONTEREY TRL,FRAZIER PARK,CA,93225,9998,,Z21199,P
WESTPAC,4E,CALIFORNIA 3,913,93226,GLENNVILLE,10686 HIGHWAY 155,GLENNVILLE,CA,93226,9998,,Z21284,P
WESTPAC,4E,CALIFORNIA 3,913,93227,GOSHEN,6901 AVENUE 305,GOSHEN,CA,93227,9997,P,Z21303,P
WESTPAC,4E,CALIFORNIA 3,913,93230,HANFORD,517 N IRWIN ST,HANFORD,CA,93230,9998,,Z21379,P
WESTPAC,4E,CALIFORNIA 3,913,93232,HANFORD,517 N IRWIN ST,HANFORD,CA,93230,9998,P,Z21379,P
WESTPAC,4E,CALIFORNIA 3,913,93234,HURON,36100 S LASSEN AVE,HURON,CA,93234,9997,P,Z21488,P
WESTPAC,4E,CALIFORNIA 3,913,93235,IVANHOE,32971 ROAD 159,IVANHOE,CA,93235,9998,,Z21535,P
WESTPAC,4E,CALIFORNIA 3,913,93237,THREE RIVERS,40857 SIERRA DR,THREE RIVERS,CA,93271,9998,P,Z23572,P
WESTPAC,4E,CALIFORNIA 3,913,93238,KERNVILLE,45 BIG BLUE RD,KERNVILLE,CA,93238,9998,,Z21586,P
WESTPAC,4E,CALIFORNIA 3,913,93239,KETTLEMAN CITY,1000 MILHAM AVE,KETTLEMAN CITY,CA,93239,9998,,Z21588,P
WESTPAC,4E,CALIFORNIA 3,913,93240,LAKE ISABELLA,6441 LAKE ISABELLA BLVD,LAKE ISABELLA,CA,93240,9478,,Z21658,P
WESTPAC,4E,CALIFORNIA 3,913,93241,LAMONT,11940 MAIN ST,LAMONT,CA,93241,9998,,Z21683,P
WESTPAC,4E,CALIFORNIA 3,913,93242,LATON,6245 DE WOODY AVE,LATON,CA,93242,9998,,Z21698,P
WESTPAC,4E,CALIFORNIA 3,913,93243,GORMAN,49744 GORMAN POST RD STE 3,LEBEC,CA,93243,9702,,Z21302,C
WESTPAC,4E,CALIFORNIA 3,913,93243,LEBEC,2132 LEBEC RD,LEBEC,CA,93243,9998,,Z21714,P
WESTPAC,4E,CALIFORNIA 3,913,93244,LEMON COVE,24451 DOUGLAS AVE,LEMON COVE,CA,93244,9998,,Z21721,P
WESTPAC,4E,CALIFORNIA 3,913,93245,LEMOORE,206 C ST,LEMOORE,CA,93245,9998,,Z21722,P
WESTPAC,4E,CALIFORNIA 3,913,93245,LEMOORE NAVAL AIR STATION,826 HANCOCK CIR,LEMOORE,CA,93246,2010,,Z21723,B
WESTPAC,4E,CALIFORNIA 3,913,93247,LINDSAY,262 E HONOLULU ST,LINDSAY,CA,93247,9998,,Z21745,P
WESTPAC,4E,CALIFORNIA 3,913,93249,LOST HILLS,21155 HIGHWAY 46,LOST HILLS,CA,93249,9998,,Z21817,P
WESTPAC,4E,CALIFORNIA 3,913,93250,MC FARLAND,633 2ND ST,MC FARLAND,CA,93250,9998,,Z21915,P
WESTPAC,4E,CALIFORNIA 3,913,93251,MC KITTRICK,23263 2ND ST,MC KITTRICK,CA,93251,9998,,Z21917,P
WESTPAC,4E,CALIFORNIA 3,913,93252,MARICOPA,345 CALIFORNIA ST,MARICOPA,CA,93252,9762,,Z21884,P
WESTPAC,4E,CALIFORNIA 3,913,93254,NEW CUYAMA,4855 PRIMERO ST,NEW CUYAMA,CA,93254,9998,,Z22147,P
WESTPAC,4E,CALIFORNIA 3,913,93255,ONYX,8275 EASY ST,ONYX,CA,93255,9998,,Z22334,P
WESTPAC,4E,CALIFORNIA 3,913,93256,PIXLEY,570 S MAIN ST,PIXLEY,CA,93256,9998,,Z22503,P
WESTPAC,4E,CALIFORNIA 3,913,93257,PORTERVILLE,65 W MILL AVE,PORTERVILLE,CA,93257,9998,,Z22547,P
WESTPAC,4E,CALIFORNIA 3,913,93258,POPLAR,14524 ROAD 192,PORTERVILLE,CA,93257,9169,P,Z22540,C
WESTPAC,4E,CALIFORNIA 3,913,93258,PORTERVILLE,65 W MILL AVE,PORTERVILLE,CA,93257,9998,P,Z22547,P
WESTPAC,4E,CALIFORNIA 3,913,93260,POSEY,42575 OLD STAGE RD,POSEY,CA,93260,9998,,Z22553,P
WESTPAC,4E,CALIFORNIA 3,913,93261,RICHGROVE,20920 GROVE DR,RICHGROVE,CA,93261,9997,P,Z22657,P
WESTPAC,4E,CALIFORNIA 3,913,93262,THREE RIVERS,40857 SIERRA DR,THREE RIVERS,CA,93271,9998,,Z23572,P
WESTPAC,4E,CALIFORNIA 3,913,93263,SHAFTER,322 STATE AVE,SHAFTER,CA,93263,9998,,Z22928,P
WESTPAC,4E,CALIFORNIA 3,913,93265,SPRINGVILLE,35701 HIGHWAY 190,SPRINGVILLE,CA,93265,9998,,Z23089,P
WESTPAC,4E,CALIFORNIA 3,913,93266,STRATFORD,20340 MAIN ST,STRATFORD,CA,93266,9998,,Z23464,P
WESTPAC,4E,CALIFORNIA 3,913,93267,STRATHMORE,19708 ORANGE BELT DR,STRATHMORE,CA,93267,9998,,Z23465,P
WESTPAC,4E,CALIFORNIA 3,913,93268,TAFT,427 NORTH ST,TAFT,CA,93268,9998,,Z23518,P
WESTPAC,4E,CALIFORNIA 3,913,93270,TERRA BELLA,9622 ROAD 236,TERRA BELLA,CA,93270,9998,,Z23552,P
WESTPAC,4E,CALIFORNIA 3,913,93271,THREE RIVERS,40857 SIERRA DR,THREE RIVERS,CA,93271,9998,,Z23572,P
WESTPAC,4E,CALIFORNIA 3,913,93272,TIPTON,221 N GRAHAM RD,TIPTON,CA,93272,9998,,Z23578,P
WESTPAC,4E,CALIFORNIA 3,913,93274,TULARE CARRIER ANNEX,834 INDUSTRIAL AVE,TULARE,CA,93274,6408,,009321,4
WESTPAC,4E,CALIFORNIA 3,913,93275,TULARE,340 E TULARE AVE,TULARE,CA,93274,9998,P,Z23624,P
WESTPAC,4E,CALIFORNIA 3,913,93276,TUPMAN,337 EMMONS BLVD,TUPMAN,CA,93276,9996,P,Z23629,P
WESTPAC,4E,CALIFORNIA 3,913,93277,VISALIA,2345 W BEECH AVE,VISALIA,CA,93277,9998,,Z23754,P
WESTPAC,4E,CALIFORNIA 3,913,93278,VISALIA,2345 W BEECH AVE,VISALIA,CA,93277,9998,P,Z23754,P
WESTPAC,4E,CALIFORNIA 3,913,93279,TOWN CENTER,111 W ACEQUIA AVE,VISALIA,CA,93291,6234,P,Z23598,S
WESTPAC,4E,CALIFORNIA 3,913,93280,WASCO,800 E ST,WASCO,CA,93280,9998,,Z23788,P
WESTPAC,4E,CALIFORNIA 3,913,93283,WELDON,5765 VISTA GRANDE DR,WELDON,CA,93283,9998,,Z23807,P
WESTPAC,4E,CALIFORNIA 3,913,93285,WOFFORD HEIGHTS,6336 WOFFORD BLVD,WOFFORD HEIGHTS,CA,93285,9998,,Z23912,P
WESTPAC,4E,CALIFORNIA 3,913,93286,WOODLAKE,310 N VALENCIA BLVD,WOODLAKE,CA,93286,9998,,Z23917,P
WESTPAC,4E,CALIFORNIA 3,913,93287,WOODY,17987 HIGHWAY 155,WOODY,CA,93287,9719,,Z23925,P
WESTPAC,4E,CALIFORNIA 3,913,93290,MILLENNIUM,100 N AKERS ST,VISALIA,CA,93291,9997,P,001993,S
WESTPAC,4E,CALIFORNIA 3,913,93291,LOVERS LANE,1230 S LOVERS LN,VISALIA,CA,93292,5248,,Z24684,4
WESTPAC,4E,CALIFORNIA 3,913,93292,TOWN CENTER,111 W ACEQUIA AVE,VISALIA,CA,93291,6234,,Z23598,S
WESTPAC,4E,CALIFORNIA 3,913,93301,DOWNTOWN BAKERSFIELD,1730 18TH ST,BAKERSFIELD,CA,93301,4328,,Z20919,S
WESTPAC,4E,CALIFORNIA 3,913,93302,DOWNTOWN BAKERSFIELD,1730 18TH ST,BAKERSFIELD,CA,93301,4328,P,Z20919,S
WESTPAC,4E,CALIFORNIA 3,913,93303,DOWNTOWN BAKERSFIELD,1730 18TH ST,BAKERSFIELD,CA,93301,4328,P,Z20919,S
WESTPAC,4E,CALIFORNIA 3,913,93304,SOUTH BAKERSFIELD,3200 LARSON LN,BAKERSFIELD,CA,93304,5351,,Z23048,S
WESTPAC,4E,CALIFORNIA 3,913,93305,BRUNDAGE,2525 E BRUNDAGE LN,BAKERSFIELD,CA,93307,9998,,Z20377,S
WESTPAC,4E,CALIFORNIA 3,913,93306,HILLCREST,5710 AUBURN ST,BAKERSFIELD,CA,93306,2869,,001735,4
WESTPAC,4E,CALIFORNIA 3,913,93307,BRUNDAGE,2525 E BRUNDAGE LN,BAKERSFIELD,CA,93307,9998,,Z20377,S
WESTPAC,4E,CALIFORNIA 3,913,93308,OILDALE,7229 DOLE CT,BAKERSFIELD,CA,93308,9547,,Z24329,4
WESTPAC,4E,CALIFORNIA 3,913,93309,STOCKDALE ANNEX,5601 STOCKDALE HWY,BAKERSFIELD,CA,93309,2554,,002052,4
WESTPAC,4E,CALIFORNIA 3,913,93311,CAMINO MEDIA,10001 CAMINO MEDIA,BAKERSFIELD,CA,93311,1309,,Z24293,S
WESTPAC,4E,CALIFORNIA 3,913,93312,OILDALE,7229 DOLE CT,BAKERSFIELD,CA,93308,9547,,Z24329,4
WESTPAC,4E,CALIFORNIA 3,913,93313,SOUTH BAKERSFIELD,3200 LARSON LN,BAKERSFIELD,CA,93304,5351,,Z23048,S
WESTPAC,4E,CALIFORNIA 3,913,93314,OILDALE,7229 DOLE CT,BAKERSFIELD,CA,93308,9547,,Z24329,4
WESTPAC,4E,CALIFORNIA 3,913,93380,BAKERSFIELD,3400 PEGASUS DR,BAKERSFIELD,CA,93380,9998,P,Z20172,P
WESTPAC,4E,CALIFORNIA 3,913,93383,SOUTH BAKERSFIELD,3200 LARSON LN,BAKERSFIELD,CA,93304,5351,P,Z23048,S
WESTPAC,4E,CALIFORNIA 3,913,93384,SOUTH BAKERSFIELD,3200 LARSON LN,BAKERSFIELD,CA,93304,5351,P,Z23048,S
WESTPAC,4E,CALIFORNIA 3,913,93385,EAST BAKERSFIELD,727 KENTUCKY ST,BAKERSFIELD,CA,93305,9998,P,Z20964,S
WESTPAC,4E,CALIFORNIA 3,913,93386,CRESTMONT,1428 CRESTMONT DR,BAKERSFIELD,CA,93306,9998,P,Z21430,S
WESTPAC,4E,CALIFORNIA 3,913,93387,BRUNDAGE,2525 E BRUNDAGE LN,BAKERSFIELD,CA,93307,9998,P,Z20377,S
WESTPAC,4E,CALIFORNIA 3,913,93388,MINNER,118 MINNER AVE,BAKERSFIELD,CA,93308,9998,P,Z22312,S
WESTPAC,4E,CALIFORNIA 3,913,93389,STOCKDALE,5501 STOCKDALE HWY,BAKERSFIELD,CA,93309,2572,P,009237,S
WESTPAC,4E,CALIFORNIA 3,913,93390,CAMINO MEDIA,10001 CAMINO MEDIA,BAKERSFIELD,CA,93311,1309,P,Z24293,S
WESTPAC,4E,CALIFORNIA 3,913,93401,SAN LUIS OBISPO,1655 DALIDIO DR,SAN LUIS OBISPO,CA,93401,1000,,Z22827,P
WESTPAC,4E,CALIFORNIA 3,913,93402,LOS OSOS,1189 LOS OSOS VALLEY RD,LOS OSOS,CA,93402,9998,,Z21814,B
WESTPAC,4E,CALIFORNIA 3,913,93403,SAN LUIS OBISPO,1655 DALIDIO DR,SAN LUIS OBISPO,CA,93401,1000,P,Z22827,P
WESTPAC,4E,CALIFORNIA 3,913,93405,SAN LUIS OBISPO,1655 DALIDIO DR,SAN LUIS OBISPO,CA,93401,1000,,Z22827,P
WESTPAC,4E,CALIFORNIA 3,913,93406,MISSION SAN LUIS OBISPO,893 MARSH ST,SAN LUIS OBISPO,CA,93401,3699,P,Z22000,S
WESTPAC,4E,CALIFORNIA 3,913,93412,LOS OSOS,1189 LOS OSOS VALLEY RD,LOS OSOS,CA,93402,9998,P,Z21814,B
WESTPAC,4E,CALIFORNIA 3,913,93420,PISMO BEACH,100 CREST DR,PISMO BEACH,CA,93449,9998,,Z22499,P
WESTPAC,4E,CALIFORNIA 3,913,93421,ARROYO GRANDE,160 STATION WAY,ARROYO GRANDE,CA,93420,9998,P,Z20138,P
WESTPAC,4E,CALIFORNIA 3,913,93422,ATASCADERO,9800 EL CAMINO REAL,ATASCADERO,CA,93422,5583,,Z20146,P
WESTPAC,4E,CALIFORNIA 3,913,93423,ATASCADERO,9800 EL CAMINO REAL,ATASCADERO,CA,93422,5583,P,Z20146,P
WESTPAC,4E,CALIFORNIA 3,913,93424,AVILA BEACH,191 SAN MIGUEL,AVILA BEACH,CA,93424,9997,P,Z20159,P
WESTPAC,4E,CALIFORNIA 3,913,93426,BRADLEY,73101 PLEYTO ST,BRADLEY,CA,93426,9682,,Z20346,P
WESTPAC,4E,CALIFORNIA 3,913,93427,BUELLTON,140 W HIGHWAY 246,BUELLTON,CA,93427,9721,,Z20386,P
WESTPAC,4E,CALIFORNIA 3,913,93428,CAMBRIA,4100 BRIDGE ST,CAMBRIA,CA,93428,9998,,Z20465,P
WESTPAC,4E,CALIFORNIA 3,913,93429,CASMALIA,3401 POINT SAL RD,CASMALIA,CA,93429,9997,P,Z20533,P
WESTPAC,4E,CALIFORNIA 3,913,93430,CAYUCOS,97 ASH AVE,CAYUCOS,CA,93430,1160,,Z20547,P
WESTPAC,4E,CALIFORNIA 3,913,93432,CRESTON,6320 WEBSTER RD,CRESTON,CA,93432,9793,,Z20792,P
WESTPAC,4E,CALIFORNIA 3,913,93433,PISMO BEACH,100 CREST DR,PISMO BEACH,CA,93449,9998,,Z22499,P
WESTPAC,4E,CALIFORNIA 3,913,93434,GUADALUPE,1030 GUADALUPE ST,GUADALUPE,CA,93434,9998,,Z21347,P
WESTPAC,4E,CALIFORNIA 3,913,93436,LOMPOC,801 W OCEAN AVE,LOMPOC,CA,93436,6526,,Z21783,P
WESTPAC,4E,CALIFORNIA 3,913,93437,LOMPOC,801 W OCEAN AVE,LOMPOC,CA,93436,6526,,Z21783,P
WESTPAC,4E,CALIFORNIA 3,913,93437,CPU VANDENBERG AFB,100 COMMUNITY LOOP BLDG 10373,LOMPOC,CA,93437,6111,,Z23709,5
WESTPAC,4E,CALIFORNIA 3,913,93438,LOMPOC,801 W OCEAN AVE,LOMPOC,CA,93436,6526,P,Z21783,P
WESTPAC,4E,CALIFORNIA 3,913,93440,LOS ALAMOS,497 BELL ST,LOS ALAMOS,CA,93440,9998,P,Z21801,P
WESTPAC,4E,CALIFORNIA 3,913,93441,LOS OLIVOS,2880 GRAND AVE STE B,LOS OLIVOS,CA,93441,9997,P,Z21813,P
WESTPAC,4E,CALIFORNIA 3,913,93442,MORRO BAY,898 NAPA AVE,MORRO BAY,CA,93442,9998,,Z22072,P
WESTPAC,4E,CALIFORNIA 3,913,93443,MORRO BAY,898 NAPA AVE,MORRO BAY,CA,93442,9998,P,Z22072,P
WESTPAC,4E,CALIFORNIA 3,913,93444,NIPOMO,630 W TEFFT ST,NIPOMO,CA,93444,9998,,Z22178,P
WESTPAC,4E,CALIFORNIA 3,913,93445,PISMO BEACH,100 CREST DR,PISMO BEACH,CA,93449,9998,,Z22499,P
WESTPAC,4E,CALIFORNIA 3,913,93446,PASO ROBLES,800 6TH ST,PASO ROBLES,CA,93446,2884,,Z22429,P
WESTPAC,4E,CALIFORNIA 3,913,93447,PASO ROBLES,800 6TH ST,PASO ROBLES,CA,93446,2884,P,Z22429,P
WESTPAC,4E,CALIFORNIA 3,913,93448,PISMO BEACH,100 CREST DR,PISMO BEACH,CA,93449,9998,P,Z22499,P
WESTPAC,4E,CALIFORNIA 3,913,93449,PISMO BEACH,100 CREST DR,PISMO BEACH,CA,93449,9998,,Z22499,P
WESTPAC,4E,CALIFORNIA 3,913,93450,SAN ARDO,1 RAILROAD ST,SAN ARDO,CA,93450,9997,,Z22784,P
WESTPAC,4E,CALIFORNIA 3,913,93451,SAN MIGUEL,1185 MISSION ST,SAN MIGUEL,CA,93451,9997,,Z22835,P
WESTPAC,4E,CALIFORNIA 3,913,93452,SAN SIMEON,250 SAN SIMEON AVE STE 7,SAN SIMEON,CA,93452,9998,,Z22843,P
WESTPAC,4E,CALIFORNIA 3,913,93453,SANTA MARGARITA,22360 EL CAMINO REAL,SANTA MARGARITA,CA,93453,8628,,Z22870,P
WESTPAC,4E,CALIFORNIA 3,913,93454,SANTA MARIA,201 E BATTLES RD,SANTA MARIA,CA,93454,7299,,Z22871,P
WESTPAC,4E,CALIFORNIA 3,913,93454,SANTA MARIA CA SDC,201 E BATTLES RD,SANTA MARIA,CA,93454,9952,,021634,4
WESTPAC,4E,CALIFORNIA 3,913,93455,SANTA MARIA,201 E BATTLES RD,SANTA MARIA,CA,93454,7299,,Z22871,P
WESTPAC,4E,CALIFORNIA 3,913,93456,SANTA MARIA,201 E BATTLES RD,SANTA MARIA,CA,93454,7299,P,Z22871,P
WESTPAC,4E,CALIFORNIA 3,913,93457,ORCUTT,155 S 1ST ST,SANTA MARIA,CA,93455,5298,P,Z22345,B
WESTPAC,4E,CALIFORNIA 3,913,93458,SANTA MARIA,201 E BATTLES RD,SANTA MARIA,CA,93454,7299,,Z22871,P
WESTPAC,4E,CALIFORNIA 3,913,93460,SANTA YNEZ,3564 SAGUNTO ST,SANTA YNEZ,CA,93460,9110,,Z22882,P
WESTPAC,4E,CALIFORNIA 3,913,93461,SHANDON,200 E CENTRE ST,SHANDON,CA,93461,9997,,Z22929,P
WESTPAC,4E,CALIFORNIA 3,913,93463,SOLVANG,430 ALISAL RD,SOLVANG,CA,93463,9998,,Z23033,P
WESTPAC,4E,CALIFORNIA 3,913,93464,SOLVANG,430 ALISAL RD,SOLVANG,CA,93463,9998,P,Z23033,P
WESTPAC,4E,CALIFORNIA 3,913,93465,TEMPLETON,101 N MAIN ST,TEMPLETON,CA,93465,9998,,Z23547,P
WESTPAC,4E,CALIFORNIA 3,913,93475,OCEANO,1800 BEACH ST,OCEANO,CA,93445,9998,P,Z22308,P
WESTPAC,4E,CALIFORNIA 3,913,93483,GROVER BEACH,917 W GRAND AVE,GROVER BEACH,CA,93433,9998,P,Z21345,P
WESTPAC,4E,CALIFORNIA 3,913,93501,MOJAVE,2053 BELSHAW ST,MOJAVE,CA,93501,9998,,Z22023,P
WESTPAC,4E,CALIFORNIA 3,913,93502,MOJAVE,2053 BELSHAW ST,MOJAVE,CA,93501,9998,P,Z22023,P
WESTPAC,4E,CALIFORNIA 3,913,93504,CALIFORNIA CITY,21100 HACIENDA BLVD,CALIFORNIA CITY,CA,93505,9998,P,Z20446,B
WESTPAC,4E,CALIFORNIA 3,913,93505,CALIFORNIA CITY,21100 HACIENDA BLVD,CALIFORNIA CITY,CA,93505,9998,,Z20446,B
WESTPAC,4E,CALIFORNIA 3,913,93510,ACTON,3632 SMITH AVE,ACTON,CA,93510,9998,,Z20022,P
WESTPAC,4E,CALIFORNIA 3,913,93512,CPU BENTON,25669 HIGHWAY 6,BENTON,CA,93512,9998,,Z24384,5
WESTPAC,4E,CALIFORNIA 3,913,93513,BIG PINE,140 N MAIN ST,BIG PINE,CA,93513,9997,,Z20272,P
WESTPAC,4E,CALIFORNIA 3,913,93514,BISHOP,585 W LINE ST,BISHOP,CA,93514,9998,,Z20281,P
WESTPAC,4E,CALIFORNIA 3,913,93515,BISHOP,585 W LINE ST,BISHOP,CA,93514,9998,P,Z20281,P
WESTPAC,4E,CALIFORNIA 3,913,93516,BORON,26990 ANDERSON ST,BORON,CA,93516,9998,,Z20322,P
WESTPAC,4E,CALIFORNIA 3,913,93517,BRIDGEPORT,29 KINGSLEY,BRIDGEPORT,CA,93517,9997,,Z20355,P
WESTPAC,4E,CALIFORNIA 3,913,93518,CALIENTE,27750 CALIENTE BODFISH RD,CALIENTE,CA,93518,9997,,Z20442,P
WESTPAC,4E,CALIFORNIA 3,913,93519,CANTIL,28111 JAWBONE CANYON RD,MOJAVE,CA,93501,9990,P,Z20488,C
WESTPAC,4E,CALIFORNIA 3,913,93522,DARWIN,251 REDDY ST,DARWIN,CA,93522,9996,P,Z20835,P
WESTPAC,4E,CALIFORNIA 3,913,93523,EDWARDS,1000 KINCHELOE AVE,EDWARDS,CA,93523,9998,,Z21003,P
WESTPAC,4E,CALIFORNIA 3,913,93526,INDEPENDENCE,101 S EDWARDS ST,INDEPENDENCE,CA,93526,9997,,Z21504,P
WESTPAC,4E,CALIFORNIA 3,913,93527,INYOKERN,6504 LOCUST AVE,INYOKERN,CA,93527,9997,,Z21523,P
WESTPAC,4E,CALIFORNIA 3,913,93528,JOHANNESBURG,515 BROADWAY AVE,JOHANNESBURG,CA,93528,9997,P,Z21548,P
WESTPAC,4E,CALIFORNIA 3,913,93529,JUNE LAKE,2747 BOULDER DR,JUNE LAKE,CA,93529,9997,P,Z21559,P
WESTPAC,4E,CALIFORNIA 3,913,93530,KEELER,148 RAILROAD AVE,KEELER,CA,93530,9997,P,Z21571,P
WESTPAC,4E,CALIFORNIA 3,913,93531,KEENE,30235 WOODFORD TEHACHAPI RD,KEENE,CA,93531,9997,,Z21572,P
WESTPAC,4E,CALIFORNIA 3,913,93532,LAKE HUGHES,16817 ELIZABETH LAKE RD,LAKE HUGHES,CA,93532,9998,,Z21657,P
WESTPAC,4E,CALIFORNIA 3,913,93534,LANCASTER CARRIER ANNEX,1008 W AVENUE J2,LANCASTER,CA,93534,9998,,011292,4
WESTPAC,4E,CALIFORNIA 3,913,93535,LANCASTER CARRIER ANNEX,1008 W AVENUE J2,LANCASTER,CA,93534,9998,,011292,4
WESTPAC,4E,CALIFORNIA 3,913,93536,LANCASTER CARRIER ANNEX,1008 W AVENUE J2,LANCASTER,CA,93534,9998,,011292,4
WESTPAC,4E,CALIFORNIA 3,913,93539,LANCASTER,43824 20TH ST W,LANCASTER,CA,93534,5202,P,Z21684,P
WESTPAC,4E,CALIFORNIA 3,913,93541,LEE VINING,121 LEE VINING AVE,LEE VINING,CA,93541,9997,P,Z21715,P
WESTPAC,4E,CALIFORNIA 3,913,93542,INYOKERN,6504 LOCUST AVE,INYOKERN,CA,93527,9997,P,Z21523,P
WESTPAC,4E,CALIFORNIA 3,913,93543,LITTLEROCK,7765 PEARBLOSSOM HWY,LITTLEROCK,CA,93543,9998,,Z21752,P
WESTPAC,4E,CALIFORNIA 3,913,93544,LLANO,17234 PEARBLOSSOM HWY,LLANO,CA,93544,9998,,Z21760,P
WESTPAC,4E,CALIFORNIA 3,913,93545,LONE PINE,121 E BUSH ST,LONE PINE,CA,93545,9997,,Z21785,P
WESTPAC,4E,CALIFORNIA 3,913,93546,MAMMOTH LAKES,3330 MAIN ST,MAMMOTH LAKES,CA,93546,9997,,Z21865,P
WESTPAC,4E,CALIFORNIA 3,913,93549,OLANCHA,100 S HIGHWAY 395,OLANCHA,CA,93549,9997,P,Z22314,P
WESTPAC,4E,CALIFORNIA 3,913,93550,CPU C AND A LUXOR,39470 170TH ST E STE J,PALMDALE,CA,93591,3343,,Z21661,5
WESTPAC,4E,CALIFORNIA 3,913,93550,PALMDALE CARRIER ANNEX,38917 20TH ST E STE 701G,PALMDALE,CA,93550,9605,,010397,4
WESTPAC,4E,CALIFORNIA 3,913,93551,CPU RANCHERS MARKET,9001 ELIZABETH LAKE RD,LEONA VALLEY,CA,93551,7114,,Z21727,5
WESTPAC,4E,CALIFORNIA 3,913,93551,PALMDALE CARRIER ANNEX,38917 20TH ST E STE 701G,PALMDALE,CA,93550,9605,,010397,4
WESTPAC,4E,CALIFORNIA 3,913,93552,PALMDALE CARRIER ANNEX,38917 20TH ST E STE 701G,PALMDALE,CA,93550,9605,,010397,4
WESTPAC,4E,CALIFORNIA 3,913,93553,PEARBLOSSOM,12302 PEARBLOSSOM HWY,PEARBLOSSOM,CA,93553,9998,,Z22437,P
WESTPAC,4E,CALIFORNIA 3,913,93555,RIDGECREST,101 E COSO AVE,RIDGECREST,CA,93555,9998,,Z22660,P
WESTPAC,4E,CALIFORNIA 3,913,93556,RIDGECREST,101 E COSO AVE,RIDGECREST,CA,93555,9998,P,Z22660,P
WESTPAC,4E,CALIFORNIA 3,913,93558,JOHANNESBURG,515 BROADWAY AVE,JOHANNESBURG,CA,93528,9997,P,Z21548,P
WESTPAC,4E,CALIFORNIA 3,913,93560,ROSAMOND,1950 W ROSAMOND BLVD,ROSAMOND,CA,93560,9998,,Z22714,P
WESTPAC,4E,CALIFORNIA 3,913,93561,TEHACHAPI,1085 VOYAGER DR,TEHACHAPI,CA,93561,9998,,Z23540,P
WESTPAC,4E,CALIFORNIA 3,913,93562,RIDGECREST,101 E COSO AVE,RIDGECREST,CA,93555,9998,,Z22660,P
WESTPAC,4E,CALIFORNIA 3,913,93563,PEARBLOSSOM,12302 PEARBLOSSOM HWY,PEARBLOSSOM,CA,93553,9998,,Z22437,P
WESTPAC,4E,CALIFORNIA 3,913,93563,VALYERMO,29831 VALYERMO RD,VALYERMO,CA,93563,9998,,Z23705,C
WESTPAC,4E,CALIFORNIA 3,913,93581,TEHACHAPI,1085 VOYAGER DR,TEHACHAPI,CA,93561,9998,P,Z23540,P
WESTPAC,4E,CALIFORNIA 3,913,93584,CEDAR,567 W LANCASTER BLVD,LANCASTER,CA,93534,2514,P,Z20550,S
WESTPAC,4E,CALIFORNIA 3,913,93590,TOWN SQUARE,2220 E PALMDALE BLVD,PALMDALE,CA,93550,9819,P,Z23599,S
WESTPAC,4E,CALIFORNIA 3,913,93591,PALMDALE CARRIER ANNEX,38917 20TH ST E STE 701G,PALMDALE,CA,93550,9605,,010397,4
WESTPAC,4E,CALIFORNIA 3,913,93592,TRONA,82905 SEARLES ST,TRONA,CA,93562,9998,P,Z23618,P
WESTPAC,4E,CALIFORNIA 3,913,93596,BORON,26990 ANDERSON ST,BORON,CA,93516,9998,P,Z20322,P
WESTPAC,4E,CALIFORNIA 3,913,93601,AHWAHNEE,44878 NOTRE DAME LN,AHWAHNEE,CA,93601,9998,,Z20038,P
WESTPAC,4E,CALIFORNIA 3,913,93602,AUBERRY,33012 AUBERRY RD,AUBERRY,CA,93602,9998,,Z20153,P
WESTPAC,4E,CALIFORNIA 3,913,93604,BASS LAKE,54449 ROAD 432,BASS LAKE,CA,93604,9998,,Z20202,P
WESTPAC,4E,CALIFORNIA 3,913,93605,BIG CREEK,55083 POINT RD,BIG CREEK,CA,93605,9998,P,Z20270,P
WESTPAC,4E,CALIFORNIA 3,913,93606,BIOLA,4672 N BIOLA AVE,BIOLA,CA,93606,9998,P,Z20278,P
WESTPAC,4E,CALIFORNIA 3,913,93607,BURREL,10655A W ELKHORN AVE,RIVERDALE,CA,93656,9770,P,Z20403,C
WESTPAC,4E,CALIFORNIA 3,913,93608,CANTUA CREEK,28900 W CLARKSON AVE,CANTUA CREEK,CA,93608,9998,,Z20489,P
WESTPAC,4E,CALIFORNIA 3,913,93609,CARUTHERS,2413 W TAHOE AVE,CARUTHERS,CA,93609,9998,,Z20527,P
WESTPAC,4E,CALIFORNIA 3,913,93610,CHOWCHILLA,135 S 1ST ST,CHOWCHILLA,CA,93610,9998,,Z20602,P
WESTPAC,4E,CALIFORNIA 3,913,93611,CLOVIS CA SDC,655 MINNEWAWA AVE,CLOVIS,CA,93612,9904,,021585,4
WESTPAC,4E,CALIFORNIA 3,913,93612,CLOVIS CA SDC,655 MINNEWAWA AVE,CLOVIS,CA,93612,9904,,021585,4
WESTPAC,4E,CALIFORNIA 3,913,93613,CLOVIS CA SDC,655 MINNEWAWA AVE,CLOVIS,CA,93612,9904,P,021585,4
WESTPAC,4E,CALIFORNIA 3,913,93614,COARSEGOLD,46944 PONY EXPRESS LN,COARSEGOLD,CA,93614,9998,,Z20655,P
WESTPAC,4E,CALIFORNIA 3,913,93615,CUTLER,12749 1ST DR,CUTLER,CA,93615,9998,,Z20815,P
WESTPAC,4E,CALIFORNIA 3,913,93616,DEL REY,10772 MORRO AVE,DEL REY,CA,93616,9998,,Z20853,P
WESTPAC,4E,CALIFORNIA 3,913,93618,DINUBA,222 S K ST,DINUBA,CA,93618,9998,,Z20893,P
WESTPAC,4E,CALIFORNIA 3,913,93619,CLOVIS CA SDC,655 MINNEWAWA AVE,CLOVIS,CA,93612,9904,,021585,4
WESTPAC,4E,CALIFORNIA 3,913,93620,DOS PALOS,1555 GOLDEN GATE AVE,DOS PALOS,CA,93620,9998,,Z20911,P
WESTPAC,4E,CALIFORNIA 3,913,93621,DUNLAP,39400 DUNLAP RD,DUNLAP,CA,93621,9998,,Z20944,P
WESTPAC,4E,CALIFORNIA 3,913,93622,FIREBAUGH,1580 11TH ST,FIREBAUGH,CA,93622,9998,,Z21127,P
WESTPAC,4E,CALIFORNIA 3,913,93623,FISH CAMP,7733 FISH CAMP LN,FISH CAMP,CA,93623,9998,,Z21138,P
WESTPAC,4E,CALIFORNIA 3,913,93624,FIVE POINTS,21074 S LASSEN AVE,FIVE POINTS,CA,93624,9998,P,Z21143,P
WESTPAC,4E,CALIFORNIA 3,913,93625,FOWLER,19 E MERCED ST,FOWLER,CA,93625,9998,,Z21190,P
WESTPAC,4E,CALIFORNIA 3,913,93626,FRIANT,17275 N FRIANT RD,FRIANT,CA,93626,9998,,Z21217,P
WESTPAC,4E,CALIFORNIA 3,913,93627,HELM,13883 S LASSEN AVE,HELM,CA,93627,9998,P,Z21405,P
WESTPAC,4E,CALIFORNIA 3,913,93630,KERMAN,14920 W D ST,KERMAN,CA,93630,9998,,Z21585,P
WESTPAC,4E,CALIFORNIA 3,913,93631,KINGSBURG,1401 MARION ST,KINGSBURG,CA,93631,9998,,Z21595,P
WESTPAC,4E,CALIFORNIA 3,913,93633,KINGS CANYON NATIONAL PK,86724 HIGHWAY 180,KINGS CANYON NATIONAL PK,CA,93633,9800,P,Z21594,B
WESTPAC,4E,CALIFORNIA 3,913,93634,LAKESHORE,62804 HUNTINGTON LAKE RD,LAKESHORE,CA,93634,9997,P,Z21674,B
WESTPAC,4E,CALIFORNIA 3,913,93635,LOS BANOS,1135 6TH ST,LOS BANOS,CA,93635,9998,,Z21807,P
WESTPAC,4E,CALIFORNIA 3,913,93636,MADERA CARRIER ANNEX,220 S C ST,MADERA,CA,93638,9997,,Z24785,4
WESTPAC,4E,CALIFORNIA 3,913,93637,MADERA CARRIER ANNEX,220 S C ST,MADERA,CA,93638,9997,,Z24785,4
WESTPAC,4E,CALIFORNIA 3,913,93638,MADERA CARRIER ANNEX,220 S C ST,MADERA,CA,93638,9997,,Z24785,4
WESTPAC,4E,CALIFORNIA 3,913,93639,MADERA,201 S D ST,MADERA,CA,93638,9998,P,Z21844,P
WESTPAC,4E,CALIFORNIA 3,913,93640,MENDOTA,655 OLLER ST,MENDOTA,CA,93640,9998,,Z21938,P
WESTPAC,4E,CALIFORNIA 3,913,93641,MIRAMONTE,46039 DUNLAP RD,MIRAMONTE,CA,93641,9998,,Z21998,P
WESTPAC,4E,CALIFORNIA 3,913,93643,NORTH FORK,33173 ROAD 222,NORTH FORK,CA,93643,9998,,Z22197,P
WESTPAC,4E,CALIFORNIA 3,913,93644,OAKHURST,40064 HIGHWAY 49,OAKHURST,CA,93644,9998,,Z22294,P
WESTPAC,4E,CALIFORNIA 3,913,93645,O NEALS,47065 ROAD 201,O NEALS,CA,93645,9998,,Z22282,P
WESTPAC,4E,CALIFORNIA 3,913,93646,ORANGE COVE,550 PARK BLVD,ORANGE COVE,CA,93646,9998,,Z22337,P
WESTPAC,4E,CALIFORNIA 3,913,93647,OROSI,41323 ROAD 128,OROSI,CA,93647,9998,,Z22355,P
WESTPAC,4E,CALIFORNIA 3,913,93648,PARLIER,850 E PARLIER AVE,PARLIER,CA,93648,9998,,Z22425,P
WESTPAC,4E,CALIFORNIA 3,913,93649,PIEDRA,26284 PINE FLAT RD,PIEDRA,CA,93649,9998,P,Z22472,P
WESTPAC,4E,CALIFORNIA 3,913,93650,PINEDALE,34 W MINARETS AVE,FRESNO,CA,93650,9998,,Z22488,B
WESTPAC,4E,CALIFORNIA 3,913,93650,WOODWARD PARK,755 E NEES AVE,FRESNO,CA,93720,9998,,Z23924,S
WESTPAC,4E,CALIFORNIA 3,913,93651,PRATHER,29460 AUBERRY RD,PRATHER,CA,93651,9998,,Z22561,P
WESTPAC,4E,CALIFORNIA 3,913,93652,RAISIN CITY,9221 S ORMUS AVE,RAISIN CITY,CA,93652,9998,,Z22594,P
WESTPAC,4E,CALIFORNIA 3,913,93653,RAYMOND,32120 ROAD 600,RAYMOND,CA,93653,9998,,Z22626,P
WESTPAC,4E,CALIFORNIA 3,913,93654,REEDLEY,1509 11TH ST,REEDLEY,CA,93654,9998,,Z22646,P
WESTPAC,4E,CALIFORNIA 3,913,93656,RIVERDALE,3401 HENSON ST,RIVERDALE,CA,93656,9998,,Z22684,P
WESTPAC,4E,CALIFORNIA 3,913,93657,SANGER,724 O ST,SANGER,CA,93657,9998,,Z22852,P
WESTPAC,4E,CALIFORNIA 3,913,93660,SAN JOAQUIN,8667 9TH ST,SAN JOAQUIN,CA,93660,9998,,Z22812,P
WESTPAC,4E,CALIFORNIA 3,913,93661,DOS PALOS,1555 GOLDEN GATE AVE,DOS PALOS,CA,93620,9998,P,Z20911,P
WESTPAC,4E,CALIFORNIA 3,913,93662,SELMA,2058 HIGH ST,SELMA,CA,93662,9998,,Z22915,P
WESTPAC,4E,CALIFORNIA 3,913,93664,SHAVER LAKE,40677 SHAVER FOREST RD,SHAVER LAKE,CA,93664,9998,,Z22940,P
WESTPAC,4E,CALIFORNIA 3,913,93665,SOUTH DOS PALOS,8858 W M ST,SOUTH DOS PALOS,CA,93665,9998,P,Z23051,P
WESTPAC,4E,CALIFORNIA 3,913,93666,SULTANA,10457 AVENUE 416,SULTANA,CA,93666,9998,P,Z23477,P
WESTPAC,4E,CALIFORNIA 3,913,93667,TOLLHOUSE,28425 GIBBS RANCH RD,TOLLHOUSE,CA,93667,9998,,Z23584,P
WESTPAC,4E,CALIFORNIA 3,913,93668,TRANQUILLITY,25660 SCAGGS AVE,TRANQUILLITY,CA,93668,9998,,Z23607,P
WESTPAC,4E,CALIFORNIA 3,913,93670,YETTEM,14026 AVENUE 384,YETTEM,CA,93670,9998,P,Z23939,P
WESTPAC,4E,CALIFORNIA 3,913,93673,TRAVER,36501 BURKE DR,TRAVER,CA,93673,9998,P,Z23610,P
WESTPAC,4E,CALIFORNIA 3,913,93675,SQUAW VALLEY,30754 E KINGS CANYON RD,SQUAW VALLEY,CA,93675,9304,,Z23093,C
WESTPAC,4E,CALIFORNIA 3,913,93701,CLINTER,2601 E OLIVE AVE,FRESNO,CA,93701,9998,,Z20645,S
WESTPAC,4E,CALIFORNIA 3,913,93702,BARTON,2382 S CEDAR AVE,FRESNO,CA,93725,9997,,018166,S
WESTPAC,4E,CALIFORNIA 3,913,93703,CLINTER,2601 E OLIVE AVE,FRESNO,CA,93701,9998,,Z20645,S
WESTPAC,4E,CALIFORNIA 3,913,93704,CARDWELL,1606 E GRIFFITH WAY,FRESNO,CA,93704,9998,,Z20506,S
WESTPAC,4E,CALIFORNIA 3,913,93705,HUGHES,3727 N HUGHES AVE,FRESNO,CA,93705,9998,,Z21476,S
WESTPAC,4E,CALIFORNIA 3,913,93706,BARTON,2382 S CEDAR AVE,FRESNO,CA,93725,9997,,018166,S
WESTPAC,4E,CALIFORNIA 3,913,93707,CIVIC CENTER FRESNO,855 M ST STE 190,FRESNO,CA,93721,9998,P,018847,S
WESTPAC,4E,CALIFORNIA 3,913,93708,CIVIC CENTER FRESNO,855 M ST STE 190,FRESNO,CA,93721,9998,P,018847,S
WESTPAC,4E,CALIFORNIA 3,913,93709,CIVIC CENTER FRESNO,855 M ST STE 190,FRESNO,CA,93721,9998,P,018847,S
WESTPAC,4E,CALIFORNIA 3,913,93710,WOODWARD PARK,755 E NEES AVE,FRESNO,CA,93720,9998,,Z23924,S
WESTPAC,4E,CALIFORNIA 3,913,93711,CARDWELL,1606 E GRIFFITH WAY,FRESNO,CA,93704,9998,,Z20506,S
WESTPAC,4E,CALIFORNIA 3,913,93712,CIVIC CENTER FRESNO,855 M ST STE 190,FRESNO,CA,93721,9998,P,018847,S
WESTPAC,4E,CALIFORNIA 3,913,93714,CIVIC CENTER FRESNO,855 M ST STE 190,FRESNO,CA,93721,9998,P,018847,S
WESTPAC,4E,CALIFORNIA 3,913,93715,CIVIC CENTER FRESNO,855 M ST STE 190,FRESNO,CA,93721,9998,P,018847,S
WESTPAC,4E,CALIFORNIA 3,913,93716,CIVIC CENTER FRESNO,855 M ST STE 190,FRESNO,CA,93721,9998,P,018847,S
WESTPAC,4E,CALIFORNIA 3,913,93717,CIVIC CENTER FRESNO,855 M ST STE 190,FRESNO,CA,93721,9998,P,018847,S
WESTPAC,4E,CALIFORNIA 3,913,93718,CIVIC CENTER FRESNO,855 M ST STE 190,FRESNO,CA,93721,9998,P,018847,S
WESTPAC,4E,CALIFORNIA 3,913,93720,WOODWARD PARK,755 E NEES AVE,FRESNO,CA,93720,9998,,Z23924,S
WESTPAC,4E,CALIFORNIA 3,913,93721,BARTON,2382 S CEDAR AVE,FRESNO,CA,93725,9997,,018166,S
WESTPAC,4E,CALIFORNIA 3,913,93722,HUGHES,3727 N HUGHES AVE,FRESNO,CA,93705,9998,,Z21476,S
WESTPAC,4E,CALIFORNIA 3,913,93723,HUGHES,3727 N HUGHES AVE,FRESNO,CA,93705,9998,,Z21476,S
WESTPAC,4E,CALIFORNIA 3,913,93725,BARTON,2382 S CEDAR AVE,FRESNO,CA,93725,9997,,018166,S
WESTPAC,4E,CALIFORNIA 3,913,93726,CLINTER,2601 E OLIVE AVE,FRESNO,CA,93701,9998,,Z20645,S
WESTPAC,4E,CALIFORNIA 3,913,93727,BARTON,2382 S CEDAR AVE,FRESNO,CA,93725,9997,,018166,S
WESTPAC,4E,CALIFORNIA 3,913,93728,CLINTER,2601 E OLIVE AVE,FRESNO,CA,93701,9998,,Z20645,S
WESTPAC,4E,CALIFORNIA 3,913,93729,WOODWARD PARK,755 E NEES AVE,FRESNO,CA,93720,9998,P,Z23924,S
WESTPAC,4E,CALIFORNIA 3,913,93730,WOODWARD PARK,755 E NEES AVE,FRESNO,CA,93720,9998,,Z23924,S
WESTPAC,4E,CALIFORNIA 3,913,93737,BARTON,2382 S CEDAR AVE,FRESNO,CA,93725,9997,,018166,S
WESTPAC,4E,CALIFORNIA 3,913,93744,TOWER,824 E FERN AVE,FRESNO,CA,93728,9998,P,Z23595,S
WESTPAC,4E,CALIFORNIA 3,913,93745,CALWA,4026 E JENSEN AVE,FRESNO,CA,93725,1497,P,Z20462,S
WESTPAC,4E,CALIFORNIA 3,913,93747,EAST FRESNO,5555 E TULARE ST,FRESNO,CA,93727,3396,P,Z20967,S
WESTPAC,4E,CALIFORNIA 3,913,93755,CARDWELL,1606 E GRIFFITH WAY,FRESNO,CA,93704,9998,P,Z20506,S
WESTPAC,4E,CALIFORNIA 3,913,93771,FRESNO,1900 E ST,FRESNO,CA,93706,9998,P,Z21210,P
WESTPAC,4E,CALIFORNIA 3,913,93772,FRESNO,1900 E ST,FRESNO,CA,93706,9998,P,Z21210,P
WESTPAC,4E,CALIFORNIA 3,913,93773,FRESNO,1900 E ST,FRESNO,CA,93706,9998,P,Z21210,P
WESTPAC,4E,CALIFORNIA 3,913,93774,FRESNO,1900 E ST,FRESNO,CA,93706,9998,P,Z21210,P
WESTPAC,4E,CALIFORNIA 3,913,93775,FRESNO,1900 E ST,FRESNO,CA,93706,9998,P,Z21210,P
WESTPAC,4E,CALIFORNIA 3,913,93776,FRESNO,1900 E ST,FRESNO,CA,93706,9998,P,Z21210,P
WESTPAC,4E,CALIFORNIA 3,913,93777,FRESNO,1900 E ST,FRESNO,CA,93706,9998,P,Z21210,P
WESTPAC,4E,CALIFORNIA 3,913,93778,FRESNO,1900 E ST,FRESNO,CA,93706,9998,P,Z21210,P
WESTPAC,4E,CALIFORNIA 3,913,93779,FRESNO,1900 E ST,FRESNO,CA,93706,9998,P,Z21210,P
WESTPAC,4E,CALIFORNIA 3,913,93790,HUGHES,3727 N HUGHES AVE,FRESNO,CA,93705,9998,P,Z21476,S
WESTPAC,4E,CALIFORNIA 3,913,93791,HUGHES,3727 N HUGHES AVE,FRESNO,CA,93705,9998,P,Z21476,S
WESTPAC,4E,CALIFORNIA 3,913,93792,HUGHES,3727 N HUGHES AVE,FRESNO,CA,93705,9998,P,Z21476,S
WESTPAC,4E,CALIFORNIA 3,913,93793,HUGHES,3727 N HUGHES AVE,FRESNO,CA,93705,9998,P,Z21476,S
WESTPAC,4E,CALIFORNIA 3,913,93794,HUGHES,3727 N HUGHES AVE,FRESNO,CA,93705,9998,P,Z21476,S
WESTPAC,4E,CALIFORNIA 3,913,93901,JOHN STEINBECK,100 W ALISAL ST FRNT,SALINAS,CA,93901,9998,,Z21551,S
WESTPAC,4E,CALIFORNIA 3,913,93902,JOHN STEINBECK,100 W ALISAL ST FRNT,SALINAS,CA,93901,9998,P,Z21551,S
WESTPAC,4E,CALIFORNIA 3,913,93905,SALINAS,1011 POST DR,SALINAS,CA,93907,1821,,Z22773,P
WESTPAC,4E,CALIFORNIA 3,913,93906,SALINAS,1011 POST DR,SALINAS,CA,93907,1821,,Z22773,P
WESTPAC,4E,CALIFORNIA 3,913,93907,SALINAS,1011 POST DR,SALINAS,CA,93907,1821,,Z22773,P
WESTPAC,4E,CALIFORNIA 3,913,93908,JOHN STEINBECK,100 W ALISAL ST FRNT,SALINAS,CA,93901,9998,,Z21551,S
WESTPAC,4E,CALIFORNIA 3,913,93912,SALINAS,1011 POST DR,SALINAS,CA,93907,1821,P,Z22773,P
WESTPAC,4E,CALIFORNIA 3,913,93915,ALISAL,303 N SANBORN RD,SALINAS,CA,93905,9998,P,Z20052,S
WESTPAC,4E,CALIFORNIA 3,913,93920,BIG SUR,47500 HIGHWAY 1,BIG SUR,CA,93920,9998,,Z20274,P
WESTPAC,4E,CALIFORNIA 3,913,93921,CARMEL BY THE SEA,56B 5TH ST LOT 1,CARMEL BY THE SEA,CA,93921,9905,P,Z20512,S
WESTPAC,4E,CALIFORNIA 3,913,93922,CARMEL,3845 VIA NONA MARIE,CARMEL,CA,93923,9998,P,Z20510,P
WESTPAC,4E,CALIFORNIA 3,913,93923,CARMEL,3845 VIA NONA MARIE,CARMEL,CA,93923,9998,,Z20510,P
WESTPAC,4E,CALIFORNIA 3,913,93924,CARMEL VALLEY,11 VIA CONTENTA,CARMEL VALLEY,CA,93924,9998,,Z20514,P
WESTPAC,4E,CALIFORNIA 3,913,93925,CHUALAR,25561 JACKSON ST,CHUALAR,CA,93925,9998,,Z20604,P
WESTPAC,4E,CALIFORNIA 3,913,93926,GONZALES,346 BELDEN ST,GONZALES,CA,93926,9998,,Z21299,P
WESTPAC,4E,CALIFORNIA 3,913,93927,GREENFIELD,846 OAK AVE,GREENFIELD,CA,93927,9998,,Z21328,P
WESTPAC,4E,CALIFORNIA 3,913,93928,JOLON,79 INFANTRY RD,JOLON,CA,93928,9800,P,Z21555,P
WESTPAC,4E,CALIFORNIA 3,913,93930,KING CITY,123 S 3RD ST,KING CITY,CA,93930,9998,,Z21592,P
WESTPAC,4E,CALIFORNIA 3,913,93932,LOCKWOOD,68025 JOLON RD,LOCKWOOD,CA,93932,9800,P,Z21769,P
WESTPAC,4E,CALIFORNIA 3,913,93933,MARINA,3100 DE FOREST RD,MARINA,CA,93933,9998,,Z21888,P
WESTPAC,4E,CALIFORNIA 3,913,93940,MONTEREY,565 HARTNELL ST,MONTEREY,CA,93940,9998,,Z22046,P
WESTPAC,4E,CALIFORNIA 3,913,93942,MONTEREY,565 HARTNELL ST,MONTEREY,CA,93940,9998,P,Z22046,P
WESTPAC,4E,CALIFORNIA 3,913,93944,PRESIDIO OF MONTEREY,1712 PRIVATE BOLIO RD RM 517A,MONTEREY,CA,93944,3206,P,Z22566,S
WESTPAC,4E,CALIFORNIA 3,913,93950,PACIFIC GROVE,680 LIGHTHOUSE AVE,PACIFIC GROVE,CA,93950,9998,,Z22373,P
WESTPAC,4E,CALIFORNIA 3,913,93953,PEBBLE BEACH,1491 CYPRESS DR,PEBBLE BEACH,CA,93953,9800,,Z22440,P
WESTPAC,4E,CALIFORNIA 3,913,93954,SAN LUCAS,53575 MAIN ST,SAN LUCAS,CA,93954,9800,P,Z22826,P
WESTPAC,4E,CALIFORNIA 3,913,93955,SEASIDE,1093 BROADWAY AVE,SEASIDE,CA,93955,9998,,Z22907,P
WESTPAC,4E,CALIFORNIA 3,913,93960,SOLEDAD,150 KIDDER ST,SOLEDAD,CA,93960,9998,,Z23031,P
WESTPAC,4E,CALIFORNIA 3,913,93962,SPRECKELS,40 SPRECKELS BLVD,SALINAS,CA,93908,9800,P,Z23081,B
WESTPAC,4E,CALIFORNIA 1,940,94002,BELMONT,640 MASONIC WAY,BELMONT,CA,94002,9998,,Z20241,P
WESTPAC,4E,CALIFORNIA 1,940,94005,BRISBANE,280 OLD COUNTY RD,BRISBANE,CA,94005,1301,,Z20360,P
WESTPAC,4E,CALIFORNIA 1,940,94010,BURLINGAME CARRIER ANNEX,1625 ROLLINS RD,BURLINGAME,CA,94010,9997,,013947,4
WESTPAC,4E,CALIFORNIA 1,940,94011,CAPUCHINO STATION,1141 CAPUCHINO AVE,BURLINGAME,CA,94010,9992,P,Z20007,S
WESTPAC,4E,CALIFORNIA 1,940,94011,BURLINGAME,329 PRIMROSE RD,BURLINGAME,CA,94010,9998,P,Z20398,P
WESTPAC,4E,CALIFORNIA 1,940,94011,STANTON,820 STANTON RD,BURLINGAME,CA,94010,9991,P,Z20399,S
WESTPAC,4E,CALIFORNIA 1,940,94014,COLMA,7373 MISSION ST,DALY CITY,CA,94014,9991,,Z20672,S
WESTPAC,4E,CALIFORNIA 1,940,94014,DALY CITY,1100 SULLIVAN AVE,DALY CITY,CA,94015,9998,,Z20827,P
WESTPAC,4E,CALIFORNIA 1,940,94015,DALY CITY,1100 SULLIVAN AVE,DALY CITY,CA,94015,9998,,Z20827,P
WESTPAC,4E,CALIFORNIA 1,940,94015,WESTLAKE,199 SOUTHGATE AVE,DALY CITY,CA,94015,9993,,Z23844,S
WESTPAC,4E,CALIFORNIA 1,940,94016,VISTA GRANDE,6025 MISSION ST,DALY CITY,CA,94014,9992,P,Z23759,S
WESTPAC,4E,CALIFORNIA 1,940,94017,DALY CITY,1100 SULLIVAN AVE,DALY CITY,CA,94015,9998,P,Z20827,P
WESTPAC,4E,CALIFORNIA 1,940,94018,EL GRANADA,20 AVENUE PORTOLA,EL GRANADA,CA,94018,9998,P,Z21019,P
WESTPAC,4E,CALIFORNIA 1,940,94019,HALF MOON BAY,500 STONE PINE RD,HALF MOON BAY,CA,94019,1753,,Z21367,P
WESTPAC,4E,CALIFORNIA 1,940,94020,LA HONDA,8865 LA HONDA RD,LA HONDA,CA,94020,9727,,Z21621,P
WESTPAC,4E,CALIFORNIA 1,940,94021,LOMA MAR,8150 PESCADERO CREEK RD,LOMA MAR,CA,94021,9720,,Z21778,P
WESTPAC,4E,CALIFORNIA 1,940,94022,LOYOLA CORNERS,1525 MIRAMONTE AVE,LOS ALTOS,CA,94024,9991,,Z24689,S
WESTPAC,4E,CALIFORNIA 1,940,94023,LOS ALTOS,221 MAIN ST,LOS ALTOS,CA,94022,2937,P,Z21802,P
WESTPAC,4E,CALIFORNIA 1,940,94024,LOYOLA CORNERS,1525 MIRAMONTE AVE,LOS ALTOS,CA,94024,9991,,Z24689,S
WESTPAC,4E,CALIFORNIA 1,940,94025,MENLO PARK,3875 BOHANNON DR,MENLO PARK,CA,94025,1001,,Z21942,P
WESTPAC,4E,CALIFORNIA 1,940,94026,MENLO PARK,3875 BOHANNON DR,MENLO PARK,CA,94025,1001,P,Z21942,P
WESTPAC,4E,CALIFORNIA 1,940,94026,OAK GROVE,655 OAK GROVE AVE,MENLO PARK,CA,94025,9991,P,Z22284,S
WESTPAC,4E,CALIFORNIA 1,940,94026,WEST MENLO PARK,2120 AVY AVE,MENLO PARK,CA,94025,9992,P,Z23828,B
WESTPAC,4E,CALIFORNIA 1,940,94027,MENLO PARK,3875 BOHANNON DR,MENLO PARK,CA,94025,1001,,Z21942,P
WESTPAC,4E,CALIFORNIA 1,940,94028,MENLO PARK,3875 BOHANNON DR,MENLO PARK,CA,94025,1001,,Z21942,P
WESTPAC,4E,CALIFORNIA 1,940,94030,MILLBRAE,501 BROADWAY,MILLBRAE,CA,94030,1907,,Z21979,P
WESTPAC,4E,CALIFORNIA 1,940,94035,MOFFETT FIELD,67 N AKRON DR,MOUNTAIN VIEW,CA,94035,9991,P,Z22019,B
WESTPAC,4E,CALIFORNIA 1,940,94037,MONTARA,215 7TH ST,MONTARA,CA,94037,9998,P,Z22035,P
WESTPAC,4E,CALIFORNIA 1,940,94038,MOSS BEACH,2315 CARLOS ST,MOSS BEACH,CA,94038,9998,,Z22074,P
WESTPAC,4E,CALIFORNIA 1,940,94039,MOUNTAIN VIEW,211 HOPE ST,MOUNTAIN VIEW,CA,94041,9998,P,Z22091,P
WESTPAC,4E,CALIFORNIA 1,940,94040,MOUNTAIN VIEW,211 HOPE ST,MOUNTAIN VIEW,CA,94041,9998,,Z22091,P
WESTPAC,4E,CALIFORNIA 1,940,94040,MOUNTAIN VIEW CARRIERS ANNEX,1070 LA AVENIDA ST,MOUNTAIN VIEW,CA,94043,9992,,000987,4
WESTPAC,4E,CALIFORNIA 1,940,94041,MOUNTAIN VIEW CARRIERS ANNEX,1070 LA AVENIDA ST,MOUNTAIN VIEW,CA,94043,9992,,000987,4
WESTPAC,4E,CALIFORNIA 1,940,94042,MOUNTAIN VIEW,211 HOPE ST,MOUNTAIN VIEW,CA,94041,9998,P,Z22091,P
WESTPAC,4E,CALIFORNIA 1,940,94043,MOUNTAIN VIEW CARRIERS ANNEX,1070 LA AVENIDA ST,MOUNTAIN VIEW,CA,94043,9992,,000987,4
WESTPAC,4E,CALIFORNIA 1,940,94044,LINDA MAR,690 ROBERTS RD,PACIFICA,CA,94044,9991,,Z21741,S
WESTPAC,4E,CALIFORNIA 1,940,94044,PACIFICA,50 W MANOR DR,PACIFICA,CA,94044,1845,,Z22378,P
WESTPAC,4E,CALIFORNIA 1,940,94060,PESCADERO,2020 PESCADERO CREEK RD,PESCADERO,CA,94060,9701,,Z22456,P
WESTPAC,4E,CALIFORNIA 1,940,94061,WOODSIDE PLAZA,364 WOODSIDE PLZ,REDWOOD CITY,CA,94061,9991,,Z20009,S
WESTPAC,4E,CALIFORNIA 1,940,94061,REDWOOD CITY,1100 BROADWAY ST,REDWOOD CITY,CA,94063,3108,,Z22638,P
WESTPAC,4E,CALIFORNIA 1,940,94062,REDWOOD CITY,1100 BROADWAY ST,REDWOOD CITY,CA,94063,3108,,Z22638,P
WESTPAC,4E,CALIFORNIA 1,940,94062,WOODSIDE,2995 WOODSIDE RD STE 200,WOODSIDE,CA,94062,9991,,Z23922,B
WESTPAC,4E,CALIFORNIA 1,940,94063,REDWOOD CITY,1100 BROADWAY ST,REDWOOD CITY,CA,94063,3108,,Z22638,P
WESTPAC,4E,CALIFORNIA 1,940,94064,DOWNTOWN REDWOOD CITY,855 JEFFERSON AVE,REDWOOD CITY,CA,94063,9992,P,Z20925,S
WESTPAC,4E,CALIFORNIA 1,940,94065,REDWOOD CITY,1100 BROADWAY ST,REDWOOD CITY,CA,94063,3108,,Z22638,P
WESTPAC,4E,CALIFORNIA 1,940,94066,SAN BRUNO,1300 HUNTINGTON AVE,SAN BRUNO,CA,94066,1599,,Z22790,P
WESTPAC,4E,CALIFORNIA 1,940,94070,SAN CARLOS,809 LAUREL ST,SAN CARLOS,CA,94070,3914,,Z22791,P
WESTPAC,4E,CALIFORNIA 1,940,94074,SAN GREGORIO,7615 STAGE RD,SAN GREGORIO,CA,94074,9805,,Z22809,P
WESTPAC,4E,CALIFORNIA 1,940,94080,SAN BRUNO,1300 HUNTINGTON AVE,SAN BRUNO,CA,94066,1599,,Z22790,P
WESTPAC,4E,CALIFORNIA 1,940,94083,CHESTNUT,36 CHESTNUT AVE,SOUTH SAN FRANCISCO,CA,94080,9992,P,Z20587,S
WESTPAC,4E,CALIFORNIA 1,940,94083,LINDEN,322 LINDEN AVE,SOUTH SAN FRANCISCO,CA,94080,9991,P,Z21744,S
WESTPAC,4E,CALIFORNIA 1,940,94085,PALO ALTO CA S&DC,2085 E BAYSHORE RD,EAST PALO ALTO,CA,94303,9997,,020563,4
WESTPAC,4E,CALIFORNIA 1,940,94086,PLAZA SUNNYVALE,510 E EL CAMINO REAL STE C,SUNNYVALE,CA,94087,1989,,019000,S
WESTPAC,4E,CALIFORNIA 1,940,94086,SUNNYVALE CA SDC,209 E JAVA DR,SUNNYVALE,CA,94089,9900,,021249,4
WESTPAC,4E,CALIFORNIA 1,940,94087,ENCINAL,526 W FREMONT AVE,SUNNYVALE,CA,94087,9991,,Z21058,S
WESTPAC,4E,CALIFORNIA 1,940,94087,SUNNYVALE CA SDC,209 E JAVA DR,SUNNYVALE,CA,94089,9900,,021249,4
WESTPAC,4E,CALIFORNIA 1,940,94088,SUNNYVALE CA SDC,209 E JAVA DR,SUNNYVALE,CA,94089,9900,P,021249,4
WESTPAC,4E,CALIFORNIA 1,940,94089,SUNNYVALE CA SDC,209 E JAVA DR,SUNNYVALE,CA,94089,9900,,021249,4
WESTPAC,4E,CALIFORNIA 1,940,94102,MENDELL CARRIER ANNEX,151 MENDELL ST,SAN FRANCISCO,CA,94124,9900,,013216,4
WESTPAC,4E,CALIFORNIA 1,940,94103,TOWNSEND CARRIER ANNEX,550 TOWNSEND ST,SAN FRANCISCO,CA,94103,9992,,012870,4
WESTPAC,4E,CALIFORNIA 1,940,94104,SUTTER STREET,150 SUTTER ST,SAN FRANCISCO,CA,94104,9991,,Z23509,S
WESTPAC,4E,CALIFORNIA 1,940,94104,TOWNSEND CARRIER ANNEX,550 TOWNSEND ST,SAN FRANCISCO,CA,94103,9992,,012870,4
WESTPAC,4E,CALIFORNIA 1,940,94105,TOWNSEND CARRIER ANNEX,550 TOWNSEND ST,SAN FRANCISCO,CA,94103,9992,,012870,4
WESTPAC,4E,CALIFORNIA 1,940,94107,BRANNAN STREET,460 BRANNAN ST,SAN FRANCISCO,CA,94107,9991,,Z20951,S
WESTPAC,4E,CALIFORNIA 1,940,94107,MENDELL CARRIER ANNEX,151 MENDELL ST,SAN FRANCISCO,CA,94124,9900,,013216,4
WESTPAC,4E,CALIFORNIA 1,940,94108,PINE STREET,1400 PINE ST,SAN FRANCISCO,CA,94109,9991,,Z22485,S
WESTPAC,4E,CALIFORNIA 1,940,94109,PINE STREET,1400 PINE ST,SAN FRANCISCO,CA,94109,9991,,Z22485,S
WESTPAC,4E,CALIFORNIA 1,940,94110,BRYANT STREET,1600 BRYANT ST,SAN FRANCISCO,CA,94141,9991,,014556,S
WESTPAC,4E,CALIFORNIA 1,940,94111,RINCON FINANCE CENTER,180 STEUART ST,SAN FRANCISCO,CA,94105,9992,,Z24172,S
WESTPAC,4E,CALIFORNIA 1,940,94112,EXCELSIOR,15 ONONDAGA AVE,SAN FRANCISCO,CA,94112,9991,,Z21076,S
WESTPAC,4E,CALIFORNIA 1,940,94112,NAPOLEON STREET CARRIER CPLX,180 NAPOLEON ST,SAN FRANCISCO,CA,94124,9711,,013329,4
WESTPAC,4E,CALIFORNIA 1,940,94114,18TH STREET,4304 18TH ST,SAN FRANCISCO,CA,94114,9991,,Z21238,S
WESTPAC,4E,CALIFORNIA 1,940,94114,BRYANT STREET,1600 BRYANT ST,SAN FRANCISCO,CA,94141,9991,,014556,S
WESTPAC,4E,CALIFORNIA 1,940,94115,STEINER STREET,1849 GEARY BLVD,SAN FRANCISCO,CA,94115,9991,,Z20011,S
WESTPAC,4E,CALIFORNIA 1,940,94116,PARKSIDE,1800 TARAVAL ST,SAN FRANCISCO,CA,94116,9991,,Z22423,S
WESTPAC,4E,CALIFORNIA 1,940,94117,CLAYTON STREET,554 CLAYTON ST,SAN FRANCISCO,CA,94117,9991,,Z21536,S
WESTPAC,4E,CALIFORNIA 1,940,94117,NAPOLEON STREET CARRIER CPLX,180 NAPOLEON ST,SAN FRANCISCO,CA,94124,9711,,013329,4
WESTPAC,4E,CALIFORNIA 1,940,94118,GOLDEN GATE,3245 GEARY BLVD,SAN FRANCISCO,CA,94118,9992,,Z21294,S
WESTPAC,4E,CALIFORNIA 1,940,94119,RINCON FINANCE CENTER,180 STEUART ST,SAN FRANCISCO,CA,94105,9992,P,Z24172,S
WESTPAC,4E,CALIFORNIA 1,940,94120,SAN FRANCISCO P&DC FINANCE,1300 EVANS AVE STE 30,SAN FRANCISCO,CA,94188,8014,P,Z22806,S
WESTPAC,4E,CALIFORNIA 1,940,94121,GEARY,5654 GEARY BLVD,SAN FRANCISCO,CA,94121,9991,,Z21257,S
WESTPAC,4E,CALIFORNIA 1,940,94121,MENDELL CARRIER ANNEX,151 MENDELL ST,SAN FRANCISCO,CA,94124,9900,,013216,4
WESTPAC,4E,CALIFORNIA 1,940,94122,SUNSET STATION,1314 22ND AVE,SAN FRANCISCO,CA,94122,9991,,Z23495,S
WESTPAC,4E,CALIFORNIA 1,940,94122,IRVING STREET,821 IRVING ST,SAN FRANCISCO,CA,94122,9992,,Z24659,S
WESTPAC,4E,CALIFORNIA 1,940,94122,MENDELL CARRIER ANNEX,151 MENDELL ST,SAN FRANCISCO,CA,94124,9900,,013216,4
WESTPAC,4E,CALIFORNIA 1,940,94123,MARINA,2055 LOMBARD ST,SAN FRANCISCO,CA,94123,9991,,Z21889,S
WESTPAC,4E,CALIFORNIA 1,940,94124,BAYVIEW,2111 LANE ST,SAN FRANCISCO,CA,94124,9991,,Z20212,S
WESTPAC,4E,CALIFORNIA 1,940,94125,STANTON,820 STANTON RD,BURLINGAME,CA,94010,9991,P,Z20399,S
WESTPAC,4E,CALIFORNIA 1,940,94126,GATEWAY SAN FRANCISCO,1 EMBARCADERO CTR STE SL12,SAN FRANCISCO,CA,94111,9991,P,Z21254,S
WESTPAC,4E,CALIFORNIA 1,940,94127,WEST PORTAL,317 W PORTAL AVE,SAN FRANCISCO,CA,94127,9991,,Z23834,S
WESTPAC,4E,CALIFORNIA 1,940,94127,NAPOLEON STREET CARRIER CPLX,180 NAPOLEON ST,SAN FRANCISCO,CA,94124,9711,,013329,4
WESTPAC,4E,CALIFORNIA 1,940,94128,BAYVIEW,2111 LANE ST,SAN FRANCISCO,CA,94124,9991,,Z20212,S
WESTPAC,4E,CALIFORNIA 1,940,94128,STANTON,820 STANTON RD,BURLINGAME,CA,94010,9991,,Z20399,S
WESTPAC,4E,CALIFORNIA 1,940,94129,MARINA,2055 LOMBARD ST,SAN FRANCISCO,CA,94123,9991,,Z21889,S
WESTPAC,4E,CALIFORNIA 1,940,94129,PRESIDIO,558 PRESIDIO BLVD STE B,SAN FRANCISCO,CA,94129,5710,,018088,S
WESTPAC,4E,CALIFORNIA 1,940,94130,TOWNSEND CARRIER ANNEX,550 TOWNSEND ST,SAN FRANCISCO,CA,94103,9992,,012870,4
WESTPAC,4E,CALIFORNIA 1,940,94131,DIAMOND HEIGHTS,5262 DIAMOND HEIGHTS BLVD,SAN FRANCISCO,CA,94131,9991,,Z24805,S
WESTPAC,4E,CALIFORNIA 1,940,94131,NAPOLEON STREET CARRIER CPLX,180 NAPOLEON ST,SAN FRANCISCO,CA,94124,9711,,013329,4
WESTPAC,4E,CALIFORNIA 1,940,94132,LAKESHORE PLAZA,1543 SLOAT BLVD,SAN FRANCISCO,CA,94132,9992,,Z24365,S
WESTPAC,4E,CALIFORNIA 1,940,94132,NAPOLEON STREET CARRIER CPLX,180 NAPOLEON ST,SAN FRANCISCO,CA,94124,9711,,013329,4
WESTPAC,4E,CALIFORNIA 1,940,94133,NORTH BEACH PRS,1640 STOCKTON ST,SAN FRANCISCO,CA,94133,9991,,Z22190,S
WESTPAC,4E,CALIFORNIA 1,940,94133,NORTH BEACH ANNEX,2200 POWELL ST,SAN FRANCISCO,CA,94133,9992,,Z24294,4
WESTPAC,4E,CALIFORNIA 1,940,94134,MCLAREN,2755 SAN BRUNO AVE,SAN FRANCISCO,CA,94134,9992,,Z21918,S
WESTPAC,4E,CALIFORNIA 1,940,94134,VISITACION,68 LELAND AVE,SAN FRANCISCO,CA,94134,9991,,Z23755,S
WESTPAC,4E,CALIFORNIA 1,940,94134,NAPOLEON STREET CARRIER CPLX,180 NAPOLEON ST,SAN FRANCISCO,CA,94124,9711,,013329,4
WESTPAC,4E,CALIFORNIA 1,940,94140,MISSION SAN FRANCISCO,1198 S VAN NESS AVE,SAN FRANCISCO,CA,94110,9991,P,Z20414,S
WESTPAC,4E,CALIFORNIA 1,940,94141,BRYANT STREET,1600 BRYANT ST,SAN FRANCISCO,CA,94141,9991,,014556,S
WESTPAC,4E,CALIFORNIA 1,940,94142,FOX PLAZA,1390 MARKET ST LBBY,SAN FRANCISCO,CA,94102,9995,P,Z21192,S
WESTPAC,4E,CALIFORNIA 1,940,94146,NOE VALLEY,4083 24TH ST,SAN FRANCISCO,CA,94114,9992,P,Z22181,S
WESTPAC,4E,CALIFORNIA 1,940,94147,MARINA,2055 LOMBARD ST,SAN FRANCISCO,CA,94123,9991,P,Z21889,S
WESTPAC,4E,CALIFORNIA 1,940,94147,MARINA GREEN,3749 BUCHANAN ST,SAN FRANCISCO,CA,94123,9995,P,Z24661,S
WESTPAC,4E,CALIFORNIA 1,940,94158,TOWNSEND CARRIER ANNEX,550 TOWNSEND ST,SAN FRANCISCO,CA,94103,9992,,012870,4
WESTPAC,4E,CALIFORNIA 1,940,94159,GOLDEN GATE,3245 GEARY BLVD,SAN FRANCISCO,CA,94118,9992,P,Z21294,S
WESTPAC,4E,CALIFORNIA 1,940,94164,PINE STREET,1400 PINE ST,SAN FRANCISCO,CA,94109,9991,P,Z22485,S
WESTPAC,4E,CALIFORNIA 1,940,94172,BERNAL HEIGHTS,189 TIFFANY AVE,SAN FRANCISCO,CA,94110,9992,P,Z20253,S
WESTPAC,4E,CALIFORNIA 1,940,94188,SAN FRANCISCO P&DC FINANCE,1300 EVANS AVE STE 30,SAN FRANCISCO,CA,94188,8014,,Z22806,S
WESTPAC,4E,CALIFORNIA 1,940,94301,PALO ALTO CA S&DC,2085 E BAYSHORE RD,EAST PALO ALTO,CA,94303,9997,,020563,4
WESTPAC,4E,CALIFORNIA 1,940,94302,HAMILTON,380 HAMILTON AVE,PALO ALTO,CA,94301,9991,P,Z21372,S
WESTPAC,4E,CALIFORNIA 1,940,94303,PALO ALTO CA S&DC,2085 E BAYSHORE RD,EAST PALO ALTO,CA,94303,9997,,020563,4
WESTPAC,4E,CALIFORNIA 1,940,94304,VETERANS BUREAU HOSPITAL,3801 MIRANDA AVE,PALO ALTO,CA,94304,1290,,Z23727,S
WESTPAC,4E,CALIFORNIA 1,940,94304,PALO ALTO CA S&DC,2085 E BAYSHORE RD,EAST PALO ALTO,CA,94303,9997,,020563,4
WESTPAC,4E,CALIFORNIA 1,940,94305,PALO ALTO CA S&DC,2085 E BAYSHORE RD,EAST PALO ALTO,CA,94303,9997,,020563,4
WESTPAC,4E,CALIFORNIA 1,940,94306,CAMBRIDGE,265 CAMBRIDGE AVE,PALO ALTO,CA,94306,9991,,Z20467,S
WESTPAC,4E,CALIFORNIA 1,940,94306,PALO ALTO CA S&DC,2085 E BAYSHORE RD,EAST PALO ALTO,CA,94303,9997,,020563,4
WESTPAC,4E,CALIFORNIA 1,940,94309,STANFORD,531 LASUEN MALL,STANFORD,CA,94305,9991,P,Z23382,B
WESTPAC,4E,CALIFORNIA 1,940,94401,SAINT MATTHEW,210 S ELLSWORTH AVE,SAN MATEO,CA,94401,9991,,Z22770,S
WESTPAC,4E,CALIFORNIA 1,940,94401,SAN MATEO CA SDC,1630 S DELAWARE ST,SAN MATEO,CA,94402,9906,,021245,4
WESTPAC,4E,CALIFORNIA 1,940,94402,SAN MATEO CA SDC,1630 S DELAWARE ST,SAN MATEO,CA,94402,9906,,021245,4
WESTPAC,4E,CALIFORNIA 1,940,94403,25TH AVENUE,135 W 25TH AVE,SAN MATEO,CA,94403,9991,,Z20012,S
WESTPAC,4E,CALIFORNIA 1,940,94403,SAN MATEO CA SDC,1630 S DELAWARE ST,SAN MATEO,CA,94402,9906,,021245,4
WESTPAC,4E,CALIFORNIA 1,940,94404,FOSTER CITY,750 ALMA LN STE 100,FOSTER CITY,CA,94404,2598,,018837,B
WESTPAC,4E,CALIFORNIA 1,940,94404,SAN MATEO CA SDC,1630 S DELAWARE ST,SAN MATEO,CA,94402,9906,,021245,4
WESTPAC,4E,CALIFORNIA 2,956,94501,ALAMEDA,2201 SHORELINE DR,ALAMEDA,CA,94501,6200,,Z20043,P
WESTPAC,4E,CALIFORNIA 2,956,94501,COAST GUARD ISLAND,2 EAGLE RD BLDG 22,ALAMEDA,CA,94501,5100,,Z20657,S
WESTPAC,4E,CALIFORNIA 2,956,94501,WEBSTER STREET,1415 WEBSTER ST,ALAMEDA,CA,94501,9994,,Z23803,S
WESTPAC,4E,CALIFORNIA 2,956,94502,ALAMEDA,2201 SHORELINE DR,ALAMEDA,CA,94501,6200,,Z20043,P
WESTPAC,4E,CALIFORNIA 2,956,94503,AMERICAN CANYON,310 CRAWFORD WAY,AMERICAN CANYON,CA,94503,9991,,Z20088,B
WESTPAC,4E,CALIFORNIA 2,956,94503,VALLEJO,2635 NAPA ST,VALLEJO,CA,94590,9998,,Z23695,P
WESTPAC,4E,CALIFORNIA 2,956,94505,BYRON CA DISCOVERY BAY,3345 BIXLER RD,DISCOVERY BAY,CA,94505,2231,,Z24792,S
WESTPAC,4E,CALIFORNIA 2,956,94506,DANVILLE,2605 CAMINO TASSAJARA,DANVILLE,CA,94526,9998,,Z20832,P
WESTPAC,4E,CALIFORNIA 2,956,94507,ALAMO,160 ALAMO PLZ,ALAMO,CA,94507,9998,,Z20045,P
WESTPAC,4E,CALIFORNIA 2,956,94508,ANGWIN,5 ANGWIN PLZ,ANGWIN,CA,94508,9997,,Z20105,P
WESTPAC,4E,CALIFORNIA 2,956,94509,ANTIOCH,2730 W TREGALLAS RD,ANTIOCH,CA,94509,9998,,Z20110,P
WESTPAC,4E,CALIFORNIA 2,956,94509,RIVERTOWN,420 W 4TH ST,ANTIOCH,CA,94509,9991,,Z22687,S
WESTPAC,4E,CALIFORNIA 2,956,94510,BENICIA,290 E L ST,BENICIA,CA,94510,9998,,Z20249,P
WESTPAC,4E,CALIFORNIA 2,956,94511,BETHEL ISLAND,6444 BETHEL ISLAND RD,BETHEL ISLAND,CA,94511,5200,P,Z20257,P
WESTPAC,4E,CALIFORNIA 2,956,94512,SUISUN CITY,325 MERGANSER DR,SUISUN CITY,CA,94585,9998,,Z23475,P
WESTPAC,4E,CALIFORNIA 2,956,94513,BRENTWOOD,18 OAK ST,BRENTWOOD,CA,94513,9998,,Z20352,P
WESTPAC,4E,CALIFORNIA 2,956,94514,BYRON,3852 MAIN ST,BYRON,CA,94514,5100,,Z20411,P
WESTPAC,4E,CALIFORNIA 2,956,94514,BYRON CA DISCOVERY BAY,3345 BIXLER RD,DISCOVERY BAY,CA,94505,2231,,Z24792,S
WESTPAC,4E,CALIFORNIA 2,956,94515,CALISTOGA,1013 WASHINGTON ST,CALISTOGA,CA,94515,9998,,Z20457,P
WESTPAC,4E,CALIFORNIA 2,956,94516,CANYON,99 PINEHURST RD,CANYON,CA,94516,9800,P,Z20490,P
WESTPAC,4E,CALIFORNIA 2,956,94517,CLAYTON,6150 CENTER ST,CLAYTON,CA,94517,9998,,Z20634,P
WESTPAC,4E,CALIFORNIA 2,956,94518,CONCORD,2121 MERIDIAN PARK BLVD,CONCORD,CA,94520,9998,,Z20691,P
WESTPAC,4E,CALIFORNIA 2,956,94519,CONCORD,2121 MERIDIAN PARK BLVD,CONCORD,CA,94520,9998,,Z20691,P
WESTPAC,4E,CALIFORNIA 2,956,94520,CONCORD,2121 MERIDIAN PARK BLVD,CONCORD,CA,94520,9998,,Z20691,P
WESTPAC,4E,CALIFORNIA 2,956,94521,CASA CORREO,4494 TREAT BLVD,CONCORD,CA,94521,9991,,Z20529,S
WESTPAC,4E,CALIFORNIA 2,956,94521,CONCORD,2121 MERIDIAN PARK BLVD,CONCORD,CA,94520,9998,,Z20691,P
WESTPAC,4E,CALIFORNIA 2,956,94522,TODOS SANTOS,2043 EAST ST,CONCORD,CA,94520,9991,P,Z23583,S
WESTPAC,4E,CALIFORNIA 2,956,94523,CONCORD,2121 MERIDIAN PARK BLVD,CONCORD,CA,94520,9998,,Z20691,P
WESTPAC,4E,CALIFORNIA 2,956,94523,PLEASANT HILL,1945 CONTRA COSTA BLVD,PLEASANT HILL,CA,94523,9991,,Z22520,B
WESTPAC,4E,CALIFORNIA 2,956,94524,CONCORD,2121 MERIDIAN PARK BLVD,CONCORD,CA,94520,9998,P,Z20691,P
WESTPAC,4E,CALIFORNIA 2,956,94525,CROCKETT,695 POMONA ST,CROCKETT,CA,94525,1428,,Z20795,P
WESTPAC,4E,CALIFORNIA 2,956,94526,DANVILLE,2605 CAMINO TASSAJARA,DANVILLE,CA,94526,9998,,Z20832,P
WESTPAC,4E,CALIFORNIA 2,956,94526,DANVILLE SQUARE,23 RAILROAD AVE,DANVILLE,CA,94526,3881,,010388,S
WESTPAC,4E,CALIFORNIA 2,956,94528,DIABLO,1701 EL NIDO,DIABLO,CA,94528,9800,P,Z20881,P
WESTPAC,4E,CALIFORNIA 2,956,94530,EL CERRITO CARRIER ANNEX,11245 SAN PABLO AVE,EL CERRITO,CA,94530,9992,,Z20520,4
WESTPAC,4E,CALIFORNIA 2,956,94530,EL CERRITO,11135 SAN PABLO AVE,EL CERRITO,CA,94530,9998,,Z21015,P
WESTPAC,4E,CALIFORNIA 2,956,94530,FAIRMOUNT,6324 FAIRMOUNT AVE,EL CERRITO,CA,94530,3651,,Z21084,S
WESTPAC,4E,CALIFORNIA 2,956,94531,ANTIOCH,2730 W TREGALLAS RD,ANTIOCH,CA,94509,9998,,Z20110,P
WESTPAC,4E,CALIFORNIA 2,956,94533,FAIRFIELD,600 KENTUCKY ST,FAIRFIELD,CA,94533,9998,,Z21080,P
WESTPAC,4E,CALIFORNIA 2,956,94533,FAIRFIELD DETACHED DEL UNIT,325 MERGANSER DR,SUISUN CITY,CA,94585,3402,,011218,4
WESTPAC,4E,CALIFORNIA 2,956,94534,FAIRFIELD,600 KENTUCKY ST,FAIRFIELD,CA,94533,9998,,Z21080,P
WESTPAC,4E,CALIFORNIA 2,956,94534,FAIRFIELD DETACHED DEL UNIT,325 MERGANSER DR,SUISUN CITY,CA,94585,3402,,011218,4
WESTPAC,4E,CALIFORNIA 2,956,94535,FAIRFIELD,600 KENTUCKY ST,FAIRFIELD,CA,94533,9998,,Z21080,P
WESTPAC,4E,CALIFORNIA 2,956,94535,TRAVIS AFB,465 SKYMASTER CIR,TRAVIS AFB,CA,94535,9991,,Z23611,B
WESTPAC,4E,CALIFORNIA 2,956,94536,FREMONT,37010 DUSTERBERRY WAY,FREMONT,CA,94536,9998,,Z21203,P
WESTPAC,4E,CALIFORNIA 2,956,94536,NILES,160 J ST,FREMONT,CA,94536,9991,,Z22174,S
WESTPAC,4E,CALIFORNIA 2,956,94537,FREMONT,37010 DUSTERBERRY WAY,FREMONT,CA,94536,9998,P,Z21203,P
WESTPAC,4E,CALIFORNIA 2,956,94538,IRVINGTON,41041 TRIMBOLI WAY,FREMONT,CA,94538,4832,,Z21531,S
WESTPAC,4E,CALIFORNIA 2,956,94539,MISSION SAN JOSE,43456 ELLSWORTH ST,FREMONT,CA,94539,5856,,Z22009,S
WESTPAC,4E,CALIFORNIA 2,956,94539,WARM SPRINGS,240 FRANCISCO LN,FREMONT,CA,94539,7970,,Z23785,S
WESTPAC,4E,CALIFORNIA 2,956,94539,FREMONT DETACHED DEL UNIT,4260 BUSINESS CENTER DR,FREMONT,CA,94538,9989,,Z24435,4
WESTPAC,4E,CALIFORNIA 2,956,94540,HAYWARD CA SDC,24438 SANTA CLARA ST,HAYWARD,CA,94544,9910,P,021233,4
WESTPAC,4E,CALIFORNIA 2,956,94541,HAYWARD CA SDC,24438 SANTA CLARA ST,HAYWARD,CA,94544,9910,,021233,4
WESTPAC,4E,CALIFORNIA 2,956,94542,HAYWARD CA SDC,24438 SANTA CLARA ST,HAYWARD,CA,94544,9910,,021233,4
WESTPAC,4E,CALIFORNIA 2,956,94543,BRADFORD,822 C ST,HAYWARD,CA,94541,5121,P,Z20345,S
WESTPAC,4E,CALIFORNIA 2,956,94544,HAYWARD CA SDC,24438 SANTA CLARA ST,HAYWARD,CA,94544,9910,,021233,4
WESTPAC,4E,CALIFORNIA 2,956,94545,HAYWARD CA SDC,24438 SANTA CLARA ST,HAYWARD,CA,94544,9910,,021233,4
WESTPAC,4E,CALIFORNIA 2,956,94546,CASTRO VALLEY,20283 SANTA MARIA AVE,CASTRO VALLEY,CA,94546,9998,,Z20540,B
WESTPAC,4E,CALIFORNIA 2,956,94547,HERCULES,1611 SYCAMORE AVE,HERCULES,CA,94547,1707,,Z21411,B
WESTPAC,4E,CALIFORNIA 2,956,94547,RODEO,499 PARKER AVE,RODEO,CA,94572,1457,,Z22701,P
WESTPAC,4E,CALIFORNIA 2,956,94548,KNIGHTSEN,3019 KNIGHTSEN AVE,KNIGHTSEN,CA,94548,9800,P,Z21605,P
WESTPAC,4E,CALIFORNIA 2,956,94549,LAFAYETTE,3641 MT DIABLO BLVD,LAFAYETTE,CA,94549,3767,,Z21640,P
WESTPAC,4E,CALIFORNIA 2,956,94549,LAFAYETTE CARRIER ANNEX,3426 MT DIABLO BLVD,LAFAYETTE,CA,94549,3980,,000609,4
WESTPAC,4E,CALIFORNIA 2,956,94550,LIVERMORE CA SDC,2090 LAS POSITAS CT,LIVERMORE,CA,94550,9912,,021231,4
WESTPAC,4E,CALIFORNIA 2,956,94551,LIVERMORE,220 S LIVERMORE AVE,LIVERMORE,CA,94550,9998,,Z21754,P
WESTPAC,4E,CALIFORNIA 2,956,94551,LIVERMORE CA SDC,2090 LAS POSITAS CT,LIVERMORE,CA,94550,9912,,021231,4
WESTPAC,4E,CALIFORNIA 2,956,94552,CASTRO VALLEY,20283 SANTA MARIA AVE,CASTRO VALLEY,CA,94546,9998,,Z20540,B
WESTPAC,4E,CALIFORNIA 2,956,94553,COURT,815 COURT ST,MARTINEZ,CA,94553,9991,,Z20771,S
WESTPAC,4E,CALIFORNIA 2,956,94553,MARTINEZ,4100 ALHAMBRA AVE,MARTINEZ,CA,94553,9998,,Z21907,P
WESTPAC,4E,CALIFORNIA 2,956,94555,FREMONT,37010 DUSTERBERRY WAY,FREMONT,CA,94536,9998,,Z21203,P
WESTPAC,4E,CALIFORNIA 2,956,94556,MORAGA,460 CENTER ST,MORAGA,CA,94556,9998,,Z22059,P
WESTPAC,4E,CALIFORNIA 2,956,94557,MOUNT EDEN,2163 ALDENGATE WAY,HAYWARD,CA,94545,9998,P,Z22077,B
WESTPAC,4E,CALIFORNIA 2,956,94558,NAPA,1625 TRANCAS ST,NAPA,CA,94558,9998,,Z22120,P
WESTPAC,4E,CALIFORNIA 2,956,94559,NAPA,1625 TRANCAS ST,NAPA,CA,94558,9998,,Z22120,P
WESTPAC,4E,CALIFORNIA 2,956,94559,FRANKLIN,1436 2ND ST,NAPA,CA,94559,2953,,017756,S
WESTPAC,4E,CALIFORNIA 2,956,94560,NEWARK,6655 CLARK AVE,NEWARK,CA,94560,9998,,Z22151,P
WESTPAC,4E,CALIFORNIA 2,956,94561,OAKLEY,400 DEL ANTICO AVE,OAKLEY,CA,94561,5710,,Z22297,P
WESTPAC,4E,CALIFORNIA 2,956,94562,YOUNTVILLE,6514 WASHINGTON ST,YOUNTVILLE,CA,94599,5000,P,Z23954,P
WESTPAC,4E,CALIFORNIA 2,956,94563,ORINDA,29 ORINDA WAY,ORINDA,CA,94563,9998,,Z22350,P
WESTPAC,4E,CALIFORNIA 2,956,94564,PINOLE,2101 PEAR ST,PINOLE,CA,94564,9998,,Z22492,P
WESTPAC,4E,CALIFORNIA 2,956,94565,ATLANTIC PLAZA,296 ATLANTIC AVE,PITTSBURG,CA,94565,9993,,Z20148,S
WESTPAC,4E,CALIFORNIA 2,956,94565,PITTSBURG,835 RAILROAD AVE,PITTSBURG,CA,94565,9998,,Z22501,P
WESTPAC,4E,CALIFORNIA 2,956,94565,BAY POINT,646 PORT CHICAGO HWY,BAY POINT,CA,94565,9991,,Z22955,B
WESTPAC,4E,CALIFORNIA 2,956,94566,PLEASANTON,4300 BLACK AVE,PLEASANTON,CA,94566,9998,,Z22523,P
WESTPAC,4E,CALIFORNIA 2,956,94567,POPE VALLEY,5850 POPE VALLEY RD,POPE VALLEY,CA,94567,9800,,Z22539,P
WESTPAC,4E,CALIFORNIA 2,956,94567,SAINT HELENA,1461 MAIN ST,SAINT HELENA,CA,94574,9998,,Z22766,P
WESTPAC,4E,CALIFORNIA 2,956,94568,DUBLIN,6937 VILLAGE PKWY,DUBLIN,CA,94568,2405,,Z20939,B
WESTPAC,4E,CALIFORNIA 2,956,94568,SAN RAMON CA SDC,12935 ALCOSTA BLVD,SAN RAMON,CA,94583,9705,,021494,4
WESTPAC,4E,CALIFORNIA 2,956,94569,PORT COSTA,3 CANYON LAKE DR,PORT COSTA,CA,94569,9800,P,Z22542,P
WESTPAC,4E,CALIFORNIA 2,956,94570,MORAGA,460 CENTER ST,MORAGA,CA,94556,9998,P,Z22059,P
WESTPAC,4E,CALIFORNIA 2,956,94571,RIO VISTA,140 SACRAMENTO ST,RIO VISTA,CA,94571,9998,,Z22675,P
WESTPAC,4E,CALIFORNIA 2,956,94572,RODEO,499 PARKER AVE,RODEO,CA,94572,1457,,Z22701,P
WESTPAC,4E,CALIFORNIA 2,956,94573,RUTHERFORD,1190 RUTHERFORD RD,RUTHERFORD,CA,94573,9800,P,Z22742,P
WESTPAC,4E,CALIFORNIA 2,956,94574,SAINT HELENA,1461 MAIN ST,SAINT HELENA,CA,94574,9998,,Z22766,P
WESTPAC,4E,CALIFORNIA 2,956,94576,ANGWIN,5 ANGWIN PLZ,ANGWIN,CA,94508,9997,,Z20105,P
WESTPAC,4E,CALIFORNIA 2,956,94577,ESTUDILLO,1319 WASHINGTON AVE,SAN LEANDRO,CA,94577,9991,,Z21068,S
WESTPAC,4E,CALIFORNIA 2,956,94577,SAN LEANDRO,1777 ABRAM CT,SAN LEANDRO,CA,94577,9998,,Z22824,P
WESTPAC,4E,CALIFORNIA 2,956,94578,SOUTH SAN LEANDRO,14500 E 14TH ST,SAN LEANDRO,CA,94578,9991,,Z23068,S
WESTPAC,4E,CALIFORNIA 2,956,94579,SAN LEANDRO,1777 ABRAM CT,SAN LEANDRO,CA,94577,9998,,Z22824,P
WESTPAC,4E,CALIFORNIA 2,956,94579,WASHINGTON MANOR,921 MANOR BLVD,SAN LEANDRO,CA,94579,1609,,Z23794,S
WESTPAC,4E,CALIFORNIA 2,956,94580,SAN LORENZO,15808 HESPERIAN BLVD,SAN LORENZO,CA,94580,9998,,Z22825,P
WESTPAC,4E,CALIFORNIA 2,956,94580,SOUTH SAN LEANDRO,14500 E 14TH ST,SAN LEANDRO,CA,94578,9991,,Z23068,S
WESTPAC,4E,CALIFORNIA 2,956,94581,WINE VALLEY DPOBU,820 RANDOLPH ST,NAPA,CA,94559,9998,P,017795,6
WESTPAC,4E,CALIFORNIA 2,956,94582,SAN RAMON CA SDC,12935 ALCOSTA BLVD,SAN RAMON,CA,94583,9705,,021494,4
WESTPAC,4E,CALIFORNIA 2,956,94583,SAN RAMON CA SDC,12935 ALCOSTA BLVD,SAN RAMON,CA,94583,9705,,021494,4
WESTPAC,4E,CALIFORNIA 2,956,94585,SUISUN CITY,325 MERGANSER DR,SUISUN CITY,CA,94585,9998,,Z23475,P
WESTPAC,4E,CALIFORNIA 2,956,94586,SUNOL,11925 MAIN ST,SUNOL,CA,94586,9483,,Z23493,P
WESTPAC,4E,CALIFORNIA 2,956,94587,ALVARADO,3861 SMITH ST,UNION CITY,CA,94587,9991,,Z20080,S
WESTPAC,4E,CALIFORNIA 2,956,94587,UNION CITY,33170 ALVARADO NILES RD,UNION CITY,CA,94587,9998,,Z23660,P
WESTPAC,4E,CALIFORNIA 2,956,94588,HACIENDA,4682 CHABOT DR,PLEASANTON,CA,94588,2747,,Z21360,S
WESTPAC,4E,CALIFORNIA 2,956,94588,PLEASANTON,4300 BLACK AVE,PLEASANTON,CA,94566,9998,,Z22523,P
WESTPAC,4E,CALIFORNIA 2,956,94589,VALLEJO,2635 NAPA ST,VALLEJO,CA,94590,9998,,Z23695,P
WESTPAC,4E,CALIFORNIA 2,956,94590,VALLEJO,2635 NAPA ST,VALLEJO,CA,94590,9998,,Z23695,P
WESTPAC,4E,CALIFORNIA 2,956,94590,A STATION VALLEJO,629 MARIN ST,VALLEJO,CA,94590,5936,,017755,S
WESTPAC,4E,CALIFORNIA 2,956,94591,SPRINGSTOWNE,100 ADMIRAL CALLAGHAN LN,VALLEJO,CA,94591,9991,,Z23088,S
WESTPAC,4E,CALIFORNIA 2,956,94592,VALLEJO,2635 NAPA ST,VALLEJO,CA,94590,9998,,Z23695,P
WESTPAC,4E,CALIFORNIA 2,956,94595,ROSSMOOR,1922 TICE VALLEY BLVD,WALNUT CREEK,CA,94595,9990,,Z24734,S
WESTPAC,4E,CALIFORNIA 2,956,94595,WALNUT CREEK CA SDC,2070 N BROADWAY,WALNUT CREEK,CA,94596,9991,,021234,4
WESTPAC,4E,CALIFORNIA 2,956,94596,WALNUT CREEK CA SDC,2070 N BROADWAY,WALNUT CREEK,CA,94596,9991,,021234,4
WESTPAC,4E,CALIFORNIA 2,956,94597,WALNUT CREEK CA SDC,2070 N BROADWAY,WALNUT CREEK,CA,94596,9991,,021234,4
WESTPAC,4E,CALIFORNIA 2,956,94598,YGNACIO VALLEY,2244 OAK GROVE RD,WALNUT CREEK,CA,94598,9991,,Z23941,S
WESTPAC,4E,CALIFORNIA 2,956,94598,WALNUT CREEK CA SDC,2070 N BROADWAY,WALNUT CREEK,CA,94596,9991,,021234,4
WESTPAC,4E,CALIFORNIA 2,956,94599,VETERANS HOME,260 CALIFORNIA DR,YOUNTVILLE,CA,94599,1412,,Z23729,S
WESTPAC,4E,CALIFORNIA 2,956,94599,YOUNTVILLE,6514 WASHINGTON ST,YOUNTVILLE,CA,94599,5000,,Z23954,P
WESTPAC,4E,CALIFORNIA 2,956,94601,AIRPORT OAKLAND,8495 PARDEE DR,OAKLAND,CA,94621,9991,,Z20039,S
WESTPAC,4E,CALIFORNIA 2,956,94601,FRUITVALE,1445 34TH AVE,OAKLAND,CA,94601,3023,,Z21223,S
WESTPAC,4E,CALIFORNIA 2,956,94602,DIMOND,2226 MACARTHUR BLVD,OAKLAND,CA,94602,9991,,Z20891,S
WESTPAC,4E,CALIFORNIA 2,956,94602,WEST GRAND CARRIER ANNEX,577 W GRAND AVE,OAKLAND,CA,94612,9995,,Z23820,4
WESTPAC,4E,CALIFORNIA 2,956,94603,AIRPORT OAKLAND,8495 PARDEE DR,OAKLAND,CA,94621,9991,,Z20039,S
WESTPAC,4E,CALIFORNIA 2,956,94604,CIVIC CENTER OAKLAND,201 13TH ST OFC,OAKLAND,CA,94612,9991,P,Z20624,S
WESTPAC,4E,CALIFORNIA 2,956,94605,EASTMONT,8033 MACARTHUR BLVD,OAKLAND,CA,94605,9991,,Z20989,S
WESTPAC,4E,CALIFORNIA 2,956,94606,CIVIC CENTER OAKLAND,201 13TH ST OFC,OAKLAND,CA,94612,9991,,Z20624,S
WESTPAC,4E,CALIFORNIA 2,956,94607,CIVIC CENTER OAKLAND,201 13TH ST OFC,OAKLAND,CA,94612,9991,,Z20624,S
WESTPAC,4E,CALIFORNIA 2,956,94608,EMERYVILLE,1585 62ND ST,EMERYVILLE,CA,94608,2039,,Z21052,B
WESTPAC,4E,CALIFORNIA 2,956,94609,NORTH OAKLAND,4900 SHATTUCK AVE,OAKLAND,CA,94609,2031,,Z22208,S
WESTPAC,4E,CALIFORNIA 2,956,94610,GRAND LAKE,490 LAKE PARK AVE,OAKLAND,CA,94610,9991,,Z21311,S
WESTPAC,4E,CALIFORNIA 2,956,94610,WEST GRAND CARRIER ANNEX,577 W GRAND AVE,OAKLAND,CA,94612,9995,,Z23820,4
WESTPAC,4E,CALIFORNIA 2,956,94611,PIEDMONT,195 41ST ST,OAKLAND,CA,94611,9991,,Z22470,B
WESTPAC,4E,CALIFORNIA 2,956,94612,CIVIC CENTER OAKLAND,201 13TH ST OFC,OAKLAND,CA,94612,9991,,Z20624,S
WESTPAC,4E,CALIFORNIA 2,956,94612,BYRON RUMFORD,1301 CLAY ST,OAKLAND,CA,94612,5200,,Z20823,S
WESTPAC,4E,CALIFORNIA 2,956,94614,AIRPORT OAKLAND,8495 PARDEE DR,OAKLAND,CA,94621,9991,P,Z20039,S
WESTPAC,4E,CALIFORNIA 2,956,94618,WEST GRAND CARRIER ANNEX,577 W GRAND AVE,OAKLAND,CA,94612,9995,,Z23820,4
WESTPAC,4E,CALIFORNIA 2,956,94619,LAUREL,3630 HIGH ST,OAKLAND,CA,94619,2158,,Z21701,S
WESTPAC,4E,CALIFORNIA 2,956,94620,CRESTMONT DPOBU,4192 PIEDMONT AVE,OAKLAND,CA,94611,9992,P,014833,6
WESTPAC,4E,CALIFORNIA 2,956,94621,AIRPORT OAKLAND,8495 PARDEE DR,OAKLAND,CA,94621,9991,,Z20039,S
WESTPAC,4E,CALIFORNIA 2,956,94623,OAKLAND,1675 7TH ST RM 236,OAKLAND,CA,94615,9997,P,Z22296,P
WESTPAC,4E,CALIFORNIA 2,956,94624,MARCUS FOSTER,9201 INTERNATIONAL BLVD,OAKLAND,CA,94603,1401,P,Z21881,S
WESTPAC,4E,CALIFORNIA 2,956,94661,STATION E,1954 MOUNTAIN BLVD,OAKLAND,CA,94611,2813,P,Z20950,S
WESTPAC,4E,CALIFORNIA 2,956,94662,EMERYVILLE,1585 62ND ST,EMERYVILLE,CA,94608,2039,P,Z21052,B
WESTPAC,4E,CALIFORNIA 2,956,94701,BERKELEY,2000 ALLSTON WAY,BERKELEY,CA,94704,9998,P,Z20251,P
WESTPAC,4E,CALIFORNIA 2,956,94702,A STATION BERKELEY,2111 SAN PABLO AVE,BERKELEY,CA,94702,9991,,Z20005,S
WESTPAC,4E,CALIFORNIA 2,956,94702,BERKELEY CA SDC,1150 8TH ST,BERKELEY,CA,94710,9934,,021230,4
WESTPAC,4E,CALIFORNIA 2,956,94703,A STATION BERKELEY,2111 SAN PABLO AVE,BERKELEY,CA,94702,9991,,Z20005,S
WESTPAC,4E,CALIFORNIA 2,956,94703,SOUTH BERKELEY,3175 ADELINE ST,BERKELEY,CA,94703,9991,,Z23050,S
WESTPAC,4E,CALIFORNIA 2,956,94704,SATHER GATE,2515 1/2 DURANT AVE,BERKELEY,CA,94704,9991,,Z22889,S
WESTPAC,4E,CALIFORNIA 2,956,94704,BERKELEY CA SDC,1150 8TH ST,BERKELEY,CA,94710,9934,,021230,4
WESTPAC,4E,CALIFORNIA 2,956,94705,ELMWOOD,2705 WEBSTER ST,BERKELEY,CA,94705,9991,,Z21047,S
WESTPAC,4E,CALIFORNIA 2,956,94706,ALBANY,1191 SOLANO AVE,ALBANY,CA,94706,1682,,Z20046,B
WESTPAC,4E,CALIFORNIA 2,956,94706,BERKELEY CA SDC,1150 8TH ST,BERKELEY,CA,94710,9934,,021230,4
WESTPAC,4E,CALIFORNIA 2,956,94707,LANDSCAPE,1831 SOLANO AVE,BERKELEY,CA,94707,9991,,Z21687,S
WESTPAC,4E,CALIFORNIA 2,956,94707,BERKELEY CA SDC,1150 8TH ST,BERKELEY,CA,94710,9934,,021230,4
WESTPAC,4E,CALIFORNIA 2,956,94708,BERKELEY CA SDC,1150 8TH ST,BERKELEY,CA,94710,9934,,021230,4
WESTPAC,4E,CALIFORNIA 2,956,94709,NORTH BERKELEY,1521 SHATTUCK AVE,BERKELEY,CA,94709,9991,,Z22192,S
WESTPAC,4E,CALIFORNIA 2,956,94709,BERKELEY CA SDC,1150 8TH ST,BERKELEY,CA,94710,9934,,021230,4
WESTPAC,4E,CALIFORNIA 2,956,94710,BERKELEY CA SDC,1150 8TH ST,BERKELEY,CA,94710,9934,,021230,4
WESTPAC,4E,CALIFORNIA 2,956,94712,BERKELEY,2000 ALLSTON WAY,BERKELEY,CA,94704,9998,P,Z20251,P
WESTPAC,4E,CALIFORNIA 2,956,94801,MC VITTIE ANNEX,2100 CHANSLOR AVE,RICHMOND,CA,94804,9991,,Z21919,4
WESTPAC,4E,CALIFORNIA 2,956,94802,RICHMOND,1025 NEVIN AVE,RICHMOND,CA,94801,3100,P,Z22658,P
WESTPAC,4E,CALIFORNIA 2,956,94803,EL SOBRANTE,535 APPIAN WAY,EL SOBRANTE,CA,94803,9991,,Z21030,B
WESTPAC,4E,CALIFORNIA 2,956,94804,MC VITTIE ANNEX,2100 CHANSLOR AVE,RICHMOND,CA,94804,9991,,Z21919,4
WESTPAC,4E,CALIFORNIA 2,956,94805,MIRA VISTA,12651 SAN PABLO AVE,RICHMOND,CA,94805,9991,,Z21992,S
WESTPAC,4E,CALIFORNIA 2,956,94805,HILLTOP CARRIER ANNEX,4180 LAKESIDE DR,SAN PABLO,CA,94806,9992,,Z24706,4
WESTPAC,4E,CALIFORNIA 2,956,94806,SAN PABLO,2080 23RD ST,SAN PABLO,CA,94806,3667,,Z22836,B
WESTPAC,4E,CALIFORNIA 2,956,94806,HILLTOP CARRIER ANNEX,4180 LAKESIDE DR,SAN PABLO,CA,94806,9992,,Z24706,4
WESTPAC,4E,CALIFORNIA 2,956,94807,POINT RICHMOND,104 WASHINGTON AVE,RICHMOND,CA,94801,9991,P,Z22534,S
WESTPAC,4E,CALIFORNIA 2,956,94808,RICHMOND,1025 NEVIN AVE,RICHMOND,CA,94801,3100,P,Z22658,P
WESTPAC,4E,CALIFORNIA 2,956,94820,EL SOBRANTE,535 APPIAN WAY,EL SOBRANTE,CA,94803,9991,P,Z21030,B
WESTPAC,4E,CALIFORNIA 1,940,94901,SAN RAFAEL,40 BELLAM BLVD,SAN RAFAEL,CA,94901,5333,,Z22839,P
WESTPAC,4E,CALIFORNIA 1,940,94903,SAN RAFAEL,40 BELLAM BLVD,SAN RAFAEL,CA,94901,5333,,Z22839,P
WESTPAC,4E,CALIFORNIA 1,940,94903,TERRA LINDA,603 DEL GANADO RD,SAN RAFAEL,CA,94903,9991,,Z23554,S
WESTPAC,4E,CALIFORNIA 1,940,94904,SAN RAFAEL,40 BELLAM BLVD,SAN RAFAEL,CA,94901,5333,,Z22839,P
WESTPAC,4E,CALIFORNIA 1,940,94912,SAN RAFAEL,40 BELLAM BLVD,SAN RAFAEL,CA,94901,5333,P,Z22839,P
WESTPAC,4E,CALIFORNIA 1,940,94913,CIVIC CENTER SAN RAFAEL,2 CIVIC CENTER DR,SAN RAFAEL,CA,94903,9992,P,Z20625,S
WESTPAC,4E,CALIFORNIA 1,940,94914,KENTFIELD,822 COLLEGE AVE,KENTFIELD,CA,94904,9991,P,Z21581,B
WESTPAC,4E,CALIFORNIA 1,940,94915,MISSION RAFAEL,910 D ST,SAN RAFAEL,CA,94901,9991,P,Z22008,S
WESTPAC,4E,CALIFORNIA 1,940,94920,BELVEDERE TIBURON,6 BEACH RD,BELVEDERE TIBURON,CA,94920,2366,,Z20246,P
WESTPAC,4E,CALIFORNIA 1,940,94922,BODEGA,17208 BODEGA HWY,BODEGA,CA,94922,9900,,Z20307,P
WESTPAC,4E,CALIFORNIA 1,940,94923,BODEGA BAY,537 SMITH BROTHERS RD,BODEGA BAY,CA,94923,9775,,Z20308,P
WESTPAC,4E,CALIFORNIA 1,940,94924,BOLINAS,20 BRIGHTON AVE,BOLINAS,CA,94924,9998,,Z20310,P
WESTPAC,4E,CALIFORNIA 1,940,94925,CORTE MADERA CIVIC 25,2 CIVIC CENTER DR,SAN RAFAEL,CA,94903,9993,,021757,Z
WESTPAC,4E,CALIFORNIA 1,940,94927,ROHNERT PARK,150 RALEYS TOWNE CTR,ROHNERT PARK,CA,94928,2477,P,Z22704,B
WESTPAC,4E,CALIFORNIA 1,940,94928,ROHNERT PARK,150 RALEYS TOWNE CTR,ROHNERT PARK,CA,94928,2477,,Z22704,B
WESTPAC,4E,CALIFORNIA 1,940,94929,DILLON BEACH,52 CYPRESS AVE,DILLON BEACH,CA,94929,9600,P,Z20889,P
WESTPAC,4E,CALIFORNIA 1,940,94930,SAN ANSELMO,121 SAN ANSELMO AVE,SAN ANSELMO,CA,94960,2857,,Z22782,P
WESTPAC,4E,CALIFORNIA 1,940,94931,COTATI,502 E COTATI AVE,COTATI,CA,94931,9991,,Z20766,P
WESTPAC,4E,CALIFORNIA 1,940,94931,ROHNERT PARK,150 RALEYS TOWNE CTR,ROHNERT PARK,CA,94928,2477,,Z22704,B
WESTPAC,4E,CALIFORNIA 1,940,94933,FOREST KNOLLS,6 CASTRO ST,FOREST KNOLLS,CA,94933,9100,P,Z21162,P
WESTPAC,4E,CALIFORNIA 1,940,94937,INVERNESS,12781 SIR FRANCIS DRAKE BLVD,INVERNESS,CA,94937,9716,,Z21521,P
WESTPAC,4E,CALIFORNIA 1,940,94938,LAGUNITAS,7120 SIR FRANCIS DRAKE BLVD,LAGUNITAS,CA,94938,8900,P,Z21649,P
WESTPAC,4E,CALIFORNIA 1,940,94939,CORTE MADERA MISSION 39,910 D ST,SAN RAFAEL,CA,94901,9995,,021758,Z
WESTPAC,4E,CALIFORNIA 1,940,94940,MARSHALL,19200 HIGHWAY 1,MARSHALL,CA,94940,9720,,Z21905,P
WESTPAC,4E,CALIFORNIA 1,940,94941,MILL VALLEY,751 E BLITHEDALE AVE,MILL VALLEY,CA,94941,1515,,Z21975,P
WESTPAC,4E,CALIFORNIA 1,940,94942,MILL VALLEY,751 E BLITHEDALE AVE,MILL VALLEY,CA,94941,1515,P,Z21975,P
WESTPAC,4E,CALIFORNIA 1,940,94945,NOVATO,1537 S NOVATO BLVD,NOVATO,CA,94947,4111,,Z22229,P
WESTPAC,4E,CALIFORNIA 1,940,94946,NICASIO,1 OLD RANCHERIA RD,NICASIO,CA,94946,9701,,Z22168,P
WESTPAC,4E,CALIFORNIA 1,940,94947,NOVATO,1537 S NOVATO BLVD,NOVATO,CA,94947,4111,,Z22229,P
WESTPAC,4E,CALIFORNIA 1,940,94948,NOVATO,1537 S NOVATO BLVD,NOVATO,CA,94947,4111,P,Z22229,P
WESTPAC,4E,CALIFORNIA 1,940,94948,BEL MARIN KEYS DBU,390 BEL MARIN KEYS BLVD STE 0,NOVATO,CA,94949,5635,P,012299,6
WESTPAC,4E,CALIFORNIA 1,940,94949,NOVATO,1537 S NOVATO BLVD,NOVATO,CA,94947,4111,,Z22229,P
WESTPAC,4E,CALIFORNIA 1,940,94950,POINT REYES STATION,11260 HIGHWAY 1,POINT REYES STATION,CA,94956,9748,P,Z22532,P
WESTPAC,4E,CALIFORNIA 1,940,94951,PENNGROVE,11041 MAIN ST,PENNGROVE,CA,94951,8756,,Z22449,P
WESTPAC,4E,CALIFORNIA 1,940,94952,CASA GRANDE ANNEX,1601 CORPORATE CIR,PETALUMA,CA,94954,9991,,000261,4
WESTPAC,4E,CALIFORNIA 1,940,94953,PETALUMA,120 4TH ST,PETALUMA,CA,94952,9998,P,Z22457,P
WESTPAC,4E,CALIFORNIA 1,940,94954,CASA GRANDE ANNEX,1601 CORPORATE CIR,PETALUMA,CA,94954,9991,,000261,4
WESTPAC,4E,CALIFORNIA 1,940,94955,CASA GRANDE ANNEX,1601 CORPORATE CIR,PETALUMA,CA,94954,9991,P,000261,4
WESTPAC,4E,CALIFORNIA 1,940,94956,POINT REYES STATION,11260 HIGHWAY 1,POINT REYES STATION,CA,94956,9748,,Z22532,P
WESTPAC,4E,CALIFORNIA 1,940,94957,ROSS,1 ROSS CMN,ROSS,CA,94957,9998,P,Z22721,P
WESTPAC,4E,CALIFORNIA 1,940,94960,SAN ANSELMO,121 SAN ANSELMO AVE,SAN ANSELMO,CA,94960,2857,,Z22782,P
WESTPAC,4E,CALIFORNIA 1,940,94963,SAN GERONIMO,630 SAN GERONIMO VALLEY DR,SAN GERONIMO,CA,94963,9998,P,Z22808,P
WESTPAC,4E,CALIFORNIA 1,940,94964,SAN QUENTIN,1 MAIN ST,SAN QUENTIN,CA,94964,9998,P,Z22838,P
WESTPAC,4E,CALIFORNIA 1,940,94965,SAUSALITO,150 HARBOR DR,SAUSALITO,CA,94965,9998,,Z22893,P
WESTPAC,4E,CALIFORNIA 1,940,94966,SAUSALITO,150 HARBOR DR,SAUSALITO,CA,94965,9998,P,Z22893,P
WESTPAC,4E,CALIFORNIA 1,940,94970,STINSON BEACH,15 CALLE DEL MAR,STINSON BEACH,CA,94970,9702,,Z23454,P
WESTPAC,4E,CALIFORNIA 1,940,94971,TOMALES,27005 HIGHWAY 1,TOMALES,CA,94971,8800,P,Z23587,P
WESTPAC,4E,CALIFORNIA 1,940,94972,VALLEY FORD,14449 HIGHWAY 1,VALLEY FORD,CA,94972,9700,,Z23697,P
WESTPAC,4E,CALIFORNIA 1,940,94973,WOODACRE,183 SAN GERONIMO VALLEY DR,WOODACRE,CA,94973,8700,P,Z23913,P
WESTPAC,4E,CALIFORNIA 1,940,94975,NORTH BAY P&DC FINANCE,1150 N MCDOWELL BLVD,PETALUMA,CA,94999,9998,P,008986,S
WESTPAC,4E,CALIFORNIA 1,940,94976,LARKSPUR,120 WARD ST,LARKSPUR,CA,94939,1325,P,Z21691,P
WESTPAC,4E,CALIFORNIA 1,940,94977,LARKSPUR,120 WARD ST,LARKSPUR,CA,94939,1325,P,Z21691,P
WESTPAC,4E,CALIFORNIA 1,940,94978,FAIRFAX,773 CENTER BLVD,FAIRFAX,CA,94930,1738,P,Z21079,P
WESTPAC,4E,CALIFORNIA 1,940,94979,SAN ANSELMO,121 SAN ANSELMO AVE,SAN ANSELMO,CA,94960,2857,P,Z22782,P
WESTPAC,4E,CALIFORNIA 1,940,95001,APTOS,500 CATHEDRAL DR,APTOS,CA,95003,9998,P,Z20114,P
WESTPAC,4E,CALIFORNIA 1,940,95002,ALVISO,1525 GOLD ST,ALVISO,CA,95002,9800,P,Z20081,P
WESTPAC,4E,CALIFORNIA 1,940,95003,APTOS,500 CATHEDRAL DR,APTOS,CA,95003,9998,,Z20114,P
WESTPAC,4E,CALIFORNIA 1,940,95004,AROMAS,368 BLOHM AVE,AROMAS,CA,95004,9998,,Z20134,P
WESTPAC,4E,CALIFORNIA 1,940,95004,WATSONVILLE,225 MAIN ST,WATSONVILLE,CA,95076,9998,,Z23797,P
WESTPAC,4E,CALIFORNIA 1,940,95005,BEN LOMOND,250 MAIN ST,BEN LOMOND,CA,95005,9998,,Z20248,P
WESTPAC,4E,CALIFORNIA 1,940,95006,BOULDER CREEK,200 LORENZO ST,BOULDER CREEK,CA,95006,9998,,Z20327,P
WESTPAC,4E,CALIFORNIA 1,940,95007,BOULDER CREEK,200 LORENZO ST,BOULDER CREEK,CA,95006,9998,P,Z20327,P
WESTPAC,4E,CALIFORNIA 1,940,95008,CAMPBELL,500 W HAMILTON AVE,CAMPBELL,CA,95008,9998,,Z20479,P
WESTPAC,4E,CALIFORNIA 1,940,95009,HERITAGE VILLAGE,51 E CAMPBELL AVE,CAMPBELL,CA,95008,2047,P,Z21412,S
WESTPAC,4E,CALIFORNIA 1,940,95010,CAPITOLA,826 BAY AVE,CAPITOLA,CA,95010,9998,,Z20500,P
WESTPAC,4E,CALIFORNIA 1,940,95011,CAMPBELL,500 W HAMILTON AVE,CAMPBELL,CA,95008,9998,P,Z20479,P
WESTPAC,4E,CALIFORNIA 1,940,95012,CASTROVILLE,10799 MERRITT ST,CASTROVILLE,CA,95012,9998,,Z20541,P
WESTPAC,4E,CALIFORNIA 1,940,95013,COYOTE,8220 MONTEREY RD,COYOTE,CA,95013,9800,P,Z20776,B
WESTPAC,4E,CALIFORNIA 1,940,95014,CUPERTINO,21701 STEVENS CREEK BLVD,CUPERTINO,CA,95014,9998,,Z20813,P
WESTPAC,4E,CALIFORNIA 1,940,95015,CUPERTINO,21701 STEVENS CREEK BLVD,CUPERTINO,CA,95014,9998,P,Z20813,P
WESTPAC,4E,CALIFORNIA 1,940,95017,DAVENPORT,500 HIGHWAY 1,DAVENPORT,CA,95017,9998,,Z20836,P
WESTPAC,4E,CALIFORNIA 1,940,95018,FELTON,6101 GUSHEE ST,FELTON,CA,95018,9998,,Z21114,P
WESTPAC,4E,CALIFORNIA 1,940,95019,FREEDOM,2004 FREEDOM BLVD,FREEDOM,CA,95019,9998,,Z21201,P
WESTPAC,4E,CALIFORNIA 1,940,95019,WATSONVILLE,225 MAIN ST,WATSONVILLE,CA,95076,9998,,Z23797,P
WESTPAC,4E,CALIFORNIA 1,940,95020,GILROY,100 4TH ST,GILROY,CA,95020,9998,,Z21272,P
WESTPAC,4E,CALIFORNIA 1,940,95021,GILROY,100 4TH ST,GILROY,CA,95020,9998,P,Z21272,P
WESTPAC,4E,CALIFORNIA 1,940,95023,HOLLISTER,100 MAPLE ST,HOLLISTER,CA,95023,9998,,Z21445,P
WESTPAC,4E,CALIFORNIA 1,940,95024,HOLLISTER,100 MAPLE ST,HOLLISTER,CA,95023,9998,P,Z21445,P
WESTPAC,4E,CALIFORNIA 1,940,95026,REDWOOD ESTATES,21432 BROADWAY RD,REDWOOD ESTATES,CA,95044,9991,P,Z22641,P
WESTPAC,4E,CALIFORNIA 1,940,95030,LOS GATOS,101 S SANTA CRUZ AVE,LOS GATOS,CA,95030,9998,,Z21810,P
WESTPAC,4E,CALIFORNIA 1,940,95031,LOS GATOS,101 S SANTA CRUZ AVE,LOS GATOS,CA,95030,9998,P,Z21810,P
WESTPAC,4E,CALIFORNIA 1,940,95032,DELL,1587 DELL AVE,CAMPBELL,CA,95008,6903,,Z20866,S
WESTPAC,4E,CALIFORNIA 1,940,95033,LOS GATOS,101 S SANTA CRUZ AVE,LOS GATOS,CA,95030,9998,,Z21810,P
WESTPAC,4E,CALIFORNIA 1,940,95035,MILPITAS,450 S ABEL ST,MILPITAS,CA,95035,9998,,Z21985,P
WESTPAC,4E,CALIFORNIA 1,940,95036,MILPITAS,450 S ABEL ST,MILPITAS,CA,95035,9998,P,Z21985,P
WESTPAC,4E,CALIFORNIA 1,940,95037,MORGAN HILL,16600 MONTEREY RD,MORGAN HILL,CA,95037,9998,,Z22066,P
WESTPAC,4E,CALIFORNIA 1,940,95038,MORGAN HILL,16600 MONTEREY RD,MORGAN HILL,CA,95037,9998,P,Z22066,P
WESTPAC,4E,CALIFORNIA 1,940,95039,MOSS LANDING,8042 MOSS LANDING RD,MOSS LANDING,CA,95039,9998,,Z22075,P
WESTPAC,4E,CALIFORNIA 1,940,95041,MOUNT HERMON,41 CONFERENCE DR,MOUNT HERMON,CA,95041,9800,P,Z22079,P
WESTPAC,4E,CALIFORNIA 1,940,95042,NEW ALMADEN,21300 ALMADEN RD,SAN JOSE,CA,95120,4306,P,Z22146,P
WESTPAC,4E,CALIFORNIA 1,940,95043,PAICINES,12261 AIRLINE HWY,PAICINES,CA,95043,9998,,Z22381,P
WESTPAC,4E,CALIFORNIA 1,940,95044,REDWOOD ESTATES,21432 BROADWAY RD,REDWOOD ESTATES,CA,95044,9991,P,Z22641,P
WESTPAC,4E,CALIFORNIA 1,940,95045,SAN JUAN BAUTISTA,301 THE ALAMEDA,SAN JUAN BAUTISTA,CA,95045,9998,,Z22819,P
WESTPAC,4E,CALIFORNIA 1,940,95046,SAN MARTIN,200 E SAN MARTIN AVE,SAN MARTIN,CA,95046,9998,,Z22833,P
WESTPAC,4E,CALIFORNIA 1,940,95050,JOHN SANCHEZ ANNEX,1451 WALSH AVE,SANTA CLARA,CA,95050,2641,,Z21550,4
WESTPAC,4E,CALIFORNIA 1,940,95051,MISSION SANTA CLARA,1050 KIELY BLVD,SANTA CLARA,CA,95051,9998,,Z22001,S
WESTPAC,4E,CALIFORNIA 1,940,95052,SANTA CLARA,1200 FRANKLIN MALL,SANTA CLARA,CA,95050,9998,P,Z22862,P
WESTPAC,4E,CALIFORNIA 1,940,95054,JOHN SANCHEZ ANNEX,1451 WALSH AVE,SANTA CLARA,CA,95050,2641,,Z21550,4
WESTPAC,4E,CALIFORNIA 1,940,95055,MISSION SANTA CLARA,1050 KIELY BLVD,SANTA CLARA,CA,95051,9998,P,Z22001,S
WESTPAC,4E,CALIFORNIA 1,940,95056,AGNEW,4601 LAFAYETTE ST,SANTA CLARA,CA,95054,9998,P,Z20032,S
WESTPAC,4E,CALIFORNIA 1,940,95060,SANTA CRUZ,850 FRONT ST,SANTA CRUZ,CA,95060,9998,,Z22865,P
WESTPAC,4E,CALIFORNIA 1,940,95061,SANTA CRUZ,850 FRONT ST,SANTA CRUZ,CA,95060,9998,P,Z22865,P
WESTPAC,4E,CALIFORNIA 1,940,95062,SCOTTS VALLEY,241 KINGS VILLAGE RD,SCOTTS VALLEY,CA,95066,9998,,Z22899,B
WESTPAC,4E,CALIFORNIA 1,940,95063,EAST SANTA CRUZ,1146 SOQUEL AVE,SANTA CRUZ,CA,95062,9998,P,017321,S
WESTPAC,4E,CALIFORNIA 1,940,95064,SANTA CRUZ,850 FRONT ST,SANTA CRUZ,CA,95060,9998,,Z22865,P
WESTPAC,4E,CALIFORNIA 1,940,95065,SANTA CRUZ,850 FRONT ST,SANTA CRUZ,CA,95060,9998,,Z22865,P
WESTPAC,4E,CALIFORNIA 1,940,95066,SCOTTS VALLEY,241 KINGS VILLAGE RD,SCOTTS VALLEY,CA,95066,9998,,Z22899,B
WESTPAC,4E,CALIFORNIA 1,940,95067,SCOTTS VALLEY,241 KINGS VILLAGE RD,SCOTTS VALLEY,CA,95066,9998,P,Z22899,B
WESTPAC,4E,CALIFORNIA 1,940,95070,SARATOGA,19630 ALLENDALE AVE,SARATOGA,CA,95070,9998,,Z22886,P
WESTPAC,4E,CALIFORNIA 1,940,95071,SARATOGA,19630 ALLENDALE AVE,SARATOGA,CA,95070,9998,P,Z22886,P
WESTPAC,4E,CALIFORNIA 1,940,95073,CAPITOLA,826 BAY AVE,CAPITOLA,CA,95010,9998,,Z20500,P
WESTPAC,4E,CALIFORNIA 1,940,95073,SOQUEL,4768 SOQUEL DR,SOQUEL,CA,95073,2450,,Z23041,P
WESTPAC,4E,CALIFORNIA 1,940,95075,TRES PINOS,21 E 4TH ST,TRES PINOS,CA,95075,9800,,Z23615,P
WESTPAC,4E,CALIFORNIA 1,940,95076,WATSONVILLE,225 MAIN ST,WATSONVILLE,CA,95076,9998,,Z23797,P
WESTPAC,4E,CALIFORNIA 1,940,95077,WATSONVILLE,225 MAIN ST,WATSONVILLE,CA,95076,9998,P,Z23797,P
WESTPAC,4E,CALIFORNIA 1,940,95103,SAINT JAMES PARK,105 N 1ST ST,SAN JOSE,CA,95113,9998,P,Z22767,S
WESTPAC,4E,CALIFORNIA 1,940,95106,SAINT JAMES PARK,105 N 1ST ST,SAN JOSE,CA,95113,9998,P,Z22767,S
WESTPAC,4E,CALIFORNIA 1,940,95108,SAINT JAMES PARK,105 N 1ST ST,SAN JOSE,CA,95113,9998,P,Z22767,S
WESTPAC,4E,CALIFORNIA 1,940,95109,SAINT JAMES PARK,105 N 1ST ST,SAN JOSE,CA,95113,9998,P,Z22767,S
WESTPAC,4E,CALIFORNIA 1,940,95110,SAINT JAMES PARK,105 N 1ST ST,SAN JOSE,CA,95113,9998,,Z22767,S
WESTPAC,4E,CALIFORNIA 1,940,95111,SEVEN TREES ANNEX,80 LEWIS RD,SAN JOSE,CA,95111,9998,,Z24300,4
WESTPAC,4E,CALIFORNIA 1,940,95112,SAINT JAMES PARK,105 N 1ST ST,SAN JOSE,CA,95113,9998,,Z22767,S
WESTPAC,4E,CALIFORNIA 1,940,95113,SAINT JAMES PARK,105 N 1ST ST,SAN JOSE,CA,95113,9998,,Z22767,S
WESTPAC,4E,CALIFORNIA 1,940,95116,FOOTHILL,1085 MCGINNESS AVE,SAN JOSE,CA,95127,9998,,018058,S
WESTPAC,4E,CALIFORNIA 1,940,95117,WESTGATE,4285 PAYNE AVE,SAN JOSE,CA,95117,9998,,Z23842,S
WESTPAC,4E,CALIFORNIA 1,940,95118,ROBERTSVILLE,1175 BRANHAM LN,SAN JOSE,CA,95118,9998,,Z22692,S
WESTPAC,4E,CALIFORNIA 1,940,95119,BLOSSOM HILL,5706 CAHALAN AVE,SAN JOSE,CA,95123,9998,,Z20293,S
WESTPAC,4E,CALIFORNIA 1,940,95120,ALMADEN VALLEY CARRIERS,1750 MERIDIAN AVE,SAN JOSE,CA,95125,9991,,021473,Z
WESTPAC,4E,CALIFORNIA 1,940,95121,SEVEN TREES ANNEX,80 LEWIS RD,SAN JOSE,CA,95111,9998,,Z24300,4
WESTPAC,4E,CALIFORNIA 1,940,95122,HILLVIEW,2450 ALVIN AVE,SAN JOSE,CA,95121,9998,,Z21435,S
WESTPAC,4E,CALIFORNIA 1,940,95123,BLOSSOM HILL,5706 CAHALAN AVE,SAN JOSE,CA,95123,9998,,Z20293,S
WESTPAC,4E,CALIFORNIA 1,940,95124,CAMBRIAN PARK,1769 HILLSDALE AVE,SAN JOSE,CA,95124,9998,,Z20466,S
WESTPAC,4E,CALIFORNIA 1,940,95125,WILLOW GLEN,1750 MERIDIAN AVE,SAN JOSE,CA,95125,9998,,Z23885,S
WESTPAC,4E,CALIFORNIA 1,940,95126,WILLOW GLEN,1750 MERIDIAN AVE,SAN JOSE,CA,95125,9998,,Z23885,S
WESTPAC,4E,CALIFORNIA 1,940,95127,FOOTHILL,1085 MCGINNESS AVE,SAN JOSE,CA,95127,9998,,018058,S
WESTPAC,4E,CALIFORNIA 1,940,95128,WILLOW GLEN,1750 MERIDIAN AVE,SAN JOSE,CA,95125,9998,,Z23885,S
WESTPAC,4E,CALIFORNIA 1,940,95129,WESTGATE,4285 PAYNE AVE,SAN JOSE,CA,95117,9998,,Z23842,S
WESTPAC,4E,CALIFORNIA 1,940,95130,WESTGATE,4285 PAYNE AVE,SAN JOSE,CA,95117,9998,,Z23842,S
WESTPAC,4E,CALIFORNIA 1,940,95131,BAYSIDE,2731 JUNCTION AVE,SAN JOSE,CA,95134,9998,,Z20211,S
WESTPAC,4E,CALIFORNIA 1,940,95132,BERRYESSA,1315 PIEDMONT RD,SAN JOSE,CA,95132,9998,,Z20256,S
WESTPAC,4E,CALIFORNIA 1,940,95133,BERRYESSA,1315 PIEDMONT RD,SAN JOSE,CA,95132,9998,,Z20256,S
WESTPAC,4E,CALIFORNIA 1,940,95134,BAYSIDE,2731 JUNCTION AVE,SAN JOSE,CA,95134,9998,,Z20211,S
WESTPAC,4E,CALIFORNIA 1,940,95135,HILLVIEW,2450 ALVIN AVE,SAN JOSE,CA,95121,9998,,Z21435,S
WESTPAC,4E,CALIFORNIA 1,940,95136,ROBERTSVILLE,1175 BRANHAM LN,SAN JOSE,CA,95118,9998,,Z22692,S
WESTPAC,4E,CALIFORNIA 1,940,95138,SEVEN TREES ANNEX,80 LEWIS RD,SAN JOSE,CA,95111,9998,,Z24300,4
WESTPAC,4E,CALIFORNIA 1,940,95139,BLOSSOM HILL,5706 CAHALAN AVE,SAN JOSE,CA,95123,9998,,Z20293,S
WESTPAC,4E,CALIFORNIA 1,940,95140,BERRYESSA,1315 PIEDMONT RD,SAN JOSE,CA,95132,9998,,Z20256,S
WESTPAC,4E,CALIFORNIA 1,940,95148,HILLVIEW,2450 ALVIN AVE,SAN JOSE,CA,95121,9998,,Z21435,S
WESTPAC,4E,CALIFORNIA 1,940,95150,WILLOW GLEN,1750 MERIDIAN AVE,SAN JOSE,CA,95125,9998,P,Z23885,S
WESTPAC,4E,CALIFORNIA 1,940,95151,HILLVIEW,2450 ALVIN AVE,SAN JOSE,CA,95121,9998,P,Z21435,S
WESTPAC,4E,CALIFORNIA 1,940,95152,BERRYESSA,1315 PIEDMONT RD,SAN JOSE,CA,95132,9998,P,Z20256,S
WESTPAC,4E,CALIFORNIA 1,940,95153,BLOSSOM HILL,5706 CAHALAN AVE,SAN JOSE,CA,95123,9998,P,Z20293,S
WESTPAC,4E,CALIFORNIA 1,940,95154,CAMBRIAN PARK,1769 HILLSDALE AVE,SAN JOSE,CA,95124,9998,P,Z20466,S
WESTPAC,4E,CALIFORNIA 1,940,95155,GARDEN,1165 LINCOLN AVE STE 150,SAN JOSE,CA,95125,3040,P,Z24262,S
WESTPAC,4E,CALIFORNIA 1,940,95156,FOOTHILL,1085 MCGINNESS AVE,SAN JOSE,CA,95127,9998,P,018058,S
WESTPAC,4E,CALIFORNIA 1,940,95157,WESTGATE,4285 PAYNE AVE,SAN JOSE,CA,95117,9998,P,Z23842,S
WESTPAC,4E,CALIFORNIA 1,940,95158,ROBERTSVILLE,1175 BRANHAM LN,SAN JOSE,CA,95118,9998,P,Z22692,S
WESTPAC,4E,CALIFORNIA 1,940,95159,PARKMOOR,545 MERIDIAN AVE STE D,SAN JOSE,CA,95126,3425,P,Z22422,S
WESTPAC,4E,CALIFORNIA 1,940,95160,WILLOW GLEN,1750 MERIDIAN AVE,SAN JOSE,CA,95125,9998,P,Z23885,S
WESTPAC,4E,CALIFORNIA 1,940,95161,SAN JOSE MO FINANCE,1750 LUNDY AVE,SAN JOSE,CA,95101,9713,P,011204,S
WESTPAC,4E,CALIFORNIA 1,940,95164,BAYSIDE,2731 JUNCTION AVE,SAN JOSE,CA,95134,9998,P,Z20211,S
WESTPAC,4E,CALIFORNIA 1,940,95170,ORCHARD FARMS DPOBU,6194 BOLLINGER RD,SAN JOSE,CA,95129,3099,P,014834,6
WESTPAC,4E,CALIFORNIA 1,940,95172,COLONNADE,200 S 3RD ST,SAN JOSE,CA,95112,9998,P,Z20675,S
WESTPAC,4E,CALIFORNIA 1,940,95173,EASTRIDGE,2200 EASTRIDGE LOOP STE 1062,SAN JOSE,CA,95122,1412,P,Z20991,S
WESTPAC,4E,CALIFORNIA 2,956,95201,DELTA,240 E CHANNEL ST,STOCKTON,CA,95202,9998,P,012038,S
WESTPAC,4E,CALIFORNIA 2,956,95202,STOCKTON WEST LANE CA S&DC,4245 WEST LN,STOCKTON,CA,95208,9997,,020551,4
WESTPAC,4E,CALIFORNIA 2,956,95203,STOCKTON WEST LANE CA S&DC,4245 WEST LN,STOCKTON,CA,95208,9997,,020551,4
WESTPAC,4E,CALIFORNIA 2,956,95204,TUXEDO PARK,2616 PACIFIC AVE,STOCKTON,CA,95204,9998,,Z23634,S
WESTPAC,4E,CALIFORNIA 2,956,95204,STOCKTON WEST LANE CA S&DC,4245 WEST LN,STOCKTON,CA,95208,9997,,020551,4
WESTPAC,4E,CALIFORNIA 2,956,95205,EAST STOCKTON,3333 E MAIN ST,STOCKTON,CA,95205,9998,,Z20985,S
WESTPAC,4E,CALIFORNIA 2,956,95205,STOCKTON AIRPORT CA S&DC,3131 ARCH AIRPORT RD,STOCKTON,CA,95213,9901,,020677,4
WESTPAC,4E,CALIFORNIA 2,956,95206,STOCKTON AIRPORT CA S&DC,3131 ARCH AIRPORT RD,STOCKTON,CA,95213,9901,,020677,4
WESTPAC,4E,CALIFORNIA 2,956,95207,STOCKTON WEST LANE CA S&DC,4245 WEST LN,STOCKTON,CA,95208,9997,,020551,4
WESTPAC,4E,CALIFORNIA 2,956,95208,STOCKTON WEST LANE CA S&DC,4245 WEST LN,STOCKTON,CA,95208,9997,P,020551,4
WESTPAC,4E,CALIFORNIA 2,956,95209,HAMMER RANCH,7554 PACIFIC AVE,STOCKTON,CA,95207,9998,,Z21374,S
WESTPAC,4E,CALIFORNIA 2,956,95210,HAMMER RANCH,7554 PACIFIC AVE,STOCKTON,CA,95207,9998,,Z21374,S
WESTPAC,4E,CALIFORNIA 2,956,95212,STOCKTON WEST LANE CA S&DC,4245 WEST LN,STOCKTON,CA,95208,9997,,020551,4
WESTPAC,4E,CALIFORNIA 2,956,95213,STOCKTON AIRPORT CA S&DC,3131 ARCH AIRPORT RD,STOCKTON,CA,95213,9901,P,020677,4
WESTPAC,4E,CALIFORNIA 2,956,95215,STOCKTON AIRPORT CA S&DC,3131 ARCH AIRPORT RD,STOCKTON,CA,95213,9901,,020677,4
WESTPAC,4E,CALIFORNIA 2,956,95219,CALAVERAS,1048 W ROBINHOOD DR,STOCKTON,CA,95207,9997,,Z20439,S
WESTPAC,4E,CALIFORNIA 2,956,95220,ACAMPO,3113 E ACAMPO RD,ACAMPO,CA,95220,9998,,Z20021,P
WESTPAC,4E,CALIFORNIA 2,956,95221,ALTAVILLE,380 S MAIN ST,ALTAVILLE,CA,95221,9998,P,Z20076,B
WESTPAC,4E,CALIFORNIA 2,956,95222,ANGELS CAMP,1216 S MAIN ST,ANGELS CAMP,CA,95222,9998,,Z20103,P
WESTPAC,4E,CALIFORNIA 2,956,95223,ARNOLD,997 BLAGEN RD,ARNOLD,CA,95223,9998,,Z20132,P
WESTPAC,4E,CALIFORNIA 2,956,95223,CPU BEAR VALLEY,3 BEAR VALLEY RD,ARNOLD,CA,95223,9997,,016757,5
WESTPAC,4E,CALIFORNIA 2,956,95223,CPU CAMP CONNELL,3431 HIGHWAY 4,ARNOLD,CA,95223,9615,,018647,5
WESTPAC,4E,CALIFORNIA 2,956,95224,AVERY,4529A HIGHWAY 4,AVERY,CA,95224,9998,P,Z20158,P
WESTPAC,4E,CALIFORNIA 2,956,95225,BURSON,3171 HWY 12,BURSON,CA,95225,7442,P,Z20404,P
WESTPAC,4E,CALIFORNIA 2,956,95227,CLEMENTS,18860 E HIGHWAY 88,CLEMENTS,CA,95227,9998,P,Z20643,P
WESTPAC,4E,CALIFORNIA 2,956,95228,COPPEROPOLIS,101 TOWN SQUARE RD,COPPEROPOLIS,CA,95228,9998,,Z20752,P
WESTPAC,4E,CALIFORNIA 2,956,95229,MURPHYS,140 BIG TREES RD,MURPHYS,CA,95247,9998,P,Z22107,P
WESTPAC,4E,CALIFORNIA 2,956,95230,FARMINGTON,25320 E HIGHWAY 4,FARMINGTON,CA,95230,9998,,Z21096,P
WESTPAC,4E,CALIFORNIA 2,956,95230,STOCKTON AIRPORT CA S&DC,3131 ARCH AIRPORT RD,STOCKTON,CA,95213,9901,,020677,4
WESTPAC,4E,CALIFORNIA 2,956,95231,FRENCH CAMP,315 E FRENCH CAMP RD,FRENCH CAMP,CA,95231,9998,,Z21205,P
WESTPAC,4E,CALIFORNIA 2,956,95231,STOCKTON AIRPORT CA S&DC,3131 ARCH AIRPORT RD,STOCKTON,CA,95213,9901,,020677,4
WESTPAC,4E,CALIFORNIA 2,956,95232,GLENCOE,16087 HIGHWAY 26,GLENCOE,CA,95232,9998,,Z21278,P
WESTPAC,4E,CALIFORNIA 2,956,95233,HATHAWAY PINES,5234F E HIGHWAY 4,HATHAWAY PINES,CA,95233,9998,P,Z21390,P
WESTPAC,4E,CALIFORNIA 2,956,95234,HOLT,10340 S WHISKEY SLOUGH RD,HOLT,CA,95234,9998,P,Z21451,P
WESTPAC,4E,CALIFORNIA 2,956,95236,LINDEN,4916 N MILL ST,LINDEN,CA,95236,9998,,Z21743,P
WESTPAC,4E,CALIFORNIA 2,956,95236,STOCKTON AIRPORT CA S&DC,3131 ARCH AIRPORT RD,STOCKTON,CA,95213,9901,,020677,4
WESTPAC,4E,CALIFORNIA 2,956,95237,LOCKEFORD,13355 E HIGHWAY 88,LOCKEFORD,CA,95237,9998,,Z21764,P
WESTPAC,4E,CALIFORNIA 2,956,95240,LODI,120 S SCHOOL ST,LODI,CA,95240,9998,,Z21772,P
WESTPAC,4E,CALIFORNIA 2,956,95241,LODI,120 S SCHOOL ST,LODI,CA,95240,9998,P,Z21772,P
WESTPAC,4E,CALIFORNIA 2,956,95242,LODI,120 S SCHOOL ST,LODI,CA,95240,9998,,Z21772,P
WESTPAC,4E,CALIFORNIA 2,956,95245,MOKELUMNE HILL,8331 MAIN ST,MOKELUMNE HILL,CA,95245,9998,,Z22024,P
WESTPAC,4E,CALIFORNIA 2,956,95246,MOUNTAIN RANCH,8062 WASHINGTON ST,MOUNTAIN RANCH,CA,95246,9998,,Z22089,P
WESTPAC,4E,CALIFORNIA 2,956,95247,MURPHYS,140 BIG TREES RD,MURPHYS,CA,95247,9998,,Z22107,P
WESTPAC,4E,CALIFORNIA 2,956,95248,RAIL ROAD FLAT,313B RAIL ROAD FLAT RD,RAIL ROAD FLAT,CA,95248,9998,P,Z22592,P
WESTPAC,4E,CALIFORNIA 2,956,95249,SAN ANDREAS,315 RUSSELL RD,SAN ANDREAS,CA,95249,9998,,Z22781,P
WESTPAC,4E,CALIFORNIA 2,956,95251,VALLECITO,3511 MAIN ST,VALLECITO,CA,95251,9998,,Z23694,P
WESTPAC,4E,CALIFORNIA 2,956,95252,VALLEY SPRINGS,200 E HIGHWAY 12 STE C5,VALLEY SPRINGS,CA,95252,9998,,Z23703,P
WESTPAC,4E,CALIFORNIA 2,956,95253,VICTOR,8958 E HIGHWAY 12,VICTOR,CA,95253,9998,P,Z23733,P
WESTPAC,4E,CALIFORNIA 2,956,95254,WALLACE,8271 CAMANCHE PKWY S,WALLACE,CA,95254,9998,P,Z23777,P
WESTPAC,4E,CALIFORNIA 2,956,95255,WEST POINT,397 MAIN ST,WEST POINT,CA,95255,9998,,Z23833,P
WESTPAC,4E,CALIFORNIA 2,956,95257,WILSEYVILLE,4054 BLIZZARD MINE RD,WILSEYVILLE,CA,95257,9998,,Z23893,P
WESTPAC,4E,CALIFORNIA 2,956,95258,WOODBRIDGE,1049 E AUGUSTA ST,WOODBRIDGE,CA,95258,9998,,Z23914,P
WESTPAC,4E,CALIFORNIA 2,956,95267,CALAVERAS,1048 W ROBINHOOD DR,STOCKTON,CA,95207,9997,P,Z20439,S
WESTPAC,4E,CALIFORNIA 2,956,95269,HAMMER RANCH,7554 PACIFIC AVE,STOCKTON,CA,95207,9998,P,Z21374,S
WESTPAC,4E,CALIFORNIA 3,913,95301,ATWATER,1599 BROADWAY AVE,ATWATER,CA,95301,9998,,Z20151,P
WESTPAC,4E,CALIFORNIA 3,913,95303,BALLICO,11224 SANTA FE DR,BALLICO,CA,95303,9998,,Z20183,P
WESTPAC,4E,CALIFORNIA 3,913,95304,TRACY CARRIER ANNEX,4025 COMMERCIAL DR STE B,TRACY,CA,95304,9997,,001434,4
WESTPAC,4E,CALIFORNIA 3,913,95305,BIG OAK FLAT,17850 HIGHWAY 120,BIG OAK FLAT,CA,95305,9998,P,Z20271,P
WESTPAC,4E,CALIFORNIA 3,913,95306,CATHEYS VALLEY,2675 STATE HIGHWAY 140,CATHEYS VALLEY,CA,95306,9998,,Z20546,P
WESTPAC,4E,CALIFORNIA 3,913,95307,CERES,2801 MITCHELL RD,CERES,CA,95307,9998,,Z20568,P
WESTPAC,4E,CALIFORNIA 3,913,95309,CHINESE CAMP,13691 RED HL,CHINESE CAMP,CA,95309,9998,P,Z20596,P
WESTPAC,4E,CALIFORNIA 3,913,95310,COLUMBIA,22628 PARROTTS FERRY RD,COLUMBIA,CA,95310,9998,,Z20680,P
WESTPAC,4E,CALIFORNIA 3,913,95311,COULTERVILLE,5008A MAIN ST,COULTERVILLE,CA,95311,9998,,Z20769,P
WESTPAC,4E,CALIFORNIA 3,913,95312,CRESSEY,9211 CRESSEY WAY,CRESSEY,CA,95312,9998,P,Z20785,P
WESTPAC,4E,CALIFORNIA 3,913,95313,CROWS LANDING,13 W 5TH ST,CROWS LANDING,CA,95313,9998,,Z20800,P
WESTPAC,4E,CALIFORNIA 3,913,95313,NEWMAN,1313 MAIN ST,NEWMAN,CA,95360,9998,,Z22159,P
WESTPAC,4E,CALIFORNIA 3,913,95315,DELHI,16096 LOCUST ST,DELHI,CA,95315,9998,,Z20864,P
WESTPAC,4E,CALIFORNIA 3,913,95316,DENAIR,4733 MAIN ST,DENAIR,CA,95316,9998,,Z20870,P
WESTPAC,4E,CALIFORNIA 3,913,95317,EL NIDO,10366 S HIGHWAY 59,EL NIDO,CA,95317,9998,,Z21024,P
WESTPAC,4E,CALIFORNIA 3,913,95318,EL PORTAL,5508 FORESTA RD,EL PORTAL,CA,95318,9998,P,Z21025,P
WESTPAC,4E,CALIFORNIA 3,913,95319,EMPIRE,5102 YOSEMITE BLVD,EMPIRE,CA,95319,9998,P,Z21056,P
WESTPAC,4E,CALIFORNIA 2,956,95320,ESCALON,1854 COLEY AVE,ESCALON,CA,95320,9998,,Z21063,P
WESTPAC,4E,CALIFORNIA 2,956,95320,STOCKTON AIRPORT CA S&DC,3131 ARCH AIRPORT RD,STOCKTON,CA,95213,9901,,020677,4
WESTPAC,4E,CALIFORNIA 3,913,95321,GROVELAND,18737 BACK ST,GROVELAND,CA,95321,9998,,Z21342,P
WESTPAC,4E,CALIFORNIA 3,913,95322,GUSTINE,316 5TH ST,GUSTINE,CA,95322,9998,,Z21358,P
WESTPAC,4E,CALIFORNIA 3,913,95323,HICKMAN,808 HICKMAN RD,HICKMAN,CA,95323,9998,,Z21419,P
WESTPAC,4E,CALIFORNIA 3,913,95324,HILMAR,19948 1ST ST,HILMAR,CA,95324,9998,,Z21436,P
WESTPAC,4E,CALIFORNIA 3,913,95325,HORNITOS,2885 BEAR VALLEY RD,HORNITOS,CA,95325,9998,,Z21467,P
WESTPAC,4E,CALIFORNIA 3,913,95326,HUGHSON,6924 ELM ST,HUGHSON,CA,95326,9998,,Z21477,P
WESTPAC,4E,CALIFORNIA 3,913,95327,JAMESTOWN,18303 MAIN ST,JAMESTOWN,CA,95327,9998,,Z21542,P
WESTPAC,4E,CALIFORNIA 3,913,95328,KEYES,5655 7TH ST,KEYES,CA,95328,9998,,Z21589,P
WESTPAC,4E,CALIFORNIA 3,913,95329,LA GRANGE,30204 FLOTO ST,LA GRANGE,CA,95329,9998,,Z21617,P
WESTPAC,4E,CALIFORNIA 2,956,95330,LATHROP,15529 7TH ST,LATHROP,CA,95330,9998,,Z21697,P
WESTPAC,4E,CALIFORNIA 2,956,95330,STOCKTON AIRPORT CA S&DC,3131 ARCH AIRPORT RD,STOCKTON,CA,95213,9901,,020677,4
WESTPAC,4E,CALIFORNIA 3,913,95333,LE GRAND,13201 JEFFERSON ST,LE GRAND,CA,95333,9998,,Z21713,P
WESTPAC,4E,CALIFORNIA 3,913,95334,LIVINGSTON,1444 B ST,LIVINGSTON,CA,95334,9998,,Z21755,P
WESTPAC,4E,CALIFORNIA 3,913,95335,LONG BARN,25955 LONG BARN DR,LONG BARN,CA,95335,9998,,Z21787,P
WESTPAC,4E,CALIFORNIA 2,956,95336,MANTECA,165 N MAPLE AVE,MANTECA,CA,95336,9998,,Z21873,P
WESTPAC,4E,CALIFORNIA 2,956,95336,STOCKTON AIRPORT CA S&DC,3131 ARCH AIRPORT RD,STOCKTON,CA,95213,9901,,020677,4
WESTPAC,4E,CALIFORNIA 2,956,95337,INDUSTRIAL PARK,668 INDUSTRIAL PARK DR,MANTECA,CA,95337,9998,,000196,S
WESTPAC,4E,CALIFORNIA 2,956,95337,STOCKTON AIRPORT CA S&DC,3131 ARCH AIRPORT RD,STOCKTON,CA,95213,9901,,020677,4
WESTPAC,4E,CALIFORNIA 3,913,95338,MARIPOSA,5109 JESSIE ST,MARIPOSA,CA,95338,9998,,Z21899,P
WESTPAC,4E,CALIFORNIA 3,913,95338,CPU TRIANGLE MARKET,3125 TRIANGLE RD,MARIPOSA,CA,95338,9634,,Z23217,5
WESTPAC,4E,CALIFORNIA 3,913,95340,MERCED,2334 M ST,MERCED,CA,95340,9998,,Z21946,P
WESTPAC,4E,CALIFORNIA 3,913,95341,MERCED,2334 M ST,MERCED,CA,95340,9998,,Z21946,P
WESTPAC,4E,CALIFORNIA 3,913,95341,BELL,415A W 18TH ST,MERCED,CA,95340,9997,,Z23517,S
WESTPAC,4E,CALIFORNIA 3,913,95344,MERCED,2334 M ST,MERCED,CA,95340,9998,P,Z21946,P
WESTPAC,4E,CALIFORNIA 3,913,95345,MIDPINES,6629 STATE HIGHWAY 140,MIDPINES,CA,95345,9998,,Z21965,P
WESTPAC,4E,CALIFORNIA 3,913,95346,MI WUK VILLAGE,24431 SIERRA PARK RD,MI WUK VILLAGE,CA,95346,9998,,Z21958,P
WESTPAC,4E,CALIFORNIA 3,913,95347,CHINESE CAMP,13691 RED HL,CHINESE CAMP,CA,95309,9998,P,Z20596,P
WESTPAC,4E,CALIFORNIA 3,913,95348,MERCED,2334 M ST,MERCED,CA,95340,9998,,Z21946,P
WESTPAC,4E,CALIFORNIA 3,913,95350,MODESTO,715 KEARNEY AVE,MODESTO,CA,95350,9998,,Z22014,P
WESTPAC,4E,CALIFORNIA 3,913,95351,PARADISE,1717 PARADISE RD,MODESTO,CA,95358,9998,,Z22409,S
WESTPAC,4E,CALIFORNIA 3,913,95352,MODESTO,715 KEARNEY AVE,MODESTO,CA,95350,9998,P,Z22014,P
WESTPAC,4E,CALIFORNIA 3,913,95353,MODESTO,715 KEARNEY AVE,MODESTO,CA,95350,9998,P,Z22014,P
WESTPAC,4E,CALIFORNIA 3,913,95354,MODESTO,715 KEARNEY AVE,MODESTO,CA,95350,9998,,Z22014,P
WESTPAC,4E,CALIFORNIA 3,913,95355,HUDSON,2300 SYLVAN AVE,MODESTO,CA,95355,9998,,Z21475,S
WESTPAC,4E,CALIFORNIA 3,913,95356,HUDSON,2300 SYLVAN AVE,MODESTO,CA,95355,9998,,Z21475,S
WESTPAC,4E,CALIFORNIA 3,913,95357,HUDSON,2300 SYLVAN AVE,MODESTO,CA,95355,9998,,Z21475,S
WESTPAC,4E,CALIFORNIA 3,913,95358,PARADISE,1717 PARADISE RD,MODESTO,CA,95358,9998,,Z22409,S
WESTPAC,4E,CALIFORNIA 3,913,95360,NEWMAN,1313 MAIN ST,NEWMAN,CA,95360,9998,,Z22159,P
WESTPAC,4E,CALIFORNIA 3,913,95361,KNIGHTS FERRY,17631 SONORA RD,OAKDALE,CA,95361,9800,,Z21603,C
WESTPAC,4E,CALIFORNIA 3,913,95361,OAKDALE,170 CALIFORNIA AVE,OAKDALE,CA,95361,9998,,Z22292,P
WESTPAC,4E,CALIFORNIA 3,913,95363,PATTERSON,50 N SALADO AVE,PATTERSON,CA,95363,9998,,Z22430,P
WESTPAC,4E,CALIFORNIA 3,913,95364,PINECREST,411 PINECREST LAKE RD,PINECREST,CA,95364,9998,,Z22487,P
WESTPAC,4E,CALIFORNIA 3,913,95365,PLANADA,9249 E BROADWAY ST,PLANADA,CA,95365,9998,,Z22506,P
WESTPAC,4E,CALIFORNIA 2,956,95366,RIPON,1275 W MAIN ST,RIPON,CA,95366,9998,,Z22676,P
WESTPAC,4E,CALIFORNIA 2,956,95366,STOCKTON AIRPORT CA S&DC,3131 ARCH AIRPORT RD,STOCKTON,CA,95213,9901,,020677,4
WESTPAC,4E,CALIFORNIA 3,913,95367,RIVERBANK,6501 3RD ST,RIVERBANK,CA,95367,9998,,Z22683,P
WESTPAC,4E,CALIFORNIA 2,956,95368,SALIDA,4536 BROADWAY,SALIDA,CA,95368,9998,,Z22771,P
WESTPAC,4E,CALIFORNIA 2,956,95368,STOCKTON AIRPORT CA S&DC,3131 ARCH AIRPORT RD,STOCKTON,CA,95213,9901,,020677,4
WESTPAC,4E,CALIFORNIA 3,913,95369,SNELLING,15906 LEWIS ST,SNELLING,CA,95369,9998,,Z23013,P
WESTPAC,4E,CALIFORNIA 3,913,95370,SONORA,781 S WASHINGTON ST,SONORA,CA,95370,9998,,Z23040,P
WESTPAC,4E,CALIFORNIA 3,913,95372,SOULSBYVILLE,20489 WILLOW SPRINGS DR,SOULSBYVILLE,CA,95372,9998,,Z23044,P
WESTPAC,4E,CALIFORNIA 3,913,95373,STANDARD,14665 MONO WAY,STANDARD,CA,95373,9998,P,Z23379,B
WESTPAC,4E,CALIFORNIA 3,913,95374,STEVINSON,20085 THIRD AVE,STEVINSON,CA,95374,9998,,Z23449,P
WESTPAC,4E,CALIFORNIA 3,913,95376,TRACY,125 W 9TH ST,TRACY,CA,95376,9998,,Z23604,P
WESTPAC,4E,CALIFORNIA 3,913,95377,TRACY CARRIER ANNEX,4025 COMMERCIAL DR STE B,TRACY,CA,95304,9997,,001434,4
WESTPAC,4E,CALIFORNIA 3,913,95378,TRACY,125 W 9TH ST,TRACY,CA,95376,9998,P,Z23604,P
WESTPAC,4E,CALIFORNIA 3,913,95379,TUOLUMNE,18758 CARTER ST,TUOLUMNE,CA,95379,9998,,Z23626,P
WESTPAC,4E,CALIFORNIA 3,913,95380,TURLOCK,555 E MAIN ST,TURLOCK,CA,95380,9998,,Z23630,P
WESTPAC,4E,CALIFORNIA 3,913,95381,TURLOCK,555 E MAIN ST,TURLOCK,CA,95380,9998,P,Z23630,P
WESTPAC,4E,CALIFORNIA 3,913,95382,TURLOCK,555 E MAIN ST,TURLOCK,CA,95380,9998,,Z23630,P
WESTPAC,4E,CALIFORNIA 3,913,95383,TWAIN HARTE,23051 FULLER RD,TWAIN HARTE,CA,95383,9998,,Z23636,P
WESTPAC,4E,CALIFORNIA 3,913,95385,WESTLEY,8627 STATE HIGHWAY 33,WESTLEY,CA,95387,9998,,Z23846,P
WESTPAC,4E,CALIFORNIA 3,913,95386,WATERFORD,12525 BENTLEY ST,WATERFORD,CA,95386,9998,,Z23795,P
WESTPAC,4E,CALIFORNIA 3,913,95387,WESTLEY,8627 STATE HIGHWAY 33,WESTLEY,CA,95387,9998,P,Z23846,P
WESTPAC,4E,CALIFORNIA 3,913,95388,WINTON,6514 N WINTON WAY,WINTON,CA,95388,9998,,Z23907,P
WESTPAC,4E,CALIFORNIA 3,913,95389,YOSEMITE NATIONAL PARK,9017 VILLAGE DR,YOSEMITE NATIONAL PARK,CA,95389,9998,,Z23951,P
WESTPAC,4E,CALIFORNIA 3,913,95389,CPU BIG TREE,1 FOREST DR,YOSEMITE NATIONAL PARK,CA,95389,9909,,Z24176,5
WESTPAC,4E,CALIFORNIA 3,913,95391,TRACY CARRIER ANNEX,4025 COMMERCIAL DR STE B,TRACY,CA,95304,9997,,001434,4
WESTPAC,4E,CALIFORNIA 1,940,95401,SANTA ROSA CARRIER ANNEX,2850 MCBRIDE LN,SANTA ROSA,CA,95403,9991,,Z24668,4
WESTPAC,4E,CALIFORNIA 1,940,95402,SANTA ROSA,730 2ND ST,SANTA ROSA,CA,95404,4750,P,Z22876,P
WESTPAC,4E,CALIFORNIA 1,940,95403,SANTA ROSA CARRIER ANNEX,2850 MCBRIDE LN,SANTA ROSA,CA,95403,9991,,Z24668,4
WESTPAC,4E,CALIFORNIA 1,940,95404,SANTA ROSA,730 2ND ST,SANTA ROSA,CA,95404,4750,,Z22876,P
WESTPAC,4E,CALIFORNIA 1,940,95405,MONTGOMERY VILLAGE,707 HAHMAN DR,SANTA ROSA,CA,95405,9991,,Z22053,S
WESTPAC,4E,CALIFORNIA 1,940,95405,SANTA ROSA,730 2ND ST,SANTA ROSA,CA,95404,4750,,Z22876,P
WESTPAC,4E,CALIFORNIA 1,940,95406,CODDINGTOWN,1000 CODDINGTOWN CTR,SANTA ROSA,CA,95401,9700,P,021711,S
WESTPAC,4E,CALIFORNIA 1,940,95407,ROSELAND,2585 SEBASTOPOL RD,SANTA ROSA,CA,95407,9991,,Z22717,S
WESTPAC,4E,CALIFORNIA 1,940,95407,SANTA ROSA,730 2ND ST,SANTA ROSA,CA,95404,4750,,Z22876,P
WESTPAC,4E,CALIFORNIA 1,940,95409,SANTA ROSA,730 2ND ST,SANTA ROSA,CA,95404,4750,,Z22876,P
WESTPAC,4E,CALIFORNIA 1,940,95410,ALBION,34900 ALBION RIDGE RD,ALBION,CA,95410,9900,,Z20047,P
WESTPAC,4E,CALIFORNIA 1,940,95412,STEWARTS POINT,32049 HIGHWAY 1,STEWARTS POINT,CA,95480,9900,,Z23450,P
WESTPAC,4E,CALIFORNIA 1,940,95415,BOONVILLE,14170 HIGHWAY 128,BOONVILLE,CA,95415,9900,,Z20319,P
WESTPAC,4E,CALIFORNIA 1,940,95416,BOYES HOT SPRINGS,18092 SONOMA HWY,BOYES HOT SPRINGS,CA,95416,8900,P,Z20335,P
WESTPAC,4E,CALIFORNIA 1,940,95417,LAYTONVILLE,50 RAMSEY RD,LAYTONVILLE,CA,95454,9900,,Z21709,P
WESTPAC,4E,CALIFORNIA 1,940,95418,CALPELLA,6260 N STATE ST,CALPELLA,CA,95418,7000,P,Z20459,B
WESTPAC,4E,CALIFORNIA 1,940,95419,CAMP MEEKER,5240 BOHEMIAN HWY,CAMP MEEKER,CA,95419,9600,P,Z20472,P
WESTPAC,4E,CALIFORNIA 1,940,95421,CAZADERO,6145 CAZADERO HWY,CAZADERO,CA,95421,9568,,Z20548,P
WESTPAC,4E,CALIFORNIA 1,940,95422,CLEARLAKE,14500 OLYMPIC DR,CLEARLAKE,CA,95422,9503,,Z20636,P
WESTPAC,4E,CALIFORNIA 1,940,95423,CLEARLAKE OAKS,13280 E HIGHWAY 20,CLEARLAKE OAKS,CA,95423,9904,,Z20638,P
WESTPAC,4E,CALIFORNIA 1,940,95424,CLEARLAKE PARK,13417 LAKESHORE DR,CLEARLAKE PARK,CA,95424,7900,P,Z20639,P
WESTPAC,4E,CALIFORNIA 1,940,95425,CLOVERDALE,115 BROAD ST,CLOVERDALE,CA,95425,3388,,Z20650,P
WESTPAC,4E,CALIFORNIA 1,940,95426,COBB,16595 HIGHWAY 175,COBB,CA,95426,9900,P,Z20658,P
WESTPAC,4E,CALIFORNIA 1,940,95427,COMPTCHE,31101 COMPTCHE UKIAH RD,COMPTCHE,CA,95427,9900,,Z20689,P
WESTPAC,4E,CALIFORNIA 1,940,95428,COVELO,23951 HOWARD ST,COVELO,CA,95428,9903,,Z20773,P
WESTPAC,4E,CALIFORNIA 1,940,95429,WILLITS,315 S MAIN ST,WILLITS,CA,95490,9910,,Z23882,P
WESTPAC,4E,CALIFORNIA 1,940,95430,DUNCANS MILLS,25375 STEELHEAD BLVD,DUNCANS MILLS,CA,95430,9400,P,Z20942,P
WESTPAC,4E,CALIFORNIA 1,940,95431,GLEN ELLEN,13720 ARNOLD DR,GLEN ELLEN,CA,95442,9321,P,Z21276,P
WESTPAC,4E,CALIFORNIA 1,940,95432,ELK,5995 S HIGHWAY 1,ELK,CA,95432,9998,,Z21040,P
WESTPAC,4E,CALIFORNIA 1,940,95433,EL VERANO,19050 BAY ST,EL VERANO,CA,95433,9998,P,Z21035,P
WESTPAC,4E,CALIFORNIA 1,940,95435,FINLEY,1904 BIG VALLEY RD,FINLEY,CA,95435,8900,P,Z21126,P
WESTPAC,4E,CALIFORNIA 1,940,95436,FORESTVILLE,6484 MIRABEL RD,FORESTVILLE,CA,95436,9288,,Z21165,P
WESTPAC,4E,CALIFORNIA 1,940,95437,FORT BRAGG,203 N FRANKLIN ST,FORT BRAGG,CA,95437,9912,,Z21172,P
WESTPAC,4E,CALIFORNIA 1,940,95439,FULTON,3340 FULTON RD,FULTON,CA,95439,8861,,Z21236,P
WESTPAC,4E,CALIFORNIA 1,940,95441,GEYSERVILLE,116 SCHOOL HOUSE LN,GEYSERVILLE,CA,95441,9998,,Z21267,P
WESTPAC,4E,CALIFORNIA 1,940,95442,GLEN ELLEN,13720 ARNOLD DR,GLEN ELLEN,CA,95442,9321,,Z21276,P
WESTPAC,4E,CALIFORNIA 1,940,95443,GLENHAVEN,9530 HIGHWAY 20,GLENHAVEN,CA,95443,9900,,Z21282,P
WESTPAC,4E,CALIFORNIA 1,940,95444,GRATON,3171 ROSS RD,GRATON,CA,95444,9900,,Z21319,P
WESTPAC,4E,CALIFORNIA 1,940,95445,GUALALA,39361 S HIGHWAY 1,GUALALA,CA,95445,9997,,Z21348,P
WESTPAC,4E,CALIFORNIA 1,940,95446,GUERNEVILLE,14060 MILL ST,GUERNEVILLE,CA,95446,9815,,Z21351,P
WESTPAC,4E,CALIFORNIA 1,940,95448,HEALDSBURG,160 FOSS CREEK CIR,HEALDSBURG,CA,95448,9998,,Z21400,P
WESTPAC,4E,CALIFORNIA 1,940,95449,HOPLAND,13400 S HIGHWAY 101,HOPLAND,CA,95449,9902,,Z21465,P
WESTPAC,4E,CALIFORNIA 1,940,95449,UKIAH,671 S ORCHARD AVE,UKIAH,CA,95482,9998,,Z23658,P
WESTPAC,4E,CALIFORNIA 1,940,95450,JENNER,10439 HIGHWAY 1,JENNER,CA,95450,9605,,Z21546,P
WESTPAC,4E,CALIFORNIA 1,940,95451,KELSEYVILLE,5500 GADDY LN,KELSEYVILLE,CA,95451,7414,,Z21575,P
WESTPAC,4E,CALIFORNIA 1,940,95452,KENWOOD,8930 SONOMA HWY,KENWOOD,CA,95452,8019,,Z21584,P
WESTPAC,4E,CALIFORNIA 1,940,95453,LAKEPORT,1151 11TH ST,LAKEPORT,CA,95453,9917,,Z21672,P
WESTPAC,4E,CALIFORNIA 1,940,95454,LAYTONVILLE,50 RAMSEY RD,LAYTONVILLE,CA,95454,9900,,Z21709,P
WESTPAC,4E,CALIFORNIA 1,940,95456,LITTLE RIVER,7748 N HIGHWAY 1,LITTLE RIVER,CA,95456,9998,,Z21751,P
WESTPAC,4E,CALIFORNIA 1,940,95457,LOWER LAKE,16165 MAIN ST,LOWER LAKE,CA,95457,9906,,Z21820,P
WESTPAC,4E,CALIFORNIA 1,940,95458,LUCERNE,6054 E HIGHWAY 20,LUCERNE,CA,95458,9904,,Z21824,P
WESTPAC,4E,CALIFORNIA 1,940,95459,MANCHESTER,19391 US HIGHWAY 1,MANCHESTER,CA,95459,9998,,Z21866,P
WESTPAC,4E,CALIFORNIA 1,940,95460,MENDOCINO,10500 FORD ST,MENDOCINO,CA,95460,9906,,Z21937,P
WESTPAC,4E,CALIFORNIA 1,940,95461,MIDDLETOWN,21177 CALISTOGA RD,MIDDLETOWN,CA,95461,9998,,Z21961,P
WESTPAC,4E,CALIFORNIA 1,940,95462,MONTE RIO,19420 HIGHWAY 116,MONTE RIO,CA,95462,9716,,Z22038,P
WESTPAC,4E,CALIFORNIA 1,940,95463,YORKVILLE,25400 HIGHWAY 128,YORKVILLE,CA,95494,9900,,Z23947,P
WESTPAC,4E,CALIFORNIA 1,940,95464,NICE,3964 E STATE HWY 20,NICE,CA,95464,9903,,Z22169,P
WESTPAC,4E,CALIFORNIA 1,940,95465,OCCIDENTAL,3805 BOHEMIAN HWY,OCCIDENTAL,CA,95465,9998,,Z22303,P
WESTPAC,4E,CALIFORNIA 1,940,95466,PHILO,8651 HIGHWAY 128,PHILO,CA,95466,9458,,Z22464,P
WESTPAC,4E,CALIFORNIA 1,940,95467,MIDDLETOWN,21177 CALISTOGA RD,MIDDLETOWN,CA,95461,9998,,Z21961,P
WESTPAC,4E,CALIFORNIA 1,940,95468,POINT ARENA,264 MAIN ST,POINT ARENA,CA,95468,9902,,Z22525,P
WESTPAC,4E,CALIFORNIA 1,940,95469,POTTER VALLEY,10210 MAIN ST,POTTER VALLEY,CA,95469,9900,,Z22557,P
WESTPAC,4E,CALIFORNIA 1,940,95470,REDWOOD VALLEY,993 E SCHOOL WAY,REDWOOD VALLEY,CA,95470,9900,,Z22644,P
WESTPAC,4E,CALIFORNIA 1,940,95470,UKIAH,671 S ORCHARD AVE,UKIAH,CA,95482,9998,,Z23658,P
WESTPAC,4E,CALIFORNIA 1,940,95471,GUERNEVILLE,14060 MILL ST,GUERNEVILLE,CA,95446,9815,P,Z21351,P
WESTPAC,4E,CALIFORNIA 1,940,95472,SEBASTOPOL CARRIER ANNEX,275 PETALUMA AVE,SEBASTOPOL,CA,95472,9992,,Z24669,4
WESTPAC,4E,CALIFORNIA 1,940,95473,SEBASTOPOL,290 S MAIN ST,SEBASTOPOL,CA,95472,9917,P,Z22909,P
WESTPAC,4E,CALIFORNIA 1,940,95476,SONOMA,617 BROADWAY,SONOMA,CA,95476,9998,,Z23038,P
WESTPAC,4E,CALIFORNIA 1,940,95480,STEWARTS POINT,32049 HIGHWAY 1,STEWARTS POINT,CA,95480,9900,P,Z23450,P
WESTPAC,4E,CALIFORNIA 1,940,95481,TALMAGE,1986 TALMAGE RD,TALMAGE,CA,95481,8800,P,Z23528,P
WESTPAC,4E,CALIFORNIA 1,940,95482,UKIAH,671 S ORCHARD AVE,UKIAH,CA,95482,9998,,Z23658,P
WESTPAC,4E,CALIFORNIA 1,940,95485,UPPER LAKE,9435 MAIN ST,UPPER LAKE,CA,95485,9902,,Z23677,P
WESTPAC,4E,CALIFORNIA 1,940,95486,VILLA GRANDE,21893 WEST ST,VILLA GRANDE,CA,95486,8900,P,Z23741,P
WESTPAC,4E,CALIFORNIA 1,940,95487,VINEBURG,20579 8TH ST E,VINEBURG,CA,95487,8800,P,Z23748,P
WESTPAC,4E,CALIFORNIA 1,940,95488,FORT BRAGG,203 N FRANKLIN ST,FORT BRAGG,CA,95437,9912,,Z21172,P
WESTPAC,4E,CALIFORNIA 1,940,95490,WILLITS,315 S MAIN ST,WILLITS,CA,95490,9910,,Z23882,P
WESTPAC,4E,CALIFORNIA 1,940,95492,WINDSOR,8800 LAKEWOOD DR,WINDSOR,CA,95492,7206,,Z23900,P
WESTPAC,4E,CALIFORNIA 1,940,95493,UPPER LAKE,9435 MAIN ST,UPPER LAKE,CA,95485,9902,,Z23677,P
WESTPAC,4E,CALIFORNIA 1,940,95494,YORKVILLE,25400 HIGHWAY 128,YORKVILLE,CA,95494,9900,,Z23947,P
WESTPAC,4E,CALIFORNIA 1,940,95497,THE SEA RANCH,60 SEAWALK DR,THE SEA RANCH,CA,95497,8800,P,Z23563,C
WESTPAC,4E,CALIFORNIA 1,940,95501,EUREKA,337 W CLARK ST,EUREKA,CA,95501,9903,,Z21072,P
WESTPAC,4E,CALIFORNIA 1,940,95502,DOWNTOWN EUREKA,514 H ST,EUREKA,CA,95501,9993,P,Z20008,S
WESTPAC,4E,CALIFORNIA 1,940,95502,EUREKA,337 W CLARK ST,EUREKA,CA,95501,9903,P,Z21072,P
WESTPAC,4E,CALIFORNIA 1,940,95502,HENDERSON,2906 F ST,EUREKA,CA,95501,9992,P,Z21409,S
WESTPAC,4E,CALIFORNIA 1,940,95503,EUREKA,337 W CLARK ST,EUREKA,CA,95501,9903,,Z21072,P
WESTPAC,4E,CALIFORNIA 1,940,95511,ALDERPOINT,410 ALDER AVE,ALDERPOINT,CA,95511,9402,,Z20048,P
WESTPAC,4E,CALIFORNIA 1,940,95514,BLOCKSBURG,27984 ALDERPOINT RD,BLOCKSBURG,CA,95514,9900,,Z20290,P
WESTPAC,4E,CALIFORNIA 1,940,95518,ARCATA,799 H ST,ARCATA,CA,95521,6240,P,Z20120,P
WESTPAC,4E,CALIFORNIA 1,940,95519,ARCATA,799 H ST,ARCATA,CA,95521,6240,,Z20120,P
WESTPAC,4E,CALIFORNIA 1,940,95519,MC KINLEYVILLE,1561 CITY CENTER RD,MCKINLEYVILLE,CA,95519,9991,,Z21916,B
WESTPAC,4E,CALIFORNIA 1,940,95521,ARCATA,799 H ST,ARCATA,CA,95521,6240,,Z20120,P
WESTPAC,4E,CALIFORNIA 1,940,95524,BAYSIDE,1836 OLD ARCATA RD,BAYSIDE,CA,95524,9901,,Z20210,P
WESTPAC,4E,CALIFORNIA 1,940,95525,BLUE LAKE,411 1ST ST,BLUE LAKE,CA,95525,9747,,Z20301,P
WESTPAC,4E,CALIFORNIA 1,940,95526,BRIDGEVILLE,24878 STATE HIGHWAY 36,BRIDGEVILLE,CA,95526,9699,,Z20356,P
WESTPAC,4E,CALIFORNIA 1,940,95526,CARLOTTA,5429 STATE HIGHWAY 36,CARLOTTA,CA,95528,9735,,Z20508,P
WESTPAC,4E,CALIFORNIA 1,940,95527,BURNT RANCH,10271C HIGHWAY 299,BURNT RANCH,CA,95527,9508,,Z20401,P
WESTPAC,4E,CALIFORNIA 1,940,95528,CARLOTTA,5429 STATE HIGHWAY 36,CARLOTTA,CA,95528,9735,,Z20508,P
WESTPAC,4E,CALIFORNIA 1,940,95531,CRESCENT CITY,751 2ND ST,CRESCENT CITY,CA,95531,4314,,Z20781,P
WESTPAC,4E,CALIFORNIA 1,940,95534,CUTTEN,3901 WALNUT DR,EUREKA,CA,95503,9993,P,Z20816,B
WESTPAC,4E,CALIFORNIA 1,940,95536,FERNDALE,536 MAIN ST,FERNDALE,CA,95536,9460,,Z21117,P
WESTPAC,4E,CALIFORNIA 1,940,95537,FIELDS LANDING,6710 FIELDS LANDING DR,FIELDS LANDING,CA,95537,8900,P,Z21120,P
WESTPAC,4E,CALIFORNIA 1,940,95540,FORTUNA,699 13TH ST,FORTUNA,CA,95540,9998,,Z21184,P
WESTPAC,4E,CALIFORNIA 1,940,95542,GARBERVILLE,368 SPROWEL CREEK RD,GARBERVILLE,CA,95542,3140,,Z21245,P
WESTPAC,4E,CALIFORNIA 1,940,95543,GASQUET,10360 US HIGHWAY 199,GASQUET,CA,95543,9900,,Z21252,P
WESTPAC,4E,CALIFORNIA 1,940,95545,HONEYDEW,44670 MATTOLE RD,HONEYDEW,CA,95545,8900,P,Z21460,P
WESTPAC,4E,CALIFORNIA 1,940,95546,HOOPA,100 STATE HIGHWAY 96 N,HOOPA,CA,95546,9603,,Z21462,P
WESTPAC,4E,CALIFORNIA 1,940,95547,HYDESVILLE,3390 STATE HIGHWAY 36,HYDESVILLE,CA,95547,9900,,Z21490,P
WESTPAC,4E,CALIFORNIA 1,940,95547,RIO DELL,315 WILDWOOD AVE,RIO DELL,CA,95562,1700,,Z22671,P
WESTPAC,4E,CALIFORNIA 1,940,95548,KLAMATH,141 KLAMATH BLVD,KLAMATH,CA,95548,9387,,Z21599,P
WESTPAC,4E,CALIFORNIA 1,940,95549,ARCATA,799 H ST,ARCATA,CA,95521,6240,,Z20120,P
WESTPAC,4E,CALIFORNIA 1,940,95550,BLUE LAKE,411 1ST ST,BLUE LAKE,CA,95525,9747,,Z20301,P
WESTPAC,4E,CALIFORNIA 1,940,95551,LOLETA,338 MAIN ST,LOLETA,CA,95551,9685,,Z21774,P
WESTPAC,4E,CALIFORNIA 1,940,95552,MAD RIVER,2515B STATE HIGHWAY 36,MAD RIVER,CA,95552,9321,,Z21842,P
WESTPAC,4E,CALIFORNIA 1,940,95553,MIRANDA,6723 STATE HIGHWAY 254,MIRANDA,CA,95553,8900,P,Z21999,P
WESTPAC,4E,CALIFORNIA 1,940,95554,MYERS FLAT,12848 STATE HIGHWAY 254,MYERS FLAT,CA,95554,9538,,Z22113,P
WESTPAC,4E,CALIFORNIA 1,940,95555,ORICK,121147 HIGHWAY 101,ORICK,CA,95555,9505,,Z22349,P
WESTPAC,4E,CALIFORNIA 1,940,95556,ORLEANS,38150 STATE HIGHWAY 96,ORLEANS,CA,95556,8800,P,Z22353,P
WESTPAC,4E,CALIFORNIA 1,940,95558,PETROLIA,89 SHERMAN ST,PETROLIA,CA,95558,9535,,Z22458,P
WESTPAC,4E,CALIFORNIA 1,940,95559,PHILLIPSVILLE,2788 HIGHWAY 254,PHILLIPSVILLE,CA,95559,9998,P,Z22461,P
WESTPAC,4E,CALIFORNIA 1,940,95560,REDWAY,3400 REDWOOD DR,REDWAY,CA,95560,9766,,Z22637,P
WESTPAC,4E,CALIFORNIA 1,940,95562,RIO DELL,315 WILDWOOD AVE,RIO DELL,CA,95562,1700,,Z22671,P
WESTPAC,4E,CALIFORNIA 1,940,95563,SALYER,50 SALYER LN,SALYER,CA,95563,9998,P,Z22779,P
WESTPAC,4E,CALIFORNIA 1,940,95564,SAMOA,244 N BAYVIEW AVE,SAMOA,CA,95564,9523,,Z22780,P
WESTPAC,4E,CALIFORNIA 1,940,95565,RIO DELL,315 WILDWOOD AVE,RIO DELL,CA,95562,1700,,Z22671,P
WESTPAC,4E,CALIFORNIA 1,940,95565,SCOTIA,116 MAIN ST,SCOTIA,CA,95565,9998,,Z22897,P
WESTPAC,4E,CALIFORNIA 1,940,95567,SMITH RIVER,291 N FRED D HAIGHT DR,SMITH RIVER,CA,95567,9998,,Z22988,P
WESTPAC,4E,CALIFORNIA 1,940,95568,ORLEANS,38150 STATE HIGHWAY 96,ORLEANS,CA,95556,8800,,Z22353,P
WESTPAC,4E,CALIFORNIA 1,940,95569,REDCREST,26406 STATE HIGHWAY 254,REDCREST,CA,95569,9631,,Z22631,P
WESTPAC,4E,CALIFORNIA 1,940,95570,TRINIDAD,357 MAIN ST,TRINIDAD,CA,95570,9503,,Z23616,P
WESTPAC,4E,CALIFORNIA 1,940,95571,WEOTT,11 LUM ST,WEOTT,CA,95571,8800,P,Z23812,P
WESTPAC,4E,CALIFORNIA 1,940,95573,WILLOW CREEK,100 COUNTRY CLUB DR,WILLOW CREEK,CA,95573,9998,,Z23883,P
WESTPAC,4E,CALIFORNIA 1,940,95585,LEGGETT,67674 DRIVE THRU TREE RD,LEGGETT,CA,95585,9900,,Z21717,P
WESTPAC,4E,CALIFORNIA 1,940,95587,GARBERVILLE,368 SPROWEL CREEK RD,GARBERVILLE,CA,95542,3140,,Z21245,P
WESTPAC,4E,CALIFORNIA 1,940,95589,WHITETHORN,498 SHELTER COVE RD,WHITETHORN,CA,95589,9998,,Z23868,P
WESTPAC,4E,CALIFORNIA 1,940,95595,ZENIA,26531 RUTH ZENIA RD,ZENIA,CA,95595,9998,,Z23962,P
WESTPAC,4E,CALIFORNIA 2,956,95601,AMADOR CITY,10781 WATER ST,AMADOR CITY,CA,95601,9998,P,Z20082,P
WESTPAC,4E,CALIFORNIA 2,956,95602,AUBURN,371 NEVADA ST,AUBURN,CA,95603,9998,,Z20154,P
WESTPAC,4E,CALIFORNIA 2,956,95603,AUBURN,371 NEVADA ST,AUBURN,CA,95603,9998,,Z20154,P
WESTPAC,4E,CALIFORNIA 2,956,95604,AUBURN,371 NEVADA ST,AUBURN,CA,95603,9998,P,Z20154,P
WESTPAC,4E,CALIFORNIA 2,956,95604,BOWMAN,13116 LINCOLN WAY,AUBURN,CA,95603,9996,P,Z20331,B
WESTPAC,4E,CALIFORNIA 2,956,95604,DOWNTOWN AUBURN,100 HARRISON AVE,AUBURN,CA,95603,9997,P,Z20918,S
WESTPAC,4E,CALIFORNIA 2,956,95605,BRODERICK,900 SACRAMENTO AVE,WEST SACRAMENTO,CA,95605,9998,,Z24670,B
WESTPAC,4E,CALIFORNIA 2,956,95606,BROOKS,14055 STATE HIGHWAY 16,BROOKS,CA,95606,9998,,Z20373,P
WESTPAC,4E,CALIFORNIA 2,956,95608,CARMICHAEL,6929 FAIR OAKS BLVD,CARMICHAEL,CA,95608,9998,,Z20517,P
WESTPAC,4E,CALIFORNIA 2,956,95609,CARMICHAEL,6929 FAIR OAKS BLVD,CARMICHAEL,CA,95608,9998,P,Z20517,P
WESTPAC,4E,CALIFORNIA 2,956,95610,CITRUS HEIGHTS,6330 FOUNTAIN SQUARE DR,CITRUS HEIGHTS,CA,95621,9998,,Z20610,P
WESTPAC,4E,CALIFORNIA 2,956,95611,CITRUS HEIGHTS,6330 FOUNTAIN SQUARE DR,CITRUS HEIGHTS,CA,95621,9998,P,Z20610,P
WESTPAC,4E,CALIFORNIA 2,956,95612,CLARKSBURG,36385 N CENTER ST,CLARKSBURG,CA,95612,9998,,Z20632,P
WESTPAC,4E,CALIFORNIA 2,956,95613,COLOMA,333 STATE HIGHWAY 49,COLOMA,CA,95613,9998,P,Z20673,P
WESTPAC,4E,CALIFORNIA 2,956,95614,COOL,1041 NORTHSIDE DR,COOL,CA,95614,9998,,Z20751,P
WESTPAC,4E,CALIFORNIA 2,956,95615,COURTLAND,125 PRIMASING AVE,COURTLAND,CA,95615,9998,,Z20772,P
WESTPAC,4E,CALIFORNIA 2,956,95616,DAVIS,2020 5TH ST,DAVIS,CA,95616,9998,,Z20837,P
WESTPAC,4E,CALIFORNIA 2,956,95617,DAVIS,2020 5TH ST,DAVIS,CA,95616,9998,P,Z20837,P
WESTPAC,4E,CALIFORNIA 2,956,95617,DOWNTOWN DAVIS,424 3RD ST,DAVIS,CA,95616,4519,P,003793,S
WESTPAC,4E,CALIFORNIA 2,956,95618,DAVIS,2020 5TH ST,DAVIS,CA,95616,9998,,Z20837,P
WESTPAC,4E,CALIFORNIA 2,956,95619,DIAMOND SPRINGS,4946 PLEASANT VALLEY RD,DIAMOND SPRINGS,CA,95619,9998,,Z20887,P
WESTPAC,4E,CALIFORNIA 2,956,95620,DIXON,221 W A ST,DIXON,CA,95620,9998,,Z20896,P
WESTPAC,4E,CALIFORNIA 2,956,95621,CITRUS HEIGHTS,6330 FOUNTAIN SQUARE DR,CITRUS HEIGHTS,CA,95621,9998,,Z20610,P
WESTPAC,4E,CALIFORNIA 2,956,95621,ANTELOPE,7828 ZENITH DR,CITRUS HEIGHTS,CA,95621,1082,,Z24153,S
WESTPAC,4E,CALIFORNIA 2,956,95623,EL DORADO,6166 PLEASANT VALLEY RD,EL DORADO,CA,95623,9998,,Z21016,P
WESTPAC,4E,CALIFORNIA 2,956,95624,ELK GROVE,8850 WILLIAMSON DR,ELK GROVE,CA,95624,9998,,Z21042,P
WESTPAC,4E,CALIFORNIA 2,956,95625,ELMIRA,5377 VACA STATION RD,ELMIRA,CA,95625,9998,P,Z21046,P
WESTPAC,4E,CALIFORNIA 2,956,95626,ELVERTA,161 W ELVERTA RD,ELVERTA,CA,95626,9998,,Z21049,P
WESTPAC,4E,CALIFORNIA 2,956,95627,ESPARTO,16884 YOLO AVE,ESPARTO,CA,95627,9998,,Z21066,P
WESTPAC,4E,CALIFORNIA 2,956,95628,FAIR OAKS,7862 WINDING WAY,FAIR OAKS,CA,95628,9998,,Z21077,P
WESTPAC,4E,CALIFORNIA 2,956,95629,FIDDLETOWN,14283 JIBBOOM ST,FIDDLETOWN,CA,95629,9998,,Z21119,P
WESTPAC,4E,CALIFORNIA 2,956,95630,FOLSOM,1015 RILEY ST,FOLSOM,CA,95630,9998,,Z21153,P
WESTPAC,4E,CALIFORNIA 2,956,95631,FORESTHILL,24035 RACETRACK ST,FORESTHILL,CA,95631,9998,,Z21164,P
WESTPAC,4E,CALIFORNIA 2,956,95632,GALT,600 N LINCOLN WAY,GALT,CA,95632,9998,,Z21243,P
WESTPAC,4E,CALIFORNIA 2,956,95633,GARDEN VALLEY,4850 MARSHALL RD,GARDEN VALLEY,CA,95633,9998,,Z21248,P
WESTPAC,4E,CALIFORNIA 2,956,95634,GEORGETOWN,3180 SOUTH ST,GEORGETOWN,CA,95634,9998,,Z21264,P
WESTPAC,4E,CALIFORNIA 2,956,95635,GREENWOOD,3811 STATE HIGHWAY 193,GREENWOOD,CA,95635,9998,,Z21333,P
WESTPAC,4E,CALIFORNIA 2,956,95636,GRIZZLY FLATS,4991 SCIARONI RD,GRIZZLY FLATS,CA,95636,9998,,Z21340,P
WESTPAC,4E,CALIFORNIA 2,956,95637,GUINDA,7575 STATE HIGHWAY 16,GUINDA,CA,95637,9998,,Z21357,P
WESTPAC,4E,CALIFORNIA 2,956,95638,HERALD,12650 IVIE RD,HERALD,CA,95638,9998,,Z21410,P
WESTPAC,4E,CALIFORNIA 2,956,95639,HOOD,10741 STATE HIGHWAY 160,HOOD,CA,95639,9998,P,Z21461,P
WESTPAC,4E,CALIFORNIA 2,956,95640,IONE,22 MAIN ST,IONE,CA,95640,9998,,Z21524,P
WESTPAC,4E,CALIFORNIA 2,956,95641,ISLETON,103 C ST,ISLETON,CA,95641,9998,,Z21534,P
WESTPAC,4E,CALIFORNIA 2,956,95642,JACKSON,424 SUTTER ST,JACKSON,CA,95642,9998,,Z21539,P
WESTPAC,4E,CALIFORNIA 2,956,95645,KNIGHTS LANDING,42318 2ND ST,KNIGHTS LANDING,CA,95645,9998,,Z21604,P
WESTPAC,4E,CALIFORNIA 2,956,95648,LINCOLN,200 GATEWAY DR,LINCOLN,CA,95648,3321,,Z21736,P
WESTPAC,4E,CALIFORNIA 2,956,95650,LOOMIS,3669 TAYLOR RD,LOOMIS,CA,95650,9998,,Z21797,P
WESTPAC,4E,CALIFORNIA 2,956,95651,LOTUS,7310 STATE HIGHWAY 49,LOTUS,CA,95651,9998,,Z21819,P
WESTPAC,4E,CALIFORNIA 2,956,95652,NORTH HIGHLANDS,6483 WATT AVE,NORTH HIGHLANDS,CA,95660,9998,,Z22200,P
WESTPAC,4E,CALIFORNIA 2,956,95653,MADISON,29053 MAIN ST,MADISON,CA,95653,9998,P,Z21845,P
WESTPAC,4E,CALIFORNIA 2,956,95655,RANCHO CORDOVA,10923 PROGRESS CT,RANCHO CORDOVA,CA,95670,5667,,Z22603,P
WESTPAC,4E,CALIFORNIA 2,956,95656,MOUNT AUKUM,8171 MOUNT AUKUM RD STE 101,MOUNT AUKUM,CA,95656,9998,P,Z22076,P
WESTPAC,4E,CALIFORNIA 2,956,95658,NEWCASTLE,9241 OLD STATE HWY,NEWCASTLE,CA,95658,9998,,Z22155,P
WESTPAC,4E,CALIFORNIA 2,956,95659,NICOLAUS,2900 GARDEN HWY,NICOLAUS,CA,95659,9998,,Z22170,P
WESTPAC,4E,CALIFORNIA 2,956,95660,NORTH HIGHLANDS,6483 WATT AVE,NORTH HIGHLANDS,CA,95660,9998,,Z22200,P
WESTPAC,4E,CALIFORNIA 2,956,95661,ROSEVILLE,1860 SIERRA GARDENS DR,ROSEVILLE,CA,95661,9998,,Z22719,P
WESTPAC,4E,CALIFORNIA 2,956,95662,ORANGEVALE,6261 HAZEL AVE,ORANGEVALE,CA,95662,9998,,Z22342,P
WESTPAC,4E,CALIFORNIA 2,956,95663,PENRYN,2205 RIPPEY RD,PENRYN,CA,95663,9998,,Z22451,P
WESTPAC,4E,CALIFORNIA 2,956,95664,PILOT HILL,4460 STATE HIGHWAY 49,PILOT HILL,CA,95664,9998,,Z22476,P
WESTPAC,4E,CALIFORNIA 2,956,95665,PINE GROVE,20116 STATE HIGHWAY 88,PINE GROVE,CA,95665,9998,,Z22482,P
WESTPAC,4E,CALIFORNIA 2,956,95666,PIONEER,24282 STATE HIGHWAY 88,PIONEER,CA,95666,9998,,Z22495,P
WESTPAC,4E,CALIFORNIA 2,956,95667,PLACERVILLE,3045 SACRAMENTO ST,PLACERVILLE,CA,95667,9998,,Z22505,P
WESTPAC,4E,CALIFORNIA 2,956,95668,PLEASANT GROVE,3126 HOWSLEY RD,PLEASANT GROVE,CA,95668,9998,,Z22519,P
WESTPAC,4E,CALIFORNIA 2,956,95669,PLYMOUTH,9477 MAIN ST,PLYMOUTH,CA,95669,8402,,Z22524,P
WESTPAC,4E,CALIFORNIA 2,956,95670,RANCHO CORDOVA,10923 PROGRESS CT,RANCHO CORDOVA,CA,95670,5667,,Z22603,P
WESTPAC,4E,CALIFORNIA 2,956,95672,RESCUE,5221 DEER VALLEY RD,RESCUE,CA,95672,9998,,Z22649,P
WESTPAC,4E,CALIFORNIA 2,956,95672,SHINGLE SPRINGS,4131 S SHINGLE RD STE 6,SHINGLE SPRINGS,CA,95682,9998,,Z22953,P
WESTPAC,4E,CALIFORNIA 2,956,95673,RIO LINDA,801 M ST,RIO LINDA,CA,95673,9998,,Z22672,P
WESTPAC,4E,CALIFORNIA 2,956,95674,RIO OSO,2156 RIO OSO RD,RIO OSO,CA,95674,9998,,Z22674,P
WESTPAC,4E,CALIFORNIA 2,956,95675,MOUNT AUKUM,8171 MOUNT AUKUM RD STE 101,MOUNT AUKUM,CA,95656,9998,P,Z22076,P
WESTPAC,4E,CALIFORNIA 2,956,95676,ROBBINS,4879 DEL MONTE AVE,ROBBINS,CA,95676,9998,P,Z22691,P
WESTPAC,4E,CALIFORNIA 2,956,95677,ROCKLIN,5515 PACIFIC ST,ROCKLIN,CA,95677,9998,,Z22698,P
WESTPAC,4E,CALIFORNIA 2,956,95678,ROSEVILLE,1860 SIERRA GARDENS DR,ROSEVILLE,CA,95661,9998,,Z22719,P
WESTPAC,4E,CALIFORNIA 2,956,95678,VERNON DOWNTOWN,116 S GRANT ST STE 110,ROSEVILLE,CA,95678,9998,,019212,S
WESTPAC,4E,CALIFORNIA 2,956,95679,RUMSEY,3405 OLEARY LN,RUMSEY,CA,95679,9998,P,Z22734,C
WESTPAC,4E,CALIFORNIA 2,956,95680,RYDE,14286 STATE HIGHWAY 160,RYDE,CA,95680,9998,P,Z22744,P
WESTPAC,4E,CALIFORNIA 2,956,95681,SHERIDAN,5730 SHERIDAN LINCOLN BLVD,SHERIDAN,CA,95681,9998,,Z22945,P
WESTPAC,4E,CALIFORNIA 2,956,95681,WHEATLAND,404 4TH ST,WHEATLAND,CA,95692,9998,,Z23861,P
WESTPAC,4E,CALIFORNIA 2,956,95682,SHINGLE SPRINGS,4131 S SHINGLE RD STE 6,SHINGLE SPRINGS,CA,95682,9998,,Z22953,P
WESTPAC,4E,CALIFORNIA 2,956,95683,SLOUGHHOUSE,7268 MURIETA DR,SLOUGHHOUSE,CA,95683,9998,,Z22983,P
WESTPAC,4E,CALIFORNIA 2,956,95684,SOMERSET,6040 GRIZZLY FLAT RD,SOMERSET,CA,95684,9900,,Z23034,P
WESTPAC,4E,CALIFORNIA 2,956,95685,SUTTER CREEK,3 GOPHER FLAT RD,SUTTER CREEK,CA,95685,9998,,Z23506,P
WESTPAC,4E,CALIFORNIA 2,956,95686,THORNTON,8494 STOCKTON ST,THORNTON,CA,95686,9998,P,Z23568,P
WESTPAC,4E,CALIFORNIA 2,956,95687,VACAVILLE,200 PRAIRIE CT,VACAVILLE,CA,95687,9998,,Z23688,P
WESTPAC,4E,CALIFORNIA 2,956,95688,CERNON,98 CERNON ST,VACAVILLE,CA,95688,9998,,Z20569,S
WESTPAC,4E,CALIFORNIA 2,956,95689,VOLCANO,16120 MAIN ST,VOLCANO,CA,95689,9998,,Z23762,P
WESTPAC,4E,CALIFORNIA 2,956,95690,WALNUT GROVE,14165 RIVER RD,WALNUT GROVE,CA,95690,9998,,Z23780,P
WESTPAC,4E,CALIFORNIA 2,956,95691,WEST SACRAMENTO,1601 MERKLEY AVE,WEST SACRAMENTO,CA,95691,9998,,Z23836,P
WESTPAC,4E,CALIFORNIA 2,956,95692,WHEATLAND,404 4TH ST,WHEATLAND,CA,95692,9998,,Z23861,P
WESTPAC,4E,CALIFORNIA 2,956,95693,WILTON,11090 JEFF BRIAN LN,WILTON,CA,95693,9998,,Z23898,P
WESTPAC,4E,CALIFORNIA 2,956,95694,WINTERS,510 RAILROAD AVE,WINTERS,CA,95694,9998,,Z23906,P
WESTPAC,4E,CALIFORNIA 2,956,95695,MIDTOWN WOODLAND,626 W LINCOLN AVE,WOODLAND,CA,95695,9996,,020483,S
WESTPAC,4E,CALIFORNIA 2,956,95696,CERNON,98 CERNON ST,VACAVILLE,CA,95688,9998,P,Z20569,S
WESTPAC,4E,CALIFORNIA 2,956,95696,VACAVILLE,200 PRAIRIE CT,VACAVILLE,CA,95687,9998,P,Z23688,P
WESTPAC,4E,CALIFORNIA 2,956,95697,YOLO,14138 2ND ST,YOLO,CA,95697,9998,P,Z23943,P
WESTPAC,4E,CALIFORNIA 2,956,95698,ZAMORA,9780 BLACKS ST,ZAMORA,CA,95698,9998,P,Z23961,P
WESTPAC,4E,CALIFORNIA 2,956,95699,SUTTER CREEK,3 GOPHER FLAT RD,SUTTER CREEK,CA,95685,9998,P,Z23506,P
WESTPAC,4E,CALIFORNIA 2,956,95701,ALTA,33735 NARY RED RD,ALTA,CA,95701,9998,P,Z20070,P
WESTPAC,4E,CALIFORNIA 2,956,95703,APPLEGATE,17880 APPLEGATE RD,APPLEGATE,CA,95703,9998,,Z20113,P
WESTPAC,4E,CALIFORNIA 2,956,95709,CAMINO,4120 CARSON RD,CAMINO,CA,95709,9998,,Z20470,P
WESTPAC,4E,CALIFORNIA 2,956,95712,CHICAGO PARK,17748 LOWER COLFAX RD,CHICAGO PARK,CA,95712,9998,P,Z20588,P
WESTPAC,4E,CALIFORNIA 2,956,95713,COLFAX,40 W CHURCH ST,COLFAX,CA,95713,9998,,Z20666,P
WESTPAC,4E,CALIFORNIA 2,956,95713,IOWA HILL,3181 IOWA HILL RD,COLFAX,CA,95713,9302,,Z21525,C
WESTPAC,4E,CALIFORNIA 2,956,95714,DUTCH FLAT,32805 MAIN ST,DUTCH FLAT,CA,95714,9998,P,Z20949,P
WESTPAC,4E,CALIFORNIA 2,956,95715,VPO EMIGRANT GAP 2,41965 NYACK RD,EMIGRANT GAP,CA,95715,2500,P,016524,5
WESTPAC,4E,CALIFORNIA 2,956,95717,GOLD RUN,31194 GOLD RUN RD,GOLD RUN,CA,95717,9998,P,Z21293,P
WESTPAC,4E,CALIFORNIA 2,956,95720,KYBURZ,13672 HIGHWAY 50,KYBURZ,CA,95720,9998,,Z21609,P
WESTPAC,4E,CALIFORNIA 2,956,95722,MEADOW VISTA,16930 PLACER HILLS RD,MEADOW VISTA,CA,95722,9998,,Z21928,P
WESTPAC,4E,CALIFORNIA 2,956,95724,SODA SPRINGS,21719 DONNER PASS RD,SODA SPRINGS,CA,95728,9998,P,Z23028,P
WESTPAC,4E,CALIFORNIA 2,956,95726,POLLOCK PINES,2669 SANDERS DR,POLLOCK PINES,CA,95726,9998,,Z22536,P
WESTPAC,4E,CALIFORNIA 2,956,95728,SODA SPRINGS,21719 DONNER PASS RD,SODA SPRINGS,CA,95728,9998,P,Z23028,P
WESTPAC,4E,CALIFORNIA 2,956,95735,TWIN BRIDGES,17481 HIGHWAY 50,TWIN BRIDGES,CA,95735,9998,,Z23640,P
WESTPAC,4E,CALIFORNIA 2,956,95736,WEIMAR,21050 CANYON WAY,WEIMAR,CA,95736,9998,P,Z23805,P
WESTPAC,4E,CALIFORNIA 2,956,95741,RANCHO CORDOVA,10923 PROGRESS CT,RANCHO CORDOVA,CA,95670,5667,P,Z22603,P
WESTPAC,4E,CALIFORNIA 2,956,95742,RANCHO CORDOVA,10923 PROGRESS CT,RANCHO CORDOVA,CA,95670,5667,,Z22603,P
WESTPAC,4E,CALIFORNIA 2,956,95746,ROSEVILLE,1860 SIERRA GARDENS DR,ROSEVILLE,CA,95661,9998,,Z22719,P
WESTPAC,4E,CALIFORNIA 2,956,95746,GRANITE BAY,8757 AUBURN FOLSOM RD,GRANITE BAY,CA,95746,9998,,015318,B
WESTPAC,4E,CALIFORNIA 2,956,95747,ROSEVILLE,1860 SIERRA GARDENS DR,ROSEVILLE,CA,95661,9998,,Z22719,P
WESTPAC,4E,CALIFORNIA 2,956,95757,ELK GROVE LAGUNA CARRIER ANX,8215 LONGLEAF DR,ELK GROVE,CA,95758,9998,,000418,4
WESTPAC,4E,CALIFORNIA 2,956,95758,ELK GROVE LAGUNA CARRIER ANX,8215 LONGLEAF DR,ELK GROVE,CA,95758,9998,,000418,4
WESTPAC,4E,CALIFORNIA 2,956,95758,LAGUNA POSTAL STORE,9105 BRUCEVILLE RD STE 1A,ELK GROVE,CA,95758,9997,,002397,S
WESTPAC,4E,CALIFORNIA 2,956,95759,ELK GROVE,8850 WILLIAMSON DR,ELK GROVE,CA,95624,9998,P,Z21042,P
WESTPAC,4E,CALIFORNIA 2,956,95762,EL DORADO HILLS,4641 POST ST,EL DORADO HILLS,CA,95762,9998,,Z21017,B
WESTPAC,4E,CALIFORNIA 2,956,95763,FOLSOM,1015 RILEY ST,FOLSOM,CA,95630,9998,P,Z21153,P
WESTPAC,4E,CALIFORNIA 2,956,95765,ROCKLIN,5515 PACIFIC ST,ROCKLIN,CA,95677,9998,,Z22698,P
WESTPAC,4E,CALIFORNIA 2,956,95776,WOODLAND,720 COURT ST,WOODLAND,CA,95695,9998,,Z23918,P
WESTPAC,4E,CALIFORNIA 2,956,95776,MIDTOWN WOODLAND,626 W LINCOLN AVE,WOODLAND,CA,95695,9996,,020483,S
WESTPAC,4E,CALIFORNIA 2,956,95798,INDUSTRIAL WEST SACRAMENTO,3775 INDUSTRIAL BLVD,WEST SACRAMENTO,CA,95799,9998,P,Z24166,S
WESTPAC,4E,CALIFORNIA 2,956,95811,SACRAMENTO CA SDC,2000 ROYAL OAKS DR,SACRAMENTO,CA,95813,9903,,021229,4
WESTPAC,4E,CALIFORNIA 2,956,95812,DOWNTOWN PLAZA,1016 R ST,SACRAMENTO,CA,95811,9910,P,021461,S
WESTPAC,4E,CALIFORNIA 2,956,95813,SACRAMENTO CA SDC,2000 ROYAL OAKS DR,SACRAMENTO,CA,95813,9903,P,021229,4
WESTPAC,4E,CALIFORNIA 2,956,95814,SACRAMENTO CA SDC,2000 ROYAL OAKS DR,SACRAMENTO,CA,95813,9903,,021229,4
WESTPAC,4E,CALIFORNIA 2,956,95815,SACRAMENTO CA SDC,2000 ROYAL OAKS DR,SACRAMENTO,CA,95813,9903,,021229,4
WESTPAC,4E,CALIFORNIA 2,956,95816,FORT SUTTER,1618 ALHAMBRA BLVD,SACRAMENTO,CA,95816,9998,,Z21183,S
WESTPAC,4E,CALIFORNIA 2,956,95817,OAK PARK,2929 35TH ST,SACRAMENTO,CA,95817,9998,,Z22289,S
WESTPAC,4E,CALIFORNIA 2,956,95818,BROADWAY,2121 BROADWAY,SACRAMENTO,CA,95818,9998,,Z20364,S
WESTPAC,4E,CALIFORNIA 2,956,95818,FORT SUTTER,1618 ALHAMBRA BLVD,SACRAMENTO,CA,95816,9998,,Z21183,S
WESTPAC,4E,CALIFORNIA 2,956,95819,CAMELLIA,4750 J ST,SACRAMENTO,CA,95819,9998,,Z20468,S
WESTPAC,4E,CALIFORNIA 2,956,95819,FORT SUTTER,1618 ALHAMBRA BLVD,SACRAMENTO,CA,95816,9998,,Z21183,S
WESTPAC,4E,CALIFORNIA 2,956,95820,COLONIAL,6024 44TH ST,SACRAMENTO,CA,95824,9998,,Z20674,S
WESTPAC,4E,CALIFORNIA 2,956,95821,TOWN AND COUNTRY,2929 FULTON AVE STE 19,SACRAMENTO,CA,95821,9998,,Z23596,S
WESTPAC,4E,CALIFORNIA 2,956,95822,LAND PARK,5930 S LAND PARK DR,SACRAMENTO,CA,95822,9998,,Z21685,S
WESTPAC,4E,CALIFORNIA 2,956,95823,PARKWAY,4301 BROOKFIELD DR,SACRAMENTO,CA,95823,9998,,Z22424,S
WESTPAC,4E,CALIFORNIA 2,956,95824,COLONIAL,6024 44TH ST,SACRAMENTO,CA,95824,9998,,Z20674,S
WESTPAC,4E,CALIFORNIA 2,956,95825,ARDEN,2801 ARDEN WAY,SACRAMENTO,CA,95825,9998,,Z20122,S
WESTPAC,4E,CALIFORNIA 2,956,95826,PERKINS,9500 KIEFER BLVD,SACRAMENTO,CA,95827,9998,,Z22453,S
WESTPAC,4E,CALIFORNIA 2,956,95827,PERKINS,9500 KIEFER BLVD,SACRAMENTO,CA,95827,9998,,Z22453,S
WESTPAC,4E,CALIFORNIA 2,956,95828,FLORIN,7250 ELK GROVE FLORIN RD,SACRAMENTO,CA,95829,9998,,Z21148,S
WESTPAC,4E,CALIFORNIA 2,956,95829,FLORIN,7250 ELK GROVE FLORIN RD,SACRAMENTO,CA,95829,9998,,Z21148,S
WESTPAC,4E,CALIFORNIA 2,956,95830,FLORIN,7250 ELK GROVE FLORIN RD,SACRAMENTO,CA,95829,9998,,Z21148,S
WESTPAC,4E,CALIFORNIA 2,956,95831,LAND PARK,5930 S LAND PARK DR,SACRAMENTO,CA,95822,9998,,Z21685,S
WESTPAC,4E,CALIFORNIA 2,956,95832,PARKWAY,4301 BROOKFIELD DR,SACRAMENTO,CA,95823,9998,,Z22424,S
WESTPAC,4E,CALIFORNIA 2,956,95833,SACRAMENTO CA SDC,2000 ROYAL OAKS DR,SACRAMENTO,CA,95813,9903,,021229,4
WESTPAC,4E,CALIFORNIA 2,956,95834,NORTH NATOMAS,4401 GATEWAY PARK BLVD STE 130,SACRAMENTO,CA,95834,9998,,015146,S
WESTPAC,4E,CALIFORNIA 2,956,95834,SACRAMENTO CA SDC,2000 ROYAL OAKS DR,SACRAMENTO,CA,95813,9903,,021229,4
WESTPAC,4E,CALIFORNIA 2,956,95835,SACRAMENTO CA SDC,2000 ROYAL OAKS DR,SACRAMENTO,CA,95813,9903,,021229,4
WESTPAC,4E,CALIFORNIA 2,956,95837,SACRAMENTO CA SDC,2000 ROYAL OAKS DR,SACRAMENTO,CA,95813,9903,,021229,4
WESTPAC,4E,CALIFORNIA 2,956,95838,DEL PASO HEIGHTS,3817 MARYSVILLE BLVD,SACRAMENTO,CA,95838,9998,,Z20852,S
WESTPAC,4E,CALIFORNIA 2,956,95841,FOOTHILL FARMS,5420 KOHLER RD,SACRAMENTO,CA,95841,9998,,Z21156,S
WESTPAC,4E,CALIFORNIA 2,956,95842,ELKHORN CARRIER ANNEX,5410 STATIONERS WAY,SACRAMENTO,CA,95842,9998,,001648,4
WESTPAC,4E,CALIFORNIA 2,956,95843,ELKHORN CARRIER ANNEX,5410 STATIONERS WAY,SACRAMENTO,CA,95842,9998,,001648,4
WESTPAC,4E,CALIFORNIA 2,956,95851,SACRAMENTO CA SDC,2000 ROYAL OAKS DR,SACRAMENTO,CA,95813,9903,P,021229,4
WESTPAC,4E,CALIFORNIA 2,956,95852,SACRAMENTO CA SDC,2000 ROYAL OAKS DR,SACRAMENTO,CA,95813,9903,P,021229,4
WESTPAC,4E,CALIFORNIA 2,956,95853,SACRAMENTO CA SDC,2000 ROYAL OAKS DR,SACRAMENTO,CA,95813,9903,P,021229,4
WESTPAC,4E,CALIFORNIA 2,956,95860,CENTRE,3545 EL CAMINO AVE,SACRAMENTO,CA,95821,6554,P,Z20564,S
WESTPAC,4E,CALIFORNIA 2,956,95864,ARDEN,2801 ARDEN WAY,SACRAMENTO,CA,95825,9998,,Z20122,S
WESTPAC,4E,CALIFORNIA 2,956,95865,ARDEN,2801 ARDEN WAY,SACRAMENTO,CA,95825,9998,P,Z20122,S
WESTPAC,4E,CALIFORNIA 2,956,95866,ARDEN,2801 ARDEN WAY,SACRAMENTO,CA,95825,9998,P,Z20122,S
WESTPAC,4E,CALIFORNIA 2,956,95899,SACRAMENTO CA SDC,2000 ROYAL OAKS DR,SACRAMENTO,CA,95813,9903,P,021229,4
WESTPAC,4E,CALIFORNIA 1,940,95901,MARYSVILLE,407 C ST,MARYSVILLE,CA,95901,5715,,Z21909,P
WESTPAC,4E,CALIFORNIA 1,940,95901,CPU GOLD EAGLE MKT,11269 LOMA RICA RD,MARYSVILLE,CA,95901,8728,,Z23260,5
WESTPAC,4E,CALIFORNIA 1,940,95903,BEALE AFB,17852 16TH ST,BEALE AFB,CA,95903,9998,,Z20218,B
WESTPAC,4E,CALIFORNIA 1,940,95903,MARYSVILLE,407 C ST,MARYSVILLE,CA,95901,5715,,Z21909,P
WESTPAC,4E,CALIFORNIA 1,940,95910,ALLEGHANY,356 MAIN ST,ALLEGHANY,CA,95910,9998,,Z20055,P
WESTPAC,4E,CALIFORNIA 1,940,95912,ARBUCKLE,415 5TH ST,ARBUCKLE,CA,95912,9508,,Z20116,P
WESTPAC,4E,CALIFORNIA 1,940,95913,ARTOIS,357 FRONT ST,ARTOIS,CA,95913,9998,P,Z20141,P
WESTPAC,4E,CALIFORNIA 1,940,95914,BANGOR,5673 LA PORTE RD,BANGOR,CA,95914,9998,,Z20185,P
WESTPAC,4E,CALIFORNIA 1,940,95915,TWAIN,200 TWAIN RD,TWAIN,CA,95984,9998,P,Z23635,P
WESTPAC,4E,CALIFORNIA 1,940,95916,BERRY CREEK,5 WHISPERING CHAPEL LN,BERRY CREEK,CA,95916,9998,,Z20255,P
WESTPAC,4E,CALIFORNIA 1,940,95917,BIGGS,2994 6TH ST,BIGGS,CA,95917,9998,,Z20275,P
WESTPAC,4E,CALIFORNIA 1,940,95918,BROWNS VALLEY,5534 MARYSVILLE RD,BROWNS VALLEY,CA,95918,9998,,Z20374,P
WESTPAC,4E,CALIFORNIA 1,940,95919,BROWNSVILLE,8975 FRENCHTOWN EXT,BROWNSVILLE,CA,95919,9998,,Z20375,P
WESTPAC,4E,CALIFORNIA 1,940,95920,BUTTE CITY,31 KILARNEY ST,BUTTE CITY,CA,95920,9998,,Z20407,P
WESTPAC,4E,CALIFORNIA 1,940,95922,CAMPTONVILLE,15318 CLEVELAND AVE,CAMPTONVILLE,CA,95922,9998,,Z20483,P
WESTPAC,4E,CALIFORNIA 1,940,95923,CANYON DAM,29586 STATE HIGHWAY 89,CANYON DAM,CA,95923,9998,,Z20496,P
WESTPAC,4E,CALIFORNIA 1,940,95924,CEDAR RIDGE,12700 COLFAX HWY,CEDAR RIDGE,CA,95924,9998,P,Z20557,P
WESTPAC,4E,CALIFORNIA 1,940,95925,CHALLENGE,18040 OREGON HILL RD,CHALLENGE,CA,95925,9998,,Z20573,P
WESTPAC,4E,CALIFORNIA 1,940,95926,CHICO,550 VALLOMBROSA AVE,CHICO,CA,95926,9998,,Z20589,P
WESTPAC,4E,CALIFORNIA 1,940,95927,CHICO,550 VALLOMBROSA AVE,CHICO,CA,95926,9998,P,Z20589,P
WESTPAC,4E,CALIFORNIA 1,940,95927,MIDTOWN CHICO,141 W 5TH ST,CHICO,CA,95928,9998,P,Z21967,S
WESTPAC,4E,CALIFORNIA 1,940,95928,CHICO,550 VALLOMBROSA AVE,CHICO,CA,95926,9998,,Z20589,P
WESTPAC,4E,CALIFORNIA 1,940,95930,CLIPPER MILLS,12225 LA PORTE RD,CLIPPER MILLS,CA,95930,9998,,Z20649,P
WESTPAC,4E,CALIFORNIA 1,940,95932,COLUSA,357 MARKET ST,COLUSA,CA,95932,9998,,Z20683,P
WESTPAC,4E,CALIFORNIA 1,940,95934,CRESCENT MILLS,15711 MAIN ST,CRESCENT MILLS,CA,95934,9998,,Z20784,P
WESTPAC,4E,CALIFORNIA 1,940,95935,DOBBINS,10375 OLD DOBBINS RD,DOBBINS,CA,95935,9998,,Z20897,P
WESTPAC,4E,CALIFORNIA 1,940,95936,DOWNIEVILLE,301 MAIN ST,DOWNIEVILLE,CA,95936,9998,P,Z20917,P
WESTPAC,4E,CALIFORNIA 1,940,95937,DUNNIGAN,3650 COUNTY ROAD 99W,DUNNIGAN,CA,95937,9998,P,Z20946,P
WESTPAC,4E,CALIFORNIA 1,940,95938,DURHAM,2396 DURHAM DAYTON HWY,DURHAM,CA,95938,9998,,Z20948,P
WESTPAC,4E,CALIFORNIA 1,940,95939,ELK CREEK,160 CHURCH ST,ELK CREEK,CA,95939,9998,,Z21041,P
WESTPAC,4E,CALIFORNIA 1,940,95940,OROVILLE,1735 ROBINSON ST,OROVILLE,CA,95965,9998,P,Z22356,P
WESTPAC,4E,CALIFORNIA 1,940,95941,FORBESTOWN,19173 NEW YORK FLAT RD,FORBESTOWN,CA,95941,9998,,Z21158,P
WESTPAC,4E,CALIFORNIA 1,940,95942,FOREST RANCH,15517 NOPEL AVE,FOREST RANCH,CA,95942,9998,,Z21163,P
WESTPAC,4E,CALIFORNIA 1,940,95943,GLENN,1836 STATE HIGHWAY 45,GLENN,CA,95943,9998,,Z21283,P
WESTPAC,4E,CALIFORNIA 1,940,95944,GOODYEARS BAR,22 POST OFFICE SPUR,GOODYEARS BAR,CA,95944,9998,P,Z21300,P
WESTPAC,4E,CALIFORNIA 1,940,95945,GRASS VALLEY,185 E MAIN ST,GRASS VALLEY,CA,95945,9998,,Z21317,P
WESTPAC,4E,CALIFORNIA 1,940,95946,PENN VALLEY,17612 PENN VALLEY DR,PENN VALLEY,CA,95946,9900,,Z22447,B
WESTPAC,4E,CALIFORNIA 1,940,95947,GREENVILLE,405 MAIN ST,GREENVILLE,CA,95947,9518,,Z21332,P
WESTPAC,4E,CALIFORNIA 1,940,95948,GRIDLEY,805 SYCAMORE ST,GRIDLEY,CA,95948,9998,,Z21335,P
WESTPAC,4E,CALIFORNIA 1,940,95949,GRASS VALLEY,185 E MAIN ST,GRASS VALLEY,CA,95945,9998,,Z21317,P
WESTPAC,4E,CALIFORNIA 1,940,95950,GRIMES,170 MAIN ST,GRIMES,CA,95950,9998,P,Z21338,P
WESTPAC,4E,CALIFORNIA 1,940,95951,HAMILTON CITY,187 MAIN ST,HAMILTON CITY,CA,95951,9997,P,Z21373,P
WESTPAC,4E,CALIFORNIA 1,940,95953,LIVE OAK,2622 GUM ST,LIVE OAK,CA,95953,9998,,Z21753,P
WESTPAC,4E,CALIFORNIA 1,940,95954,MAGALIA,14146 SKYWAY,MAGALIA,CA,95954,9998,,Z21847,P
WESTPAC,4E,CALIFORNIA 1,940,95954,PARADISE,6469 CLARK RD,PARADISE,CA,95969,9998,,Z22410,P
WESTPAC,4E,CALIFORNIA 1,940,95955,MAXWELL,260 OAK ST,MAXWELL,CA,95955,9998,P,Z21913,P
WESTPAC,4E,CALIFORNIA 1,940,95956,MEADOW VALLEY,7091 BUCKS LAKE RD,MEADOW VALLEY,CA,95956,9998,P,Z21927,P
WESTPAC,4E,CALIFORNIA 1,940,95957,MERIDIAN,1041 3RD ST,MERIDIAN,CA,95957,9998,,Z21947,P
WESTPAC,4E,CALIFORNIA 1,940,95958,NELSON,6805 MIDWAY RD,NELSON,CA,95958,9998,P,Z22143,C
WESTPAC,4E,CALIFORNIA 1,940,95959,NEVADA CITY,200 COYOTE ST,NEVADA CITY,CA,95959,9998,,Z22145,P
WESTPAC,4E,CALIFORNIA 1,940,95960,NORTH SAN JUAN,20092 OAK TREE RD,NORTH SAN JUAN,CA,95960,9998,,Z22215,P
WESTPAC,4E,CALIFORNIA 1,940,95961,OLIVEHURST,4982 OLIVEHURST AVE,OLIVEHURST,CA,95961,9998,,Z22328,P
WESTPAC,4E,CALIFORNIA 1,940,95962,OREGON HOUSE,8753 MARYSVILLE RD,OREGON HOUSE,CA,95962,9998,,Z22348,P
WESTPAC,4E,CALIFORNIA 1,940,95963,ORLAND,831 4TH ST,ORLAND,CA,95963,9998,,Z22352,P
WESTPAC,4E,CALIFORNIA 1,940,95965,OROVILLE,1735 ROBINSON ST,OROVILLE,CA,95965,9998,,Z22356,P
WESTPAC,4E,CALIFORNIA 1,940,95965,CPU PINES HARDWARE,11300A MILLER FLAT RD,OROVILLE,CA,95965,8026,,Z23304,5
WESTPAC,4E,CALIFORNIA 1,940,95966,OROVILLE,1735 ROBINSON ST,OROVILLE,CA,95965,9998,,Z22356,P
WESTPAC,4E,CALIFORNIA 1,940,95966,OPHIR,2359 MYERS ST STE D,OROVILLE,CA,95966,9998,,001435,S
WESTPAC,4E,CALIFORNIA 1,940,95967,PARADISE,6469 CLARK RD,PARADISE,CA,95969,9998,P,Z22410,P
WESTPAC,4E,CALIFORNIA 1,940,95968,PALERMO,7390 LINCOLN BLVD,PALERMO,CA,95968,9998,,Z22385,P
WESTPAC,4E,CALIFORNIA 1,940,95969,PARADISE,6469 CLARK RD,PARADISE,CA,95969,9998,,Z22410,P
WESTPAC,4E,CALIFORNIA 1,940,95970,PRINCETON,149 COMMERCIAL ST,PRINCETON,CA,95970,9998,,Z22572,P
WESTPAC,4E,CALIFORNIA 1,940,95971,QUINCY,222 LAWRENCE ST,QUINCY,CA,95971,9998,,Z22588,P
WESTPAC,4E,CALIFORNIA 1,940,95971,CPU FEATHER RIVER COLLEGE,570 GOLDEN EAGLE AVE,QUINCY,CA,95971,9124,,Z23200,5
WESTPAC,4E,CALIFORNIA 1,940,95972,RACKERBY,7417 LA PORTE RD,RACKERBY,CA,95972,9998,,Z22590,P
WESTPAC,4E,CALIFORNIA 1,940,95973,CHICO,550 VALLOMBROSA AVE,CHICO,CA,95926,9998,,Z20589,P
WESTPAC,4E,CALIFORNIA 1,940,95974,RICHVALE,5219 CHURCH ST,RICHVALE,CA,95974,9996,P,Z22659,P
WESTPAC,4E,CALIFORNIA 1,940,95975,ROUGH AND READY,14485 ROUGH AND READY HWY,ROUGH AND READY,CA,95975,9998,,Z22724,P
WESTPAC,4E,CALIFORNIA 1,940,95977,SMARTSVILLE,8482 SMARTSVILLE RD,SMARTSVILLE,CA,95977,9998,,Z22984,P
WESTPAC,4E,CALIFORNIA 1,940,95978,STIRLING CITY,16939 SKYWAY,STIRLING CITY,CA,95978,9998,P,Z23455,P
WESTPAC,4E,CALIFORNIA 1,940,95979,STONYFORD,259 MARKET ST,STONYFORD,CA,95979,9998,,Z23461,P
WESTPAC,4E,CALIFORNIA 1,940,95980,TWAIN,200 TWAIN RD,TWAIN,CA,95984,9998,P,Z23635,P
WESTPAC,4E,CALIFORNIA 1,940,95981,CLIPPER MILLS,12225 LA PORTE RD,CLIPPER MILLS,CA,95930,9998,,Z20649,P
WESTPAC,4E,CALIFORNIA 1,940,95982,SUTTER,2209 CALIFORNIA ST,SUTTER,CA,95982,9998,,Z23505,P
WESTPAC,4E,CALIFORNIA 1,940,95983,TAYLORSVILLE,4368 MAIN ST,TAYLORSVILLE,CA,95983,9998,,Z23536,P
WESTPAC,4E,CALIFORNIA 1,940,95984,TWAIN,200 TWAIN RD,TWAIN,CA,95984,9998,P,Z23635,P
WESTPAC,4E,CALIFORNIA 1,940,95986,WASHINGTON,15274 WASHINGTON RD,WASHINGTON,CA,95986,9998,P,Z23793,P
WESTPAC,4E,CALIFORNIA 1,940,95987,WILLIAMS,801 E ST,WILLIAMS,CA,95987,9998,,Z23881,P
WESTPAC,4E,CALIFORNIA 1,940,95988,WILLOWS,315 W SYCAMORE ST,WILLOWS,CA,95988,9998,,Z23890,P
WESTPAC,4E,CALIFORNIA 1,940,95991,MARYSVILLE,407 C ST,MARYSVILLE,CA,95901,5715,,Z21909,P
WESTPAC,4E,CALIFORNIA 1,940,95992,YUBA CITY,761 PLUMAS ST,YUBA CITY,CA,95991,9998,P,Z23956,P
WESTPAC,4E,CALIFORNIA 1,940,95992,YUBA CITY NPU,1547 STARR DR STE L,YUBA CITY,CA,95993,9996,P,016060,5
WESTPAC,4E,CALIFORNIA 1,940,95993,MARYSVILLE,407 C ST,MARYSVILLE,CA,95901,5715,,Z21909,P
WESTPAC,4E,CALIFORNIA 1,940,96001,DOWNTOWN REDDING,1647 YUBA ST,REDDING,CA,96001,9998,,Z20924,S
WESTPAC,4E,CALIFORNIA 1,940,96002,REDDING,2323 CHURN CREEK RD,REDDING,CA,96002,9998,,Z22633,P
WESTPAC,4E,CALIFORNIA 1,940,96003,REDDING,2323 CHURN CREEK RD,REDDING,CA,96002,9998,,Z22633,P
WESTPAC,4E,CALIFORNIA 1,940,96006,ADIN,512 S MAIN ST,ADIN,CA,96006,9998,,Z20026,P
WESTPAC,4E,CALIFORNIA 1,940,96007,ANDERSON,2141 FERRY ST,ANDERSON,CA,96007,9998,,Z20098,P
WESTPAC,4E,CALIFORNIA 1,940,96008,BELLA VISTA,22515 OLD ALTURAS RD,BELLA VISTA,CA,96008,9998,,Z20235,P
WESTPAC,4E,CALIFORNIA 1,940,96009,BIEBER,105 BRIDGE ST,BIEBER,CA,96009,9998,P,Z20263,P
WESTPAC,4E,CALIFORNIA 1,940,96010,BIG BAR,27761 STATE HIGHWAY 299,BIG BAR,CA,96010,9400,,Z20264,P
WESTPAC,4E,CALIFORNIA 1,940,96011,BIG BEND,30487 HOT SPRINGS RD,BIG BEND,CA,96011,9998,P,Z20269,P
WESTPAC,4E,CALIFORNIA 1,940,96013,BURNEY,20655 COMMERCE WAY,BURNEY,CA,96013,9998,,Z20400,P
WESTPAC,4E,CALIFORNIA 1,940,96014,CALLAHAN,12436 S STATE HIGHWAY 3,CALLAHAN,CA,96014,9998,,Z20458,P
WESTPAC,4E,CALIFORNIA 1,940,96015,CANBY,22489 STATE HIGHWAY 299 E STE A,CANBY,CA,96015,9998,,Z20485,P
WESTPAC,4E,CALIFORNIA 1,940,96016,CASSEL,21594 CASSEL RD,CASSEL,CA,96016,9506,,Z20535,P
WESTPAC,4E,CALIFORNIA 1,940,96017,CASTELLA,20115 CASTLE CREEK RD,CASTELLA,CA,96017,9998,,Z20538,P
WESTPAC,4E,CALIFORNIA 1,940,96019,SHASTA LAKE,4425 FRONT ST,SHASTA LAKE,CA,96019,9998,,Z20563,P
WESTPAC,4E,CALIFORNIA 1,940,96020,CHESTER,218 LAUREL LN,CHESTER,CA,96020,9998,,Z20586,P
WESTPAC,4E,CALIFORNIA 1,940,96021,CORNING,1217 YOLO ST,CORNING,CA,96021,9998,,Z20758,P
WESTPAC,4E,CALIFORNIA 1,940,96022,COTTONWOOD,3270 WALNUT ST,COTTONWOOD,CA,96022,9998,,Z20768,P
WESTPAC,4E,CALIFORNIA 1,940,96023,DORRIS,214 W 3RD ST,DORRIS,CA,96023,9998,,Z20910,P
WESTPAC,4E,CALIFORNIA 1,940,96024,DOUGLAS CITY,140 STEINER FLAT RD,DOUGLAS CITY,CA,96024,9998,,Z20913,P
WESTPAC,4E,CALIFORNIA 1,940,96025,DUNSMUIR,5530 DUNSMUIR AVE,DUNSMUIR,CA,96025,9998,,Z20947,P
WESTPAC,4E,CALIFORNIA 1,940,96027,ETNA,119 DIGGLES ST,ETNA,CA,96027,9998,,Z21070,P
WESTPAC,4E,CALIFORNIA 1,940,96028,FALL RIVER MILLS,43294 STATE HIGHWAY 299 E,FALL RIVER MILLS,CA,96028,9998,,Z21086,P
WESTPAC,4E,CALIFORNIA 1,940,96029,CORNING,1217 YOLO ST,CORNING,CA,96021,9998,,Z20758,P
WESTPAC,4E,CALIFORNIA 1,940,96031,FORKS OF SALMON,39039 SAWYERS BAR RD,FORKS OF SALMON,CA,96031,9998,,Z21168,P
WESTPAC,4E,CALIFORNIA 1,940,96032,FORT JONES,11954 MAIN ST,FORT JONES,CA,96032,9998,,Z21177,P
WESTPAC,4E,CALIFORNIA 1,940,96033,FRENCH GULCH,14200 MAIN ST,FRENCH GULCH,CA,96033,9998,,Z21207,P
WESTPAC,4E,CALIFORNIA 1,940,96034,GAZELLE,18418 OLD HIGHWAY 99,GAZELLE,CA,96034,9998,,Z21256,P
WESTPAC,4E,CALIFORNIA 1,940,96035,GERBER,408 SAN BENITO AVE,GERBER,CA,96035,9998,,Z21265,P
WESTPAC,4E,CALIFORNIA 1,940,96037,GREENVIEW,6745 MAIN ST,GREENVIEW,CA,96037,9998,P,Z21331,P
WESTPAC,4E,CALIFORNIA 1,940,96038,GRENADA,515 SHASTA BLVD,GRENADA,CA,96038,9998,,Z21334,P
WESTPAC,4E,CALIFORNIA 1,940,96039,HAPPY CAMP,33 DAVIS RD,HAPPY CAMP,CA,96039,9998,,Z21381,P
WESTPAC,4E,CALIFORNIA 1,940,96040,HAT CREEK,18630 STATE HIGHWAY 89,HAT CREEK,CA,96040,9998,,Z21389,P
WESTPAC,4E,CALIFORNIA 1,940,96041,HAYFORK,7180 STATE HIGHWAY 3,HAYFORK,CA,96041,9997,,Z21396,P
WESTPAC,4E,CALIFORNIA 1,940,96044,HORNBROOK,15431 HORNBROOK RD,HORNBROOK,CA,96044,9998,,Z21466,P
WESTPAC,4E,CALIFORNIA 1,940,96046,HYAMPOM,22617 HYAMPOM RD,HYAMPOM,CA,96046,9998,P,Z21489,P
WESTPAC,4E,CALIFORNIA 1,940,96047,IGO,6484 PLACER RD,IGO,CA,96047,9998,,Z21499,P
WESTPAC,4E,CALIFORNIA 1,940,96048,JUNCTION CITY,43380A STATE HIGHWAY 299,JUNCTION CITY,CA,96048,9998,,Z21558,P
WESTPAC,4E,CALIFORNIA 1,940,96049,REDDING,2323 CHURN CREEK RD,REDDING,CA,96002,9998,P,Z22633,P
WESTPAC,4E,CALIFORNIA 1,940,96050,KLAMATH RIVER,20523 STATE HIGHWAY 96,KLAMATH RIVER,CA,96050,9998,,Z21601,P
WESTPAC,4E,CALIFORNIA 1,940,96051,LAKEHEAD,20856 ANTLERS RD,LAKEHEAD,CA,96051,9998,,Z21669,P
WESTPAC,4E,CALIFORNIA 1,940,96052,LEWISTON,4391A TRINITY DAM BLVD,LEWISTON,CA,96052,9998,,Z21732,P
WESTPAC,4E,CALIFORNIA 1,940,96054,LOOKOUT,409 MAIN ST,LOOKOUT,CA,96054,9998,P,Z21796,P
WESTPAC,4E,CALIFORNIA 1,940,96055,LOS MOLINOS,7865 STATE HIGHWAY 99E,LOS MOLINOS,CA,96055,9998,,Z21811,P
WESTPAC,4E,CALIFORNIA 1,940,96056,MCARTHUR,44160 STATE HIGHWAY 299 E STE 1,MCARTHUR,CA,96056,9998,,Z21920,P
WESTPAC,4E,CALIFORNIA 1,940,96057,MCCLOUD,324 MAIN ST,MCCLOUD,CA,96057,9998,,Z21923,P
WESTPAC,4E,CALIFORNIA 1,940,96058,MACDOEL,41439 STATE HIGHWAY 97,MACDOEL,CA,96058,9998,,Z21839,P
WESTPAC,4E,CALIFORNIA 1,940,96059,MANTON,31240 MANTON RD,MANTON,CA,96059,9998,,Z21874,P
WESTPAC,4E,CALIFORNIA 1,940,96062,MILLVILLE,24127 OLD 44 DR,MILLVILLE,CA,96062,9998,,Z21983,P
WESTPAC,4E,CALIFORNIA 1,940,96063,MINERAL,38450 STATE HIGHWAY 36 E,MINERAL,CA,96063,9998,P,Z21986,P
WESTPAC,4E,CALIFORNIA 1,940,96064,MONTAGUE,115 S 11TH ST,MONTAGUE,CA,96064,9998,,Z22032,P
WESTPAC,4E,CALIFORNIA 1,940,96065,MONTGOMERY CREEK,30346 STATE HIGHWAY 299 E,MONTGOMERY CREEK,CA,96065,9998,,Z22051,P
WESTPAC,4E,CALIFORNIA 1,940,96067,MOUNT SHASTA,301 S MOUNT SHASTA BLVD,MOUNT SHASTA,CA,96067,9998,,Z22081,P
WESTPAC,4E,CALIFORNIA 1,940,96068,NUBIEBER,652-890 STATE HIGHWAY 299 E,NUBIEBER,CA,96068,9998,P,Z22275,P
WESTPAC,4E,CALIFORNIA 1,940,96069,OAK RUN,27600 OAK RUN TO FERN RD,OAK RUN,CA,96069,9998,,Z22290,P
WESTPAC,4E,CALIFORNIA 1,940,96071,OLD STATION,12529 STATE HIGHWAY 44/89,OLD STATION,CA,96071,9998,,Z22318,P
WESTPAC,4E,CALIFORNIA 1,940,96073,PALO CEDRO,9434 DESCHUTES RD,PALO CEDRO,CA,96073,9998,,Z22397,P
WESTPAC,4E,CALIFORNIA 1,940,96074,PASKENTA,13180 TOOMES CAMP RD,PASKENTA,CA,96074,9998,P,Z22428,P
WESTPAC,4E,CALIFORNIA 1,940,96075,PAYNES CREEK,29791 PAYNES CREEK LOOP,PAYNES CREEK,CA,96075,9737,,Z22434,C
WESTPAC,4E,CALIFORNIA 1,940,96075,RED BLUFF,447 WALNUT ST,RED BLUFF,CA,96080,9998,,Z22628,P
WESTPAC,4E,CALIFORNIA 1,940,96076,PLATINA,4554 STATE HIGHWAY 36 W,PLATINA,CA,96076,9998,,Z22509,P
WESTPAC,4E,CALIFORNIA 1,940,96078,PROBERTA,9973 STATE HIGHWAY 99W,PROBERTA,CA,96078,9998,P,Z22574,P
WESTPAC,4E,CALIFORNIA 1,940,96079,PROJECT CITY,1985 CASCADE BLVD,SHASTA LAKE,CA,96019,9007,P,Z22575,B
WESTPAC,4E,CALIFORNIA 1,940,96080,RED BLUFF,447 WALNUT ST,RED BLUFF,CA,96080,9998,,Z22628,P
WESTPAC,4E,CALIFORNIA 1,940,96084,ROUND MOUNTAIN,29620 STATE HIGHWAY 299 E,ROUND MOUNTAIN,CA,96084,9998,P,Z22726,P
WESTPAC,4E,CALIFORNIA 1,940,96085,SCOTT BAR,27233 SCOTT RIVER RD,SCOTT BAR,CA,96085,9998,,Z22898,P
WESTPAC,4E,CALIFORNIA 1,940,96086,SEIAD VALLEY,44717 STATE HIGHWAY 96,SEIAD VALLEY,CA,96086,9998,,Z22912,P
WESTPAC,4E,CALIFORNIA 1,940,96087,SHASTA,15430 STATE HIGHWAY 299 W,SHASTA,CA,96087,9998,P,Z22936,P
WESTPAC,4E,CALIFORNIA 1,940,96088,SHINGLETOWN,31268 STATE HIGHWAY 44 STE B,SHINGLETOWN,CA,96088,9998,,Z22954,P
WESTPAC,4E,CALIFORNIA 1,940,96089,SUMMIT CITY,13701 HILL BLVD,SHASTA LAKE,CA,96089,9998,P,Z24217,B
WESTPAC,4E,CALIFORNIA 1,940,96090,TEHAMA,225 C ST,TEHAMA,CA,96090,9998,P,Z23541,P
WESTPAC,4E,CALIFORNIA 1,940,96091,TRINITY CENTER,271 MARY AVE,TRINITY CENTER,CA,96091,9998,,Z23617,P
WESTPAC,4E,CALIFORNIA 1,940,96092,VINA,4750 ROWLES RD,VINA,CA,96092,9998,P,Z23747,P
WESTPAC,4E,CALIFORNIA 1,940,96093,WEAVERVILLE,50 S MINER ST,WEAVERVILLE,CA,96093,9998,P,Z23802,P
WESTPAC,4E,CALIFORNIA 1,940,96094,WEED,560 TEBBE ST,WEED,CA,96094,9998,,Z23804,P
WESTPAC,4E,CALIFORNIA 1,940,96095,SHASTA,15430 STATE HIGHWAY 299 W,SHASTA,CA,96087,9998,P,Z22936,P
WESTPAC,4E,CALIFORNIA 1,940,96096,WHITMORE,30544 WHITMORE RD,WHITMORE,CA,96096,9998,,Z23869,P
WESTPAC,4E,CALIFORNIA 1,940,96097,YREKA,401 S BROADWAY ST,YREKA,CA,96097,9998,,Z23955,P
WESTPAC,4E,CALIFORNIA 1,940,96099,DOWNTOWN REDDING,1647 YUBA ST,REDDING,CA,96001,9998,P,Z20924,S
WESTPAC,4E,CALIFORNIA 2,956,96101,ALTURAS,240 N MAIN ST,ALTURAS,CA,96101,4047,,Z20077,P
WESTPAC,4E,CALIFORNIA 2,956,96103,BLAIRSDEN GRAEAGLE,1228 WASCO TRL,BLAIRSDEN GRAEAGLE,CA,96103,9997,,Z20289,P
WESTPAC,4E,CALIFORNIA 2,956,96103,CROMBERG,59704 STATE HIGHWAY 70,CROMBERG,CA,96103,9995,,Z20796,C
WESTPAC,4E,CALIFORNIA 2,956,96104,CEDARVILLE,480 MAIN ST,CEDARVILLE,CA,96104,9995,,Z20559,P
WESTPAC,4E,CALIFORNIA 2,956,96105,CHILCOOT,94217 STATE HIGHWAY 70,CHILCOOT,CA,96105,9996,,Z20591,P
WESTPAC,4E,CALIFORNIA 2,956,96106,CLIO,284 CLIO STATE 40A RD,CLIO,CA,96106,1800,P,Z20647,P
WESTPAC,4E,NV-UT,890,96107,COLEVILLE,111747 US HIGHWAY 395,COLEVILLE,CA,96107,9995,,Z20665,P
WESTPAC,4E,CALIFORNIA 2,956,96108,DAVIS CREEK,1 E US HIGHWAY 395 N,DAVIS CREEK,CA,96108,9500,,Z20838,P
WESTPAC,4E,CALIFORNIA 2,956,96109,DOYLE,745-850 RACHEL DR,DOYLE,CA,96109,9995,,Z20933,P
WESTPAC,4E,CALIFORNIA 2,956,96110,EAGLEVILLE,13761 MAIN ST,EAGLEVILLE,CA,96110,9800,P,Z20960,P
WESTPAC,4E,CALIFORNIA 2,956,96112,FORT BIDWELL,47 E BRIDGE ST,FORT BIDWELL,CA,96112,9800,,Z21171,P
WESTPAC,4E,CALIFORNIA 2,956,96113,HERLONG,2067 YUBA ST,HERLONG,CA,96113,9800,P,Z21413,P
WESTPAC,4E,CALIFORNIA 2,956,96114,JANESVILLE,463-495 MAIN ST,JANESVILLE,CA,96114,8554,,Z21544,P
WESTPAC,4E,CALIFORNIA 2,956,96115,LAKE CITY,35 E NORTH ST,LAKE CITY,CA,96115,9995,,Z21652,P
WESTPAC,4E,CALIFORNIA 2,956,96116,LIKELY,3136 US HIGHWAY 395,LIKELY,CA,96116,9998,P,Z21735,P
WESTPAC,4E,CALIFORNIA 2,956,96117,LITCHFIELD,721-255 CENTER RD,LITCHFIELD,CA,96117,9995,,Z21746,P
WESTPAC,4E,CALIFORNIA 2,956,96118,LOYALTON,500 MAIN ST,LOYALTON,CA,96118,9995,,Z21822,P
WESTPAC,4E,CALIFORNIA 2,956,96119,MADELINE,711-960 LASSEN ST,MADELINE,CA,96119,9800,P,Z21843,P
WESTPAC,4E,NV-UT,890,96120,MARKLEEVILLE,14845 STATE ROUTE 89,MARKLEEVILLE,CA,96120,9995,,Z21904,P
WESTPAC,4E,CALIFORNIA 2,956,96121,MILFORD,450-075 MILFORD GRADE,MILFORD,CA,96121,9995,,Z21973,P
WESTPAC,4E,CALIFORNIA 2,956,96122,PORTOLA,440 S GULLING ST,PORTOLA,CA,96122,9995,,Z22548,P
WESTPAC,4E,CALIFORNIA 2,956,96123,RAVENDALE,519-300 SCHOOLHOUSE RD,RAVENDALE,CA,96123,9995,,Z22625,P
WESTPAC,4E,CALIFORNIA 2,956,96124,SATTLEY,103 COUNTY RD,CALPINE,CA,96124,9995,,Z22891,P
WESTPAC,4E,CALIFORNIA 2,956,96125,SIERRA CITY,215 MAIN ST,SIERRA CITY,CA,96125,9995,,Z22958,P
WESTPAC,4E,CALIFORNIA 2,956,96126,SIERRAVILLE,306 LINCOLN ST,SIERRAVILLE,CA,96126,9995,P,Z22960,P
WESTPAC,4E,CALIFORNIA 2,956,96127,EAGLE,4119 JOHNSTONVILLE RD,SUSANVILLE,CA,96130,9991,P,Z24660,S
WESTPAC,4E,CALIFORNIA 2,956,96128,STANDISH,718-650 US HIGHWAY 395 E,STANDISH,CA,96128,9068,,Z23381,P
WESTPAC,4E,CALIFORNIA 2,956,96130,SUSANVILLE,65 N LASSEN ST,SUSANVILLE,CA,96130,9998,,Z23504,P
WESTPAC,4E,CALIFORNIA 2,956,96130,EAGLE,4119 JOHNSTONVILLE RD,SUSANVILLE,CA,96130,9991,,Z24660,S
WESTPAC,4E,CALIFORNIA 2,956,96132,RAVENDALE,519-300 SCHOOLHOUSE RD,RAVENDALE,CA,96123,9995,,Z22625,P
WESTPAC,4E,NV-UT,890,96133,COLEVILLE,111747 US HIGHWAY 395,COLEVILLE,CA,96107,9995,,Z20665,P
WESTPAC,4E,CALIFORNIA 2,956,96134,TULELAKE,541 MODOC AVE,TULELAKE,CA,96134,9995,,Z23625,P
WESTPAC,4E,CALIFORNIA 2,956,96135,CHILCOOT,94217 STATE HIGHWAY 70,CHILCOOT,CA,96105,9996,P,Z20591,P
WESTPAC,4E,CALIFORNIA 2,956,96137,WESTWOOD,309 ASH ST,WESTWOOD,CA,96137,9995,,Z23858,P
WESTPAC,4E,CALIFORNIA 2,956,96140,CARNELIAN BAY,5075 N LAKE BLVD,CARNELIAN BAY,CA,96140,1800,P,Z20518,P
WESTPAC,4E,CALIFORNIA 2,956,96141,HOMEWOOD,5375 WESTLAKE BLVD,HOMEWOOD,CA,96141,9800,P,Z21458,P
WESTPAC,4E,CALIFORNIA 2,956,96142,TAHOMA,7000 WESTLAKE BLVD,TAHOMA,CA,96142,9800,P,Z23527,B
WESTPAC,4E,CALIFORNIA 2,956,96143,KINGS BEACH,8669 SALMON AVE,KINGS BEACH,CA,96143,9800,P,Z21593,P
WESTPAC,4E,CALIFORNIA 2,956,96145,TAHOE CITY,950 N LAKE BLVD STE 12,TAHOE CITY,CA,96145,9800,P,Z23519,P
WESTPAC,4E,CALIFORNIA 2,956,96146,OLYMPIC VALLEY,1600 OLYMPIC VALLEY RD,OLYMPIC VALLEY,CA,96146,9995,,Z22330,B
WESTPAC,4E,CALIFORNIA 2,956,96148,TAHOE VISTA,7005 N LAKE BLVD,TAHOE VISTA,CA,96148,9800,P,Z23526,P
WESTPAC,4E,CALIFORNIA 2,956,96150,SOUTH LAKE TAHOE,1046 AL TAHOE BLVD,SOUTH LAKE TAHOE,CA,96150,9998,,Z23059,P
WESTPAC,4E,CALIFORNIA 2,956,96151,SOUTH LAKE TAHOE,1046 AL TAHOE BLVD,SOUTH LAKE TAHOE,CA,96150,9998,P,Z23059,P
WESTPAC,4E,CALIFORNIA 2,956,96155,MEYERS,1285 APACHE AVE,SOUTH LAKE TAHOE,CA,96150,5288,P,Z23522,S
WESTPAC,4E,CALIFORNIA 2,956,96158,TAHOE VALLEY,950 EMERALD BAY RD,SOUTH LAKE TAHOE,CA,96150,6415,P,Z23525,S
WESTPAC,4E,CALIFORNIA 2,956,96160,TRUCKEE,10050 BRIDGE ST,TRUCKEE,CA,96161,0212,P,Z23622,P
WESTPAC,4E,CALIFORNIA 2,956,96161,TRUCKEE,10050 BRIDGE ST,TRUCKEE,CA,96161,0212,,Z23622,P
WESTPAC,4E,CALIFORNIA 2,956,96162,DONNER,11415 DEERFIELD DR,TRUCKEE,CA,96161,9997,P,Z20906,S
