area_name,area_code,district_name,district_no,delivery_zipcode,locale_name,physical_delivery_address,physical_city,physical_state,physical_zip,physical_zip4,zip_class_code,locale_key,locale_type
SOUTHERN,4G,FLORIDA 1,320,32003,RIDGEWOOD,225 COLLEGE DR,ORANGE PARK,FL,32065,9998,,002205,S
SOUTHERN,4G,FLORIDA 1,320,32004,PONTE VEDRA BEACH,130 CORRIDOR RD,PONTE VEDRA BEACH,FL,32082,9998,P,Y22734,P
SOUTHERN,4G,FLORIDA 1,320,32006,FLEMING ISLAND,1880 EASTWEST PKWY,FLEMING ISLAND,FL,32003,9998,P,002434,B
SOUTHERN,4G,FLORIDA 1,320,32007,BOSTWICK,1132 N HIGHWAY 17,BOSTWICK,FL,32007,2100,P,Y21487,P
SOUTHERN,4G,FLORIDA 1,320,32008,BRANFORD,104 SUWANNEE AVE NW,BRANFORD,FL,32008,9998,,Y21503,P
SOUTHERN,4G,FLORIDA 1,320,32009,BRYCEVILLE,7875 US HIGHWAY 301,BRYCEVILLE,FL,32009,9998,,Y21519,P
SOUTHERN,4G,FLORIDA 1,320,32009,CALLAHAN,450054 STATE ROAD 200,CALLAHAN,FL,32011,9998,,Y21527,P
SOUTHERN,4G,FLORIDA 1,320,32011,CALLAHAN,450054 STATE ROAD 200,CALLAHAN,FL,32011,9998,,Y21527,P
SOUTHERN,4G,FLORIDA 1,320,32013,DAY,4573 N COUNTY ROAD 53,DAY,FL,32013,9998,P,Y21684,P
SOUTHERN,4G,FLORIDA 1,320,32024,LAKE CITY,250 NW MAIN BLVD,LAKE CITY,FL,32055,9998,,Y22191,P
SOUTHERN,4G,FLORIDA 1,320,32025,LAKE CITY,250 NW MAIN BLVD,LAKE CITY,FL,32055,9998,,Y22191,P
SOUTHERN,4G,FLORIDA 1,320,32030,RIDGEWOOD,225 COLLEGE DR,ORANGE PARK,FL,32065,9998,P,002205,S
SOUTHERN,4G,FLORIDA 1,320,32033,ELKTON,5785 COUNTY ROAD 305,ELKTON,FL,32033,9998,,Y21795,P
SOUTHERN,4G,FLORIDA 1,320,32034,FERNANDINA BEACH,1997 SADLER RD,FERNANDINA BEACH,FL,32034,9998,,Y21828,P
SOUTHERN,4G,FLORIDA 1,320,32035,FERNANDINA BEACH,1997 SADLER RD,FERNANDINA BEACH,FL,32034,9998,P,Y21828,P
SOUTHERN,4G,FLORIDA 1,320,32035,DOWNTOWN FERNANDINA BEACH,401 CENTRE ST,FERNANDINA BEACH,FL,32034,4288,P,000251,S
SOUTHERN,4G,FLORIDA 1,320,32038,FORT WHITE,318 SW HOLSTEIN AVE,FORT WHITE,FL,32038,3512,,Y21892,P
SOUTHERN,4G,FLORIDA 1,320,32040,GLEN SAINT MARY,7345 W MOUNT VERNON ST,GLEN SAINT MARY,FL,32040,9998,,Y21937,P
SOUTHERN,4G,FLORIDA 1,320,32041,YULEE,463063 STATE ROAD 200,YULEE,FL,32097,9998,P,Y23292,P
SOUTHERN,4G,FLORIDA 1,320,32042,GRAHAM,9847 SW 104TH AVE,GRAHAM,FL,32042,9998,P,Y21961,P
SOUTHERN,4G,FLORIDA 1,320,32043,GREEN COVE SPRINGS,500 PALMER ST,GREEN COVE SPRINGS,FL,32043,9998,,Y21969,P
SOUTHERN,4G,FLORIDA 1,320,32044,HAMPTON,5627 NAVARRE AVE,HAMPTON,FL,32044,9998,,Y22007,P
SOUTHERN,4G,FLORIDA 1,320,32044,STARKE,122 N WALNUT ST,STARKE,FL,32091,9998,,Y23016,P
SOUTHERN,4G,FLORIDA 1,320,32046,HILLIARD,551835 US HIGHWAY 1,HILLIARD,FL,32046,8823,,Y22044,P
SOUTHERN,4G,FLORIDA 1,320,32050,MIDDLEBURG,2073 PALMETTO ST,MIDDLEBURG,FL,32068,9998,P,Y22411,P
SOUTHERN,4G,FLORIDA 1,320,32052,JASPER,105 MARTIN LUTHER KING DR SE,JASPER,FL,32052,6689,,Y22137,P
SOUTHERN,4G,FLORIDA 1,320,32053,JENNINGS,1269 PLUM ST,JENNINGS,FL,32053,9998,,Y22144,P
SOUTHERN,4G,FLORIDA 1,320,32054,LAKE BUTLER,215 NW 1ST ST,LAKE BUTLER,FL,32054,9998,,Y22189,P
SOUTHERN,4G,FLORIDA 1,320,32055,LAKE CITY,250 NW MAIN BLVD,LAKE CITY,FL,32055,9998,,Y22191,P
SOUTHERN,4G,FLORIDA 1,320,32056,LAKE CITY,250 NW MAIN BLVD,LAKE CITY,FL,32055,9998,P,Y22191,P
SOUTHERN,4G,FLORIDA 1,320,32058,LAWTEY,22706 US HIGHWAY 301 N,LAWTEY,FL,32058,9998,,Y22249,P
SOUTHERN,4G,FLORIDA 1,320,32059,LEE,7760 E US HIGHWAY 90,LEE,FL,32059,5762,,Y22252,P
SOUTHERN,4G,FLORIDA 1,320,32060,LIVE OAK,1415 OHIO AVE N,LIVE OAK,FL,32064,9998,,Y22271,P
SOUTHERN,4G,FLORIDA 1,320,32062,MC ALPIN,17054 US HIGHWAY 129,MC ALPIN,FL,32062,9998,,Y22359,P
SOUTHERN,4G,FLORIDA 1,320,32062,O BRIEN,22654 US HIGHWAY 129,O BRIEN,FL,32071,9998,,Y22558,P
SOUTHERN,4G,FLORIDA 1,320,32063,MACCLENNY,39 W LOWDER ST,MACCLENNY,FL,32063,9998,,Y22305,P
SOUTHERN,4G,FLORIDA 1,320,32064,DOWLING PARK,11057 COUNTY ROAD 136,LIVE OAK,FL,32060,5890,,Y21720,C
SOUTHERN,4G,FLORIDA 1,320,32064,LIVE OAK,1415 OHIO AVE N,LIVE OAK,FL,32064,9998,,Y22271,P
SOUTHERN,4G,FLORIDA 1,320,32065,RIDGEWOOD,225 COLLEGE DR,ORANGE PARK,FL,32065,9998,,002205,S
SOUTHERN,4G,FLORIDA 1,320,32066,MAYO,157 E MAIN ST,MAYO,FL,32066,4808,,Y22351,P
SOUTHERN,4G,FLORIDA 1,320,32067,ORANGE PARK,1335 KINGSLEY AVE,ORANGE PARK,FL,32073,9998,P,Y22603,P
SOUTHERN,4G,FLORIDA 1,320,32068,MIDDLEBURG,2073 PALMETTO ST,MIDDLEBURG,FL,32068,9998,,Y22411,P
SOUTHERN,4G,FLORIDA 1,320,32071,O BRIEN,22654 US HIGHWAY 129,O BRIEN,FL,32071,9998,,Y22558,P
SOUTHERN,4G,FLORIDA 1,320,32073,ORANGE PARK,1335 KINGSLEY AVE,ORANGE PARK,FL,32073,9998,,Y22603,P
SOUTHERN,4G,FLORIDA 1,320,32079,PENNEY FARMS,4380 LEWIS AVE,PENNEY FARMS,FL,32079,9600,P,Y22686,P
SOUTHERN,4G,FLORIDA 1,320,32080,ANASTASIA ISLAND,138 SEA GROVE MAIN ST,SAINT AUGUSTINE,FL,32080,7708,,004362,B
SOUTHERN,4G,FLORIDA 1,320,32080,SAINT AUGUSTINE ANNEX,1740 DOBBS RD,SAINT AUGUSTINE,FL,32084,6299,,020103,4
SOUTHERN,4G,FLORIDA 1,320,32081,PONTE VEDRA BEACH,130 CORRIDOR RD,PONTE VEDRA BEACH,FL,32082,9998,,Y22734,P
SOUTHERN,4G,FLORIDA 1,320,32082,PONTE VEDRA BEACH,130 CORRIDOR RD,PONTE VEDRA BEACH,FL,32082,9998,,Y22734,P
SOUTHERN,4G,FLORIDA 1,320,32083,RAIFORD,13132 NE STATE ROAD 121,RAIFORD,FL,32083,9998,,Y22775,P
SOUTHERN,4G,FLORIDA 1,320,32084,SAINT AUGUSTINE,99 KING ST,SAINT AUGUSTINE,FL,32084,9998,,Y22827,P
SOUTHERN,4G,FLORIDA 1,320,32085,SAINT AUGUSTINE,99 KING ST,SAINT AUGUSTINE,FL,32084,9998,P,Y22827,P
SOUTHERN,4G,FLORIDA 1,320,32086,SAINT AUGUSTINE ANNEX,1740 DOBBS RD,SAINT AUGUSTINE,FL,32084,6299,,020103,4
SOUTHERN,4G,FLORIDA 1,320,32087,GLEN SAINT MARY,7345 W MOUNT VERNON ST,GLEN SAINT MARY,FL,32040,9998,,Y21937,P
SOUTHERN,4G,FLORIDA 1,320,32087,SANDERSON,14470 US HIGHWAY 90,SANDERSON,FL,32087,9998,,Y22849,P
SOUTHERN,4G,FLORIDA 1,320,32091,STARKE,122 N WALNUT ST,STARKE,FL,32091,9998,,Y23016,P
SOUTHERN,4G,FLORIDA 1,320,32092,WORLD GOLF VILLAGE ANNEX,455 W TOWN PL,SAINT AUGUSTINE,FL,32092,9998,,020102,4
SOUTHERN,4G,FLORIDA 1,320,32094,WELLBORN,12096 COUNTY ROAD 137,WELLBORN,FL,32094,9998,,Y23210,P
SOUTHERN,4G,FLORIDA 1,320,32095,WORLD GOLF VILLAGE ANNEX,455 W TOWN PL,SAINT AUGUSTINE,FL,32092,9998,,020102,4
SOUTHERN,4G,FLORIDA 1,320,32096,WHITE SPRINGS,16555 SPRING ST,WHITE SPRINGS,FL,32096,9998,,Y23252,P
SOUTHERN,4G,FLORIDA 1,320,32097,YULEE,463063 STATE ROAD 200,YULEE,FL,32097,9998,,Y23292,P
SOUTHERN,4G,FLORIDA 1,320,32102,ASTOR,24433 STATE ROAD 40,ASTOR,FL,32102,9998,,Y21381,P
SOUTHERN,4G,FLORIDA 1,320,32105,BARBERVILLE,1680 RAILROAD AVE,BARBERVILLE,FL,32105,5000,P,Y21409,P
SOUTHERN,4G,FLORIDA 1,320,32110,BUNNELL,704 E MOODY BLVD,BUNNELL,FL,32110,5921,,Y21522,P
SOUTHERN,4G,FLORIDA 1,320,32111,CANDLER,10801 SE 110TH STREET RD,CANDLER,FL,32111,0079,P,Y21533,P
SOUTHERN,4G,FLORIDA 1,320,32112,CRESCENT CITY,403 N SUMMIT ST,CRESCENT CITY,FL,32112,9998,,Y21651,P
SOUTHERN,4G,FLORIDA 1,320,32113,CITRA,2250 E HIGHWAY 318,CITRA,FL,32113,9998,,Y21583,P
SOUTHERN,4G,FLORIDA 1,320,32114,DAYTONA BEACH FL SDC,500 BILL FRANCE BLVD,DAYTONA BEACH,FL,32114,9957,,021675,4
SOUTHERN,4G,FLORIDA 1,320,32115,DOWNTOWN DAYTONA BEACH,220 N BEACH ST,DAYTONA BEACH,FL,32114,3302,P,Y21725,S
SOUTHERN,4G,FLORIDA 1,320,32116,DAYTONA BEACH SHORES,2136 S ATLANTIC AVE STE A,DAYTONA BEACH,FL,32118,5016,P,Y21690,B
SOUTHERN,4G,FLORIDA 1,320,32117,DAYTONA BEACH FL SDC,500 BILL FRANCE BLVD,DAYTONA BEACH,FL,32114,9957,,021675,4
SOUTHERN,4G,FLORIDA 1,320,32118,DOWNTOWN DAYTONA BEACH,220 N BEACH ST,DAYTONA BEACH,FL,32114,3302,,Y21725,S
SOUTHERN,4G,FLORIDA 1,320,32119,DAYTONA BEACH FL SDC,500 BILL FRANCE BLVD,DAYTONA BEACH,FL,32114,9957,,021675,4
SOUTHERN,4G,FLORIDA 1,320,32120,DAYTONA BEACH FL SDC,500 BILL FRANCE BLVD,DAYTONA BEACH,FL,32114,9957,P,021675,4
SOUTHERN,4G,FLORIDA 1,320,32121,SOUTH DAYTONA,2400 S RIDGEWOOD AVE STE 28,SOUTH DAYTONA,FL,32119,9998,P,Y22911,B
SOUTHERN,4G,FLORIDA 1,320,32122,HOLLY HILL,231 7TH ST,DAYTONA BEACH,FL,32117,9998,P,Y22055,B
SOUTHERN,4G,FLORIDA 1,320,32123,ALLANDALE,201 COMMONWEALTH BLVD STE F,PORT ORANGE,FL,32127,5575,P,Y21348,B
SOUTHERN,4G,FLORIDA 1,320,32124,DAYTONA BEACH FL SDC,500 BILL FRANCE BLVD,DAYTONA BEACH,FL,32114,9957,,021675,4
SOUTHERN,4G,FLORIDA 1,320,32125,HOLLY HILL,231 7TH ST,DAYTONA BEACH,FL,32117,9998,P,Y22055,B
SOUTHERN,4G,FLORIDA 1,320,32126,DOWNTOWN DAYTONA BEACH,220 N BEACH ST,DAYTONA BEACH,FL,32114,3302,P,Y21725,S
SOUTHERN,4G,FLORIDA 1,320,32127,PORT ORANGE,725 DUNLAWTON AVE,PORT ORANGE,FL,32127,9226,,002601,P
SOUTHERN,4G,FLORIDA 1,320,32128,PORT ORANGE,725 DUNLAWTON AVE,PORT ORANGE,FL,32127,9226,,002601,P
SOUTHERN,4G,FLORIDA 1,320,32129,PORT ORANGE,725 DUNLAWTON AVE,PORT ORANGE,FL,32127,9226,,002601,P
SOUTHERN,4G,FLORIDA 1,320,32130,DE LEON SPRINGS,155 PONCE DELEON BLVD,DE LEON SPRINGS,FL,32130,3305,,Y21694,P
SOUTHERN,4G,FLORIDA 1,320,32131,EAST PALATKA,134 W MCCORMICK RD,EAST PALATKA,FL,32131,9998,,Y21769,P
SOUTHERN,4G,FLORIDA 1,320,32132,EDGEWATER,400 S RIDGEWOOD AVE,EDGEWATER,FL,32132,9998,,Y21785,P
SOUTHERN,4G,FLORIDA 1,320,32133,EASTLAKE WEIR,13803 S HIGHWAY 25,EASTLAKE WEIR,FL,32133,0070,P,Y21775,P
SOUTHERN,4G,FLORIDA 1,320,32134,FORT MC COY,14945 NE HIGHWAY 315,FORT MC COY,FL,32134,8199,,Y21883,P
SOUTHERN,4G,FLORIDA 1,320,32134,SALT SPRINGS,14100 N HIGHWAY 19 STE G,SALT SPRINGS,FL,32134,8632,,Y22843,C
SOUTHERN,4G,FLORIDA 1,320,32135,PALM COAST,2 PINE CONE DR,PALM COAST,FL,32137,9998,P,Y22644,B
SOUTHERN,4G,FLORIDA 1,320,32136,FLAGLER BEACH,300 S DAYTONA AVE,FLAGLER BEACH,FL,32136,3607,,Y21849,P
SOUTHERN,4G,FLORIDA 1,320,32137,PALM COAST,2 PINE CONE DR,PALM COAST,FL,32137,9998,,Y22644,B
SOUTHERN,4G,FLORIDA 1,320,32138,GRANDIN,938 N COUNTY ROAD 315,GRANDIN,FL,32138,9900,P,Y21964,P
SOUTHERN,4G,FLORIDA 1,320,32139,GEORGETOWN,1441 COUNTY ROAD 309,GEORGETOWN,FL,32139,9998,,Y21932,P
SOUTHERN,4G,FLORIDA 1,320,32140,FLORAHOME,101 N IVY AVE,FLORAHOME,FL,32140,2870,,Y21857,P
SOUTHERN,4G,FLORIDA 1,320,32141,EDGEWATER,400 S RIDGEWOOD AVE,EDGEWATER,FL,32132,9998,,Y21785,P
SOUTHERN,4G,FLORIDA 1,320,32142,PALM COAST,2 PINE CONE DR,PALM COAST,FL,32137,9998,P,Y22644,B
SOUTHERN,4G,FLORIDA 1,320,32143,PALM COAST,2 PINE CONE DR,PALM COAST,FL,32137,9998,P,Y22644,B
SOUTHERN,4G,FLORIDA 1,320,32145,HASTINGS,200 E COCHRAN AVE,HASTINGS,FL,32145,4228,,Y22013,P
SOUTHERN,4G,FLORIDA 1,320,32147,HOLLISTER,650 HIGHWAY 20,HOLLISTER,FL,32147,9990,P,Y22054,P
SOUTHERN,4G,FLORIDA 1,320,32148,INTERLACHEN,100 MATHE AVE,INTERLACHEN,FL,32148,9998,,Y22107,P
SOUTHERN,4G,FLORIDA 1,320,32157,LAKE COMO,148 EUCLID AVE,POMONA PARK,FL,32181,2468,P,Y22193,P
SOUTHERN,4G,FLORIDA 1,320,32158,LADY LAKE,850 TEAGUE TRL,LADY LAKE,FL,32159,9998,P,Y22184,P
SOUTHERN,4G,FLORIDA 1,320,32159,LADY LAKE,850 TEAGUE TRL,LADY LAKE,FL,32159,9998,,Y22184,P
SOUTHERN,4G,FLORIDA 1,320,32160,LAKE GENEVA,7921 STATE ROAD 100,LAKE GENEVA,FL,32160,2100,P,Y22197,P
SOUTHERN,4G,FLORIDA 1,320,32162,LADY LAKE,850 TEAGUE TRL,LADY LAKE,FL,32159,9998,,Y22184,P
SOUTHERN,4G,FLORIDA 1,320,32163,LADY LAKE,850 TEAGUE TRL,LADY LAKE,FL,32159,9998,,Y22184,P
SOUTHERN,4G,FLORIDA 1,320,32164,PALM COAST,2 PINE CONE DR,PALM COAST,FL,32137,9998,,Y22644,B
SOUTHERN,4G,FLORIDA 1,320,32168,NEW SMYRNA BEACH,301 MISSION DR,NEW SMYRNA BEACH,FL,32168,9998,,Y22492,P
SOUTHERN,4G,FLORIDA 1,320,32169,NEW SMYRNA BEACH,301 MISSION DR,NEW SMYRNA BEACH,FL,32168,9998,,Y22492,P
SOUTHERN,4G,FLORIDA 1,320,32170,CPU CORONADO,405C FLAGLER AVE,NEW SMYRNA BEACH,FL,32169,2640,P,Y21636,5
SOUTHERN,4G,FLORIDA 1,320,32170,NEW SMYRNA BEACH,301 MISSION DR,NEW SMYRNA BEACH,FL,32168,9998,P,Y22492,P
SOUTHERN,4G,FLORIDA 1,320,32173,ORMOND BEACH,260 WILLIAMSON BLVD,ORMOND BEACH,FL,32174,9998,P,Y22615,P
SOUTHERN,4G,FLORIDA 1,320,32174,ORMOND BEACH,260 WILLIAMSON BLVD,ORMOND BEACH,FL,32174,9998,,Y22615,P
SOUTHERN,4G,FLORIDA 1,320,32175,ORMOND BEACH BEACHSIDE,55 E GRANADA BLVD,ORMOND BEACH,FL,32176,9998,P,Y22616,S
SOUTHERN,4G,FLORIDA 1,320,32176,ORMOND BEACH BEACHSIDE,55 E GRANADA BLVD,ORMOND BEACH,FL,32176,9998,,Y22616,S
SOUTHERN,4G,FLORIDA 1,320,32177,PALATKA,1105 SAINT JOHNS AVE,PALATKA,FL,32177,9998,,Y22634,P
SOUTHERN,4G,FLORIDA 1,320,32178,PALATKA,1105 SAINT JOHNS AVE,PALATKA,FL,32177,9998,P,Y22634,P
SOUTHERN,4G,FLORIDA 1,320,32179,OCKLAWAHA,13470 E HIGHWAY 25,OCKLAWAHA,FL,32179,5201,,Y22576,P
SOUTHERN,4G,FLORIDA 1,320,32180,PIERSON,123 N VOLUSIA AVE,PIERSON,FL,32180,9998,,Y22694,P
SOUTHERN,4G,FLORIDA 1,320,32181,POMONA PARK,1778 S HIGHWAY 17,POMONA PARK,FL,32181,9998,,Y22724,P
SOUTHERN,4G,FLORIDA 1,320,32182,ORANGE SPRINGS,24282 US HIGHWAY 315,ORANGE SPRINGS,FL,32182,9700,P,Y22606,P
SOUTHERN,4G,FLORIDA 1,320,32183,OCKLAWAHA,13470 E HIGHWAY 25,OCKLAWAHA,FL,32179,5201,P,Y22576,P
SOUTHERN,4G,FLORIDA 1,320,32185,PUTNAM HALL,971 STATE ROAD 26,PUTNAM HALL,FL,32185,9900,P,Y22770,P
SOUTHERN,4G,FLORIDA 1,320,32187,SAN MATEO,534 S US HIGHWAY 17,SAN MATEO,FL,32187,9998,,Y22847,P
SOUTHERN,4G,FLORIDA 1,320,32189,SATSUMA,115 COUNTY ROAD 309,SATSUMA,FL,32189,9998,,Y22862,P
SOUTHERN,4G,FLORIDA 1,320,32190,PIERSON,123 N VOLUSIA AVE,PIERSON,FL,32180,9998,,Y22694,P
SOUTHERN,4G,FLORIDA 1,320,32190,SEVILLE,120 COUNTY ROAD 305,SEVILLE,FL,32190,9998,,Y22882,P
SOUTHERN,4G,FLORIDA 1,320,32192,SPARR,12855 NE JACKSONVILLE RD,SPARR,FL,32192,2101,P,Y22950,P
SOUTHERN,4G,FLORIDA 1,320,32193,WELAKA,664 3RD AVE,WELAKA,FL,32193,9998,,Y23209,P
SOUTHERN,4G,FLORIDA 1,320,32195,WEIRSDALE,13595 SE HIGHWAY 42,WEIRSDALE,FL,32195,9998,,Y23206,P
SOUTHERN,4G,FLORIDA 1,320,32201,JACKSONVILLE FL SDC,1100 KINGS RD,JACKSONVILLE,FL,32203,9706,P,021559,4
SOUTHERN,4G,FLORIDA 1,320,32202,GATEWAY CARRIER ANNEX,5258 NORWOOD AVE UNIT 1,JACKSONVILLE,FL,32208,5017,,018266,4
SOUTHERN,4G,FLORIDA 1,320,32203,JACKSONVILLE FL SDC,1100 KINGS RD,JACKSONVILLE,FL,32203,9706,P,021559,4
SOUTHERN,4G,FLORIDA 1,320,32204,JACKSONVILLE FL SDC,1100 KINGS RD,JACKSONVILLE,FL,32203,9706,,021559,4
SOUTHERN,4G,FLORIDA 1,320,32205,CPU HERSCHEL GATES CONTRACT,3980 HERSCHEL ST,JACKSONVILLE,FL,32205,9281,,Y22022,5
SOUTHERN,4G,FLORIDA 1,320,32205,JACKSONVILLE FL SDC,1100 KINGS RD,JACKSONVILLE,FL,32203,9706,,021559,4
SOUTHERN,4G,FLORIDA 1,320,32206,SPRINGFIELD,1601-1 N MAIN ST,JACKSONVILLE,FL,32206,9998,,Y23022,S
SOUTHERN,4G,FLORIDA 1,320,32206,GATEWAY CARRIER ANNEX,5258 NORWOOD AVE UNIT 1,JACKSONVILLE,FL,32208,5017,,018266,4
SOUTHERN,4G,FLORIDA 1,320,32207,SOUTH JACKSONVILLE,3000 SPRING PARK RD,JACKSONVILLE,FL,32207,9998,,Y22918,S
SOUTHERN,4G,FLORIDA 1,320,32208,LAKE FOREST,1440 EDGEWOOD AVE W,JACKSONVILLE,FL,32208,9998,,Y22195,S
SOUTHERN,4G,FLORIDA 1,320,32208,JACKSONVILLE FL SDC,1100 KINGS RD,JACKSONVILLE,FL,32203,9706,,021559,4
SOUTHERN,4G,FLORIDA 1,320,32209,CARVER,4160 N CANAL ST,JACKSONVILLE,FL,32209,9998,,Y21551,S
SOUTHERN,4G,FLORIDA 1,320,32209,JACKSONVILLE FL SDC,1100 KINGS RD,JACKSONVILLE,FL,32203,9706,,021559,4
SOUTHERN,4G,FLORIDA 1,320,32210,LAKE SHORE,5501 WESCONNETT BLVD,JACKSONVILLE,FL,32244,9908,,Y22219,S
SOUTHERN,4G,FLORIDA 1,320,32211,ARLINGTON,7707 MERRILL RD,JACKSONVILLE,FL,32277,9998,,Y21378,S
SOUTHERN,4G,FLORIDA 1,320,32212,JACKSONVILLE NAS,569 CHILDS ST,JACKSONVILLE,FL,32212,1198,,Y22129,B
SOUTHERN,4G,FLORIDA 1,320,32212,WESTLAND,7055 BLANDING BLVD,JACKSONVILLE,FL,32244,4408,,Y27471,S
SOUTHERN,4G,FLORIDA 1,320,32216,POTTSBURG,10700 BEACH BLVD,JACKSONVILLE,FL,32246,9998,,Y22756,S
SOUTHERN,4G,FLORIDA 1,320,32217,MANDARIN,4411 SUNBEAM RD,JACKSONVILLE,FL,32257,9998,,Y22327,S
SOUTHERN,4G,FLORIDA 1,320,32218,NORTH JACKSONVILLE,150 BUSCH DR,JACKSONVILLE,FL,32218,9998,,Y22529,S
SOUTHERN,4G,FLORIDA 1,320,32219,JACKSONVILLE FL SDC,1100 KINGS RD,JACKSONVILLE,FL,32203,9706,,021559,4
SOUTHERN,4G,FLORIDA 1,320,32220,JACKSONVILLE FL SDC,1100 KINGS RD,JACKSONVILLE,FL,32203,9706,,021559,4
SOUTHERN,4G,FLORIDA 1,320,32221,JACKSONVILLE FL SDC,1100 KINGS RD,JACKSONVILLE,FL,32203,9706,,021559,4
SOUTHERN,4G,FLORIDA 1,320,32222,WESTLAND,7055 BLANDING BLVD,JACKSONVILLE,FL,32244,4408,,Y27471,S
SOUTHERN,4G,FLORIDA 1,320,32223,MANDARIN,4411 SUNBEAM RD,JACKSONVILLE,FL,32257,9998,,Y22327,S
SOUTHERN,4G,FLORIDA 1,320,32224,ATLANTIC BEACH,1001 MAYPORT RD,ATLANTIC BEACH,FL,32233,9998,,Y21385,B
SOUTHERN,4G,FLORIDA 1,320,32225,MONUMENT,10990 FORT CAROLINE RD,JACKSONVILLE,FL,32225,9998,,Y26939,S
SOUTHERN,4G,FLORIDA 1,320,32226,NORTH JACKSONVILLE,150 BUSCH DR,JACKSONVILLE,FL,32218,9998,,Y22529,S
SOUTHERN,4G,FLORIDA 1,320,32227,ATLANTIC BEACH,1001 MAYPORT RD,ATLANTIC BEACH,FL,32233,9998,,Y21385,B
SOUTHERN,4G,FLORIDA 1,320,32228,MAYPORT NAVAL STATION,460 MASSEY AVE,JACKSONVILLE,FL,32228,9998,P,Y22357,B
SOUTHERN,4G,FLORIDA 1,320,32231,JACKSONVILLE FL SDC,1100 KINGS RD,JACKSONVILLE,FL,32203,9706,P,021559,4
SOUTHERN,4G,FLORIDA 1,320,32232,JACKSONVILLE FL SDC,1100 KINGS RD,JACKSONVILLE,FL,32203,9706,P,021559,4
SOUTHERN,4G,FLORIDA 1,320,32233,ATLANTIC BEACH,1001 MAYPORT RD,ATLANTIC BEACH,FL,32233,9998,,Y21385,B
SOUTHERN,4G,FLORIDA 1,320,32234,BALDWIN,199 CENTER ST S,JACKSONVILLE,FL,32234,9998,,Y21407,B
SOUTHERN,4G,FLORIDA 1,320,32235,MONUMENT,10990 FORT CAROLINE RD,JACKSONVILLE,FL,32225,9998,P,Y26939,S
SOUTHERN,4G,FLORIDA 1,320,32236,MURRAY HILL,5455 VERNA BLVD,JACKSONVILLE,FL,32205,9998,P,Y22442,S
SOUTHERN,4G,FLORIDA 1,320,32238,LAKE SHORE,5501 WESCONNETT BLVD,JACKSONVILLE,FL,32244,9908,P,Y22219,S
SOUTHERN,4G,FLORIDA 1,320,32239,ARLINGTON,7707 MERRILL RD,JACKSONVILLE,FL,32277,9998,P,Y21378,S
SOUTHERN,4G,FLORIDA 1,320,32240,JACKSONVILLE BEACH,1348 BEACH BLVD,JACKSONVILLE BEACH,FL,32250,9998,P,Y22128,B
SOUTHERN,4G,FLORIDA 1,320,32241,MANDARIN,4411 SUNBEAM RD,JACKSONVILLE,FL,32257,9998,P,Y22327,S
SOUTHERN,4G,FLORIDA 1,320,32244,WESTLAND,7055 BLANDING BLVD,JACKSONVILLE,FL,32244,4408,,Y27471,S
SOUTHERN,4G,FLORIDA 1,320,32245,POTTSBURG,10700 BEACH BLVD,JACKSONVILLE,FL,32246,9998,P,Y22756,S
SOUTHERN,4G,FLORIDA 1,320,32246,POTTSBURG,10700 BEACH BLVD,JACKSONVILLE,FL,32246,9998,,Y22756,S
SOUTHERN,4G,FLORIDA 1,320,32247,SOUTH JACKSONVILLE,3000 SPRING PARK RD,JACKSONVILLE,FL,32207,9998,P,Y22918,S
SOUTHERN,4G,FLORIDA 1,320,32250,JACKSONVILLE BEACH ANNEX,1324 BEACH BLVD,JACKSONVILLE BEACH,FL,32250,3408,,012297,4
SOUTHERN,4G,FLORIDA 1,320,32254,JACKSONVILLE FL SDC,1100 KINGS RD,JACKSONVILLE,FL,32203,9706,,021559,4
SOUTHERN,4G,FLORIDA 1,320,32255,SOUTHPOINT,4150 BELFORT RD,JACKSONVILLE,FL,32216,1466,P,Y21637,S
SOUTHERN,4G,FLORIDA 1,320,32256,BAYMEADOWS DDC,11250 PHILIPS INDUSTRIAL BLVD E,JACKSONVILLE,FL,32256,9998,,Y21428,4
SOUTHERN,4G,FLORIDA 1,320,32257,MANDARIN,4411 SUNBEAM RD,JACKSONVILLE,FL,32257,9998,,Y22327,S
SOUTHERN,4G,FLORIDA 1,320,32258,BAYMEADOWS DDC,11250 PHILIPS INDUSTRIAL BLVD E,JACKSONVILLE,FL,32256,9998,,Y21428,4
SOUTHERN,4G,FLORIDA 1,320,32259,BAYMEADOWS DDC,11250 PHILIPS INDUSTRIAL BLVD E,JACKSONVILLE,FL,32256,9998,,Y21428,4
SOUTHERN,4G,FLORIDA 1,320,32260,NW SAINT JOHNS,112 BARTRAM OAKS WALK STE 104,SAINT JOHNS,FL,32259,3268,P,000257,B
SOUTHERN,4G,FLORIDA 1,320,32266,ATLANTIC BEACH,1001 MAYPORT RD,ATLANTIC BEACH,FL,32233,9998,,Y21385,B
SOUTHERN,4G,FLORIDA 1,320,32277,ARLINGTON,7707 MERRILL RD,JACKSONVILLE,FL,32277,9998,,Y21378,S
SOUTHERN,4G,FLORIDA 1,320,32301,LEON,1845 N M L KING JR BLVD,TALLAHASSEE,FL,32303,9998,,Y22259,S
SOUTHERN,4G,FLORIDA 1,320,32302,PARK AVENUE,221 W PARK AVE,TALLAHASSEE,FL,32301,7700,P,Y22661,S
SOUTHERN,4G,FLORIDA 1,320,32303,LAKE JACKSON,3607 N MONROE ST,TALLAHASSEE,FL,32303,2747,,001430,B
SOUTHERN,4G,FLORIDA 1,320,32304,WESTSIDE,2020 W PENSACOLA ST STE 100,TALLAHASSEE,FL,32304,9998,,Y23280,S
SOUTHERN,4G,FLORIDA 1,320,32305,WESTSIDE,2020 W PENSACOLA ST STE 100,TALLAHASSEE,FL,32304,9998,,Y23280,S
SOUTHERN,4G,FLORIDA 1,320,32308,CENTERVILLE,2355 CENTERVILLE RD,TALLAHASSEE,FL,32308,9998,,Y21568,S
SOUTHERN,4G,FLORIDA 1,320,32309,CENTERVILLE,2355 CENTERVILLE RD,TALLAHASSEE,FL,32308,9998,,Y21568,S
SOUTHERN,4G,FLORIDA 1,320,32310,WESTSIDE,2020 W PENSACOLA ST STE 100,TALLAHASSEE,FL,32304,9998,,Y23280,S
SOUTHERN,4G,FLORIDA 1,320,32311,TALLAHASSEE,2800 S ADAMS ST,TALLAHASSEE,FL,32301,9998,,Y23073,P
SOUTHERN,4G,FLORIDA 1,320,32312,LAKE JACKSON,3607 N MONROE ST,TALLAHASSEE,FL,32303,2747,,001430,B
SOUTHERN,4G,FLORIDA 1,320,32314,TALLAHASSEE,2800 S ADAMS ST,TALLAHASSEE,FL,32301,9998,P,Y23073,P
SOUTHERN,4G,FLORIDA 1,320,32315,LEON,1845 N M L KING JR BLVD,TALLAHASSEE,FL,32303,9998,P,Y22259,S
SOUTHERN,4G,FLORIDA 1,320,32316,WESTSIDE,2020 W PENSACOLA ST STE 100,TALLAHASSEE,FL,32304,9998,P,Y23280,S
SOUTHERN,4G,FLORIDA 1,320,32317,CENTERVILLE,2355 CENTERVILLE RD,TALLAHASSEE,FL,32308,9998,,Y21568,S
SOUTHERN,4G,FLORIDA 1,320,32318,LAKE JACKSON,3607 N MONROE ST,TALLAHASSEE,FL,32303,2747,P,001430,B
SOUTHERN,4G,FLORIDA 1,320,32320,APALACHICOLA,20 AVENUE D STE 101,APALACHICOLA,FL,32320,2700,,Y21368,P
SOUTHERN,4G,FLORIDA 1,320,32321,BRISTOL,12587 NW VIRGINIA G WEAVER ST,BRISTOL,FL,32321,9998,,Y21507,P
SOUTHERN,4G,FLORIDA 1,320,32322,CARRABELLE,93 TALLAHASSEE ST,CARRABELLE,FL,32322,9998,,Y21548,P
SOUTHERN,4G,FLORIDA 1,320,32323,LANARK VILLAGE,156 HEFFERNAN DR,CARRABELLE,FL,32322,2089,P,Y22231,6
SOUTHERN,4G,FLORIDA 1,320,32324,CHATTAHOOCHEE,116 W WASHINGTON ST,CHATTAHOOCHEE,FL,32324,9998,,Y21574,P
SOUTHERN,4G,FLORIDA 1,320,32326,CRAWFORDVILLE,606 WAKULLA ARRAN RD,CRAWFORDVILLE,FL,32327,2002,P,Y21647,P
SOUTHERN,4G,FLORIDA 1,320,32327,CRAWFORDVILLE,606 WAKULLA ARRAN RD,CRAWFORDVILLE,FL,32327,2002,,Y21647,P
SOUTHERN,4G,FLORIDA 1,320,32328,EASTPOINT,353 US HIGHWAY 98,EASTPOINT,FL,32328,9998,,Y21776,P
SOUTHERN,4G,FLORIDA 1,320,32329,APALACHICOLA,20 AVENUE D STE 101,APALACHICOLA,FL,32320,2700,P,Y21368,P
SOUTHERN,4G,FLORIDA 1,320,32330,GREENSBORO,191 GREEN AVE,GREENSBORO,FL,32330,1500,P,Y21973,P
SOUTHERN,4G,FLORIDA 1,320,32331,GREENVILLE,13626 W US 90,GREENVILLE,FL,32331,4300,,Y21974,P
SOUTHERN,4G,FLORIDA 1,320,32332,GRETNA,14678 MAIN ST,GRETNA,FL,32332,9998,,Y21979,P
SOUTHERN,4G,FLORIDA 1,320,32333,HAVANA,9080 HAVANA HWY,HAVANA,FL,32333,1759,,Y22014,P
SOUTHERN,4G,FLORIDA 1,320,32334,HOSFORD,16827 NE STATE ROAD 65,HOSFORD,FL,32334,2403,,Y22072,P
SOUTHERN,4G,FLORIDA 1,320,32336,LAMONT,6244 E CAPPS HWY,LAMONT,FL,32336,9998,,Y22230,P
SOUTHERN,4G,FLORIDA 1,320,32337,LLOYD,8781 OLD LLOYD RD,LLOYD,FL,32337,9900,P,Y22280,P
SOUTHERN,4G,FLORIDA 1,320,32340,MADISON,197 SW PINCKNEY ST,MADISON,FL,32340,2450,,Y22314,P
SOUTHERN,4G,FLORIDA 1,320,32341,MADISON,197 SW PINCKNEY ST,MADISON,FL,32340,2450,P,Y22314,P
SOUTHERN,4G,FLORIDA 1,320,32343,MIDWAY,31000 BLUE STAR HWY,MIDWAY,FL,32343,2416,,Y22414,P
SOUTHERN,4G,FLORIDA 1,320,32344,MONTICELLO,275 N JEFFERSON ST,MONTICELLO,FL,32344,9998,,Y22426,P
SOUTHERN,4G,FLORIDA 1,320,32345,MONTICELLO,275 N JEFFERSON ST,MONTICELLO,FL,32344,9998,P,Y22426,P
SOUTHERN,4G,FLORIDA 1,320,32346,PANACEA,1444 COASTAL HWY,PANACEA,FL,32346,9998,,Y22657,P
SOUTHERN,4G,FLORIDA 1,320,32347,PERRY,1600 S JEFFERSON ST,PERRY,FL,32348,9998,,Y22693,P
SOUTHERN,4G,FLORIDA 1,320,32348,PERRY,1600 S JEFFERSON ST,PERRY,FL,32348,9998,,Y22693,P
SOUTHERN,4G,FLORIDA 1,320,32350,MADISON,197 SW PINCKNEY ST,MADISON,FL,32340,2450,,Y22314,P
SOUTHERN,4G,FLORIDA 1,320,32350,PINETTA,115 NE POPLAR AVE,PINETTA,FL,32350,9998,,Y22705,P
SOUTHERN,4G,FLORIDA 1,320,32351,QUINCY,772 S PAT THOMAS PKWY,QUINCY,FL,32351,9998,,Y22773,P
SOUTHERN,4G,FLORIDA 1,320,32352,QUINCY,772 S PAT THOMAS PKWY,QUINCY,FL,32351,9998,,Y22773,P
SOUTHERN,4G,FLORIDA 1,320,32353,QUINCY,772 S PAT THOMAS PKWY,QUINCY,FL,32351,9998,P,Y22773,P
SOUTHERN,4G,FLORIDA 1,320,32355,SAINT MARKS,779 PORT LEON DR,SAINT MARKS,FL,32355,1500,P,Y22835,P
SOUTHERN,4G,FLORIDA 1,320,32356,SALEM,16580 S US 19,SALEM,FL,32356,2104,P,Y22842,P
SOUTHERN,4G,FLORIDA 1,320,32358,SOPCHOPPY,2284 SOPCHOPPY HWY,SOPCHOPPY,FL,32358,9998,,Y22906,P
SOUTHERN,4G,FLORIDA 1,320,32359,STEINHATCHEE,104 15TH ST SE,STEINHATCHEE,FL,32359,3100,,Y23023,P
SOUTHERN,4G,FLORIDA 1,320,32360,HOSFORD,16827 NE STATE ROAD 65,HOSFORD,FL,32334,2403,P,Y22072,P
SOUTHERN,4G,FLORIDA 1,320,32361,WACISSA,38 TRAM RD,WACISSA,FL,32361,9900,P,Y23190,P
SOUTHERN,4G,FLORIDA 1,320,32362,WOODVILLE,8219 WOODVILLE HWY,WOODVILLE,FL,32362,6200,P,Y23279,P
SOUTHERN,4G,FLORIDA 1,320,32401,PANAMA CITY FL S&DC,1336 SHERMAN AVE,PANAMA CITY,FL,32401,9502,,020478,4
SOUTHERN,4G,FLORIDA 1,320,32402,DOWNTOWN PANAMA CITY,421 JENKS AVE,PANAMA CITY,FL,32401,2647,P,Y21739,S
SOUTHERN,4G,FLORIDA 1,320,32403,TYNDALL AFB,590 SUWANNEE RD STE 105,PANAMA CITY,FL,32403,9998,,016761,B
SOUTHERN,4G,FLORIDA 1,320,32403,PANAMA CITY FL S&DC,1336 SHERMAN AVE,PANAMA CITY,FL,32401,9502,,020478,4
SOUTHERN,4G,FLORIDA 1,320,32404,PANAMA CITY FL S&DC,1336 SHERMAN AVE,PANAMA CITY,FL,32401,9502,,020478,4
SOUTHERN,4G,FLORIDA 1,320,32405,PANAMA CITY FL S&DC,1336 SHERMAN AVE,PANAMA CITY,FL,32401,9502,,020478,4
SOUTHERN,4G,FLORIDA 1,320,32406,NORTH SIDE,1315 W 17TH ST,PANAMA CITY,FL,32405,9998,P,Y22543,S
SOUTHERN,4G,FLORIDA 1,320,32407,CPU NAVAL COASTAL SYS LAB,6703 W HIGHWAY 98 BLDG 461,PANAMA CITY BEACH,FL,32407,7021,,Y22477,5
SOUTHERN,4G,FLORIDA 1,320,32407,PANAMA CITY BEACH,420 CHURCHWELL DR,PANAMA CITY BEACH,FL,32407,9998,,Y22660,B
SOUTHERN,4G,FLORIDA 1,320,32408,PANAMA CITY FL S&DC,1336 SHERMAN AVE,PANAMA CITY,FL,32401,9502,,020478,4
SOUTHERN,4G,FLORIDA 1,320,32409,PANAMA CITY FL S&DC,1336 SHERMAN AVE,PANAMA CITY,FL,32401,9502,,020478,4
SOUTHERN,4G,FLORIDA 1,320,32411,PANAMA CITY FL S&DC,1336 SHERMAN AVE,PANAMA CITY,FL,32401,9502,P,020478,4
SOUTHERN,4G,FLORIDA 1,320,32412,PANAMA CITY FL S&DC,1336 SHERMAN AVE,PANAMA CITY,FL,32401,9502,P,020478,4
SOUTHERN,4G,FLORIDA 1,320,32413,PANAMA CITY BEACH,420 CHURCHWELL DR,PANAMA CITY BEACH,FL,32407,9998,,Y22660,B
SOUTHERN,4G,FLORIDA 1,320,32417,PANAMA CITY BEACH,420 CHURCHWELL DR,PANAMA CITY BEACH,FL,32407,9998,P,Y22660,B
SOUTHERN,4G,FLORIDA 1,320,32420,ALFORD,1772 GEORGIA ST,ALFORD,FL,32420,9998,,Y21347,P
SOUTHERN,4G,FLORIDA 1,320,32421,ALTHA,25934 N MAIN ST,ALTHA,FL,32421,9998,,Y21356,P
SOUTHERN,4G,FLORIDA 1,320,32422,ARGYLE,4757 U S HIGHWAY 90 E,ARGYLE,FL,32422,9998,P,Y21375,P
SOUTHERN,4G,FLORIDA 1,320,32423,GREENWOOD,4233 BRYAN ST,GREENWOOD,FL,32443,9998,,Y21977,P
SOUTHERN,4G,FLORIDA 1,320,32424,BLOUNTSTOWN,17621 MAIN ST N,BLOUNTSTOWN,FL,32424,9998,,Y21474,P
SOUTHERN,4G,FLORIDA 1,320,32425,BONIFAY,325 W HIGHWAY 90,BONIFAY,FL,32425,9998,,Y21481,P
SOUTHERN,4G,FLORIDA 1,320,32426,CAMPBELLTON,5265 HIGHWAY 231,CAMPBELLTON,FL,32426,9998,,Y21530,P
SOUTHERN,4G,FLORIDA 1,320,32427,BONIFAY,325 W HIGHWAY 90,BONIFAY,FL,32425,9998,,Y21481,P
SOUTHERN,4G,FLORIDA 1,320,32427,CARYVILLE,866 CHURCH ST,CARYVILLE,FL,32427,9998,,Y21552,P
SOUTHERN,4G,FLORIDA 1,320,32428,CHIPLEY,1276 CHURCH AVE,CHIPLEY,FL,32428,9998,,Y21576,P
SOUTHERN,4G,FLORIDA 1,320,32430,CLARKSVILLE,11351 STATE ROAD 20 W,CLARKSVILLE,FL,32430,9998,,Y21591,P
SOUTHERN,4G,FLORIDA 1,320,32431,COTTONDALE,3155 MAIN ST,COTTONDALE,FL,32431,9998,,Y21641,P
SOUTHERN,4G,FLORIDA 1,320,32432,CYPRESS,2045 MAIN ST,CYPRESS,FL,32432,9998,P,Y21672,P
SOUTHERN,4G,FLORIDA 1,320,32433,DEFUNIAK SPRINGS,100 S 18TH ST,DEFUNIAK SPRINGS,FL,32435,9998,,Y21692,P
SOUTHERN,4G,FLORIDA 1,320,32435,DEFUNIAK SPRINGS,100 S 18TH ST,DEFUNIAK SPRINGS,FL,32435,9998,,Y21692,P
SOUTHERN,4G,FLORIDA 1,320,32437,EBRO,5416 OBIES ST,EBRO,FL,32437,9998,,Y21783,P
SOUTHERN,4G,FLORIDA 1,320,32438,FOUNTAIN,12606 SILVER LAKE RD,FOUNTAIN,FL,32438,2040,,Y21894,P
SOUTHERN,4G,FLORIDA 1,320,32438,PANAMA CITY FL S&DC,1336 SHERMAN AVE,PANAMA CITY,FL,32401,9502,,020478,4
SOUTHERN,4G,FLORIDA 1,320,32439,FREEPORT,77 BRECKYN LOOP,FREEPORT,FL,32439,9998,,Y21896,P
SOUTHERN,4G,FLORIDA 1,320,32440,GRACEVILLE,5360 CLIFF ST,GRACEVILLE,FL,32440,9998,,Y21960,P
SOUTHERN,4G,FLORIDA 1,320,32442,GRAND RIDGE,2064 PORTER AVE,GRAND RIDGE,FL,32442,9998,,Y21963,P
SOUTHERN,4G,FLORIDA 1,320,32442,SNEADS,2042 GREEN AVE,SNEADS,FL,32460,9998,,Y22899,P
SOUTHERN,4G,FLORIDA 1,320,32443,GREENWOOD,4233 BRYAN ST,GREENWOOD,FL,32443,9998,,Y21977,P
SOUTHERN,4G,FLORIDA 1,320,32444,LYNN HAVEN,2319 S HIGHWAY 77,LYNN HAVEN,FL,32444,9998,,Y22300,P
SOUTHERN,4G,FLORIDA 1,320,32444,PANAMA CITY FL S&DC,1336 SHERMAN AVE,PANAMA CITY,FL,32401,9502,,020478,4
SOUTHERN,4G,FLORIDA 1,320,32445,MALONE,5179 7TH AVE,MALONE,FL,32445,3265,,Y22322,P
SOUTHERN,4G,FLORIDA 1,320,32446,MARIANNA,4396 LAFAYETTE ST,MARIANNA,FL,32446,9998,,Y22340,P
SOUTHERN,4G,FLORIDA 1,320,32447,MARIANNA,4396 LAFAYETTE ST,MARIANNA,FL,32446,9998,P,Y22340,P
SOUTHERN,4G,FLORIDA 1,320,32448,MARIANNA,4396 LAFAYETTE ST,MARIANNA,FL,32446,9998,,Y22340,P
SOUTHERN,4G,FLORIDA 1,320,32449,WEWAHITCHKA,432 HIGHWAY 22,WEWAHITCHKA,FL,32465,9998,,Y23249,P
SOUTHERN,4G,FLORIDA 1,320,32455,PONCE DE LEON,2834 N HIGHWAY 81,PONCE DE LEON,FL,32455,9998,,Y22731,P
SOUTHERN,4G,FLORIDA 1,320,32456,PORT SAINT JOE,502 GARRISON AVE,PORT SAINT JOE,FL,32456,9998,,Y22746,P
SOUTHERN,4G,FLORIDA 1,320,32457,PORT SAINT JOE,502 GARRISON AVE,PORT SAINT JOE,FL,32456,9998,P,Y22746,P
SOUTHERN,4G,FLORIDA 1,320,32459,SANTA ROSA BEACH,3906 US HIGHWAY 98 W,SANTA ROSA BEACH,FL,32459,9998,,Y22857,P
SOUTHERN,4G,FLORIDA 1,320,32459,CPU SEASIDE,99 CENTRAL SQ,SANTA ROSA BEACH,FL,32459,0808,,018882,5
SOUTHERN,4G,FLORIDA 1,320,32459,SANTA ROSA BCH ANNEX,33 CHURCHILL BAYOU RD,SANTA ROSA BEACH,FL,32459,9997,,019954,4
SOUTHERN,4G,FLORIDA 1,320,32460,SNEADS,2042 GREEN AVE,SNEADS,FL,32460,9998,,Y22899,P
SOUTHERN,4G,FLORIDA 1,320,32461,PANAMA CITY BEACH,420 CHURCHWELL DR,PANAMA CITY BEACH,FL,32407,9998,,Y22660,B
SOUTHERN,4G,FLORIDA 1,320,32461,ROSEMARY BEACH,28 MAIN ST,ROSEMARY BEACH,FL,32461,6929,,Y23055,C
SOUTHERN,4G,FLORIDA 1,320,32462,VERNON,3039 MAIN ST,VERNON,FL,32462,9998,,Y23167,P
SOUTHERN,4G,FLORIDA 1,320,32463,WAUSAU,3556 WASHINGTON ST,WAUSAU,FL,32463,9998,P,Y23202,P
SOUTHERN,4G,FLORIDA 1,320,32464,WESTVILLE,2527 N PINE ST,WESTVILLE,FL,32464,9998,,Y23248,P
SOUTHERN,4G,FLORIDA 1,320,32465,WEWAHITCHKA,432 HIGHWAY 22,WEWAHITCHKA,FL,32465,9998,,Y23249,P
SOUTHERN,4G,FLORIDA 1,320,32466,YOUNGSTOWN,11805 HIGHWAY 231,YOUNGSTOWN,FL,32466,1952,,Y23290,P
SOUTHERN,4G,FLORIDA 1,320,32466,PANAMA CITY FL S&DC,1336 SHERMAN AVE,PANAMA CITY,FL,32401,9502,,020478,4
SOUTHERN,4G,FLORIDA 1,320,32501,EAST HILL,3001 N DAVIS HWY,PENSACOLA,FL,32503,9998,,Y21763,S
SOUTHERN,4G,FLORIDA 1,320,32502,EAST HILL,3001 N DAVIS HWY,PENSACOLA,FL,32503,9998,,Y21763,S
SOUTHERN,4G,FLORIDA 1,320,32503,EAST HILL,3001 N DAVIS HWY,PENSACOLA,FL,32503,9998,,Y21763,S
SOUTHERN,4G,FLORIDA 1,320,32504,NOBLES,7150 TIPPIN AVE,PENSACOLA,FL,32504,9998,,Y22512,S
SOUTHERN,4G,FLORIDA 1,320,32505,WARRINGTON,901 S OLD CORRY FIELD RD,PENSACOLA,FL,32507,9998,,Y23199,B
SOUTHERN,4G,FLORIDA 1,320,32506,MYRTLE GROVE,5200 LILLIAN HWY,PENSACOLA,FL,32506,9998,,Y22446,B
SOUTHERN,4G,FLORIDA 1,320,32507,WARRINGTON,901 S OLD CORRY FIELD RD,PENSACOLA,FL,32507,9998,,Y23199,B
SOUTHERN,4G,FLORIDA 1,320,32508,NAVAL AIR STATION,210 WEST AVE STE B,PENSACOLA,FL,32508,5135,,Y22475,B
SOUTHERN,4G,FLORIDA 1,320,32508,WARRINGTON,901 S OLD CORRY FIELD RD,PENSACOLA,FL,32507,9998,,Y23199,B
SOUTHERN,4G,FLORIDA 1,320,32513,EAST HILL,3001 N DAVIS HWY,PENSACOLA,FL,32503,9998,P,Y21763,S
SOUTHERN,4G,FLORIDA 1,320,32514,NOBLES,7150 TIPPIN AVE,PENSACOLA,FL,32504,9998,,Y22512,S
SOUTHERN,4G,FLORIDA 1,320,32516,MYRTLE GROVE,5200 LILLIAN HWY,PENSACOLA,FL,32506,9998,P,Y22446,B
SOUTHERN,4G,FLORIDA 1,320,32522,PENSACOLA GMF FOR MY PO,1400 W JORDAN ST,PENSACOLA,FL,32501,9501,P,Y21930,S
SOUTHERN,4G,FLORIDA 1,320,32523,PENSACOLA GMF FOR MY PO,1400 W JORDAN ST,PENSACOLA,FL,32501,9501,P,Y21930,S
SOUTHERN,4G,FLORIDA 1,320,32524,NOBLES,7150 TIPPIN AVE,PENSACOLA,FL,32504,9998,P,Y22512,S
SOUTHERN,4G,FLORIDA 1,320,32526,CPU BELLVIEW,2400 W MICHIGAN AVE,PENSACOLA,FL,32526,2222,,Y21457,5
SOUTHERN,4G,FLORIDA 1,320,32526,MYRTLE GROVE,5200 LILLIAN HWY,PENSACOLA,FL,32506,9998,,Y22446,B
SOUTHERN,4G,FLORIDA 1,320,32530,BAGDAD,4629 FORSYTH ST,BAGDAD,FL,32530,9998,P,Y21399,P
SOUTHERN,4G,FLORIDA 1,320,32531,BAKER,5690 HIGHWAY 4,BAKER,FL,32531,9998,,Y21401,P
SOUTHERN,4G,FLORIDA 1,320,32533,CANTONMENT,1430 S HIGHWAY 29,CANTONMENT,FL,32533,6407,,Y21534,P
SOUTHERN,4G,FLORIDA 1,320,32534,NOBLES,7150 TIPPIN AVE,PENSACOLA,FL,32504,9998,,Y22512,S
SOUTHERN,4G,FLORIDA 1,320,32535,CENTURY,8450 N CENTURY BLVD,CENTURY,FL,32535,9998,,Y21570,P
SOUTHERN,4G,FLORIDA 1,320,32536,CRESTVIEW,1325 COMMERCE DR,CRESTVIEW,FL,32539,9998,,Y21652,P
SOUTHERN,4G,FLORIDA 1,320,32539,CRESTVIEW,1325 COMMERCE DR,CRESTVIEW,FL,32539,9998,,Y21652,P
SOUTHERN,4G,FLORIDA 1,320,32540,DESTIN,175 MAIN ST,DESTIN,FL,32541,9998,P,Y21708,P
SOUTHERN,4G,FLORIDA 1,320,32541,DESTIN,175 MAIN ST,DESTIN,FL,32541,9998,,Y21708,P
SOUTHERN,4G,FLORIDA 1,320,32542,EGLIN AFB,307 W VAN MATRE AVE,EGLIN AFB,FL,32542,9998,,Y21789,P
SOUTHERN,4G,FLORIDA 1,320,32544,MARY ESTHER,210 W HOLLYWOOD BLVD,MARY ESTHER,FL,32569,1982,,Y22344,P
SOUTHERN,4G,FLORIDA 1,320,32547,FORT WALTON BEACH,21 WALTER MARTIN RD NE,FORT WALTON BEACH,FL,32548,9998,,Y21891,P
SOUTHERN,4G,FLORIDA 1,320,32548,FORT WALTON BEACH,21 WALTER MARTIN RD NE,FORT WALTON BEACH,FL,32548,9998,,Y21891,P
SOUTHERN,4G,FLORIDA 1,320,32549,FORT WALTON BEACH,21 WALTER MARTIN RD NE,FORT WALTON BEACH,FL,32548,9998,P,Y21891,P
SOUTHERN,4G,FLORIDA 1,320,32550,MIRAMAR BEACH,322 MIRAMAR BEACH DR,MIRAMAR BEACH,FL,32550,8033,,000296,B
SOUTHERN,4G,FLORIDA 1,320,32560,GONZALEZ,1450 OLD CHEMSTRAND RD,GONZALEZ,FL,32560,9998,P,Y21954,P
SOUTHERN,4G,FLORIDA 1,320,32561,GULF BREEZE,100 NORTHCLIFFE DR,GULF BREEZE,FL,32561,9998,,Y21984,P
SOUTHERN,4G,FLORIDA 1,320,32562,GULF BREEZE,100 NORTHCLIFFE DR,GULF BREEZE,FL,32561,9998,P,Y21984,P
SOUTHERN,4G,FLORIDA 1,320,32563,GULF BREEZE,100 NORTHCLIFFE DR,GULF BREEZE,FL,32561,9998,,Y21984,P
SOUTHERN,4G,FLORIDA 1,320,32563,NAVARRE,1910 NAVARRE SCHOOL RD,NAVARRE,FL,32566,5517,,Y22480,B
SOUTHERN,4G,FLORIDA 1,320,32564,BAKER,5690 HIGHWAY 4,BAKER,FL,32531,9998,,Y21401,P
SOUTHERN,4G,FLORIDA 1,320,32564,HOLT,563 HIGHWAY 90 W,HOLT,FL,32564,9998,,Y22062,P
SOUTHERN,4G,FLORIDA 1,320,32565,JAY,3719 HIGHWAY 4,JAY,FL,32565,9998,,Y22143,P
SOUTHERN,4G,FLORIDA 1,320,32566,NAVARRE,1910 NAVARRE SCHOOL RD,NAVARRE,FL,32566,5517,,Y22480,B
SOUTHERN,4G,FLORIDA 1,320,32567,LAUREL HILL,3957 2ND AVE,LAUREL HILL,FL,32567,9998,,Y22248,P
SOUTHERN,4G,FLORIDA 1,320,32568,MC DAVID,7 MAIN ST,MC DAVID,FL,32568,9998,,Y22360,P
SOUTHERN,4G,FLORIDA 1,320,32569,MARY ESTHER,210 W HOLLYWOOD BLVD,MARY ESTHER,FL,32569,1982,,Y22344,P
SOUTHERN,4G,FLORIDA 1,320,32570,MILTON,5111 DOGWOOD DR,MILTON,FL,32570,9998,,Y22417,P
SOUTHERN,4G,FLORIDA 1,320,32571,PACE CARRIER ANNEX,4382 HIGHWAY 90,MILTON,FL,32571,9870,,021524,4
SOUTHERN,4G,FLORIDA 1,320,32572,MILTON,5111 DOGWOOD DR,MILTON,FL,32570,9998,P,Y22417,P
SOUTHERN,4G,FLORIDA 1,320,32577,MOLINO,550 MOLINO RD,MOLINO,FL,32577,9998,,Y22425,P
SOUTHERN,4G,FLORIDA 1,320,32578,NICEVILLE,90 PALM BLVD N,NICEVILLE,FL,32578,1213,,Y22496,P
SOUTHERN,4G,FLORIDA 1,320,32579,FORT WALTON BEACH,21 WALTER MARTIN RD NE,FORT WALTON BEACH,FL,32548,9998,,Y21891,P
SOUTHERN,4G,FLORIDA 1,320,32579,SHALIMAR,1000 N EGLIN PKWY,SHALIMAR,FL,32579,9998,,Y22887,P
SOUTHERN,4G,FLORIDA 1,320,32580,NICEVILLE,90 PALM BLVD N,NICEVILLE,FL,32578,1213,,Y22496,P
SOUTHERN,4G,FLORIDA 1,320,32580,VALPARAISO,306 EDGE AVE,VALPARAISO,FL,32580,9998,,Y23157,P
SOUTHERN,4G,FLORIDA 1,320,32583,MILTON,5111 DOGWOOD DR,MILTON,FL,32570,9998,,Y22417,P
SOUTHERN,4G,FLORIDA 1,320,32588,NICEVILLE,90 PALM BLVD N,NICEVILLE,FL,32578,1213,P,Y22496,P
SOUTHERN,4G,FLORIDA 1,320,32591,EAST HILL,3001 N DAVIS HWY,PENSACOLA,FL,32503,9998,P,Y21763,S
SOUTHERN,4G,FLORIDA 1,320,32601,GAINESVILLE FL S&DC,4600 SW 34TH ST,GAINESVILLE,FL,32608,9901,,020477,4
SOUTHERN,4G,FLORIDA 1,320,32603,GAINESVILLE FL S&DC,4600 SW 34TH ST,GAINESVILLE,FL,32608,9901,,020477,4
SOUTHERN,4G,FLORIDA 1,320,32604,MAIN STREET,1401 N MAIN ST,GAINESVILLE,FL,32601,9997,P,Y22316,S
SOUTHERN,4G,FLORIDA 1,320,32605,GAINESVILLE FL S&DC,4600 SW 34TH ST,GAINESVILLE,FL,32608,9901,,020477,4
SOUTHERN,4G,FLORIDA 1,320,32606,GAINESVILLE FL S&DC,4600 SW 34TH ST,GAINESVILLE,FL,32608,9901,,020477,4
SOUTHERN,4G,FLORIDA 1,320,32607,GAINESVILLE FL S&DC,4600 SW 34TH ST,GAINESVILLE,FL,32608,9901,,020477,4
SOUTHERN,4G,FLORIDA 1,320,32608,GAINESVILLE FL S&DC,4600 SW 34TH ST,GAINESVILLE,FL,32608,9901,,020477,4
SOUTHERN,4G,FLORIDA 1,320,32609,GAINESVILLE FL S&DC,4600 SW 34TH ST,GAINESVILLE,FL,32608,9901,,020477,4
SOUTHERN,4G,FLORIDA 1,320,32614,GAINESVILLE FL S&DC,4600 SW 34TH ST,GAINESVILLE,FL,32608,9901,P,020477,4
SOUTHERN,4G,FLORIDA 1,320,32615,ALACHUA,15200 NW 142ND TER,ALACHUA,FL,32615,9998,,Y21344,P
SOUTHERN,4G,FLORIDA 1,320,32616,ALACHUA,15200 NW 142ND TER,ALACHUA,FL,32615,9998,P,Y21344,P
SOUTHERN,4G,FLORIDA 1,320,32617,ANTHONY,9081 NE JACKSONVILLE RD,ANTHONY,FL,32617,3519,,Y21367,P
SOUTHERN,4G,FLORIDA 1,320,32618,ARCHER,13553 SW STATE ROAD 45,ARCHER,FL,32618,9998,,Y21374,P
SOUTHERN,4G,FLORIDA 1,320,32619,BELL,1900 N US HIGHWAY 129,BELL,FL,32619,3172,,Y21447,P
SOUTHERN,4G,FLORIDA 1,320,32621,BRONSON,747 E HATHAWAY AVE,BRONSON,FL,32621,9998,,Y21510,P
SOUTHERN,4G,FLORIDA 1,320,32622,BROOKER,18796 CHARLOTTE AVE,BROOKER,FL,32622,9998,,Y21511,P
SOUTHERN,4G,FLORIDA 1,320,32625,CEDAR KEY,518 2ND ST,CEDAR KEY,FL,32625,9998,,Y21561,P
SOUTHERN,4G,FLORIDA 1,320,32626,CHIEFLAND,222 W PARK AVE,CHIEFLAND,FL,32626,9998,,Y21575,P
SOUTHERN,4G,FLORIDA 1,320,32627,MAIN STREET,1401 N MAIN ST,GAINESVILLE,FL,32601,9997,P,Y22316,S
SOUTHERN,4G,FLORIDA 1,320,32628,CROSS CITY,151 SW CEDAR ST,CROSS CITY,FL,32628,2105,,Y21655,P
SOUTHERN,4G,FLORIDA 1,320,32631,EARLETON,10012 NE COUNTY ROAD 1469,EARLETON,FL,32631,9701,,Y21758,P
SOUTHERN,4G,FLORIDA 1,320,32633,EVINSTON,18320 SE COUNTY ROAD 225,EVINSTON,FL,32633,9998,P,Y21814,P
SOUTHERN,4G,FLORIDA 1,320,32634,FAIRFIELD,14990 N HIGHWAY 225,FAIRFIELD,FL,32634,9700,P,Y21817,P
SOUTHERN,4G,FLORIDA 1,320,32635,NORTHWEST,4111 NW 16TH BLVD,GAINESVILLE,FL,32605,9998,P,Y28197,B
SOUTHERN,4G,FLORIDA 1,320,32639,GULF HAMMOCK,5350 SE HIGHWAY 19,GULF HAMMOCK,FL,32639,2100,P,Y21988,P
SOUTHERN,4G,FLORIDA 1,320,32640,HAWTHORNE,6300 SE 221ST ST,HAWTHORNE,FL,32640,9998,,Y22016,P
SOUTHERN,4G,FLORIDA 1,320,32641,GAINESVILLE FL S&DC,4600 SW 34TH ST,GAINESVILLE,FL,32608,9901,,020477,4
SOUTHERN,4G,FLORIDA 1,320,32643,HIGH SPRINGS,23687 NW 188TH AVE,HIGH SPRINGS,FL,32643,0341,,Y22035,P
SOUTHERN,4G,FLORIDA 1,320,32644,CHIEFLAND,222 W PARK AVE,CHIEFLAND,FL,32626,9998,P,Y21575,P
SOUTHERN,4G,FLORIDA 1,320,32648,HORSESHOE BEACH,77 5TH AVE E,HORSESHOE BEACH,FL,32648,2102,,Y22071,P
SOUTHERN,4G,FLORIDA 1,320,32653,GAINESVILLE FL S&DC,4600 SW 34TH ST,GAINESVILLE,FL,32608,9901,,020477,4
SOUTHERN,4G,FLORIDA 1,320,32654,ISLAND GROVE,21905 SE US HIGHWAY 301,ISLAND GROVE,FL,32654,9998,P,Y22117,P
SOUTHERN,4G,FLORIDA 1,320,32655,HIGH SPRINGS,23687 NW 188TH AVE,HIGH SPRINGS,FL,32643,0341,P,Y22035,P
SOUTHERN,4G,FLORIDA 1,320,32656,KEYSTONE HEIGHTS,110 NE COMMERCIAL CIR,KEYSTONE HEIGHTS,FL,32656,9998,,Y22169,P
SOUTHERN,4G,FLORIDA 1,320,32658,LA CROSSE,20300 N STATE ROAD 121,LA CROSSE,FL,32658,2100,P,Y22178,P
SOUTHERN,4G,FLORIDA 1,320,32662,LOCHLOOSA,20720 SE 162ND AVE,LOCHLOOSA,FL,32662,9700,P,Y22283,P
SOUTHERN,4G,FLORIDA 1,320,32663,LOWELL,12521 N GAINESVILLE RD,LOWELL,FL,32663,2100,P,Y22292,P
SOUTHERN,4G,FLORIDA 1,320,32664,MC INTOSH,5650 AVENUE G,MC INTOSH,FL,32664,9998,P,Y22361,P
SOUTHERN,4G,FLORIDA 1,320,32666,MELROSE,859 N STATE ROAD 21,MELROSE,FL,32666,9998,,Y22375,P
SOUTHERN,4G,FLORIDA 1,320,32667,MICANOPY,202 NE EARLY AVE,MICANOPY,FL,32667,9998,,Y22400,P
SOUTHERN,4G,FLORIDA 1,320,32667,GAINESVILLE FL S&DC,4600 SW 34TH ST,GAINESVILLE,FL,32608,9901,,020477,4
SOUTHERN,4G,FLORIDA 1,320,32668,MORRISTON,3350 SE HIGHWAY 41,MORRISTON,FL,32668,9998,,Y22429,P
SOUTHERN,4G,FLORIDA 1,320,32669,NEWBERRY,252 N MAIN ST,NEWBERRY,FL,32669,9998,,Y22494,P
SOUTHERN,4G,FLORIDA 1,320,32669,GAINESVILLE FL S&DC,4600 SW 34TH ST,GAINESVILLE,FL,32608,9901,,020477,4
SOUTHERN,4G,FLORIDA 1,320,32680,OLD TOWN,26164 SE HIGHWAY 19,OLD TOWN,FL,32680,3913,,Y22585,P
SOUTHERN,4G,FLORIDA 1,320,32681,ORANGE LAKE,19250 N US HIGHWAY 441,ORANGE LAKE,FL,32681,9998,P,Y22602,P
SOUTHERN,4G,FLORIDA 1,320,32683,OTTER CREEK,210 SE US HIGHWAY 19,OTTER CREEK,FL,32683,9700,P,Y22623,P
SOUTHERN,4G,FLORIDA 1,320,32686,REDDICK,15373 NW GAINESVILLE RD,REDDICK,FL,32686,9998,,Y22783,P
SOUTHERN,4G,FLORIDA 1,320,32692,SUWANNEE,23252 SE HIGHWAY 349,SUWANNEE,FL,32692,9990,P,Y23066,P
SOUTHERN,4G,FLORIDA 1,320,32693,TRENTON,1831 E WADE ST,TRENTON,FL,32693,9998,,Y23120,P
SOUTHERN,4G,FLORIDA 1,320,32694,WALDO,15075 NE US HIGHWAY 301,WALDO,FL,32694,4048,,Y23196,P
SOUTHERN,4G,FLORIDA 1,320,32696,WILLISTON,29 NW 1ST AVE,WILLISTON,FL,32696,9998,,Y23261,P
SOUTHERN,4G,FLORIDA 1,320,32697,WORTHINGTON SPRINGS,11972 SW 37TH TRL,LAKE BUTLER,FL,32054,7642,P,Y23281,P
SOUTHERN,4G,FLORIDA 1,320,32701,ALTAMONTE SPRINGS,321 MONTGOMERY RD,ALTAMONTE SPRINGS,FL,32714,9998,,Y21355,P
SOUTHERN,4G,FLORIDA 1,320,32702,ALTOONA,42038 STATE ROAD 19,ALTOONA,FL,32702,9998,,Y21357,P
SOUTHERN,4G,FLORIDA 1,320,32703,APOPKA,581 N PARK AVE,APOPKA,FL,32712,9998,,Y21372,P
SOUTHERN,4G,FLORIDA 1,320,32704,APOPKA,581 N PARK AVE,APOPKA,FL,32712,9998,P,Y21372,P
SOUTHERN,4G,FLORIDA 1,320,32706,CASSADAGA,1087 STEVENS ST,CASSADAGA,FL,32706,3358,P,Y21553,P
SOUTHERN,4G,FLORIDA 1,320,32707,CASSELBERRY,109 LIVE OAKS BLVD,CASSELBERRY,FL,32707,9998,,Y21554,P
SOUTHERN,4G,FLORIDA 1,320,32708,WINTER SPRINGS,1065 E STATE ROAD 434,WINTER SPRINGS,FL,32708,9998,,Y23273,B
SOUTHERN,4G,FLORIDA 1,320,32709,CHRISTMAS,23580 E COLONIAL DR,CHRISTMAS,FL,32709,9998,,Y21579,P
SOUTHERN,4G,FLORIDA 1,320,32710,CLARCONA,7228 CLARCONA OCOEE RD,CLARCONA,FL,32710,1209,P,Y21590,P
SOUTHERN,4G,FLORIDA 1,320,32712,APOPKA,581 N PARK AVE,APOPKA,FL,32712,9998,,Y21372,P
SOUTHERN,4G,FLORIDA 1,320,32713,ORANGE CITY,260 N INDUSTRIAL DR,ORANGE CITY,FL,32763,9998,,Y22601,P
SOUTHERN,4G,FLORIDA 1,320,32714,ALTAMONTE SPRINGS,321 MONTGOMERY RD,ALTAMONTE SPRINGS,FL,32714,9998,,Y21355,P
SOUTHERN,4G,FLORIDA 1,320,32715,PRAIRIE LAKE,1140 E ALTAMONTE DR STE 1016,ALTAMONTE SPRINGS,FL,32701,9991,P,Y27881,S
SOUTHERN,4G,FLORIDA 1,320,32716,ALTAMONTE SPRINGS,321 MONTGOMERY RD,ALTAMONTE SPRINGS,FL,32714,9998,P,Y21355,P
SOUTHERN,4G,FLORIDA 1,320,32718,CASSELBERRY,109 LIVE OAKS BLVD,CASSELBERRY,FL,32707,9998,P,Y21554,P
SOUTHERN,4G,FLORIDA 1,320,32719,WINTER SPRINGS,1065 E STATE ROAD 434,WINTER SPRINGS,FL,32708,9998,P,Y23273,B
SOUTHERN,4G,FLORIDA 1,320,32720,DELAND CARRIER ANNEX,240 W NEW YORK AVE,DELAND,FL,32720,9998,,Y27924,4
SOUTHERN,4G,FLORIDA 1,320,32721,DELAND,336 E NEW YORK AVE,DELAND,FL,32724,9998,P,Y21703,P
SOUTHERN,4G,FLORIDA 1,320,32724,DELAND CARRIER ANNEX,240 W NEW YORK AVE,DELAND,FL,32720,9998,,Y27924,4
SOUTHERN,4G,FLORIDA 1,320,32725,ENTERPRISE,710 JACOB BROCK AVE,ENTERPRISE,FL,32725,8123,,Y21803,C
SOUTHERN,4G,FLORIDA 1,320,32725,DELTONA,944 DELTONA BLVD,DELTONA,FL,32725,6913,,Y28007,P
SOUTHERN,4G,FLORIDA 1,320,32726,EUSTIS,111 E CLIFFORD AVE,EUSTIS,FL,32726,9998,,Y21809,P
SOUTHERN,4G,FLORIDA 1,320,32727,EUSTIS,111 E CLIFFORD AVE,EUSTIS,FL,32726,9998,P,Y21809,P
SOUTHERN,4G,FLORIDA 1,320,32728,DELTONA,944 DELTONA BLVD,DELTONA,FL,32725,6913,P,Y28007,P
SOUTHERN,4G,FLORIDA 1,320,32730,CASSELBERRY,109 LIVE OAKS BLVD,CASSELBERRY,FL,32707,9998,,Y21554,P
SOUTHERN,4G,FLORIDA 1,320,32730,FERN PARK,130 FERNWOOD BLVD,FERN PARK,FL,32730,9998,,Y21825,B
SOUTHERN,4G,FLORIDA 1,320,32732,GENEVA,199 PINE ST,GENEVA,FL,32732,9998,,Y21931,P
SOUTHERN,4G,FLORIDA 1,320,32733,GOLDENROD,7501 CITRUS AVE,GOLDENROD,FL,32733,9200,P,Y21952,P
SOUTHERN,4G,FLORIDA 1,320,32735,GRAND ISLAND,36525 S FISH CAMP RD,GRAND ISLAND,FL,32735,9998,,Y21962,P
SOUTHERN,4G,FLORIDA 1,320,32736,EUSTIS,111 E CLIFFORD AVE,EUSTIS,FL,32726,9998,,Y21809,P
SOUTHERN,4G,FLORIDA 1,320,32738,DELTONA PINES,2048 HOWLAND BLVD,DELTONA,FL,32738,3442,,Y28013,S
SOUTHERN,4G,FLORIDA 1,320,32739,DELTONA PINES,2048 HOWLAND BLVD,DELTONA,FL,32738,3442,P,Y28013,S
SOUTHERN,4G,FLORIDA 1,320,32744,LAKE HELEN,104 E MICHIGAN AVE,LAKE HELEN,FL,32744,9998,,Y22200,P
SOUTHERN,4G,FLORIDA 1,320,32746,LAKE MARY,3415 W LAKE MARY BLVD,LAKE MARY,FL,32746,9998,,Y22207,P
SOUTHERN,4G,FLORIDA 1,320,32747,LAKE MONROE,755 MONROE RD,LAKE MONROE,FL,32747,8899,P,Y22210,P
SOUTHERN,4G,FLORIDA 1,320,32750,LONGWOOD,501 FLORIDA CENTRAL PKWY,LONGWOOD,FL,32750,9998,,Y22289,P
SOUTHERN,4G,FLORIDA 1,320,32751,EATONVILLE,332 E KENNEDY BLVD,EATONVILLE,FL,32751,9991,,Y21780,C
SOUTHERN,4G,FLORIDA 1,320,32751,MAITLAND,151 N MAITLAND AVE,MAITLAND,FL,32751,9998,,Y22319,P
SOUTHERN,4G,FLORIDA 1,320,32752,LONGWOOD,501 FLORIDA CENTRAL PKWY,LONGWOOD,FL,32750,9998,P,Y22289,P
SOUTHERN,4G,FLORIDA 1,320,32753,DEBARY,133 S CHARLES RICHARD BEALL BLVD,DEBARY,FL,32713,9998,P,Y21696,P
SOUTHERN,4G,FLORIDA 1,320,32754,MIMS,3405 KELLY RD,MIMS,FL,32754,9998,,Y22418,P
SOUTHERN,4G,FLORIDA 1,320,32756,MOUNT DORA,2600 W OLD US HIGHWAY 441,MOUNT DORA,FL,32757,3548,P,Y22431,P
SOUTHERN,4G,FLORIDA 1,320,32757,MOUNT DORA,2600 W OLD US HIGHWAY 441,MOUNT DORA,FL,32757,3548,,Y22431,P
SOUTHERN,4G,FLORIDA 1,320,32759,OAK HILL,129 E HALIFAX AVE,OAK HILL,FL,32759,9998,,Y22560,P
SOUTHERN,4G,FLORIDA 1,320,32762,OVIEDO STATION,83 GENEVA DR,OVIEDO,FL,32765,9993,P,Y26872,S
SOUTHERN,4G,FLORIDA 1,320,32763,ORANGE CITY,260 N INDUSTRIAL DR,ORANGE CITY,FL,32763,9998,,Y22601,P
SOUTHERN,4G,FLORIDA 1,320,32764,OSTEEN,100 DICKSON AVE,OSTEEN,FL,32764,9998,,Y22622,P
SOUTHERN,4G,FLORIDA 1,320,32765,OVIEDO,567 E FRANKLIN ST,OVIEDO,FL,32765,9997,,Y22625,P
SOUTHERN,4G,FLORIDA 1,320,32766,OVIEDO,567 E FRANKLIN ST,OVIEDO,FL,32765,9997,,Y22625,P
SOUTHERN,4G,FLORIDA 1,320,32767,PAISLEY,24952 COUNTY ROAD 42,PAISLEY,FL,32767,9998,,Y22633,P
SOUTHERN,4G,FLORIDA 1,320,32768,PLYMOUTH,900 PLYMOUTH SORRENTO RD,PLYMOUTH,FL,32768,5815,P,Y22715,P
SOUTHERN,4G,FLORIDA 1,320,32771,SANFORD ANNEX,1475 E AIRPORT BLVD,SANFORD,FL,32773,9998,,001997,4
SOUTHERN,4G,FLORIDA 1,320,32772,SANFORD,401 E 1ST ST,SANFORD,FL,32771,9998,P,Y22852,P
SOUTHERN,4G,FLORIDA 1,320,32773,SANFORD ANNEX,1475 E AIRPORT BLVD,SANFORD,FL,32773,9998,,001997,4
SOUTHERN,4G,FLORIDA 1,320,32774,ORANGE CITY,260 N INDUSTRIAL DR,ORANGE CITY,FL,32763,9998,P,Y22601,P
SOUTHERN,4G,FLORIDA 1,320,32775,SCOTTSMOOR,3750 MAGOON AVE,SCOTTSMOOR,FL,32775,6998,P,Y22865,P
SOUTHERN,4G,FLORIDA 1,320,32776,SORRENTO,24106 STATE ROAD 46,SORRENTO,FL,32776,9998,,Y22907,P
SOUTHERN,4G,FLORIDA 1,320,32777,TANGERINE,5424 LAKE ST,TANGERINE,FL,32777,7198,P,Y23082,P
SOUTHERN,4G,FLORIDA 1,320,32778,TAVARES,399 E BURLEIGH BLVD,TAVARES,FL,32778,9998,,Y23087,P
SOUTHERN,4G,FLORIDA 1,320,32779,WEKIVA SPRINGS,920 WEKIVA SPRINGS RD,LONGWOOD,FL,32779,9998,,Y23208,B
SOUTHERN,4G,FLORIDA 1,320,32780,TITUSVILLE,2503 S WASHINGTON AVE,TITUSVILLE,FL,32780,9998,,Y23104,P
SOUTHERN,4G,FLORIDA 1,320,32781,TITUSVILLE,2503 S WASHINGTON AVE,TITUSVILLE,FL,32780,9998,P,Y23104,P
SOUTHERN,4G,FLORIDA 1,320,32783,TITUSVILLE,2503 S WASHINGTON AVE,TITUSVILLE,FL,32780,9998,P,Y23104,P
SOUTHERN,4G,FLORIDA 1,320,32784,UMATILLA,315 N CENTRAL AVE,UMATILLA,FL,32784,9998,,Y23133,P
SOUTHERN,4G,FLORIDA 1,320,32789,WINTER PARK,300 N NEW YORK AVE,WINTER PARK,FL,32789,9998,,Y23272,P
SOUTHERN,4G,FLORIDA 1,320,32790,WINTER PARK,300 N NEW YORK AVE,WINTER PARK,FL,32789,9998,P,Y23272,P
SOUTHERN,4G,FLORIDA 1,320,32791,WEKIVA SPRINGS,920 WEKIVA SPRINGS RD,LONGWOOD,FL,32779,9998,P,Y23208,B
SOUTHERN,4G,FLORIDA 1,320,32792,ALOMA CARRIER ANNEX,4214 METRIC DR,WINTER PARK,FL,32792,9998,,Y27256,4
SOUTHERN,4G,FLORIDA 1,320,32793,ALOMA,221 DRIGGS DR,WINTER PARK,FL,32792,9997,P,Y21351,B
SOUTHERN,4G,FLORIDA 1,320,32794,MAITLAND,151 N MAITLAND AVE,MAITLAND,FL,32751,9998,P,Y22319,P
SOUTHERN,4G,FLORIDA 1,320,32795,LAKE MARY,3415 W LAKE MARY BLVD,LAKE MARY,FL,32746,9998,P,Y22207,P
SOUTHERN,4G,FLORIDA 1,320,32796,TITUSVILLE,2503 S WASHINGTON AVE,TITUSVILLE,FL,32780,9998,,Y23104,P
SOUTHERN,4G,FLORIDA 1,320,32798,ZELLWOOD,3125 WASHINGTON ST,ZELLWOOD,FL,32798,9998,,Y23294,P
SOUTHERN,4G,FLORIDA 2,335,32801,GORE STREET CARRIER ANNEX,1325 W GORE ST,ORLANDO,FL,32805,9998,,000536,4
SOUTHERN,4G,FLORIDA 2,335,32802,DOWNTOWN ORLANDO,51 E JEFFERSON ST,ORLANDO,FL,32801,9998,P,Y21734,S
SOUTHERN,4G,FLORIDA 2,335,32803,MALL CARRIER ANNEX,800 WAREHOUSE RD,ORLANDO,FL,32803,9998,,Y28033,4
SOUTHERN,4G,FLORIDA 2,335,32804,COLLEGE PARK,1705 EDGEWATER DR,ORLANDO,FL,32804,9998,,Y21614,S
SOUTHERN,4G,FLORIDA 2,335,32805,GORE STREET CARRIER ANNEX,1325 W GORE ST,ORLANDO,FL,32805,9998,,000536,4
SOUTHERN,4G,FLORIDA 2,335,32806,DIXIE VILLAGE,2860 DELANEY AVE,ORLANDO,FL,32806,9998,,Y21713,S
SOUTHERN,4G,FLORIDA 2,335,32807,AZALEA PARK,501 N SEMORAN BLVD,ORLANDO,FL,32807,9998,,Y21396,B
SOUTHERN,4G,FLORIDA 2,335,32808,HIAWASSEE,3200 N HIAWASSEE RD,ORLANDO,FL,32818,9998,,Y22032,B
SOUTHERN,4G,FLORIDA 2,335,32809,PINE CASTLE,7707 S ORANGE AVE,ORLANDO,FL,32809,9998,,Y22695,B
SOUTHERN,4G,FLORIDA 2,335,32810,LOCKHART,5087 EDGEWATER DR,ORLANDO,FL,32810,9998,,Y22284,B
SOUTHERN,4G,FLORIDA 2,335,32811,ORLO VISTA,501 S KIRKMAN RD,ORLANDO,FL,32811,9998,,Y22612,B
SOUTHERN,4G,FLORIDA 2,335,32812,LEE VISTA,6301 HAZELTINE NATIONAL DR STE 120,ORLANDO,FL,32822,9998,,015358,4
SOUTHERN,4G,FLORIDA 2,335,32814,HERNDON,821 HERNDON AVE,ORLANDO,FL,32803,5150,,Y22021,S
SOUTHERN,4G,FLORIDA 2,335,32815,COCOA,2000 STATE ROAD 524,COCOA,FL,32926,9998,P,Y21604,P
SOUTHERN,4G,FLORIDA 2,335,32817,UNION PARK,1801 N ECONLOCKHATCHEE TRL,ORLANDO,FL,32817,9998,,Y23134,B
SOUTHERN,4G,FLORIDA 2,335,32818,HIAWASSEE,3200 N HIAWASSEE RD,ORLANDO,FL,32818,9998,,Y22032,B
SOUTHERN,4G,FLORIDA 2,335,32819,SAND LAKE,10450 TURKEY LAKE RD,ORLANDO,FL,32819,9998,,Y22848,B
SOUTHERN,4G,FLORIDA 2,335,32820,ORLANDO FL ALAFAYA SDC,1000 N ALAFAYA TRL,ORLANDO,FL,32828,9700,,021561,4
SOUTHERN,4G,FLORIDA 2,335,32821,SAND LAKE,10450 TURKEY LAKE RD,ORLANDO,FL,32819,9998,,Y22848,B
SOUTHERN,4G,FLORIDA 2,335,32822,LEE VISTA,6301 HAZELTINE NATIONAL DR STE 120,ORLANDO,FL,32822,9998,,015358,4
SOUTHERN,4G,FLORIDA 2,335,32824,SOUTH CREEK,1701 W WETHERBEE RD,ORLANDO,FL,32837,9998,,Y26892,B
SOUTHERN,4G,FLORIDA 2,335,32825,ORLANDO FL ALAFAYA SDC,1000 N ALAFAYA TRL,ORLANDO,FL,32828,9700,,021561,4
SOUTHERN,4G,FLORIDA 2,335,32826,ORLANDO FL ALAFAYA SDC,1000 N ALAFAYA TRL,ORLANDO,FL,32828,9700,,021561,4
SOUTHERN,4G,FLORIDA 2,335,32827,LEE VISTA,6301 HAZELTINE NATIONAL DR STE 120,ORLANDO,FL,32822,9998,,015358,4
SOUTHERN,4G,FLORIDA 2,335,32828,ORLANDO FL ALAFAYA SDC,1000 N ALAFAYA TRL,ORLANDO,FL,32828,9700,,021561,4
SOUTHERN,4G,FLORIDA 2,335,32829,VENTURA,7360 CURRY FORD RD,ORLANDO,FL,32822,7967,,Y23165,B
SOUTHERN,4G,FLORIDA 2,335,32830,SAND LAKE,10450 TURKEY LAKE RD,ORLANDO,FL,32819,9998,P,Y22848,B
SOUTHERN,4G,FLORIDA 2,335,32832,VENTURA,7360 CURRY FORD RD,ORLANDO,FL,32822,7967,,Y23165,B
SOUTHERN,4G,FLORIDA 2,335,32833,ORLANDO FL ALAFAYA SDC,1000 N ALAFAYA TRL,ORLANDO,FL,32828,9700,,021561,4
SOUTHERN,4G,FLORIDA 2,335,32835,ORLO VISTA,501 S KIRKMAN RD,ORLANDO,FL,32811,9998,,Y22612,B
SOUTHERN,4G,FLORIDA 2,335,32836,SAND LAKE,10450 TURKEY LAKE RD,ORLANDO,FL,32819,9998,,Y22848,B
SOUTHERN,4G,FLORIDA 2,335,32837,SOUTH CREEK,1701 W WETHERBEE RD,ORLANDO,FL,32837,9998,,Y26892,B
SOUTHERN,4G,FLORIDA 2,335,32839,PINE CASTLE,7707 S ORANGE AVE,ORLANDO,FL,32809,9998,,Y22695,B
SOUTHERN,4G,FLORIDA 2,335,32853,HERNDON,821 HERNDON AVE,ORLANDO,FL,32803,5150,P,Y22021,S
SOUTHERN,4G,FLORIDA 2,335,32854,COLLEGE PARK,1705 EDGEWATER DR,ORLANDO,FL,32804,9998,P,Y21614,S
SOUTHERN,4G,FLORIDA 2,335,32855,ORANGE BLOSSOM,440 S ORANGE BLOSSOM TRL,ORLANDO,FL,32805,9997,P,Y22600,S
SOUTHERN,4G,FLORIDA 2,335,32856,DIXIE VILLAGE,2860 DELANEY AVE,ORLANDO,FL,32806,9998,P,Y21713,S
SOUTHERN,4G,FLORIDA 2,335,32857,AZALEA PARK,501 N SEMORAN BLVD,ORLANDO,FL,32807,9998,P,Y21396,B
SOUTHERN,4G,FLORIDA 2,335,32858,PINE HILLS,811 DEAUVILLE DR,ORLANDO,FL,32808,9998,P,Y22696,B
SOUTHERN,4G,FLORIDA 2,335,32859,PINE CASTLE,7707 S ORANGE AVE,ORLANDO,FL,32809,9998,P,Y22695,B
SOUTHERN,4G,FLORIDA 2,335,32860,LOCKHART,5087 EDGEWATER DR,ORLANDO,FL,32810,9998,P,Y22284,B
SOUTHERN,4G,FLORIDA 2,335,32861,ORLO VISTA,501 S KIRKMAN RD,ORLANDO,FL,32811,9998,P,Y22612,B
SOUTHERN,4G,FLORIDA 2,335,32862,ORLANDO MOWU,10401 POST OFFICE BLVD W FL 3,ORLANDO,FL,32862,8543,P,010709,S
SOUTHERN,4G,FLORIDA 2,335,32867,UNION PARK,1801 N ECONLOCKHATCHEE TRL,ORLANDO,FL,32817,9998,P,Y23134,B
SOUTHERN,4G,FLORIDA 2,335,32868,HIAWASSEE,3200 N HIAWASSEE RD,ORLANDO,FL,32818,9998,P,Y22032,B
SOUTHERN,4G,FLORIDA 2,335,32869,SAND LAKE,10450 TURKEY LAKE RD,ORLANDO,FL,32819,9998,P,Y22848,B
SOUTHERN,4G,FLORIDA 2,335,32872,VENTURA,7360 CURRY FORD RD,ORLANDO,FL,32822,7967,P,Y23165,B
SOUTHERN,4G,FLORIDA 2,335,32877,SOUTH CREEK,1701 W WETHERBEE RD,ORLANDO,FL,32837,9998,P,Y26892,B
SOUTHERN,4G,FLORIDA 2,335,32878,ALAFAYA,650 N ALAFAYA TRL STE 101,ORLANDO,FL,32828,9997,P,010428,B
SOUTHERN,4G,FLORIDA 2,335,32901,MELBOURNE,640 E NEW HAVEN AVE,MELBOURNE,FL,32901,9998,,Y22370,P
SOUTHERN,4G,FLORIDA 2,335,32902,MELBOURNE,640 E NEW HAVEN AVE,MELBOURNE,FL,32901,9998,P,Y22370,P
SOUTHERN,4G,FLORIDA 2,335,32903,EAU GALLIE,681 SAINT CLAIR ST,MELBOURNE,FL,32935,9998,,Y21782,S
SOUTHERN,4G,FLORIDA 2,335,32903,INDIALANTIC,200 N PALM AVE,INDIALANTIC,FL,32903,9998,,Y22086,B
SOUTHERN,4G,FLORIDA 2,335,32904,WEST MELBOURNE,2305 MINTON RD,MELBOURNE,FL,32904,9998,,Y27390,B
SOUTHERN,4G,FLORIDA 2,335,32905,PALM BAY,4660 LIPSCOMB ST NE,PALM BAY,FL,32905,9998,,Y22635,B
SOUTHERN,4G,FLORIDA 2,335,32906,PALM BAY,4660 LIPSCOMB ST NE,PALM BAY,FL,32905,9998,P,Y22635,B
SOUTHERN,4G,FLORIDA 2,335,32907,PALM BAY WEST,950 MALABAR RD SW,PALM BAY,FL,32907,9998,,Y27382,B
SOUTHERN,4G,FLORIDA 2,335,32908,PALM BAY WEST,950 MALABAR RD SW,PALM BAY,FL,32907,9998,,Y27382,B
SOUTHERN,4G,FLORIDA 2,335,32909,PALM BAY WEST,950 MALABAR RD SW,PALM BAY,FL,32907,9998,,Y27382,B
SOUTHERN,4G,FLORIDA 2,335,32910,INTERCHANGE SQUARE,1155 MALABAR RD NE STE 18,PALM BAY,FL,32907,9994,P,Y22106,B
SOUTHERN,4G,FLORIDA 2,335,32911,PALM BAY WEST,950 MALABAR RD SW,PALM BAY,FL,32907,9998,P,Y27382,B
SOUTHERN,4G,FLORIDA 2,335,32912,WEST MELBOURNE,2305 MINTON RD,MELBOURNE,FL,32904,9998,P,Y27390,B
SOUTHERN,4G,FLORIDA 2,335,32920,CAPE CANAVERAL,8700 ASTRONAUT BLVD,CAPE CANAVERAL,FL,32920,9998,,Y21535,P
SOUTHERN,4G,FLORIDA 2,335,32922,COCOA,2000 STATE ROAD 524,COCOA,FL,32926,9998,,Y21604,P
SOUTHERN,4G,FLORIDA 2,335,32923,COCOA,2000 STATE ROAD 524,COCOA,FL,32926,9998,P,Y21604,P
SOUTHERN,4G,FLORIDA 2,335,32923,COCOA VILLAGE,600 FLORIDA AVE STE 101,COCOA,FL,32922,9998,P,000951,S
SOUTHERN,4G,FLORIDA 2,335,32924,FIVE POINTS,1114 LAKE DR,COCOA,FL,32922,9991,P,Y21840,S
SOUTHERN,4G,FLORIDA 2,335,32925,PATRICK AFB,424 FALCON AVE,PATRICK AIR FORCE BASE,FL,32925,9998,,Y22669,B
SOUTHERN,4G,FLORIDA 2,335,32925,SATELLITE BEACH,1071 S PATRICK DR STE 101,SATELLITE BEACH,FL,32937,3972,,Y22861,B
SOUTHERN,4G,FLORIDA 2,335,32926,COCOA,2000 STATE ROAD 524,COCOA,FL,32926,9998,,Y21604,P
SOUTHERN,4G,FLORIDA 2,335,32927,COCOA,2000 STATE ROAD 524,COCOA,FL,32926,9998,,Y21604,P
SOUTHERN,4G,FLORIDA 2,335,32931,COCOA BEACH,500 N BREVARD AVE,COCOA BEACH,FL,32931,9998,,Y21605,P
SOUTHERN,4G,FLORIDA 2,335,32932,COCOA BEACH,500 N BREVARD AVE,COCOA BEACH,FL,32931,9998,P,Y21605,P
SOUTHERN,4G,FLORIDA 2,335,32934,APOLLO ANNEX,680 N APOLLO BLVD FRNT,MELBOURNE,FL,32935,9992,,Y27143,4
SOUTHERN,4G,FLORIDA 2,335,32935,APOLLO ANNEX,680 N APOLLO BLVD FRNT,MELBOURNE,FL,32935,9992,,Y27143,4
SOUTHERN,4G,FLORIDA 2,335,32936,EAU GALLIE,681 SAINT CLAIR ST,MELBOURNE,FL,32935,9998,P,Y21782,S
SOUTHERN,4G,FLORIDA 2,335,32937,SATELLITE BEACH,1071 S PATRICK DR STE 101,SATELLITE BEACH,FL,32937,3972,,Y22861,B
SOUTHERN,4G,FLORIDA 2,335,32940,SUNTREE,6105 N WICKHAM RD,MELBOURNE,FL,32940,9998,,Y23063,B
SOUTHERN,4G,FLORIDA 2,335,32941,SUNTREE,6105 N WICKHAM RD,MELBOURNE,FL,32940,9998,P,Y23063,B
SOUTHERN,4G,FLORIDA 2,335,32948,FELLSMERE,15 N OAK ST,FELLSMERE,FL,32948,9998,,Y21823,P
SOUTHERN,4G,FLORIDA 2,335,32949,GRANT,5560 OLD DIXIE HWY,GRANT,FL,32949,9998,,Y21965,P
SOUTHERN,4G,FLORIDA 2,335,32950,MALABAR,1720 MALABAR RD,MALABAR,FL,32950,9998,,Y22320,P
SOUTHERN,4G,FLORIDA 2,335,32951,MELBOURNE BEACH,504 OCEAN AVE,MELBOURNE BEACH,FL,32951,9998,,Y22372,B
SOUTHERN,4G,FLORIDA 2,335,32952,MERRITT ISLAND,333 CROCKETT BLVD,MERRITT ISLAND,FL,32953,9998,,Y22376,P
SOUTHERN,4G,FLORIDA 2,335,32953,MERRITT ISLAND,333 CROCKETT BLVD,MERRITT ISLAND,FL,32953,9998,,Y22376,P
SOUTHERN,4G,FLORIDA 2,335,32954,MERRITT ISLAND,333 CROCKETT BLVD,MERRITT ISLAND,FL,32953,9998,P,Y22376,P
SOUTHERN,4G,FLORIDA 2,335,32955,ROCKLEDGE,3000 MURRELL RD,ROCKLEDGE,FL,32955,9998,,Y22804,P
SOUTHERN,4G,FLORIDA 2,335,32956,ROCKLEDGE,3000 MURRELL RD,ROCKLEDGE,FL,32955,9998,P,Y22804,P
SOUTHERN,4G,FLORIDA 2,335,32957,ROSELAND,13305 ROSELAND RD,ROSELAND,FL,32957,3268,P,Y22806,P
SOUTHERN,4G,FLORIDA 2,335,32958,SEBASTIAN,1290 MAIN ST,SEBASTIAN,FL,32958,9998,,Y22870,P
SOUTHERN,4G,FLORIDA 2,335,32959,SHARPES,4425 N COCOA BLVD,SHARPES,FL,32959,6025,P,Y22888,P
SOUTHERN,4G,FLORIDA 2,335,32960,VERO BEACH,1551 US HIGHWAY 1,VERO BEACH,FL,32960,9992,,Y23168,P
SOUTHERN,4G,FLORIDA 2,335,32961,VERO BEACH DOWNTOWN,2050 13TH AVE OFC,VERO BEACH,FL,32960,9998,P,018163,S
SOUTHERN,4G,FLORIDA 2,335,32962,VERO BEACH,1551 US HIGHWAY 1,VERO BEACH,FL,32960,9992,,Y23168,P
SOUTHERN,4G,FLORIDA 2,335,32963,VERO BEACH,1551 US HIGHWAY 1,VERO BEACH,FL,32960,9992,,Y23168,P
SOUTHERN,4G,FLORIDA 2,335,32964,VERO BEACH FINANCE,3320 CARDINAL DR,VERO BEACH,FL,32963,9998,P,Y21436,S
SOUTHERN,4G,FLORIDA 2,335,32965,VERO BEACH,1551 US HIGHWAY 1,VERO BEACH,FL,32960,9992,P,Y23168,P
SOUTHERN,4G,FLORIDA 2,335,32966,CITRUS RIDGE,8500 20TH ST,VERO BEACH,FL,32966,9998,,Y27389,B
SOUTHERN,4G,FLORIDA 2,335,32967,VERO BEACH DOWNTOWN,2050 13TH AVE OFC,VERO BEACH,FL,32960,9998,,018163,S
SOUTHERN,4G,FLORIDA 2,335,32968,CITRUS RIDGE,8500 20TH ST,VERO BEACH,FL,32966,9998,,Y27389,B
SOUTHERN,4G,FLORIDA 2,335,32969,CITRUS RIDGE,8500 20TH ST,VERO BEACH,FL,32966,9998,P,Y27389,B
SOUTHERN,4G,FLORIDA 2,335,32970,WABASSO,8114 US HIGHWAY 1,WABASSO,FL,32970,5659,P,Y23189,P
SOUTHERN,4G,FLORIDA 2,335,32971,WABASSO,8114 US HIGHWAY 1,WABASSO,FL,32970,5659,P,Y23189,P
SOUTHERN,4G,FLORIDA 2,335,32976,SEBASTIAN,1290 MAIN ST,SEBASTIAN,FL,32958,9998,,Y22870,P
SOUTHERN,4G,FLORIDA 2,335,32978,SEBASTIAN,1290 MAIN ST,SEBASTIAN,FL,32958,9998,P,Y22870,P
SOUTHERN,4G,FLORIDA 3,330,33001,LONG KEY,68340 OVERSEAS HWY,LONG KEY,FL,33001,9998,P,Y22287,P
SOUTHERN,4G,FLORIDA 3,330,33002,PALM VILLAGE,1050 W 49TH ST,HIALEAH,FL,33002,9998,P,Y22651,S
SOUTHERN,4G,FLORIDA 3,330,33004,DANIA,21 NW 1ST AVE,DANIA,FL,33004,9998,,Y21680,P
SOUTHERN,4G,FLORIDA 3,330,33008,HALLANDALE,500 S FEDERAL HWY,HALLANDALE BEACH,FL,33009,9998,P,Y22003,P
SOUTHERN,4G,FLORIDA 3,330,33008,GOLDEN ISLES,800 E HALLANDALE BEACH BLVD STE 23,HALLANDALE BEACH,FL,33009,9997,P,020911,B
SOUTHERN,4G,FLORIDA 3,330,33009,HALLANDALE,500 S FEDERAL HWY,HALLANDALE BEACH,FL,33009,9998,,Y22003,P
SOUTHERN,4G,FLORIDA 3,330,33010,HIALEAH,325 E 1ST AVE,HIALEAH,FL,33010,4898,,Y22026,P
SOUTHERN,4G,FLORIDA 3,330,33011,HIALEAH,325 E 1ST AVE,HIALEAH,FL,33010,4898,P,Y22026,P
SOUTHERN,4G,FLORIDA 3,330,33012,PROMENADE,3690 W 18TH AVE,HIALEAH,FL,33012,9998,,Y27167,S
SOUTHERN,4G,FLORIDA 3,330,33013,BRIGHT,3200 E 2ND AVE,HIALEAH,FL,33013,9998,,Y21505,S
SOUTHERN,4G,FLORIDA 3,330,33014,PALMETTO LAKES,5375 NW 159TH ST,MIAMI LAKES,FL,33014,9998,,Y26854,S
SOUTHERN,4G,FLORIDA 3,330,33015,MIAMI GARDENS,6193 NW 183RD ST,HIALEAH,FL,33015,9998,,Y22393,B
SOUTHERN,4G,FLORIDA 3,330,33016,HIALEAH ANNEX,7000 W 19TH CT,HIALEAH,FL,33014,4471,,Y22028,4
SOUTHERN,4G,FLORIDA 3,330,33016,EL MERCADO,2440 W 60TH ST,HIALEAH,FL,33016,9997,,Y27324,S
SOUTHERN,4G,FLORIDA 3,330,33017,MIAMI GARDENS,6193 NW 183RD ST,HIALEAH,FL,33015,9998,P,Y22393,B
SOUTHERN,4G,FLORIDA 3,330,33018,MIAMI GARDENS,6193 NW 183RD ST,HIALEAH,FL,33015,9998,,Y22393,B
SOUTHERN,4G,FLORIDA 3,330,33019,HOLLYWOOD,1801 POLK ST,HOLLYWOOD,FL,33022,9998,,Y22056,P
SOUTHERN,4G,FLORIDA 3,330,33020,HOLLYWOOD,1801 POLK ST,HOLLYWOOD,FL,33022,9998,,Y22056,P
SOUTHERN,4G,FLORIDA 3,330,33021,HOLLYWOOD,1801 POLK ST,HOLLYWOOD,FL,33022,9998,,Y22056,P
SOUTHERN,4G,FLORIDA 3,330,33022,HOLLYWOOD,1801 POLK ST,HOLLYWOOD,FL,33022,9998,P,Y22056,P
SOUTHERN,4G,FLORIDA 3,330,33023,WEST HOLLYWOOD HILLS,5771 JOHNSON ST,HOLLYWOOD,FL,33021,9996,,015025,S
SOUTHERN,4G,FLORIDA 3,330,33024,PEMBROKE PINES,2350 N UNIVERSITY DR,PEMBROKE PINES,FL,33024,9998,,Y22677,B
SOUTHERN,4G,FLORIDA 3,330,33024,UNIVERSITY,7972 PINES BLVD,PEMBROKE PINES,FL,33024,6921,,Y27816,B
SOUTHERN,4G,FLORIDA 3,330,33025,MIRAMAR,14900 SW 30TH ST,MIRAMAR,FL,33027,9997,,Y22421,B
SOUTHERN,4G,FLORIDA 3,330,33026,FLAMINGO,12590 PINES BLVD,PEMBROKE PINES,FL,33027,9998,,Y27173,B
SOUTHERN,4G,FLORIDA 3,330,33027,MIRAMAR,14900 SW 30TH ST,MIRAMAR,FL,33027,9997,,Y22421,B
SOUTHERN,4G,FLORIDA 3,330,33028,FLAMINGO,12590 PINES BLVD,PEMBROKE PINES,FL,33027,9998,,Y27173,B
SOUTHERN,4G,FLORIDA 3,330,33029,CHAPEL LAKES,21001 PINES BLVD,PEMBROKE PINES,FL,33029,9998,,Y28227,B
SOUTHERN,4G,FLORIDA 3,330,33030,HOMESTEAD,739 WASHINGTON AVE,HOMESTEAD,FL,33030,9998,,Y22064,P
SOUTHERN,4G,FLORIDA 3,330,33031,PRINCETON,13500 SW 250TH ST,HOMESTEAD,FL,33032,9998,,Y22757,B
SOUTHERN,4G,FLORIDA 3,330,33032,PRINCETON,13500 SW 250TH ST,HOMESTEAD,FL,33032,9998,,Y22757,B
SOUTHERN,4G,FLORIDA 3,330,33033,HOMESTEAD,739 WASHINGTON AVE,HOMESTEAD,FL,33030,9998,,Y22064,P
SOUTHERN,4G,FLORIDA 3,330,33034,FLORIDA CITY,1000 W PALM DR,HOMESTEAD,FL,33034,9998,,Y21863,B
SOUTHERN,4G,FLORIDA 3,330,33035,FLORIDA CITY,1000 W PALM DR,HOMESTEAD,FL,33034,9998,,Y21863,B
SOUTHERN,4G,FLORIDA 3,330,33036,ISLAMORADA,82801 OVERSEAS HWY,ISLAMORADA,FL,33036,9998,,Y22115,P
SOUTHERN,4G,FLORIDA 3,330,33037,KEY LARGO,100100 OVERSEAS HWY,KEY LARGO,FL,33037,9998,,Y22166,P
SOUTHERN,4G,FLORIDA 3,330,33040,KEY WEST,400 WHITEHEAD ST,KEY WEST,FL,33040,9998,,Y22167,P
SOUTHERN,4G,FLORIDA 3,330,33041,KEY WEST,400 WHITEHEAD ST,KEY WEST,FL,33040,9998,P,Y22167,P
SOUTHERN,4G,FLORIDA 3,330,33042,SUMMERLAND KEY,24700 OVERSEAS HWY,SUMMERLAND KEY,FL,33042,9998,,Y23038,P
SOUTHERN,4G,FLORIDA 3,330,33043,BIG PINE KEY,29959 OVERSEAS HWY,BIG PINE KEY,FL,33043,9998,,Y21464,B
SOUTHERN,4G,FLORIDA 3,330,33045,FLAGLER KEY WEST,2764 N ROOSEVELT BLVD,KEY WEST,FL,33040,3931,P,Y21846,S
SOUTHERN,4G,FLORIDA 3,330,33050,MARATHON,5171 OVERSEAS HWY,MARATHON,FL,33050,9998,,Y22332,P
SOUTHERN,4G,FLORIDA 3,330,33051,KEY COLONY BEACH,600 W OCEAN DR,KEY COLONY BEACH,FL,33051,9800,P,Y22165,B
SOUTHERN,4G,FLORIDA 3,330,33052,MARATHON SHORES,11400 OVERSEAS HWY STE 120,MARATHON,FL,33050,9997,P,Y22333,B
SOUTHERN,4G,FLORIDA 3,330,33054,OPA LOCKA,550 FISHERMAN ST,OPA LOCKA,FL,33054,9998,,Y22595,P
SOUTHERN,4G,FLORIDA 3,330,33055,CAROL CITY,18690 NW 37TH AVE,MIAMI GARDENS,FL,33056,9998,,Y21546,B
SOUTHERN,4G,FLORIDA 3,330,33056,CAROL CITY,18690 NW 37TH AVE,MIAMI GARDENS,FL,33056,9998,,Y21546,B
SOUTHERN,4G,FLORIDA 3,330,33060,POMPANO BEACH FL S&DC,3150 NW 33RD ST,POMPANO BEACH,FL,33069,9805,,020843,4
SOUTHERN,4G,FLORIDA 3,330,33061,TROPICAL REEF NEW,860 N FEDERAL HWY,POMPANO BEACH,FL,33062,9997,P,021692,S
SOUTHERN,4G,FLORIDA 3,330,33062,POMPANO BEACH FL S&DC,3150 NW 33RD ST,POMPANO BEACH,FL,33069,9805,,020843,4
SOUTHERN,4G,FLORIDA 3,330,33063,POMPANO BEACH FL S&DC,3150 NW 33RD ST,POMPANO BEACH,FL,33069,9805,,020843,4
SOUTHERN,4G,FLORIDA 3,330,33064,POMPANO BEACH FL S&DC,3150 NW 33RD ST,POMPANO BEACH,FL,33069,9805,,020843,4
SOUTHERN,4G,FLORIDA 3,330,33065,POMPANO BEACH FL S&DC,3150 NW 33RD ST,POMPANO BEACH,FL,33069,9805,,020843,4
SOUTHERN,4G,FLORIDA 3,330,33066,POMPANO BEACH,2351 W ATLANTIC BLVD,POMPANO BEACH,FL,33069,9998,,Y22729,P
SOUTHERN,4G,FLORIDA 3,330,33066,POMPANO BEACH FL S&DC,3150 NW 33RD ST,POMPANO BEACH,FL,33069,9805,,020843,4
SOUTHERN,4G,FLORIDA 3,330,33067,CORAL REEF,6295 W SAMPLE RD,CORAL SPRINGS,FL,33067,9998,,Y27374,B
SOUTHERN,4G,FLORIDA 3,330,33067,POMPANO BEACH FL S&DC,3150 NW 33RD ST,POMPANO BEACH,FL,33069,9805,,020843,4
SOUTHERN,4G,FLORIDA 3,330,33068,POMPANO BEACH FL S&DC,3150 NW 33RD ST,POMPANO BEACH,FL,33069,9805,,020843,4
SOUTHERN,4G,FLORIDA 3,330,33069,POMPANO BEACH FL S&DC,3150 NW 33RD ST,POMPANO BEACH,FL,33069,9805,,020843,4
SOUTHERN,4G,FLORIDA 3,330,33070,TAVERNIER,91220 OVERSEAS HWY,TAVERNIER,FL,33070,9998,,Y23089,P
SOUTHERN,4G,FLORIDA 3,330,33071,POMPANO BEACH FL S&DC,3150 NW 33RD ST,POMPANO BEACH,FL,33069,9805,,020843,4
SOUTHERN,4G,FLORIDA 3,330,33073,POMPANO BEACH FL S&DC,3150 NW 33RD ST,POMPANO BEACH,FL,33069,9805,,020843,4
SOUTHERN,4G,FLORIDA 3,330,33074,LIGHTHOUSE POINT,2091 NE 36TH ST,LIGHTHOUSE POINT,FL,33064,9997,P,Y22261,B
SOUTHERN,4G,FLORIDA 3,330,33075,CORAL SPRINGS,3255 NW 94TH AVE,CORAL SPRINGS,FL,33065,9998,P,Y21633,B
SOUTHERN,4G,FLORIDA 3,330,33076,POMPANO BEACH FL S&DC,3150 NW 33RD ST,POMPANO BEACH,FL,33069,9805,,020843,4
SOUTHERN,4G,FLORIDA 3,330,33077,ATLANTIC,8801 W ATLANTIC BLVD,CORAL SPRINGS,FL,33071,9998,P,Y23216,B
SOUTHERN,4G,FLORIDA 3,330,33081,HILLCREST,4429 HOLLYWOOD BLVD,HOLLYWOOD,FL,33021,9997,P,Y27487,B
SOUTHERN,4G,FLORIDA 3,330,33082,WEST PINES,16000 PINES BLVD,PEMBROKE PINES,FL,33082,9699,P,Y22916,P
SOUTHERN,4G,FLORIDA 3,330,33083,WEST HOLLYWOOD HILLS,5771 JOHNSON ST,HOLLYWOOD,FL,33021,9996,P,015025,S
SOUTHERN,4G,FLORIDA 3,330,33084,PEMBROKE PINES,2350 N UNIVERSITY DR,PEMBROKE PINES,FL,33024,9998,P,Y22677,B
SOUTHERN,4G,FLORIDA 3,330,33090,HOMESTEAD,739 WASHINGTON AVE,HOMESTEAD,FL,33030,9998,P,Y22064,P
SOUTHERN,4G,FLORIDA 3,330,33092,PRINCETON,13500 SW 250TH ST,HOMESTEAD,FL,33032,9998,P,Y22757,B
SOUTHERN,4G,FLORIDA 3,330,33093,MARGATE,5094 COCONUT CREEK PKWY,MARGATE,FL,33063,9998,P,Y22338,B
SOUTHERN,4G,FLORIDA 3,330,33097,COCONUT CREEK,4233 W HILLSBORO BLVD,COCONUT CREEK,FL,33073,9998,P,000313,B
SOUTHERN,4G,FLORIDA 3,330,33101,FLAGLER MIAMI,500 NW 2ND AVE,MIAMI,FL,33101,9998,P,Y21847,S
SOUTHERN,4G,FLORIDA 3,330,33102,GENERAL MAIL FACILITY MIAMI,2200 NW 72ND AVE STOP 3,MIAMI,FL,33152,9418,P,Y21928,S
SOUTHERN,4G,FLORIDA 3,330,33109,MIAMI BEACH,1300 WASHINGTON AVE,MIAMI BEACH,FL,33119,9998,,000153,P
SOUTHERN,4G,FLORIDA 3,330,33114,CORAL GABLES,251 VALENCIA AVE,CORAL GABLES,FL,33134,9998,P,Y21628,B
SOUTHERN,4G,FLORIDA 3,330,33116,MIAMI FL SNAPPER CREEK SDC,11000 SW 104TH ST,MIAMI,FL,33116,9700,P,021482,4
SOUTHERN,4G,FLORIDA 3,330,33119,MIAMI BEACH,1300 WASHINGTON AVE,MIAMI BEACH,FL,33119,9998,P,000153,P
SOUTHERN,4G,FLORIDA 3,330,33122,WEST CARRIER ANNEX,2200 NW 72ND AVE STE 700,MIAMI,FL,33152,9995,,018049,4
SOUTHERN,4G,FLORIDA 3,330,33124,CPU UNIVERSITY OF MIAMI,1306 STANFORD DR,CORAL GABLES,FL,33146,2065,P,Y23144,5
SOUTHERN,4G,FLORIDA 3,330,33125,JOSE MARTI,425 NW 27TH AVE,MIAMI,FL,33125,9998,,Y22150,S
SOUTHERN,4G,FLORIDA 3,330,33126,BLUE LAGOON,6200 NW 7TH ST,MIAMI,FL,33126,9998,,004440,B
SOUTHERN,4G,FLORIDA 3,330,33127,BUENA VISTA CARRIER ANNEX,500 NW 2ND AVE STE 200,MIAMI,FL,33101,9997,,018845,4
SOUTHERN,4G,FLORIDA 3,330,33128,FLAGLER MIAMI,500 NW 2ND AVE,MIAMI,FL,33101,9998,,Y21847,S
SOUTHERN,4G,FLORIDA 3,330,33129,FLAGLER MIAMI,500 NW 2ND AVE,MIAMI,FL,33101,9998,,Y21847,S
SOUTHERN,4G,FLORIDA 3,330,33130,FLAGLER MIAMI,500 NW 2ND AVE,MIAMI,FL,33101,9998,,Y21847,S
SOUTHERN,4G,FLORIDA 3,330,33131,FLAGLER MIAMI,500 NW 2ND AVE,MIAMI,FL,33101,9998,,Y21847,S
SOUTHERN,4G,FLORIDA 3,330,33132,FLAGLER MIAMI,500 NW 2ND AVE,MIAMI,FL,33101,9998,,Y21847,S
SOUTHERN,4G,FLORIDA 3,330,33133,COCONUT GROVE,3191 GRAND AVE,MIAMI,FL,33133,9998,,Y21610,S
SOUTHERN,4G,FLORIDA 3,330,33134,CORAL GABLES,251 VALENCIA AVE,CORAL GABLES,FL,33134,9998,,Y21628,B
SOUTHERN,4G,FLORIDA 3,330,33135,JOSE MARTI,425 NW 27TH AVE,MIAMI,FL,33125,9998,,Y22150,S
SOUTHERN,4G,FLORIDA 3,330,33136,FLAGLER MIAMI,500 NW 2ND AVE,MIAMI,FL,33101,9998,,Y21847,S
SOUTHERN,4G,FLORIDA 3,330,33137,BUENA VISTA CARRIER ANNEX,500 NW 2ND AVE STE 200,MIAMI,FL,33101,9997,,018845,4
SOUTHERN,4G,FLORIDA 3,330,33137,BUENA VISTA,3246 N MIAMI AVE STE A,MIAMI,FL,33127,3557,,018861,S
SOUTHERN,4G,FLORIDA 3,330,33138,LITTLE RIVER,140 NE 84TH ST,MIAMI,FL,33138,9998,,Y22269,S
SOUTHERN,4G,FLORIDA 3,330,33139,MIAMI BEACH,1300 WASHINGTON AVE,MIAMI BEACH,FL,33119,9998,,000153,P
SOUTHERN,4G,FLORIDA 3,330,33140,OCEAN VIEW,445 W 40TH ST,MIAMI BEACH,FL,33140,9998,,Y22574,S
SOUTHERN,4G,FLORIDA 3,330,33141,NORMANDY,525 71ST ST,MIAMI BEACH,FL,33141,9998,,Y22518,S
SOUTHERN,4G,FLORIDA 3,330,33142,ALLAPATTAH,1799 NW 28TH ST,MIAMI,FL,33142,9998,,Y21350,S
SOUTHERN,4G,FLORIDA 3,330,33143,SOUTH MIAMI,5927 SW 70TH ST,SOUTH MIAMI,FL,33143,9998,,Y22922,B
SOUTHERN,4G,FLORIDA 3,330,33144,TAMIAMI,8880 SW 8TH ST,MIAMI,FL,33144,9998,,009033,S
SOUTHERN,4G,FLORIDA 3,330,33145,JOSE MARTI,425 NW 27TH AVE,MIAMI,FL,33125,9998,,Y22150,S
SOUTHERN,4G,FLORIDA 3,330,33146,HIBISCUS CARRIER ANNEX,3500 S DIXIE HWY,MIAMI,FL,33146,9998,,Y22730,4
SOUTHERN,4G,FLORIDA 3,330,33147,DR MARTIN LUTHER KING JR,6700 NW 27TH AVE,MIAMI,FL,33147,9998,,Y21741,S
SOUTHERN,4G,FLORIDA 3,330,33149,KEY BISCAYNE,951 CRANDON BLVD,KEY BISCAYNE,FL,33149,9998,,Y22163,B
SOUTHERN,4G,FLORIDA 3,330,33150,LITTLE RIVER,140 NE 84TH ST,MIAMI,FL,33138,9998,,Y22269,S
SOUTHERN,4G,FLORIDA 3,330,33152,GENERAL MAIL FACILITY MIAMI,2200 NW 72ND AVE STOP 3,MIAMI,FL,33152,9418,P,Y21928,S
SOUTHERN,4G,FLORIDA 3,330,33153,MIAMI SHORES,9825 NE 2ND AVE,MIAMI,FL,33153,9998,P,Y22395,B
SOUTHERN,4G,FLORIDA 3,330,33154,NORMANDY,525 71ST ST,MIAMI BEACH,FL,33141,9998,,Y22518,S
SOUTHERN,4G,FLORIDA 3,330,33154,SURFSIDE CARRIERS,525 71ST ST,MIAMI BEACH,FL,33141,9901,,021362,Z
SOUTHERN,4G,FLORIDA 3,330,33155,LUDLAM,6900 BIRD RD,MIAMI,FL,33155,9998,,Y22297,B
SOUTHERN,4G,FLORIDA 3,330,33156,MIAMI FL SNAPPER CREEK SDC,11000 SW 104TH ST,MIAMI,FL,33116,9700,,021482,4
SOUTHERN,4G,FLORIDA 3,330,33157,QUAIL HEIGHTS,10360 SW 186TH ST,MIAMI,FL,33197,9998,,Y22771,B
SOUTHERN,4G,FLORIDA 3,330,33158,QUAIL HEIGHTS,10360 SW 186TH ST,MIAMI,FL,33197,9998,,Y22771,B
SOUTHERN,4G,FLORIDA 3,330,33160,NORTH MIAMI BEACH,16400 W DIXIE HWY,NORTH MIAMI BEACH,FL,33160,9998,,Y22536,B
SOUTHERN,4G,FLORIDA 3,330,33161,NORTH MIAMI,14311 BISCAYNE BLVD,NORTH MIAMI,FL,33181,9998,,Y22533,B
SOUTHERN,4G,FLORIDA 3,330,33162,NORTH MIAMI,14311 BISCAYNE BLVD,NORTH MIAMI,FL,33181,9998,,Y22533,B
SOUTHERN,4G,FLORIDA 3,330,33163,OJUS,18901 W DIXIE HWY,MIAMI,FL,33180,2635,P,Y22579,B
SOUTHERN,4G,FLORIDA 3,330,33164,ULETA,16750 NE 4TH PL,NORTH MIAMI BEACH,FL,33162,9998,P,Y23132,B
SOUTHERN,4G,FLORIDA 3,330,33165,OLYMPIA HEIGHTS,3801 SW 117TH AVE,MIAMI,FL,33175,9998,,Y22589,B
SOUTHERN,4G,FLORIDA 3,330,33166,MILAM DAIRY,5600 NW 72ND AVE,MIAMI,FL,33166,4208,,Y28045,B
SOUTHERN,4G,FLORIDA 3,330,33166,MILAM ANNEX,2200 NW 72ND AVE STE 702,MIAMI,FL,33152,9996,,018050,4
SOUTHERN,4G,FLORIDA 3,330,33167,GRATIGNY,995 NW 119TH ST,MIAMI,FL,33168,9998,,Y21967,B
SOUTHERN,4G,FLORIDA 3,330,33168,GRATIGNY,995 NW 119TH ST,MIAMI,FL,33168,9998,,Y21967,B
SOUTHERN,4G,FLORIDA 3,330,33169,NORLAND,18640 NW 2ND AVE,MIAMI,FL,33169,9998,,Y22517,B
SOUTHERN,4G,FLORIDA 3,330,33170,GOULDS,22350 OLD DIXIE HWY,MIAMI,FL,33170,9998,,Y21958,B
SOUTHERN,4G,FLORIDA 3,330,33170,QUAIL HEIGHTS,10360 SW 186TH ST,MIAMI,FL,33197,9998,,Y22771,B
SOUTHERN,4G,FLORIDA 3,330,33172,AVENUE OF THE AMERICAS,1455 NW 107TH AVE STE 106,DORAL,FL,33172,9997,,Y27404,B
SOUTHERN,4G,FLORIDA 3,330,33172,DORAL,1700 NW 97TH AVE,DORAL,FL,33172,9998,,Y28047,B
SOUTHERN,4G,FLORIDA 3,330,33173,SUNSET,7501 SW 117TH AVE,MIAMI,FL,33183,9998,,Y23058,S
SOUTHERN,4G,FLORIDA 3,330,33174,FATHER FELIX VARELA,14310 SW 8TH ST,MIAMI,FL,33184,9998,,Y23113,B
SOUTHERN,4G,FLORIDA 3,330,33175,OLYMPIA HEIGHTS,3801 SW 117TH AVE,MIAMI,FL,33175,9998,,Y22589,B
SOUTHERN,4G,FLORIDA 3,330,33176,MIAMI FL SNAPPER CREEK SDC,11000 SW 104TH ST,MIAMI,FL,33116,9700,,021482,4
SOUTHERN,4G,FLORIDA 3,330,33177,COUNTRY LAKES,13520 SW 152ND ST,MIAMI,FL,33177,9998,,000092,B
SOUTHERN,4G,FLORIDA 3,330,33178,MILAM DAIRY,5600 NW 72ND AVE,MIAMI,FL,33166,4208,,Y28045,B
SOUTHERN,4G,FLORIDA 3,330,33179,NORLAND,18640 NW 2ND AVE,MIAMI,FL,33169,9998,,Y22517,B
SOUTHERN,4G,FLORIDA 3,330,33180,COUNTY LINE ANNEX,101 SE 1ST AVE,HALLANDALE BEACH,FL,33009,5508,,Y21643,4
SOUTHERN,4G,FLORIDA 3,330,33181,NORTH MIAMI,14311 BISCAYNE BLVD,NORTH MIAMI,FL,33181,9998,,Y22533,B
SOUTHERN,4G,FLORIDA 3,330,33182,FATHER FELIX VARELA,14310 SW 8TH ST,MIAMI,FL,33184,9998,,Y23113,B
SOUTHERN,4G,FLORIDA 3,330,33183,SUNSET,7501 SW 117TH AVE,MIAMI,FL,33183,9998,,Y23058,S
SOUTHERN,4G,FLORIDA 3,330,33184,FATHER FELIX VARELA,14310 SW 8TH ST,MIAMI,FL,33184,9998,,Y23113,B
SOUTHERN,4G,FLORIDA 3,330,33185,OLYMPIA HEIGHTS,3801 SW 117TH AVE,MIAMI,FL,33175,9998,,Y22589,B
SOUTHERN,4G,FLORIDA 3,330,33186,MIAMI FL SNAPPER CREEK SDC,11000 SW 104TH ST,MIAMI,FL,33116,9700,,021482,4
SOUTHERN,4G,FLORIDA 3,330,33187,COUNTRY LAKES,13520 SW 152ND ST,MIAMI,FL,33177,9998,,000092,B
SOUTHERN,4G,FLORIDA 3,330,33189,QUAIL HEIGHTS,10360 SW 186TH ST,MIAMI,FL,33197,9998,,Y22771,B
SOUTHERN,4G,FLORIDA 3,330,33190,QUAIL HEIGHTS,10360 SW 186TH ST,MIAMI,FL,33197,9998,,Y22771,B
SOUTHERN,4G,FLORIDA 3,330,33193,SUNSET,7501 SW 117TH AVE,MIAMI,FL,33183,9998,,Y23058,S
SOUTHERN,4G,FLORIDA 3,330,33194,FATHER FELIX VARELA,14310 SW 8TH ST,MIAMI,FL,33184,9998,,Y23113,B
SOUTHERN,4G,FLORIDA 3,330,33196,COUNTRY LAKES,13520 SW 152ND ST,MIAMI,FL,33177,9998,,000092,B
SOUTHERN,4G,FLORIDA 3,330,33197,QUAIL HEIGHTS,10360 SW 186TH ST,MIAMI,FL,33197,9998,P,Y22771,B
SOUTHERN,4G,FLORIDA 3,330,33222,DORAL,1700 NW 97TH AVE,DORAL,FL,33172,9998,P,Y28047,B
SOUTHERN,4G,FLORIDA 3,330,33231,BRICKELL,1100 BRICKELL BAY DR STE 113,MIAMI,FL,33131,9996,P,018881,B
SOUTHERN,4G,FLORIDA 3,330,33233,COCONUT GROVE,3191 GRAND AVE,MIAMI,FL,33133,9998,P,Y21610,S
SOUTHERN,4G,FLORIDA 3,330,33234,MIRACLE MILE POSTAL STORE,75 MIRACLE MILE,CORAL GABLES,FL,33134,9997,P,018191,S
SOUTHERN,4G,FLORIDA 3,330,33238,LITTLE RIVER,140 NE 84TH ST,MIAMI,FL,33138,9998,P,Y22269,S
SOUTHERN,4G,FLORIDA 3,330,33239,CARL FISHER,1661 WEST AVE,MIAMI BEACH,FL,33139,9997,P,Y21544,B
SOUTHERN,4G,FLORIDA 3,330,33242,ALLAPATTAH,1799 NW 28TH ST,MIAMI,FL,33142,9998,P,Y21350,S
SOUTHERN,4G,FLORIDA 3,330,33243,SOUTH MIAMI,5927 SW 70TH ST,SOUTH MIAMI,FL,33143,9998,P,Y22922,B
SOUTHERN,4G,FLORIDA 3,330,33245,SHENANDOAH,1800 CORAL WAY,MIAMI,FL,33145,9998,P,Y22889,S
SOUTHERN,4G,FLORIDA 3,330,33247,DR MARTIN LUTHER KING JR,6700 NW 27TH AVE,MIAMI,FL,33147,9998,P,Y21741,S
SOUTHERN,4G,FLORIDA 3,330,33255,LUDLAM,6900 BIRD RD,MIAMI,FL,33155,9998,P,Y22297,B
SOUTHERN,4G,FLORIDA 3,330,33256,PINECREST,11301 S DIXIE HWY,MIAMI,FL,33256,9998,P,Y27937,B
SOUTHERN,4G,FLORIDA 3,330,33256,KENDALL,8821 SW 136TH ST,MIAMI,FL,33176,9997,P,016844,B
SOUTHERN,4G,FLORIDA 3,330,33257,PERRINE,9833 E HIBISCUS ST,MIAMI,FL,33257,5400,P,Y22691,B
SOUTHERN,4G,FLORIDA 3,330,33261,NORTH MIAMI,14311 BISCAYNE BLVD,NORTH MIAMI,FL,33181,9998,P,Y22533,B
SOUTHERN,4G,FLORIDA 3,330,33265,OLYMPIA HEIGHTS,3801 SW 117TH AVE,MIAMI,FL,33175,9998,P,Y22589,B
SOUTHERN,4G,FLORIDA 3,330,33266,MIAMI SPRINGS,107 WESTWARD DR,MIAMI,FL,33266,9998,P,Y22399,B
SOUTHERN,4G,FLORIDA 3,330,33269,NORLAND,18640 NW 2ND AVE,MIAMI,FL,33169,9998,P,Y22517,B
SOUTHERN,4G,FLORIDA 3,330,33280,AVENTURA,3585 NE 207TH ST STE C9,MIAMI,FL,33180,9997,P,000210,B
SOUTHERN,4G,FLORIDA 3,330,33283,SUNSET,7501 SW 117TH AVE,MIAMI,FL,33183,9998,P,Y23058,S
SOUTHERN,4G,FLORIDA 3,330,33283,TOWN & COUNTRY POSTAL STORE,8266 MILLS DR,MIAMI,FL,33283,9998,P,Y27354,B
SOUTHERN,4G,FLORIDA 3,330,33296,WEST DADE,14790 N KENDALL DR,MIAMI,FL,33196,9998,P,Y23221,B
SOUTHERN,4G,FLORIDA 3,330,33301,FORT LAUDERDALE FL S&DC,1900 W OAKLAND PARK BLVD,OAKLAND PARK,FL,33310,9988,,020668,4
SOUTHERN,4G,FLORIDA 3,330,33302,ALRIDGE,400 NW 7TH AVE,FORT LAUDERDALE,FL,33311,9997,P,Y22489,S
SOUTHERN,4G,FLORIDA 3,330,33303,ALRIDGE,400 NW 7TH AVE,FORT LAUDERDALE,FL,33311,9997,P,Y22489,S
SOUTHERN,4G,FLORIDA 3,330,33304,FORT LAUDERDALE FL S&DC,1900 W OAKLAND PARK BLVD,OAKLAND PARK,FL,33310,9988,,020668,4
SOUTHERN,4G,FLORIDA 3,330,33305,FORT LAUDERDALE FL S&DC,1900 W OAKLAND PARK BLVD,OAKLAND PARK,FL,33310,9988,,020668,4
SOUTHERN,4G,FLORIDA 3,330,33306,FORT LAUDERDALE FL S&DC,1900 W OAKLAND PARK BLVD,OAKLAND PARK,FL,33310,9988,,020668,4
SOUTHERN,4G,FLORIDA 3,330,33307,OAKLAND PARK,3350 NE 12TH AVE,OAKLAND PARK,FL,33334,9997,P,Y22566,B
SOUTHERN,4G,FLORIDA 3,330,33308,FORT LAUDERDALE FL S&DC,1900 W OAKLAND PARK BLVD,OAKLAND PARK,FL,33310,9988,,020668,4
SOUTHERN,4G,FLORIDA 3,330,33309,FORT LAUDERDALE FL S&DC,1900 W OAKLAND PARK BLVD,OAKLAND PARK,FL,33310,9988,,020668,4
SOUTHERN,4G,FLORIDA 3,330,33310,FORT LAUDERDALE FL S&DC,1900 W OAKLAND PARK BLVD,OAKLAND PARK,FL,33310,9988,P,020668,4
SOUTHERN,4G,FLORIDA 3,330,33311,FORT LAUDERDALE FL S&DC,1900 W OAKLAND PARK BLVD,OAKLAND PARK,FL,33310,9988,,020668,4
SOUTHERN,4G,FLORIDA 3,330,33312,FORT LAUDERDALE FL S&DC,1900 W OAKLAND PARK BLVD,OAKLAND PARK,FL,33310,9988,,020668,4
SOUTHERN,4G,FLORIDA 3,330,33312,MELROSE VISTA,3945 W BROWARD BLVD,FORT LAUDERDALE,FL,33312,9996,,020942,B
SOUTHERN,4G,FLORIDA 3,330,33313,FORT LAUDERDALE FL S&DC,1900 W OAKLAND PARK BLVD,OAKLAND PARK,FL,33310,9988,,020668,4
SOUTHERN,4G,FLORIDA 3,330,33314,DAVIE,3850 S UNIVERSITY DR,DAVIE,FL,33328,9998,,Y21682,B
SOUTHERN,4G,FLORIDA 3,330,33315,FORT LAUDERDALE FL S&DC,1900 W OAKLAND PARK BLVD,OAKLAND PARK,FL,33310,9988,,020668,4
SOUTHERN,4G,FLORIDA 3,330,33316,CAUSEWAY,1515 SE 17TH ST STE 121,FORT LAUDERDALE,FL,33316,1724,,Y27353,S
SOUTHERN,4G,FLORIDA 3,330,33316,FORT LAUDERDALE FL S&DC,1900 W OAKLAND PARK BLVD,OAKLAND PARK,FL,33310,9988,,020668,4
SOUTHERN,4G,FLORIDA 3,330,33317,PLANTATION,7580 NW 5TH ST,PLANTATION,FL,33317,9998,,Y22709,B
SOUTHERN,4G,FLORIDA 3,330,33318,PLANTATION,7580 NW 5TH ST,PLANTATION,FL,33317,9998,P,Y22709,B
SOUTHERN,4G,FLORIDA 3,330,33319,INVERRARY,6240 W OAKLAND PARK BLVD,LAUDERHILL,FL,33319,9998,,Y27133,B
SOUTHERN,4G,FLORIDA 3,330,33319,FORT LAUDERDALE FL S&DC,1900 W OAKLAND PARK BLVD,OAKLAND PARK,FL,33310,9988,,020668,4
SOUTHERN,4G,FLORIDA 3,330,33320,TAMARAC,7875 NW 57TH ST,TAMARAC,FL,33351,9998,P,Y23075,B
SOUTHERN,4G,FLORIDA 3,330,33321,TAMARAC,7875 NW 57TH ST,TAMARAC,FL,33351,9998,,Y23075,B
SOUTHERN,4G,FLORIDA 3,330,33322,SUNRISE,3225 N HIATUS RD,FORT LAUDERDALE,FL,33345,9998,,Y23056,B
SOUTHERN,4G,FLORIDA 3,330,33323,SUNRISE,3225 N HIATUS RD,FORT LAUDERDALE,FL,33345,9998,,Y23056,B
SOUTHERN,4G,FLORIDA 3,330,33324,PLANTATION,7580 NW 5TH ST,PLANTATION,FL,33317,9998,,Y22709,B
SOUTHERN,4G,FLORIDA 3,330,33325,WESTON,1870 N CORPORATE LAKES BLVD,WESTON,FL,33326,9998,,Y28048,B
SOUTHERN,4G,FLORIDA 3,330,33326,WESTON,1870 N CORPORATE LAKES BLVD,WESTON,FL,33326,9998,,Y28048,B
SOUTHERN,4G,FLORIDA 3,330,33327,WESTON,1870 N CORPORATE LAKES BLVD,WESTON,FL,33326,9998,,Y28048,B
SOUTHERN,4G,FLORIDA 3,330,33328,DAVIE,3850 S UNIVERSITY DR,DAVIE,FL,33328,9998,,Y21682,B
SOUTHERN,4G,FLORIDA 3,330,33329,DAVIE,3850 S UNIVERSITY DR,DAVIE,FL,33328,9998,P,Y21682,B
SOUTHERN,4G,FLORIDA 3,330,33330,EVERGLADES BR,6759 SW 196TH AVE,FORT LAUDERDALE,FL,33332,9998,,001409,B
SOUTHERN,4G,FLORIDA 3,330,33331,EVERGLADES BR,6759 SW 196TH AVE,FORT LAUDERDALE,FL,33332,9998,,001409,B
SOUTHERN,4G,FLORIDA 3,330,33332,EVERGLADES BR,6759 SW 196TH AVE,FORT LAUDERDALE,FL,33332,9998,,001409,B
SOUTHERN,4G,FLORIDA 3,330,33334,FORT LAUDERDALE FL S&DC,1900 W OAKLAND PARK BLVD,OAKLAND PARK,FL,33310,9988,,020668,4
SOUTHERN,4G,FLORIDA 3,330,33335,SOUTHSIDE,2801 S FEDERAL HWY,FORT LAUDERDALE,FL,33316,9998,P,Y22943,S
SOUTHERN,4G,FLORIDA 3,330,33338,GATEWAY,1201 N FEDERAL HWY STE 2A,FORT LAUDERDALE,FL,33304,9997,P,Y21920,S
SOUTHERN,4G,FLORIDA 3,330,33339,CORAL RIDGE,3296 N FEDERAL HWY,FORT LAUDERDALE,FL,33306,9997,P,Y21632,S
SOUTHERN,4G,FLORIDA 3,330,33340,FORT LAUDERDALE FL S&DC,1900 W OAKLAND PARK BLVD,OAKLAND PARK,FL,33310,9988,P,020668,4
SOUTHERN,4G,FLORIDA 3,330,33345,SUNRISE,3225 N HIATUS RD,FORT LAUDERDALE,FL,33345,9998,P,Y23056,B
SOUTHERN,4G,FLORIDA 3,330,33346,CAUSEWAY,1515 SE 17TH ST STE 121,FORT LAUDERDALE,FL,33316,1724,P,Y27353,S
SOUTHERN,4G,FLORIDA 3,330,33348,GALT OCEAN,3324 NE 34TH ST,FORT LAUDERDALE,FL,33348,9998,P,Y27113,S
SOUTHERN,4G,FLORIDA 3,330,33351,TAMARAC,7875 NW 57TH ST,TAMARAC,FL,33351,9998,,Y23075,B
SOUTHERN,4G,FLORIDA 3,330,33355,WESTSIDE,11528 W STATE ROAD 84,DAVIE,FL,33325,9998,P,017944,B
SOUTHERN,4G,FLORIDA 3,330,33359,SABAL PALM,5451 N STATE ROAD 7,FORT LAUDERDALE,FL,33319,2951,P,Y27351,B
SOUTHERN,4G,FLORIDA 3,330,33388,PLANTATION,7580 NW 5TH ST,PLANTATION,FL,33317,9998,,Y22709,B
SOUTHERN,4G,FLORIDA 3,330,33394,FORT LAUDERDALE FL S&DC,1900 W OAKLAND PARK BLVD,OAKLAND PARK,FL,33310,9988,,020668,4
SOUTHERN,4G,FLORIDA 3,330,33401,CITY PLACE,1040 OKEECHOBEE RD,WEST PALM BEACH,FL,33401,9991,,Y27874,4
SOUTHERN,4G,FLORIDA 3,330,33402,DOWNTOWN WEST PALM BEACH,640 CLEMATIS ST,WEST PALM BEACH,FL,33401,9998,P,Y21738,S
SOUTHERN,4G,FLORIDA 3,330,33403,LAKE PARK,904 PARK AVE,WEST PALM BEACH,FL,33403,9991,,Y22213,B
SOUTHERN,4G,FLORIDA 3,330,33403,RIVIERA BEACH,1905 W BLUE HERON BLVD,RIVIERA BEACH,FL,33404,9998,,Y22803,B
SOUTHERN,4G,FLORIDA 3,330,33404,RIVIERA BEACH,1905 W BLUE HERON BLVD,RIVIERA BEACH,FL,33404,9998,,Y22803,B
SOUTHERN,4G,FLORIDA 3,330,33405,PALMS CENTRAL,818 S MILITARY TRL,WEST PALM BEACH,FL,33415,9998,,Y26828,4
SOUTHERN,4G,FLORIDA 3,330,33405,WEST PALM BCH WINDOW UNIT,3200 SUMMIT BLVD,WEST PALM BEACH,FL,33416,3525,,010707,S
SOUTHERN,4G,FLORIDA 3,330,33406,PALMS CENTRAL,818 S MILITARY TRL,WEST PALM BEACH,FL,33415,9998,,Y26828,4
SOUTHERN,4G,FLORIDA 3,330,33407,RIVIERA BEACH,1905 W BLUE HERON BLVD,RIVIERA BEACH,FL,33404,9998,,Y22803,B
SOUTHERN,4G,FLORIDA 3,330,33407,NORTHWOOD,516 NORTHWOOD RD,WEST PALM BEACH,FL,33407,9998,,Y27936,B
SOUTHERN,4G,FLORIDA 3,330,33408,NORTH PALM BEACH,643 US HIGHWAY 1,NORTH PALM BEACH,FL,33408,9998,,Y22539,B
SOUTHERN,4G,FLORIDA 3,330,33408,PALM BEACH GARDENS,3330 FAIRCHILD GARDENS AVE,PALM BEACH GARDENS,FL,33410,9998,,Y22639,B
SOUTHERN,4G,FLORIDA 3,330,33409,HAVERHILL BR,3900 N HAVERHILL RD,WEST PALM BEACH,FL,33417,9998,,Y26911,B
SOUTHERN,4G,FLORIDA 3,330,33410,PALM BEACH GARDENS,3330 FAIRCHILD GARDENS AVE,PALM BEACH GARDENS,FL,33410,9998,,Y22639,B
SOUTHERN,4G,FLORIDA 3,330,33411,PALMS WEST,10299 SOUTHERN BLVD,ROYAL PALM BEACH,FL,33411,9998,,Y26737,B
SOUTHERN,4G,FLORIDA 3,330,33412,RIVIERA BEACH,1905 W BLUE HERON BLVD,RIVIERA BEACH,FL,33404,9998,,Y22803,B
SOUTHERN,4G,FLORIDA 3,330,33413,PALMS CENTRAL,818 S MILITARY TRL,WEST PALM BEACH,FL,33415,9998,,Y26828,4
SOUTHERN,4G,FLORIDA 3,330,33414,WELLINGTON CARRIER ANNEX,3161 FAIRLANE FARMS RD STE 1,WELLINGTON,FL,33414,9997,,011697,4
SOUTHERN,4G,FLORIDA 3,330,33415,PALMS CENTRAL,818 S MILITARY TRL,WEST PALM BEACH,FL,33415,9998,,Y26828,4
SOUTHERN,4G,FLORIDA 3,330,33416,WEST PALM BCH WINDOW UNIT,3200 SUMMIT BLVD,WEST PALM BEACH,FL,33416,3525,P,010707,S
SOUTHERN,4G,FLORIDA 3,330,33417,HAVERHILL BR,3900 N HAVERHILL RD,WEST PALM BEACH,FL,33417,9998,,Y26911,B
SOUTHERN,4G,FLORIDA 3,330,33418,PALM BEACH GARDENS,3330 FAIRCHILD GARDENS AVE,PALM BEACH GARDENS,FL,33410,9998,,Y22639,B
SOUTHERN,4G,FLORIDA 3,330,33419,RIVIERA BEACH,1905 W BLUE HERON BLVD,RIVIERA BEACH,FL,33404,9998,P,Y22803,B
SOUTHERN,4G,FLORIDA 3,330,33420,PALM BEACH GARDENS,3330 FAIRCHILD GARDENS AVE,PALM BEACH GARDENS,FL,33410,9998,P,Y22639,B
SOUTHERN,4G,FLORIDA 3,330,33421,PALMS WEST,10299 SOUTHERN BLVD,ROYAL PALM BEACH,FL,33411,9998,P,Y26737,B
SOUTHERN,4G,FLORIDA 3,330,33422,HAVERHILL BR,3900 N HAVERHILL RD,WEST PALM BEACH,FL,33417,9998,P,Y26911,B
SOUTHERN,4G,FLORIDA 3,330,33424,BOYNTON BEACH,1530 W BOYNTON BEACH BLVD,BOYNTON BEACH,FL,33436,9998,P,Y21491,P
SOUTHERN,4G,FLORIDA 3,330,33425,DOWNTOWN BOYNTON BEACH,217 N SEACREST BLVD,BOYNTON BEACH,FL,33435,9998,P,Y21722,S
SOUTHERN,4G,FLORIDA 3,330,33426,BOYNTON BEACH,1530 W BOYNTON BEACH BLVD,BOYNTON BEACH,FL,33436,9998,,Y21491,P
SOUTHERN,4G,FLORIDA 3,330,33427,PALMETTO PARK,1279 W PALMETTO PARK RD,BOCA RATON,FL,33486,9998,P,Y27340,S
SOUTHERN,4G,FLORIDA 3,330,33428,WEST BOCA CARRIER ANNEX,21850 JUDGE WINIKOFF RD,BOCA RATON,FL,33428,9992,,Y27868,4
SOUTHERN,4G,FLORIDA 3,330,33429,DOWNTOWN BOCA RATON,170 NE 2ND ST,BOCA RATON,FL,33432,9998,P,Y21721,S
SOUTHERN,4G,FLORIDA 3,330,33430,BELLE GLADE,1340 NW AVENUE L,BELLE GLADE,FL,33430,9998,,Y21448,P
SOUTHERN,4G,FLORIDA 3,330,33431,BOCA RATON,2800 N MILITARY TRL,BOCA RATON,FL,33431,9998,,Y21477,P
SOUTHERN,4G,FLORIDA 3,330,33432,DOWNTOWN BOCA RATON,170 NE 2ND ST,BOCA RATON,FL,33432,9998,,Y21721,S
SOUTHERN,4G,FLORIDA 3,330,33433,BOCA RIO BR,8185 VIA ANCHO RD,BOCA RATON,FL,33433,9998,,Y27402,B
SOUTHERN,4G,FLORIDA 3,330,33434,BOCA RIO BR,8185 VIA ANCHO RD,BOCA RATON,FL,33433,9998,,Y27402,B
SOUTHERN,4G,FLORIDA 3,330,33435,DOWNTOWN BOYNTON BEACH,217 N SEACREST BLVD,BOYNTON BEACH,FL,33435,9998,,Y21722,S
SOUTHERN,4G,FLORIDA 3,330,33436,BOYNTON BEACH,1530 W BOYNTON BEACH BLVD,BOYNTON BEACH,FL,33436,9998,,Y21491,P
SOUTHERN,4G,FLORIDA 3,330,33437,JOG ROAD,6400 BOYNTON BEACH BLVD,BOYNTON BEACH,FL,33437,9998,,Y27116,B
SOUTHERN,4G,FLORIDA 3,330,33438,CANAL POINT,12570 US HIGHWAY 441,CANAL POINT,FL,33438,9998,,Y21531,P
SOUTHERN,4G,FLORIDA 3,330,33440,CLEWISTON,400 S BERNER RD,CLEWISTON,FL,33440,9998,,Y21602,P
SOUTHERN,4G,FLORIDA 3,330,33441,DEERFIELD BEACH,212 E HILLSBORO BLVD,DEERFIELD BEACH,FL,33441,9998,,Y21699,P
SOUTHERN,4G,FLORIDA 3,330,33442,DEERFIELD BEACH ANNEX,155 GOOLSBY BLVD,DEERFIELD BEACH,FL,33442,9998,,Y21701,4
SOUTHERN,4G,FLORIDA 3,330,33442,VILLAGE,100 S MILITARY TRL STE 13,DEERFIELD BEACH,FL,33442,9991,,Y23172,S
SOUTHERN,4G,FLORIDA 3,330,33443,DEERFIELD BEACH,212 E HILLSBORO BLVD,DEERFIELD BEACH,FL,33441,9998,P,Y21699,P
SOUTHERN,4G,FLORIDA 3,330,33444,DELRAY BEACH,14280 S MILITARY TRL,DELRAY BEACH,FL,33484,9998,,Y21705,P
SOUTHERN,4G,FLORIDA 3,330,33445,DELRAY BEACH,14280 S MILITARY TRL,DELRAY BEACH,FL,33484,9998,,Y21705,P
SOUTHERN,4G,FLORIDA 3,330,33446,WEST DELRAY BEACH,10290 ATLANTIC AVE,DELRAY BEACH,FL,33446,9998,,Y27984,B
SOUTHERN,4G,FLORIDA 3,330,33448,WEST DELRAY BEACH,10290 ATLANTIC AVE,DELRAY BEACH,FL,33446,9998,P,Y27984,B
SOUTHERN,4G,FLORIDA 3,330,33449,GREENACRES,4300 S JOG RD,GREENACRES,FL,33467,9998,,Y26910,B
SOUTHERN,4G,FLORIDA 3,330,33454,GREENACRES,4300 S JOG RD,GREENACRES,FL,33467,9998,P,Y26910,B
SOUTHERN,4G,FLORIDA 3,330,33455,HOBE SOUND,9995 SE FEDERAL HWY,HOBE SOUND,FL,33455,9998,,Y22050,P
SOUTHERN,4G,FLORIDA 3,330,33458,JUPITER,1095 MILITARY TRL,JUPITER,FL,33458,9998,,Y22154,P
SOUTHERN,4G,FLORIDA 3,330,33459,SOUTH BAY,190 US HIGHWAY 27 S,SOUTH BAY,FL,33493,9998,P,Y22908,P
SOUTHERN,4G,FLORIDA 3,330,33460,LUCERNE AVENUE,720 LUCERNE AVE,LAKE WORTH BEACH,FL,33460,9998,,Y22295,S
SOUTHERN,4G,FLORIDA 3,330,33461,LAKE WORTH,4151 LAKE WORTH RD,LAKE WORTH,FL,33461,9998,,Y22225,P
SOUTHERN,4G,FLORIDA 3,330,33462,LAKE WORTH,4151 LAKE WORTH RD,LAKE WORTH,FL,33461,9998,,Y22225,P
SOUTHERN,4G,FLORIDA 3,330,33463,GREENACRES,4300 S JOG RD,GREENACRES,FL,33467,9998,,Y26910,B
SOUTHERN,4G,FLORIDA 3,330,33465,LANTANA,201 W OCEAN AVE,LANTANA,FL,33462,9998,P,Y22236,B
SOUTHERN,4G,FLORIDA 3,330,33466,LAKE WORTH,4151 LAKE WORTH RD,LAKE WORTH,FL,33461,9998,P,Y22225,P
SOUTHERN,4G,FLORIDA 3,330,33467,GREENACRES,4300 S JOG RD,GREENACRES,FL,33467,9998,,Y26910,B
SOUTHERN,4G,FLORIDA 3,330,33468,JUPITER,1095 MILITARY TRL,JUPITER,FL,33458,9998,P,Y22154,P
SOUTHERN,4G,FLORIDA 3,330,33469,TEQUESTA,401 OLD DIXIE HWY,JUPITER,FL,33469,9998,,Y23095,B
SOUTHERN,4G,FLORIDA 3,330,33470,LOXAHATCHEE,14611 SOUTHERN BLVD,LOXAHATCHEE,FL,33470,9998,,Y22294,P
SOUTHERN,4G,FLORIDA 3,330,33470,PALMS WEST,10299 SOUTHERN BLVD,ROYAL PALM BEACH,FL,33411,9998,,Y26737,B
SOUTHERN,4G,FLORIDA 3,330,33471,MOORE HAVEN,250 10TH ST SW,MOORE HAVEN,FL,33471,9998,,Y22428,P
SOUTHERN,4G,FLORIDA 3,330,33472,JOG ROAD,6400 BOYNTON BEACH BLVD,BOYNTON BEACH,FL,33437,9998,,Y27116,B
SOUTHERN,4G,FLORIDA 3,330,33473,JOG ROAD,6400 BOYNTON BEACH BLVD,BOYNTON BEACH,FL,33437,9998,,Y27116,B
SOUTHERN,4G,FLORIDA 3,330,33474,JOG ROAD,6400 BOYNTON BEACH BLVD,BOYNTON BEACH,FL,33437,9998,P,Y27116,B
SOUTHERN,4G,FLORIDA 3,330,33475,HOBE SOUND,9995 SE FEDERAL HWY,HOBE SOUND,FL,33455,9998,P,Y22050,P
SOUTHERN,4G,FLORIDA 3,330,33476,PAHOKEE,331 BACOM POINT RD,PAHOKEE,FL,33476,9998,,Y22632,P
SOUTHERN,4G,FLORIDA 3,330,33477,TEQUESTA,401 OLD DIXIE HWY,JUPITER,FL,33469,9998,,Y23095,B
SOUTHERN,4G,FLORIDA 3,330,33478,JUPITER,1095 MILITARY TRL,JUPITER,FL,33458,9998,,Y22154,P
SOUTHERN,4G,FLORIDA 3,330,33480,PALM BEACH,340 ROYAL POINCIANA WAY STE 328,PALM BEACH,FL,33480,9998,,Y22638,P
SOUTHERN,4G,FLORIDA 3,330,33480,WORTH AVE,401 S COUNTY RD,PALM BEACH,FL,33480,9991,,Y23021,S
SOUTHERN,4G,FLORIDA 3,330,33480,PALM BCH CARRIER ANX,1040 OKEECHOBEE RD STE 100,WEST PALM BEACH,FL,33401,9992,,014408,4
SOUTHERN,4G,FLORIDA 3,330,33481,WOODLAND,604 BANYAN TRL,BOCA RATON,FL,33431,9992,P,Y23275,S
SOUTHERN,4G,FLORIDA 3,330,33482,DELRAY BEACH,14280 S MILITARY TRL,DELRAY BEACH,FL,33484,9998,P,Y21705,P
SOUTHERN,4G,FLORIDA 3,330,33483,DELRAY BEACH,14280 S MILITARY TRL,DELRAY BEACH,FL,33484,9998,,Y21705,P
SOUTHERN,4G,FLORIDA 3,330,33483,CPU PAK IT TIGHT,335 E LINTON BLVD STE B14,DELRAY BEACH,FL,33483,9991,,Y22912,5
SOUTHERN,4G,FLORIDA 3,330,33484,WEST DELRAY BEACH,10290 ATLANTIC AVE,DELRAY BEACH,FL,33446,9998,,Y27984,B
SOUTHERN,4G,FLORIDA 3,330,33486,PALMETTO PARK ANNEX,1275 W PALMETTO PARK RD,BOCA RATON,FL,33486,9991,,Y23236,4
SOUTHERN,4G,FLORIDA 3,330,33487,BOCA RATON,2800 N MILITARY TRL,BOCA RATON,FL,33431,9998,,Y21477,P
SOUTHERN,4G,FLORIDA 3,330,33488,BOCA RIO BR,8185 VIA ANCHO RD,BOCA RATON,FL,33433,9998,P,Y27402,B
SOUTHERN,4G,FLORIDA 3,330,33493,BELLE GLADE,1340 NW AVENUE L,BELLE GLADE,FL,33430,9998,,Y21448,P
SOUTHERN,4G,FLORIDA 3,330,33493,SOUTH BAY,190 US HIGHWAY 27 S,SOUTH BAY,FL,33493,9998,,Y22908,P
SOUTHERN,4G,FLORIDA 3,330,33496,BOCA RATON,2800 N MILITARY TRL,BOCA RATON,FL,33431,9998,,Y21477,P
SOUTHERN,4G,FLORIDA 3,330,33497,WEST BOCA POSTAL STORE,11419 W PALMETTO PARK RD STE A,BOCA RATON,FL,33428,9998,P,Y21478,B
SOUTHERN,4G,FLORIDA 3,330,33498,WEST BOCA CARRIER ANNEX,21850 JUDGE WINIKOFF RD,BOCA RATON,FL,33428,9992,,Y27868,4
SOUTHERN,4G,FLORIDA 2,335,33503,BALM,15036 BALM RD,BALM,FL,33503,9700,P,Y21408,P
SOUTHERN,4G,FLORIDA 2,335,33508,BLOOMINGDALE,867 W BLOOMINGDALE AVE,BRANDON,FL,33511,7701,P,001843,B
SOUTHERN,4G,FLORIDA 2,335,33509,BRANDON,1315 OAKFIELD DR,BRANDON,FL,33511,9998,P,Y21502,P
SOUTHERN,4G,FLORIDA 2,335,33510,BRANDON,1315 OAKFIELD DR,BRANDON,FL,33511,9998,,Y21502,P
SOUTHERN,4G,FLORIDA 2,335,33511,BRANDON,1315 OAKFIELD DR,BRANDON,FL,33511,9998,,Y21502,P
SOUTHERN,4G,FLORIDA 2,335,33513,BUSHNELL,800 N MAIN ST,BUSHNELL,FL,33513,9997,,Y21523,P
SOUTHERN,4G,FLORIDA 2,335,33514,CENTER HILL,89 E KINGS HWY,CENTER HILL,FL,33514,9997,,Y21566,P
SOUTHERN,4G,FLORIDA 2,335,33521,COLEMAN,1109 FLORIDA AVE,COLEMAN,FL,33521,9700,P,Y21613,P
SOUTHERN,4G,FLORIDA 2,335,33523,DADE CITY,37926 CHURCH AVE,DADE CITY,FL,33525,9998,,Y21678,P
SOUTHERN,4G,FLORIDA 2,335,33524,CRYSTAL SPRINGS,1425 PAUL S BUCHMAN HWY,CRYSTAL SPRINGS,FL,33524,9700,P,Y21667,P
SOUTHERN,4G,FLORIDA 2,335,33525,DADE CITY,37926 CHURCH AVE,DADE CITY,FL,33525,9998,,Y21678,P
SOUTHERN,4G,FLORIDA 2,335,33526,DADE CITY,37926 CHURCH AVE,DADE CITY,FL,33525,9998,P,Y21678,P
SOUTHERN,4G,FLORIDA 2,335,33527,DOVER,14170 DR MARTIN LUTHER KING JR BLVD,DOVER,FL,33527,9998,,Y21718,P
SOUTHERN,4G,FLORIDA 2,335,33530,DURANT,7202 TURKEY CREEK RD,DURANT,FL,33530,9700,P,Y21751,P
SOUTHERN,4G,FLORIDA 2,335,33534,GIBSONTON,11126 S US HIGHWAY 41,GIBSONTON,FL,33534,9998,,Y21934,P
SOUTHERN,4G,FLORIDA 2,335,33537,LACOOCHEE,38915 STATE ROAD 575,LACOOCHEE,FL,33537,9700,P,Y22182,P
SOUTHERN,4G,FLORIDA 2,335,33538,LAKE PANASOFFKEE,1397 CR 437,LAKE PANASOFFKEE,FL,33538,5309,,Y22212,P
SOUTHERN,4G,FLORIDA 2,335,33539,ZEPHYRHILLS,38032 POSTAL DR,ZEPHYRHILLS,FL,33542,9998,P,Y23295,P
SOUTHERN,4G,FLORIDA 2,335,33540,ZEPHYRHILLS,38032 POSTAL DR,ZEPHYRHILLS,FL,33542,9998,,Y23295,P
SOUTHERN,4G,FLORIDA 2,335,33541,ZEPHYRHILLS,38032 POSTAL DR,ZEPHYRHILLS,FL,33542,9998,,Y23295,P
SOUTHERN,4G,FLORIDA 2,335,33542,ZEPHYRHILLS,38032 POSTAL DR,ZEPHYRHILLS,FL,33542,9998,,Y23295,P
SOUTHERN,4G,FLORIDA 2,335,33543,ZEPHYRHILLS,38032 POSTAL DR,ZEPHYRHILLS,FL,33542,9998,,Y23295,P
SOUTHERN,4G,FLORIDA 2,335,33544,ZEPHYRHILLS,38032 POSTAL DR,ZEPHYRHILLS,FL,33542,9998,,Y23295,P
SOUTHERN,4G,FLORIDA 2,335,33545,ZEPHYRHILLS,38032 POSTAL DR,ZEPHYRHILLS,FL,33542,9998,,Y23295,P
SOUTHERN,4G,FLORIDA 2,335,33545,CPU WESLEY CHAPEL,30124 STATE ROAD 54,WESLEY CHAPEL,FL,33543,4524,,020678,5
SOUTHERN,4G,FLORIDA 2,335,33547,LITHIA,7825 LITHIA PINECREST RD,LITHIA,FL,33547,9998,,Y22268,P
SOUTHERN,4G,FLORIDA 2,335,33548,LUTZ,18489 N US HIGHWAY 41,LUTZ,FL,33549,4403,,Y22299,P
SOUTHERN,4G,FLORIDA 2,335,33549,LUTZ,18489 N US HIGHWAY 41,LUTZ,FL,33549,4403,,Y22299,P
SOUTHERN,4G,FLORIDA 2,335,33550,MANGO,11507 DR MARTIN LUTHER KING JR BLVD,MANGO,FL,33550,9700,P,Y22329,P
SOUTHERN,4G,FLORIDA 2,335,33556,ODESSA,13266 BYRD DR STE 100,ODESSA,FL,33556,5309,,Y22578,P
SOUTHERN,4G,FLORIDA 2,335,33558,LUTZ,18489 N US HIGHWAY 41,LUTZ,FL,33549,4403,,Y22299,P
SOUTHERN,4G,FLORIDA 2,335,33559,LUTZ,18489 N US HIGHWAY 41,LUTZ,FL,33549,4403,,Y22299,P
SOUTHERN,4G,FLORIDA 2,335,33563,PLANT CITY,2501 WALDEN WOODS DR,PLANT CITY,FL,33566,9998,,Y22708,P
SOUTHERN,4G,FLORIDA 2,335,33564,PLANT CITY,2501 WALDEN WOODS DR,PLANT CITY,FL,33566,9998,P,Y22708,P
SOUTHERN,4G,FLORIDA 2,335,33565,PLANT CITY,2501 WALDEN WOODS DR,PLANT CITY,FL,33566,9998,,Y22708,P
SOUTHERN,4G,FLORIDA 2,335,33566,PLANT CITY,2501 WALDEN WOODS DR,PLANT CITY,FL,33566,9998,,Y22708,P
SOUTHERN,4G,FLORIDA 2,335,33567,PLANT CITY,2501 WALDEN WOODS DR,PLANT CITY,FL,33566,9998,,Y22708,P
SOUTHERN,4G,FLORIDA 2,335,33568,RIVERVIEW,10810 BOYETTE RD,RIVERVIEW,FL,33569,9998,P,Y22801,P
SOUTHERN,4G,FLORIDA 2,335,33569,RIVERVIEW,10810 BOYETTE RD,RIVERVIEW,FL,33569,9998,,Y22801,P
SOUTHERN,4G,FLORIDA 2,335,33570,RUSKIN CARRIER ANNEX,6859 N US HIGHWAY 41,APOLLO BEACH,FL,33572,1501,,019138,4
SOUTHERN,4G,FLORIDA 2,335,33571,SUN CITY CENTER,1645 SUN CITY CENTER PLZ,SUN CITY CENTER,FL,33573,9998,P,Y23041,B
SOUTHERN,4G,FLORIDA 2,335,33572,RUSKIN CARRIER ANNEX,6859 N US HIGHWAY 41,APOLLO BEACH,FL,33572,1501,,019138,4
SOUTHERN,4G,FLORIDA 2,335,33573,SUN CITY CENTER,1645 SUN CITY CENTER PLZ,SUN CITY CENTER,FL,33573,9998,,Y23041,B
SOUTHERN,4G,FLORIDA 2,335,33574,SAINT LEO,33601 STATE ROAD 52,SAINT LEO,FL,33574,9700,P,Y22834,P
SOUTHERN,4G,FLORIDA 2,335,33575,RUSKIN,455 N US HIGHWAY 41,RUSKIN,FL,33570,9998,P,Y22815,P
SOUTHERN,4G,FLORIDA 2,335,33576,SAN ANTONIO,12231 MAIN ST,SAN ANTONIO,FL,33576,7204,,Y22846,P
SOUTHERN,4G,FLORIDA 2,335,33578,RIVERVIEW,10810 BOYETTE RD,RIVERVIEW,FL,33569,9998,,Y22801,P
SOUTHERN,4G,FLORIDA 2,335,33579,RIVERVIEW,10810 BOYETTE RD,RIVERVIEW,FL,33569,9998,,Y22801,P
SOUTHERN,4G,FLORIDA 2,335,33583,SEFFNER,1431 S KINGSWAY RD,SEFFNER,FL,33584,9998,P,Y22873,P
SOUTHERN,4G,FLORIDA 2,335,33584,SEFFNER,1431 S KINGSWAY RD,SEFFNER,FL,33584,9998,,Y22873,P
SOUTHERN,4G,FLORIDA 2,335,33585,SUMTERVILLE,445 S US 301,SUMTERVILLE,FL,33585,4941,,Y23039,P
SOUTHERN,4G,FLORIDA 2,335,33586,SUN CITY,4449 OLD HIGHWAY 41 S,SUN CITY,FL,33586,9700,P,Y23040,P
SOUTHERN,4G,FLORIDA 2,335,33587,SYDNEY,1620 SYDNEY DOVER RD,SYDNEY,FL,33587,9800,P,Y23070,P
SOUTHERN,4G,FLORIDA 2,335,33592,THONOTOSASSA,10806 MAIN ST,THONOTOSASSA,FL,33592,9998,,Y23098,P
SOUTHERN,4G,FLORIDA 2,335,33593,TRILBY,37451 TRILBY RD,TRILBY,FL,33593,9800,P,Y23121,P
SOUTHERN,4G,FLORIDA 2,335,33594,VALRICO,2406 E STATE ROAD 60,VALRICO,FL,33594,9998,,Y23158,P
SOUTHERN,4G,FLORIDA 2,335,33595,VALRICO,2406 E STATE ROAD 60,VALRICO,FL,33594,9998,P,Y23158,P
SOUTHERN,4G,FLORIDA 2,335,33596,VALRICO,2406 E STATE ROAD 60,VALRICO,FL,33594,9998,,Y23158,P
SOUTHERN,4G,FLORIDA 2,335,33597,WEBSTER,40 SE 1ST ST,WEBSTER,FL,33597,9998,,Y23204,P
SOUTHERN,4G,FLORIDA 2,335,33598,WIMAUMA,5608 STATE ROAD 674,WIMAUMA,FL,33598,9998,,Y23265,P
SOUTHERN,4G,FLORIDA 2,335,33601,COMMERCE,401 N ASHLEY DR,TAMPA,FL,33602,4301,P,010947,S
SOUTHERN,4G,FLORIDA 2,335,33602,YBOR CITY,2000 E 12TH AVE,TAMPA,FL,33605,3955,,Y23288,S
SOUTHERN,4G,FLORIDA 2,335,33603,SULPHUR SPRINGS,6706 N NEBRASKA AVE,TAMPA,FL,33604,9998,,Y23035,S
SOUTHERN,4G,FLORIDA 2,335,33604,SULPHUR SPRINGS,6706 N NEBRASKA AVE,TAMPA,FL,33604,9998,,Y23035,S
SOUTHERN,4G,FLORIDA 2,335,33605,YBOR CITY,2000 E 12TH AVE,TAMPA,FL,33605,3955,,Y23288,S
SOUTHERN,4G,FLORIDA 2,335,33606,TAMPA CARRIER ANNEX,4009 W SPRUCE ST,TAMPA,FL,33607,2357,,Y23080,4
SOUTHERN,4G,FLORIDA 2,335,33607,TAMPA CARRIER ANNEX,4009 W SPRUCE ST,TAMPA,FL,33607,2357,,Y23080,4
SOUTHERN,4G,FLORIDA 2,335,33608,MACDILL AFB,8106 CONDOR ST,TAMPA,FL,33621,5408,P,Y22306,B
SOUTHERN,4G,FLORIDA 2,335,33609,TAMPA CARRIER ANNEX,4009 W SPRUCE ST,TAMPA,FL,33607,2357,,Y23080,4
SOUTHERN,4G,FLORIDA 2,335,33610,PRODUCE,2810 E HILLSBOROUGH AVE,TAMPA,FL,33610,9998,,Y22760,S
SOUTHERN,4G,FLORIDA 2,335,33611,INTERBAY,4520 W OAKELLAR AVE,TAMPA,FL,33611,9998,,Y22103,S
SOUTHERN,4G,FLORIDA 2,335,33612,FOREST HILLS,11800 N FLORIDA AVE,TAMPA,FL,33612,9998,,Y21875,S
SOUTHERN,4G,FLORIDA 2,335,33613,FOREST HILLS,11800 N FLORIDA AVE,TAMPA,FL,33612,9998,,Y21875,S
SOUTHERN,4G,FLORIDA 2,335,33614,HILLDALE,3201 W HILLSBOROUGH AVE,TAMPA,FL,33614,9998,,Y22043,S
SOUTHERN,4G,FLORIDA 2,335,33615,TOWN N COUNTRY,7521 PAULA DR,TAMPA,FL,33615,9998,,Y23107,B
SOUTHERN,4G,FLORIDA 2,335,33616,INTERBAY,4520 W OAKELLAR AVE,TAMPA,FL,33611,9998,,Y22103,S
SOUTHERN,4G,FLORIDA 2,335,33617,TEMPLE TERRACE,8761 N 56TH ST,TEMPLE TERRACE,FL,33617,6274,,013966,B
SOUTHERN,4G,FLORIDA 2,335,33618,CARROLLWOOD,12651 N DALE MABRY HWY,TAMPA,FL,33618,9998,,Y21549,B
SOUTHERN,4G,FLORIDA 2,335,33619,PALM RIVER CARRIER ANNEX,9860 CURRIE DAVIS DR,TAMPA,FL,33619,9998,,001546,4
SOUTHERN,4G,FLORIDA 2,335,33621,MACDILL AFB,8106 CONDOR ST,TAMPA,FL,33621,5408,,Y22306,B
SOUTHERN,4G,FLORIDA 2,335,33622,TAMPA,3501 BESSIE COLEMAN BLVD FL 3,TAMPA,FL,33630,5010,P,Y23079,P
SOUTHERN,4G,FLORIDA 2,335,33623,TAMPA,3501 BESSIE COLEMAN BLVD FL 3,TAMPA,FL,33630,5010,P,Y23079,P
SOUTHERN,4G,FLORIDA 2,335,33624,NORTHDALE CARRIER ANNEX,5330 EHRLICH RD STE 122,TAMPA,FL,33624,6981,,Y22547,4
SOUTHERN,4G,FLORIDA 2,335,33625,EHRLICH,14910 N DALE MABRY HWY,TAMPA,FL,33618,1814,,001671,B
SOUTHERN,4G,FLORIDA 2,335,33626,NORTHDALE CARRIER ANNEX,5330 EHRLICH RD STE 122,TAMPA,FL,33624,6981,,Y22547,4
SOUTHERN,4G,FLORIDA 2,335,33629,INTERBAY,4520 W OAKELLAR AVE,TAMPA,FL,33611,9998,,Y22103,S
SOUTHERN,4G,FLORIDA 2,335,33630,TAMPA,3501 BESSIE COLEMAN BLVD FL 3,TAMPA,FL,33630,5010,P,Y23079,P
SOUTHERN,4G,FLORIDA 2,335,33631,TAMPA,3501 BESSIE COLEMAN BLVD FL 3,TAMPA,FL,33630,5010,P,Y23079,P
SOUTHERN,4G,FLORIDA 2,335,33634,HILLDALE,3201 W HILLSBOROUGH AVE,TAMPA,FL,33614,9998,,Y22043,S
SOUTHERN,4G,FLORIDA 2,335,33635,TOWN N COUNTRY,7521 PAULA DR,TAMPA,FL,33615,9998,,Y23107,B
SOUTHERN,4G,FLORIDA 2,335,33637,TEMPLE TERRACE,8761 N 56TH ST,TEMPLE TERRACE,FL,33617,6274,,013966,B
SOUTHERN,4G,FLORIDA 2,335,33646,NEW TAMPA,16350 BRUCE B DOWNS BLVD,TAMPA,FL,33647,9998,P,Y28036,S
SOUTHERN,4G,FLORIDA 2,335,33647,NEW TAMPA,16350 BRUCE B DOWNS BLVD,TAMPA,FL,33647,9998,,Y28036,S
SOUTHERN,4G,FLORIDA 2,335,33672,COMMERCE,401 N ASHLEY DR,TAMPA,FL,33602,4301,P,010947,S
SOUTHERN,4G,FLORIDA 2,335,33673,SULPHUR SPRINGS,6706 N NEBRASKA AVE,TAMPA,FL,33604,9998,P,Y23035,S
SOUTHERN,4G,FLORIDA 2,335,33674,SULPHUR SPRINGS,6706 N NEBRASKA AVE,TAMPA,FL,33604,9998,P,Y23035,S
SOUTHERN,4G,FLORIDA 2,335,33675,YBOR CITY,2000 E 12TH AVE,TAMPA,FL,33605,3955,P,Y23288,S
SOUTHERN,4G,FLORIDA 2,335,33677,WEST TAMPA,1802 N HOWARD AVE,TAMPA,FL,33607,9998,P,Y23240,S
SOUTHERN,4G,FLORIDA 2,335,33679,PENINSULA TAMPA,1002B S CHURCH AVE,TAMPA,FL,33629,9998,P,Y22685,S
SOUTHERN,4G,FLORIDA 2,335,33680,PRODUCE,2810 E HILLSBOROUGH AVE,TAMPA,FL,33610,9998,P,Y22760,S
SOUTHERN,4G,FLORIDA 2,335,33681,INTERBAY,4520 W OAKELLAR AVE,TAMPA,FL,33611,9998,P,Y22103,S
SOUTHERN,4G,FLORIDA 2,335,33682,FOREST HILLS,11800 N FLORIDA AVE,TAMPA,FL,33612,9998,P,Y21875,S
SOUTHERN,4G,FLORIDA 2,335,33684,HILLDALE,3201 W HILLSBOROUGH AVE,TAMPA,FL,33614,9998,P,Y22043,S
SOUTHERN,4G,FLORIDA 2,335,33685,TOWN N COUNTRY,7521 PAULA DR,TAMPA,FL,33615,9998,P,Y23107,B
SOUTHERN,4G,FLORIDA 2,335,33687,TEMPLE TERRACE,8761 N 56TH ST,TEMPLE TERRACE,FL,33617,6274,P,013966,B
SOUTHERN,4G,FLORIDA 2,335,33688,CARROLLWOOD,12651 N DALE MABRY HWY,TAMPA,FL,33618,9998,P,Y21549,B
SOUTHERN,4G,FLORIDA 2,335,33689,FALKENBURG,10121 E ADAMO DR,TAMPA,FL,33619,2656,P,Y28139,B
SOUTHERN,4G,FLORIDA 2,335,33694,EHRLICH,14910 N DALE MABRY HWY,TAMPA,FL,33618,1814,P,001671,B
SOUTHERN,4G,FLORIDA 2,335,33701,OPEN AIR,76 4TH ST N,SAINT PETERSBURG,FL,33701,9998,,Y22597,S
SOUTHERN,4G,FLORIDA 2,335,33702,NORTHSIDE,1201 GANDY BLVD N,SAINT PETERSBURG,FL,33702,2404,,Y27503,S
SOUTHERN,4G,FLORIDA 2,335,33703,GATEWAY MALL,701 77TH AVE N,SAINT PETERSBURG,FL,33702,9998,,Y21923,S
SOUTHERN,4G,FLORIDA 2,335,33704,EUCLID,901 34TH AVE N,SAINT PETERSBURG,FL,33704,9998,,Y21808,S
SOUTHERN,4G,FLORIDA 2,335,33705,MIDTOWN,1750 16TH ST S,SAINT PETERSBURG,FL,33705,9998,,Y22910,S
SOUTHERN,4G,FLORIDA 2,335,33706,SAINT PETE BEACH,250 COREY AVE,ST PETE BEACH,FL,33706,9998,,Y22840,B
SOUTHERN,4G,FLORIDA 2,335,33707,GULFWINDS,4222 22ND AVE S,SAINT PETERSBURG,FL,33711,9998,,Y27343,S
SOUTHERN,4G,FLORIDA 2,335,33708,MADEIRA BEACH,15019 MADEIRA WAY,MADEIRA BEACH,FL,33708,9998,,Y22310,B
SOUTHERN,4G,FLORIDA 2,335,33709,CROSSROADS,1275 66TH ST N,SAINT PETERSBURG,FL,33710,9998,,Y21661,S
SOUTHERN,4G,FLORIDA 2,335,33709,KENNETH CITY,5480 58TH ST N,KENNETH CITY,FL,33709,2036,,Y27872,C
SOUTHERN,4G,FLORIDA 2,335,33710,CROSSROADS,1275 66TH ST N,SAINT PETERSBURG,FL,33710,9998,,Y21661,S
SOUTHERN,4G,FLORIDA 2,335,33711,GULFWINDS,4222 22ND AVE S,SAINT PETERSBURG,FL,33711,9998,,Y27343,S
SOUTHERN,4G,FLORIDA 2,335,33712,MIDTOWN,1750 16TH ST S,SAINT PETERSBURG,FL,33705,9998,,Y22910,S
SOUTHERN,4G,FLORIDA 2,335,33713,SAINT PETERSBURG FL S&DC,3135 1ST AVE N,SAINT PETERSBURG,FL,33730,9920,,020671,4
SOUTHERN,4G,FLORIDA 2,335,33714,SAINT PETERSBURG FL S&DC,3135 1ST AVE N,SAINT PETERSBURG,FL,33730,9920,,020671,4
SOUTHERN,4G,FLORIDA 2,335,33715,GULFWINDS,4222 22ND AVE S,SAINT PETERSBURG,FL,33711,9998,,Y27343,S
SOUTHERN,4G,FLORIDA 2,335,33716,NORTHSIDE,1201 GANDY BLVD N,SAINT PETERSBURG,FL,33702,2404,,Y27503,S
SOUTHERN,4G,FLORIDA 2,335,33731,OPEN AIR,76 4TH ST N,SAINT PETERSBURG,FL,33701,9998,P,Y22597,S
SOUTHERN,4G,FLORIDA 2,335,33732,GATEWAY MALL,701 77TH AVE N,SAINT PETERSBURG,FL,33702,9998,P,Y21923,S
SOUTHERN,4G,FLORIDA 2,335,33733,SAINT PETERSBURG FL S&DC,3135 1ST AVE N,SAINT PETERSBURG,FL,33730,9920,P,020671,4
SOUTHERN,4G,FLORIDA 2,335,33734,EUCLID,901 34TH AVE N,SAINT PETERSBURG,FL,33704,9998,P,Y21808,S
SOUTHERN,4G,FLORIDA 2,335,33736,SAINT PETE BEACH,250 COREY AVE,ST PETE BEACH,FL,33706,9998,P,Y22840,B
SOUTHERN,4G,FLORIDA 2,335,33738,MADEIRA BEACH,15019 MADEIRA WAY,MADEIRA BEACH,FL,33708,9998,P,Y22310,B
SOUTHERN,4G,FLORIDA 2,335,33741,SAINT PETE BEACH,250 COREY AVE,ST PETE BEACH,FL,33706,9998,P,Y22840,B
SOUTHERN,4G,FLORIDA 2,335,33742,NORTHSIDE,1201 GANDY BLVD N,SAINT PETERSBURG,FL,33702,2404,P,Y27503,S
SOUTHERN,4G,FLORIDA 2,335,33743,CROSSROADS,1275 66TH ST N,SAINT PETERSBURG,FL,33710,9998,P,Y21661,S
SOUTHERN,4G,FLORIDA 2,335,33744,BAY PINES,10000 BAY PINES BLVD BLDG 20,BAY PINES,FL,33744,8298,P,Y21423,P
SOUTHERN,4G,FLORIDA 2,335,33747,GULFWINDS,4222 22ND AVE S,SAINT PETERSBURG,FL,33711,9998,P,Y27343,S
SOUTHERN,4G,FLORIDA 2,335,33755,CLEVELAND STREET,650 CLEVELAND ST,CLEARWATER,FL,33755,9998,,Y21601,S
SOUTHERN,4G,FLORIDA 2,335,33756,CLEARWATER,100 S BELCHER RD,CLEARWATER,FL,33765,9998,,Y21592,P
SOUTHERN,4G,FLORIDA 2,335,33757,CLEVELAND STREET,650 CLEVELAND ST,CLEARWATER,FL,33755,9998,P,Y21601,S
SOUTHERN,4G,FLORIDA 2,335,33758,CLEARWATER,100 S BELCHER RD,CLEARWATER,FL,33765,9998,P,Y21592,P
SOUTHERN,4G,FLORIDA 2,335,33759,CLEARWATER,100 S BELCHER RD,CLEARWATER,FL,33765,9998,,Y21592,P
SOUTHERN,4G,FLORIDA 2,335,33760,HIGH POINT,4600 140TH AVE N STE 100,CLEARWATER,FL,33762,9998,,Y22033,S
SOUTHERN,4G,FLORIDA 2,335,33761,SUNSET POINT,1851 N HERCULES AVE,CLEARWATER,FL,33765,1149,,Y23061,B
SOUTHERN,4G,FLORIDA 2,335,33762,HIGH POINT,4600 140TH AVE N STE 100,CLEARWATER,FL,33762,9998,,Y22033,S
SOUTHERN,4G,FLORIDA 2,335,33763,SUNSET POINT,1851 N HERCULES AVE,CLEARWATER,FL,33765,1149,,Y23061,B
SOUTHERN,4G,FLORIDA 2,335,33764,HIGH POINT,4600 140TH AVE N STE 100,CLEARWATER,FL,33762,9998,,Y22033,S
SOUTHERN,4G,FLORIDA 2,335,33765,SUNSET POINT,1851 N HERCULES AVE,CLEARWATER,FL,33765,1149,,Y23061,B
SOUTHERN,4G,FLORIDA 2,335,33766,COUNTRYSIDE,25941 US HIGHWAY 19 N,CLEARWATER,FL,33763,2002,P,Y22781,S
SOUTHERN,4G,FLORIDA 2,335,33767,CLEVELAND STREET,650 CLEVELAND ST,CLEARWATER,FL,33755,9998,,Y21601,S
SOUTHERN,4G,FLORIDA 2,335,33770,LARGO,50 8TH AVE SW,LARGO,FL,33770,9998,,Y22237,P
SOUTHERN,4G,FLORIDA 2,335,33771,LARGO,50 8TH AVE SW,LARGO,FL,33770,9998,,Y22237,P
SOUTHERN,4G,FLORIDA 2,335,33772,SEMINOLE,9355 113TH ST,SEMINOLE,FL,33772,9998,,Y22875,B
SOUTHERN,4G,FLORIDA 2,335,33773,LARGO,50 8TH AVE SW,LARGO,FL,33770,9998,,Y22237,P
SOUTHERN,4G,FLORIDA 2,335,33773,CPU MISSION PLAZA,11321 STARKEY RD,LARGO,FL,33773,4735,,Y22423,5
SOUTHERN,4G,FLORIDA 2,335,33774,SEMINOLE,9355 113TH ST,SEMINOLE,FL,33772,9998,,Y22875,B
SOUTHERN,4G,FLORIDA 2,335,33775,SEMINOLE,9355 113TH ST,SEMINOLE,FL,33772,9998,P,Y22875,B
SOUTHERN,4G,FLORIDA 2,335,33776,SEMINOLE,9355 113TH ST,SEMINOLE,FL,33772,9998,,Y22875,B
SOUTHERN,4G,FLORIDA 2,335,33777,SEMINOLE,9355 113TH ST,SEMINOLE,FL,33772,9998,,Y22875,B
SOUTHERN,4G,FLORIDA 2,335,33778,LARGO,50 8TH AVE SW,LARGO,FL,33770,9998,,Y22237,P
SOUTHERN,4G,FLORIDA 2,335,33779,LARGO,50 8TH AVE SW,LARGO,FL,33770,9998,P,Y22237,P
SOUTHERN,4G,FLORIDA 2,335,33780,PINELLAS PARK,5260 78TH AVE N,PINELLAS PARK,FL,33781,9998,P,Y22703,P
SOUTHERN,4G,FLORIDA 2,335,33781,PINELLAS PARK,5260 78TH AVE N,PINELLAS PARK,FL,33781,9998,,Y22703,P
SOUTHERN,4G,FLORIDA 2,335,33782,PINELLAS PARK,5260 78TH AVE N,PINELLAS PARK,FL,33781,9998,,Y22703,P
SOUTHERN,4G,FLORIDA 2,335,33784,SAINT PETERSBURG FL S&DC,3135 1ST AVE N,SAINT PETERSBURG,FL,33730,9920,P,020671,4
SOUTHERN,4G,FLORIDA 2,335,33785,INDIAN ROCKS BEACH,204 4TH AVE,INDIAN ROCKS BEACH,FL,33785,9998,,Y22096,P
SOUTHERN,4G,FLORIDA 2,335,33786,INDIAN ROCKS BEACH,204 4TH AVE,INDIAN ROCKS BEACH,FL,33785,9998,,Y22096,P
SOUTHERN,4G,FLORIDA 2,335,33801,DOWNTOWN LAKELAND,210 N MISSOURI AVE,LAKELAND,FL,33815,9996,,Y21731,S
SOUTHERN,4G,FLORIDA 2,335,33802,DOWNTOWN LAKELAND,210 N MISSOURI AVE,LAKELAND,FL,33815,9996,P,Y21731,S
SOUTHERN,4G,FLORIDA 2,335,33803,DOWNTOWN LAKELAND,210 N MISSOURI AVE,LAKELAND,FL,33815,9996,,Y21731,S
SOUTHERN,4G,FLORIDA 2,335,33804,LAKELAND FL S&DC,2800 LAKELAND HILLS BLVD,LAKELAND,FL,33805,9900,P,020672,4
SOUTHERN,4G,FLORIDA 2,335,33805,LAKELAND FL S&DC,2800 LAKELAND HILLS BLVD,LAKELAND,FL,33805,9900,,020672,4
SOUTHERN,4G,FLORIDA 2,335,33806,DIXIELAND,1057 S FLORIDA AVE,LAKELAND,FL,33803,9998,P,Y21715,S
SOUTHERN,4G,FLORIDA 2,335,33807,SOUTHSIDE POSTAL STORE,6000 S FLORIDA AVE,LAKELAND,FL,33813,9996,P,Y22944,B
SOUTHERN,4G,FLORIDA 2,335,33809,LAKELAND FL S&DC,2800 LAKELAND HILLS BLVD,LAKELAND,FL,33805,9900,,020672,4
SOUTHERN,4G,FLORIDA 2,335,33810,LAKELAND FL S&DC,2800 LAKELAND HILLS BLVD,LAKELAND,FL,33805,9900,,020672,4
SOUTHERN,4G,FLORIDA 2,335,33811,SOUTHSIDE POSTAL STORE,6000 S FLORIDA AVE,LAKELAND,FL,33813,9996,,Y22944,B
SOUTHERN,4G,FLORIDA 2,335,33812,SOUTHSIDE POSTAL STORE,6000 S FLORIDA AVE,LAKELAND,FL,33813,9996,,Y22944,B
SOUTHERN,4G,FLORIDA 2,335,33813,SOUTHSIDE POSTAL STORE,6000 S FLORIDA AVE,LAKELAND,FL,33813,9996,,Y22944,B
SOUTHERN,4G,FLORIDA 2,335,33815,DOWNTOWN LAKELAND,210 N MISSOURI AVE,LAKELAND,FL,33815,9996,,Y21731,S
SOUTHERN,4G,FLORIDA 2,335,33820,ALTURAS,2486 3RD ST,BARTOW,FL,33830,9226,P,Y21358,P
SOUTHERN,4G,FLORIDA 2,335,33823,AUBURNDALE,201 E LAKE AVE,AUBURNDALE,FL,33823,9998,,Y21388,P
SOUTHERN,4G,FLORIDA 2,335,33825,AVON PARK,100 S VERONA AVE,AVON PARK,FL,33825,9998,,Y21393,P
SOUTHERN,4G,FLORIDA 2,335,33826,AVON PARK,100 S VERONA AVE,AVON PARK,FL,33825,9998,P,Y21393,P
SOUTHERN,4G,FLORIDA 2,335,33827,BABSON PARK,1200 N SCENIC HWY,BABSON PARK,FL,33827,9998,,Y21397,P
SOUTHERN,4G,FLORIDA 2,335,33830,BARTOW,220 S CENTRAL AVE,BARTOW,FL,33830,9998,,Y21414,P
SOUTHERN,4G,FLORIDA 2,335,33831,BARTOW,220 S CENTRAL AVE,BARTOW,FL,33830,9998,P,Y21414,P
SOUTHERN,4G,FLORIDA 2,335,33834,BOWLING GREEN,4702 CENTRAL AVE,BOWLING GREEN,FL,33834,6050,,Y21489,P
SOUTHERN,4G,FLORIDA 2,335,33835,BRADLEY,6947 OLD STATE ROAD 37,BRADLEY,FL,33835,9023,P,Y21501,P
SOUTHERN,4G,FLORIDA 2,335,33836,DAVENPORT,1 SOUTH BLVD E,DAVENPORT,FL,33837,9998,P,Y21681,P
SOUTHERN,4G,FLORIDA 2,335,33837,DAVENPORT,1 SOUTH BLVD E,DAVENPORT,FL,33837,9998,,Y21681,P
SOUTHERN,4G,FLORIDA 2,335,33838,DUNDEE,103 ATLANTIC AVE,DUNDEE,FL,33838,7000,,Y21746,P
SOUTHERN,4G,FLORIDA 2,335,33839,EAGLE LAKE,665 N US HIGHWAY 17,EAGLE LAKE,FL,33839,3071,,Y21756,P
SOUTHERN,4G,FLORIDA 2,335,33840,EATON PARK,2615 ELLIS AVE,EATON PARK,FL,33840,9700,P,Y21778,P
SOUTHERN,4G,FLORIDA 2,335,33841,FORT MEADE,21 N SEMINOLE AVE,FORT MEADE,FL,33841,9998,,Y21884,P
SOUTHERN,4G,FLORIDA 2,335,33843,FROSTPROOF,1 W 1ST ST,FROSTPROOF,FL,33843,9998,,Y21897,P
SOUTHERN,4G,FLORIDA 2,335,33844,HAINES CITY,1051 STATE ROAD 544 E,HAINES CITY,FL,33844,9998,,Y21999,P
SOUTHERN,4G,FLORIDA 2,335,33845,HAINES CITY,1051 STATE ROAD 544 E,HAINES CITY,FL,33844,9998,P,Y21999,P
SOUTHERN,4G,FLORIDA 2,335,33846,HIGHLAND CITY,4114 CLUBHOUSE RD,HIGHLAND CITY,FL,33846,1755,P,Y22037,P
SOUTHERN,4G,FLORIDA 2,335,33847,HOMELAND,339 4TH ST,HOMELAND,FL,33847,1703,P,Y22063,P
SOUTHERN,4G,FLORIDA 2,335,33848,INTERCESSION CITY,1538 TALLAHASSEE BLVD,INTERCESSION CITY,FL,33848,9800,P,Y22104,P
SOUTHERN,4G,FLORIDA 2,335,33849,KATHLEEN,6136 KATHLEEN RD,KATHLEEN,FL,33849,9800,,Y22156,P
SOUTHERN,4G,FLORIDA 2,335,33849,LAKELAND FL S&DC,2800 LAKELAND HILLS BLVD,LAKELAND,FL,33805,9900,,020672,4
SOUTHERN,4G,FLORIDA 2,335,33850,LAKE ALFRED,195 W HAINES BLVD,LAKE ALFRED,FL,33850,9998,,Y22187,P
SOUTHERN,4G,FLORIDA 2,335,33851,LAKE HAMILTON,201 W MAIN ST,LAKE HAMILTON,FL,33851,9058,P,Y22198,P
SOUTHERN,4G,FLORIDA 2,335,33852,LAKE PLACID,901 HILLCREST AVE,LAKE PLACID,FL,33852,9998,,Y22215,P
SOUTHERN,4G,FLORIDA 2,335,33853,LAKE WALES,6 W PARK AVE,LAKE WALES,FL,33853,9998,,Y22223,P
SOUTHERN,4G,FLORIDA 2,335,33854,LAKESHORE,500 CLUB CIR,LAKESHORE,FL,33854,9801,P,Y21821,C
SOUTHERN,4G,FLORIDA 2,335,33855,INDIAN LAKE ESTATES,1720 PARK AVE,INDIAN LAKE ESTATES,FL,33855,9801,P,Y22090,C
SOUTHERN,4G,FLORIDA 2,335,33856,NALCREST,67105 NALCREST RD,NALCREST,FL,33856,1066,P,Y22465,C
SOUTHERN,4G,FLORIDA 2,335,33857,LORIDA,1665 US HIGHWAY 98,LORIDA,FL,33857,9800,,Y22290,P
SOUTHERN,4G,FLORIDA 2,335,33858,LOUGHMAN,511 RONALD REAGAN PKWY,LOUGHMAN,FL,33858,9800,P,Y22291,P
SOUTHERN,4G,FLORIDA 2,335,33859,LAKE WALES,6 W PARK AVE,LAKE WALES,FL,33853,9998,,Y22223,P
SOUTHERN,4G,FLORIDA 2,335,33859,1ST STREET CARRIER ANNEX,140 N 1ST ST,LAKE WALES,FL,33853,4103,,Y22224,4
SOUTHERN,4G,FLORIDA 2,335,33860,MULBERRY,2000 MULFORD RD,MULBERRY,FL,33860,9998,,Y22436,P
SOUTHERN,4G,FLORIDA 2,335,33862,LAKE PLACID,901 HILLCREST AVE,LAKE PLACID,FL,33852,9998,P,Y22215,P
SOUTHERN,4G,FLORIDA 2,335,33863,NICHOLS,4805 NICHOLS RD,NICHOLS,FL,33863,9800,P,Y22497,P
SOUTHERN,4G,FLORIDA 2,335,33865,ONA,5155 STATE ROAD 64 W,ONA,FL,33865,8709,,Y22591,P
SOUTHERN,4G,FLORIDA 2,335,33868,POLK CITY,112 CARTER BLVD,POLK CITY,FL,33868,9998,,Y22722,P
SOUTHERN,4G,FLORIDA 2,335,33870,SEBRING,518 N RIDGEWOOD DR,SEBRING,FL,33870,9998,,Y22871,P
SOUTHERN,4G,FLORIDA 2,335,33871,SEBRING,518 N RIDGEWOOD DR,SEBRING,FL,33870,9998,P,Y22871,P
SOUTHERN,4G,FLORIDA 2,335,33872,LAKE JACKSON BRANCH,829 MALL RING RD,SEBRING,FL,33870,8514,,000396,B
SOUTHERN,4G,FLORIDA 2,335,33873,WAUCHULA,300 E MAIN ST,WAUCHULA,FL,33873,9998,,Y23201,P
SOUTHERN,4G,FLORIDA 2,335,33875,LAKE JACKSON BRANCH,829 MALL RING RD,SEBRING,FL,33870,8514,,000396,B
SOUTHERN,4G,FLORIDA 2,335,33876,SEBRING,518 N RIDGEWOOD DR,SEBRING,FL,33870,9998,,Y22871,P
SOUTHERN,4G,FLORIDA 2,335,33877,WAVERLY,7301 STATE RD 540,WAVERLY,FL,33877,9700,P,Y23203,P
SOUTHERN,4G,FLORIDA 2,335,33880,WINTER HAVEN,111 W CENTRAL AVE,WINTER HAVEN,FL,33880,9998,,Y23270,P
SOUTHERN,4G,FLORIDA 2,335,33881,FLORENCE VILLA,1401 1ST ST N,WINTER HAVEN,FL,33881,2404,,Y21860,S
SOUTHERN,4G,FLORIDA 2,335,33882,WINTER HAVEN,111 W CENTRAL AVE,WINTER HAVEN,FL,33880,9998,P,Y23270,P
SOUTHERN,4G,FLORIDA 2,335,33883,WINTER HAVEN,111 W CENTRAL AVE,WINTER HAVEN,FL,33880,9998,P,Y23270,P
SOUTHERN,4G,FLORIDA 2,335,33884,FLORENCE VILLA,1401 1ST ST N,WINTER HAVEN,FL,33881,2404,,Y21860,S
SOUTHERN,4G,FLORIDA 2,335,33885,FLORENCE VILLA,1401 1ST ST N,WINTER HAVEN,FL,33881,2404,P,Y21860,S
SOUTHERN,4G,FLORIDA 2,335,33890,ZOLFO SPRINGS,3141 MAIN ST,ZOLFO SPRINGS,FL,33890,4762,,Y23297,P
SOUTHERN,4G,FLORIDA 2,335,33896,DAVENPORT,1 SOUTH BLVD E,DAVENPORT,FL,33837,9998,,Y21681,P
SOUTHERN,4G,FLORIDA 2,335,33897,DAVENPORT,1 SOUTH BLVD E,DAVENPORT,FL,33837,9998,,Y21681,P
SOUTHERN,4G,FLORIDA 2,335,33898,1ST STREET CARRIER ANNEX,140 N 1ST ST,LAKE WALES,FL,33853,4103,,Y22224,4
SOUTHERN,4G,FLORIDA 2,335,33901,FORT MYERS FL PAGE FIELD SDC,2655 N AIRPORT RD,FORT MYERS,FL,33907,9990,,021140,4
SOUTHERN,4G,FLORIDA 2,335,33902,DOWNTOWN FORT MYERS,1350 MONROE ST,FORT MYERS,FL,33901,9998,P,Y21727,S
SOUTHERN,4G,FLORIDA 2,335,33903,NORTH FORT MYERS,1882 N TAMIAMI TRL,NORTH FORT MYERS,FL,33903,9998,,Y22526,B
SOUTHERN,4G,FLORIDA 2,335,33904,CAPE CORAL CENTRAL,1030 SE 9TH AVE,CAPE CORAL,FL,33990,9998,,Y21537,B
SOUTHERN,4G,FLORIDA 2,335,33905,TICE,4585 PALM BEACH BLVD,FORT MYERS,FL,33905,3510,,Y23099,B
SOUTHERN,4G,FLORIDA 2,335,33906,FORT MYERS FL PAGE FIELD SDC,2655 N AIRPORT RD,FORT MYERS,FL,33907,9990,P,021140,4
SOUTHERN,4G,FLORIDA 2,335,33907,FORT MYERS FL PAGE FIELD SDC,2655 N AIRPORT RD,FORT MYERS,FL,33907,9990,,021140,4
SOUTHERN,4G,FLORIDA 2,335,33908,SIX MILE CYPRESS ANNEX,14651 BEN C PRATT/6 MILE CYPRESS PKWY,FORT MYERS,FL,33912,4456,,004504,4
SOUTHERN,4G,FLORIDA 2,335,33909,CAPE CORAL CENTRAL,1030 SE 9TH AVE,CAPE CORAL,FL,33990,9998,,Y21537,B
SOUTHERN,4G,FLORIDA 2,335,33910,CAPE CORAL SOUTH,4722 SE 17TH AVE,CAPE CORAL,FL,33904,9998,P,Y21539,B
SOUTHERN,4G,FLORIDA 2,335,33912,SIX MILE CYPRESS ANNEX,14651 BEN C PRATT/6 MILE CYPRESS PKWY,FORT MYERS,FL,33912,4456,,004504,4
SOUTHERN,4G,FLORIDA 2,335,33913,FORT MYERS FL PAGE FIELD SDC,2655 N AIRPORT RD,FORT MYERS,FL,33907,9990,,021140,4
SOUTHERN,4G,FLORIDA 2,335,33914,CAPE CORAL CENTRAL,1030 SE 9TH AVE,CAPE CORAL,FL,33990,9998,,Y21537,B
SOUTHERN,4G,FLORIDA 2,335,33915,CAPE CORAL CENTRAL,1030 SE 9TH AVE,CAPE CORAL,FL,33990,9998,P,Y21537,B
SOUTHERN,4G,FLORIDA 2,335,33916,FORT MYERS FL PAGE FIELD SDC,2655 N AIRPORT RD,FORT MYERS,FL,33907,9990,,021140,4
SOUTHERN,4G,FLORIDA 2,335,33917,NORTH FORT MYERS,1882 N TAMIAMI TRL,NORTH FORT MYERS,FL,33903,9998,,Y22526,B
SOUTHERN,4G,FLORIDA 2,335,33918,NORTH FORT MYERS,1882 N TAMIAMI TRL,NORTH FORT MYERS,FL,33903,9998,P,Y22526,B
SOUTHERN,4G,FLORIDA 2,335,33919,CPU ATRIUM,8841 COLLEGE PKWY STE 105,FORT MYERS,FL,33919,4858,,Y21615,5
SOUTHERN,4G,FLORIDA 2,335,33919,FORT MYERS FL PAGE FIELD SDC,2655 N AIRPORT RD,FORT MYERS,FL,33907,9990,,021140,4
SOUTHERN,4G,FLORIDA 2,335,33920,ALVA,17301 BROADWAY ST,ALVA,FL,33920,9998,,Y21359,P
SOUTHERN,4G,FLORIDA 2,335,33921,BOCA GRANDE,434 4TH ST,BOCA GRANDE,FL,33921,9800,P,Y21476,P
SOUTHERN,4G,FLORIDA 2,335,33922,BOKEELIA,15980 STRINGFELLOW RD,BOKEELIA,FL,33922,9998,,Y21479,P
SOUTHERN,4G,FLORIDA 2,335,33924,CAPTIVA,14812 CAPTIVA DR SW,CAPTIVA,FL,33924,9800,P,Y21540,P
SOUTHERN,4G,FLORIDA 2,335,33927,EL JOBEAN,14410 PAMBAR AVE,PORT CHARLOTTE,FL,33953,6046,P,Y21791,C
SOUTHERN,4G,FLORIDA 2,335,33928,ESTERO,20791 THREE OAKS PKWY,ESTERO,FL,33928,3194,,Y21805,P
SOUTHERN,4G,FLORIDA 2,335,33929,ESTERO,20791 THREE OAKS PKWY,ESTERO,FL,33928,3194,P,Y21805,P
SOUTHERN,4G,FLORIDA 2,335,33930,FELDA,14815 S STATE ROAD 29,FELDA,FL,33930,9800,P,Y21822,P
SOUTHERN,4G,FLORIDA 2,335,33931,FORT MYERS FL PAGE FIELD SDC,2655 N AIRPORT RD,FORT MYERS,FL,33907,9990,,021140,4
SOUTHERN,4G,FLORIDA 2,335,33932,FORT MYERS BEACH,200 CAROLINA AVE,FORT MYERS BEACH,FL,33931,9998,P,Y21888,P
SOUTHERN,4G,FLORIDA 2,335,33935,LABELLE,35 W WASHINGTON AVE,LABELLE,FL,33935,9998,,Y22181,P
SOUTHERN,4G,FLORIDA 2,335,33936,LEHIGH ACRES,1201 BUSINESS WAY,LEHIGH ACRES,FL,33936,9998,,Y22256,P
SOUTHERN,4G,FLORIDA 2,335,33938,PORT CHARLOTTE,3740 TAMIAMI TRL,PORT CHARLOTTE,FL,33952,9998,P,Y22737,B
SOUTHERN,4G,FLORIDA 2,335,33944,LABELLE,35 W WASHINGTON AVE,LABELLE,FL,33935,9998,P,Y22181,P
SOUTHERN,4G,FLORIDA 2,335,33945,BOKEELIA,15980 STRINGFELLOW RD,BOKEELIA,FL,33922,9998,P,Y21479,P
SOUTHERN,4G,FLORIDA 2,335,33946,PLACIDA,8601 PLACIDA RD,PLACIDA,FL,33946,9998,,Y22707,P
SOUTHERN,4G,FLORIDA 2,335,33947,PLACIDA,8601 PLACIDA RD,PLACIDA,FL,33946,9998,,Y22707,P
SOUTHERN,4G,FLORIDA 2,335,33948,PORT CHARLOTTE ANNEX,18100 PAULSON DR,PORT CHARLOTTE,FL,33954,9998,,Y22738,4
SOUTHERN,4G,FLORIDA 2,335,33949,PORT CHARLOTTE,3740 TAMIAMI TRL,PORT CHARLOTTE,FL,33952,9998,P,Y22737,B
SOUTHERN,4G,FLORIDA 2,335,33950,PUNTA GORDA,130 E MARION AVE,PUNTA GORDA,FL,33950,9998,,Y22768,P
SOUTHERN,4G,FLORIDA 2,335,33951,PUNTA GORDA,130 E MARION AVE,PUNTA GORDA,FL,33950,9998,P,Y22768,P
SOUTHERN,4G,FLORIDA 2,335,33952,PORT CHARLOTTE ANNEX,18100 PAULSON DR,PORT CHARLOTTE,FL,33954,9998,,Y22738,4
SOUTHERN,4G,FLORIDA 2,335,33953,PORT CHARLOTTE ANNEX,18100 PAULSON DR,PORT CHARLOTTE,FL,33954,9998,,Y22738,4
SOUTHERN,4G,FLORIDA 2,335,33954,PORT CHARLOTTE ANNEX,18100 PAULSON DR,PORT CHARLOTTE,FL,33954,9998,,Y22738,4
SOUTHERN,4G,FLORIDA 2,335,33955,PUNTA GORDA,130 E MARION AVE,PUNTA GORDA,FL,33950,9998,,Y22768,P
SOUTHERN,4G,FLORIDA 2,335,33956,SAINT JAMES CITY,4480 STRINGFELLOW RD,SAINT JAMES CITY,FL,33956,9998,,Y22833,P
SOUTHERN,4G,FLORIDA 2,335,33957,SANIBEL,650 TARPON BAY RD,SANIBEL,FL,33957,9998,,Y22853,P
SOUTHERN,4G,FLORIDA 2,335,33960,VENUS,820 US HIGHWAY 27 N,VENUS,FL,33960,9998,,Y23166,P
SOUTHERN,4G,FLORIDA 2,335,33966,FORT MYERS FL PAGE FIELD SDC,2655 N AIRPORT RD,FORT MYERS,FL,33907,9990,,021140,4
SOUTHERN,4G,FLORIDA 2,335,33967,SIX MILE CYPRESS ANNEX,14651 BEN C PRATT/6 MILE CYPRESS PKWY,FORT MYERS,FL,33912,4456,,004504,4
SOUTHERN,4G,FLORIDA 2,335,33970,LEHIGH ACRES,1201 BUSINESS WAY,LEHIGH ACRES,FL,33936,9998,P,Y22256,P
SOUTHERN,4G,FLORIDA 2,335,33971,LEHIGH ACRES,1201 BUSINESS WAY,LEHIGH ACRES,FL,33936,9998,,Y22256,P
SOUTHERN,4G,FLORIDA 2,335,33972,LEHIGH ACRES,1201 BUSINESS WAY,LEHIGH ACRES,FL,33936,9998,,Y22256,P
SOUTHERN,4G,FLORIDA 2,335,33973,LEHIGH ACRES,1201 BUSINESS WAY,LEHIGH ACRES,FL,33936,9998,,Y22256,P
SOUTHERN,4G,FLORIDA 2,335,33974,LEHIGH ACRES,1201 BUSINESS WAY,LEHIGH ACRES,FL,33936,9998,,Y22256,P
SOUTHERN,4G,FLORIDA 2,335,33975,LABELLE,35 W WASHINGTON AVE,LABELLE,FL,33935,9998,P,Y22181,P
SOUTHERN,4G,FLORIDA 2,335,33976,LEHIGH ACRES,1201 BUSINESS WAY,LEHIGH ACRES,FL,33936,9998,,Y22256,P
SOUTHERN,4G,FLORIDA 2,335,33980,PUNTA GORDA,130 E MARION AVE,PUNTA GORDA,FL,33950,9998,,Y22768,P
SOUTHERN,4G,FLORIDA 2,335,33981,PORT CHARLOTTE ANNEX,18100 PAULSON DR,PORT CHARLOTTE,FL,33954,9998,,Y22738,4
SOUTHERN,4G,FLORIDA 2,335,33982,PUNTA GORDA,130 E MARION AVE,PUNTA GORDA,FL,33950,9998,,Y22768,P
SOUTHERN,4G,FLORIDA 2,335,33983,PUNTA GORDA,130 E MARION AVE,PUNTA GORDA,FL,33950,9998,,Y22768,P
SOUTHERN,4G,FLORIDA 2,335,33990,CAPE CORAL CENTRAL,1030 SE 9TH AVE,CAPE CORAL,FL,33990,9998,,Y21537,B
SOUTHERN,4G,FLORIDA 2,335,33991,CAPE CORAL NORTH,1441 SW 4TH ST,CAPE CORAL,FL,33991,9990,,020024,B
SOUTHERN,4G,FLORIDA 2,335,33993,MATLACHA,4547 PINE ISLAND RD NW UNIT A,MATLACHA,FL,33993,9767,,Y22350,C
SOUTHERN,4G,FLORIDA 2,335,33993,CAPE CORAL NORTH,1441 SW 4TH ST,CAPE CORAL,FL,33991,9990,,020024,B
SOUTHERN,4G,FLORIDA 2,335,33994,TICE,4585 PALM BEACH BLVD,FORT MYERS,FL,33905,3510,P,Y23099,B
SOUTHERN,4G,FLORIDA 2,335,34101,NAPLES,1200 GOODLETTE-FRANK RD N,NAPLES,FL,34102,5254,P,Y22467,P
SOUTHERN,4G,FLORIDA 2,335,34102,NAPLES,1200 GOODLETTE-FRANK RD N,NAPLES,FL,34102,5254,,Y22467,P
SOUTHERN,4G,FLORIDA 2,335,34103,NAPLES,1200 GOODLETTE-FRANK RD N,NAPLES,FL,34102,5254,,Y22467,P
SOUTHERN,4G,FLORIDA 2,335,34104,EAST NAPLES CARRIER ANNEX,3573 PROGRESS AVE,NAPLES,FL,34104,9998,,013332,4
SOUTHERN,4G,FLORIDA 2,335,34105,NAPLES,1200 GOODLETTE-FRANK RD N,NAPLES,FL,34102,5254,,Y22467,P
SOUTHERN,4G,FLORIDA 2,335,34106,DOWNTOWN NAPLES,860 6TH AVE S,NAPLES,FL,34102,6706,P,Y21733,S
SOUTHERN,4G,FLORIDA 2,335,34108,COCO RIVER,1130 CREEKSIDE PKWY,NAPLES,FL,34108,1929,,Y28224,B
SOUTHERN,4G,FLORIDA 2,335,34109,COCO RIVER,1130 CREEKSIDE PKWY,NAPLES,FL,34108,1929,,Y28224,B
SOUTHERN,4G,FLORIDA 2,335,34110,COCO RIVER,1130 CREEKSIDE PKWY,NAPLES,FL,34108,1929,,Y28224,B
SOUTHERN,4G,FLORIDA 2,335,34112,EAST NAPLES CARRIER ANNEX,3573 PROGRESS AVE,NAPLES,FL,34104,9998,,013332,4
SOUTHERN,4G,FLORIDA 2,335,34113,NAPLES,1200 GOODLETTE-FRANK RD N,NAPLES,FL,34102,5254,,Y22467,P
SOUTHERN,4G,FLORIDA 2,335,34114,NAPLES,1200 GOODLETTE-FRANK RD N,NAPLES,FL,34102,5254,,Y22467,P
SOUTHERN,4G,FLORIDA 2,335,34116,GOLDEN GATE,11665 COLLIER BLVD,NAPLES,FL,34116,9998,,Y21944,B
SOUTHERN,4G,FLORIDA 2,335,34116,EAST NAPLES CARRIER ANNEX,3573 PROGRESS AVE,NAPLES,FL,34104,9998,,013332,4
SOUTHERN,4G,FLORIDA 2,335,34117,GOLDEN GATE CARRIER ANNEX,4080 15TH AVE SW,NAPLES,FL,34116,5235,,Y27394,4
SOUTHERN,4G,FLORIDA 2,335,34119,GOLDEN GATE CARRIER ANNEX,4080 15TH AVE SW,NAPLES,FL,34116,5235,,Y27394,4
SOUTHERN,4G,FLORIDA 2,335,34120,GOLDEN GATE CARRIER ANNEX,4080 15TH AVE SW,NAPLES,FL,34116,5235,,Y27394,4
SOUTHERN,4G,FLORIDA 2,335,34133,BONITA BEACH ROAD,9071 BONITA BEACH RD SE,BONITA SPRINGS,FL,34135,9974,P,002315,S
SOUTHERN,4G,FLORIDA 2,335,34134,BONITA SPRINGS,26150 OLD 41 RD,BONITA SPRINGS,FL,34135,6632,,Y21486,P
SOUTHERN,4G,FLORIDA 2,335,34135,BONITA SPRINGS,26150 OLD 41 RD,BONITA SPRINGS,FL,34135,6632,,Y21486,P
SOUTHERN,4G,FLORIDA 2,335,34136,BONITA SPRINGS,26150 OLD 41 RD,BONITA SPRINGS,FL,34135,6632,P,Y21486,P
SOUTHERN,4G,FLORIDA 2,335,34137,EVERGLADES CITY,601 COLLIER AVE,EVERGLADES CITY,FL,34139,9800,P,Y21812,P
SOUTHERN,4G,FLORIDA 2,335,34138,EVERGLADES CITY,601 COLLIER AVE,EVERGLADES CITY,FL,34139,9800,P,Y21812,P
SOUTHERN,4G,FLORIDA 2,335,34139,EVERGLADES CITY,601 COLLIER AVE,EVERGLADES CITY,FL,34139,9800,P,Y21812,P
SOUTHERN,4G,FLORIDA 2,335,34140,GOODLAND,427 PAPAYA ST,GOODLAND,FL,34140,9800,P,Y21955,P
SOUTHERN,4G,FLORIDA 2,335,34141,OCHOPEE,38000 TAMIAMI TRL E,OCHOPEE,FL,34141,2003,,Y22575,P
SOUTHERN,4G,FLORIDA 2,335,34142,IMMOKALEE,810 N 15TH ST,IMMOKALEE,FL,34142,9998,,Y22085,P
SOUTHERN,4G,FLORIDA 2,335,34143,IMMOKALEE,810 N 15TH ST,IMMOKALEE,FL,34142,9998,P,Y22085,P
SOUTHERN,4G,FLORIDA 2,335,34145,MARCO ISLAND,600 E ELKCAM CIR,MARCO ISLAND,FL,34145,9998,,Y22337,P
SOUTHERN,4G,FLORIDA 2,335,34146,MARCO ISLAND,600 E ELKCAM CIR,MARCO ISLAND,FL,34145,9998,P,Y22337,P
SOUTHERN,4G,FLORIDA 2,335,34201,BRADEN RIVER,4112 53RD AVE E,BRADENTON,FL,34203,9998,,Y21496,B
SOUTHERN,4G,FLORIDA 2,335,34202,LAKEWOOD RANCH,5910 POST BLVD,BRADENTON,FL,34211,9998,,011815,B
SOUTHERN,4G,FLORIDA 2,335,34203,BRADEN RIVER,4112 53RD AVE E,BRADENTON,FL,34203,9998,,Y21496,B
SOUTHERN,4G,FLORIDA 2,335,34204,BRADEN RIVER,4112 53RD AVE E,BRADENTON,FL,34203,9998,P,Y21496,B
SOUTHERN,4G,FLORIDA 2,335,34205,BRADENTON CARRIER ANNEX,815 4TH AVE W,BRADENTON,FL,34205,8609,,Y27864,4
SOUTHERN,4G,FLORIDA 2,335,34206,BRADENTON,824 MANATEE AVE W,BRADENTON,FL,34205,9998,P,Y21497,P
SOUTHERN,4G,FLORIDA 2,335,34207,FIFTY SEVENTH AVENUE,2005 57TH AVE W,BRADENTON,FL,34207,9998,,Y21832,B
SOUTHERN,4G,FLORIDA 2,335,34208,BRADENTON CARRIER ANNEX,815 4TH AVE W,BRADENTON,FL,34205,8609,,Y27864,4
SOUTHERN,4G,FLORIDA 2,335,34209,PALMA SOLA,115 75TH ST W,BRADENTON,FL,34209,9998,,Y22654,B
SOUTHERN,4G,FLORIDA 2,335,34210,FIFTY SEVENTH AVENUE,2005 57TH AVE W,BRADENTON,FL,34207,9998,,Y21832,B
SOUTHERN,4G,FLORIDA 2,335,34211,LAKEWOOD RANCH,5910 POST BLVD,BRADENTON,FL,34211,9998,,011815,B
SOUTHERN,4G,FLORIDA 2,335,34212,LAKEWOOD RANCH,5910 POST BLVD,BRADENTON,FL,34211,9998,,011815,B
SOUTHERN,4G,FLORIDA 2,335,34215,CORTEZ,12112 44TH AVE W,CORTEZ,FL,34215,9700,,Y21639,P
SOUTHERN,4G,FLORIDA 2,335,34216,ANNA MARIA,101B S BAY BLVD,ANNA MARIA,FL,34216,9800,P,Y21366,P
SOUTHERN,4G,FLORIDA 2,335,34217,BRADENTON BEACH,116 BRIDGE ST,BRADENTON BEACH,FL,34217,2435,,Y21499,P
SOUTHERN,4G,FLORIDA 2,335,34218,BRADENTON BEACH,116 BRIDGE ST,BRADENTON BEACH,FL,34217,2435,P,Y21499,P
SOUTHERN,4G,FLORIDA 2,335,34219,PARRISH,12144 US HIGHWAY 301 N,PARRISH,FL,34219,9998,,Y22664,P
SOUTHERN,4G,FLORIDA 2,335,34220,PALMETTO,520 7TH ST W,PALMETTO,FL,34221,4703,P,Y22656,P
SOUTHERN,4G,FLORIDA 2,335,34221,PALMETTO,520 7TH ST W,PALMETTO,FL,34221,4703,,Y22656,P
SOUTHERN,4G,FLORIDA 2,335,34222,ELLENTON,2605 72ND AVE E,ELLENTON,FL,34222,9998,,Y21796,P
SOUTHERN,4G,FLORIDA 2,335,34223,ENGLEWOOD,950 S RIVER RD,ENGLEWOOD,FL,34223,9998,,Y21800,P
SOUTHERN,4G,FLORIDA 2,335,34224,ENGLEWOOD,950 S RIVER RD,ENGLEWOOD,FL,34223,9998,,Y21800,P
SOUTHERN,4G,FLORIDA 2,335,34228,LONGBOAT KEY,560 BAY ISLES RD,LONGBOAT KEY,FL,34228,9998,,Y22288,P
SOUTHERN,4G,FLORIDA 2,335,34229,OSPREY,333 S TAMIAMI TRL,OSPREY,FL,34229,9213,,Y22621,P
SOUTHERN,4G,FLORIDA 2,335,34230,SARASOTA FL S&DC,1661 RINGLING BLVD,SARASOTA,FL,34230,9950,P,020681,4
SOUTHERN,4G,FLORIDA 2,335,34231,GULF GATE,2875 ASHTON RD,SARASOTA,FL,34231,9998,,Y21986,B
SOUTHERN,4G,FLORIDA 2,335,34232,GLENGARRY,935 N BENEVA RD STE 801,SARASOTA,FL,34232,9998,,Y28051,S
SOUTHERN,4G,FLORIDA 2,335,34233,GLENGARRY,935 N BENEVA RD STE 801,SARASOTA,FL,34232,9998,,Y28051,S
SOUTHERN,4G,FLORIDA 2,335,34234,SARASOTA FL S&DC,1661 RINGLING BLVD,SARASOTA,FL,34230,9950,,020681,4
SOUTHERN,4G,FLORIDA 2,335,34235,GLENGARRY,935 N BENEVA RD STE 801,SARASOTA,FL,34232,9998,,Y28051,S
SOUTHERN,4G,FLORIDA 2,335,34236,SARASOTA FL S&DC,1661 RINGLING BLVD,SARASOTA,FL,34230,9950,,020681,4
SOUTHERN,4G,FLORIDA 2,335,34237,SARASOTA FL S&DC,1661 RINGLING BLVD,SARASOTA,FL,34230,9950,,020681,4
SOUTHERN,4G,FLORIDA 2,335,34238,SARASOTA CARRIER ANNEX,6552 PALMER PARK CIR,SARASOTA,FL,34238,7700,,012490,4
SOUTHERN,4G,FLORIDA 2,335,34239,SOUTHGATE,2055 SIESTA DR,SARASOTA,FL,34239,9998,,Y22941,S
SOUTHERN,4G,FLORIDA 2,335,34240,GLENGARRY,935 N BENEVA RD STE 801,SARASOTA,FL,34232,9998,,Y28051,S
SOUTHERN,4G,FLORIDA 2,335,34241,SARASOTA CARRIER ANNEX,6552 PALMER PARK CIR,SARASOTA,FL,34238,7700,,012490,4
SOUTHERN,4G,FLORIDA 2,335,34242,GULF GATE,2875 ASHTON RD,SARASOTA,FL,34231,9998,,Y21986,B
SOUTHERN,4G,FLORIDA 2,335,34243,SARASOTA FL S&DC,1661 RINGLING BLVD,SARASOTA,FL,34230,9950,,020681,4
SOUTHERN,4G,FLORIDA 2,335,34250,TERRA CEIA,1891 CENTER RD,TERRA CEIA,FL,34250,9800,P,Y23096,P
SOUTHERN,4G,FLORIDA 2,335,34251,MYAKKA CITY,10490 CARLTON AVE,MYAKKA CITY,FL,34251,9998,,Y22443,P
SOUTHERN,4G,FLORIDA 2,335,34264,ONECO,2333 53RD AVE E,ONECO,FL,34264,9800,P,Y22593,P
SOUTHERN,4G,FLORIDA 2,335,34265,ARCADIA,109 N POLK AVE,ARCADIA,FL,34266,9998,P,Y21373,P
SOUTHERN,4G,FLORIDA 2,335,34266,ARCADIA,109 N POLK AVE,ARCADIA,FL,34266,9998,,Y21373,P
SOUTHERN,4G,FLORIDA 2,335,34267,FORT OGDEN,9693 SW HIGHWAY 17,FORT OGDEN,FL,34267,9800,P,Y21889,P
SOUTHERN,4G,FLORIDA 2,335,34268,NOCATEE,2509 SW COUNTY ROAD 760,NOCATEE,FL,34268,9800,P,Y22514,P
SOUTHERN,4G,FLORIDA 2,335,34269,ARCADIA,109 N POLK AVE,ARCADIA,FL,34266,9998,,Y21373,P
SOUTHERN,4G,FLORIDA 2,335,34270,TALLEVAST,2205 TALLEVAST RD,TALLEVAST,FL,34270,9800,P,Y23074,P
SOUTHERN,4G,FLORIDA 2,335,34272,LAUREL,302 LAUREL RD E,LAUREL,FL,34272,9800,P,Y22246,P
SOUTHERN,4G,FLORIDA 2,335,34274,NOKOMIS,303 LAUREL RD W,NOKOMIS,FL,34275,9998,P,Y22515,P
SOUTHERN,4G,FLORIDA 2,335,34275,NOKOMIS,303 LAUREL RD W,NOKOMIS,FL,34275,9998,,Y22515,P
SOUTHERN,4G,FLORIDA 2,335,34276,GULF GATE,2875 ASHTON RD,SARASOTA,FL,34231,9998,P,Y21986,B
SOUTHERN,4G,FLORIDA 2,335,34277,SOUTHGATE,2055 SIESTA DR,SARASOTA,FL,34239,9998,P,Y22941,S
SOUTHERN,4G,FLORIDA 2,335,34280,PALMA SOLA,115 75TH ST W,BRADENTON,FL,34209,9998,P,Y22654,B
SOUTHERN,4G,FLORIDA 2,335,34281,CPU COTTAGE TRAILER,6814 CANADA BLVD,BRADENTON,FL,34207,5724,P,Y23114,5
SOUTHERN,4G,FLORIDA 2,335,34282,FIFTY SEVENTH AVENUE,2005 57TH AVE W,BRADENTON,FL,34207,9998,P,Y21832,B
SOUTHERN,4G,FLORIDA 2,335,34284,VENICE,350 W VENICE AVE,VENICE,FL,34285,0001,P,Y23163,P
SOUTHERN,4G,FLORIDA 2,335,34285,VENICE,350 W VENICE AVE,VENICE,FL,34285,0001,,Y23163,P
SOUTHERN,4G,FLORIDA 2,335,34286,NORTH PORT,13611 TAMIAMI TRL,NORTH PORT,FL,34287,9998,,Y22540,4
SOUTHERN,4G,FLORIDA 2,335,34287,NORTH PORT,13611 TAMIAMI TRL,NORTH PORT,FL,34287,9998,,Y22540,4
SOUTHERN,4G,FLORIDA 2,335,34288,NORTH PORT,13611 TAMIAMI TRL,NORTH PORT,FL,34287,9998,,Y22540,4
SOUTHERN,4G,FLORIDA 2,335,34289,NORTH PORT,13611 TAMIAMI TRL,NORTH PORT,FL,34287,9998,,Y22540,4
SOUTHERN,4G,FLORIDA 2,335,34290,CITY CENTER,4975 CITY HALL BLVD,NORTH PORT,FL,34286,4103,P,010943,B
SOUTHERN,4G,FLORIDA 2,335,34291,NORTH PORT,13611 TAMIAMI TRL,NORTH PORT,FL,34287,9998,,Y22540,4
SOUTHERN,4G,FLORIDA 2,335,34292,VENICE,350 W VENICE AVE,VENICE,FL,34285,0001,,Y23163,P
SOUTHERN,4G,FLORIDA 2,335,34293,VENICE CARRIER ANNEX,314 SEABOARD AVE,VENICE,FL,34285,4620,,Y27883,4
SOUTHERN,4G,FLORIDA 2,335,34295,ENGLEWOOD,950 S RIVER RD,ENGLEWOOD,FL,34223,9998,P,Y21800,P
SOUTHERN,4G,FLORIDA 1,320,34420,BELLEVIEW,4800 SE 110TH ST,BELLEVIEW,FL,34420,9998,,Y21456,P
SOUTHERN,4G,FLORIDA 1,320,34421,BELLEVIEW,4800 SE 110TH ST,BELLEVIEW,FL,34420,9998,P,Y21456,P
SOUTHERN,4G,FLORIDA 1,320,34423,CRYSTAL RIVER,18 NE 4TH AVE,CRYSTAL RIVER,FL,34429,9998,P,Y21665,P
SOUTHERN,4G,FLORIDA 1,320,34428,CRYSTAL RIVER,18 NE 4TH AVE,CRYSTAL RIVER,FL,34429,9998,,Y21665,P
SOUTHERN,4G,FLORIDA 1,320,34429,CRYSTAL RIVER,18 NE 4TH AVE,CRYSTAL RIVER,FL,34429,9998,,Y21665,P
SOUTHERN,4G,FLORIDA 1,320,34430,DUNNELLON,11432 N WILLIAMS ST,DUNNELLON,FL,34432,9998,P,Y21750,P
SOUTHERN,4G,FLORIDA 1,320,34431,DUNNELLON,11432 N WILLIAMS ST,DUNNELLON,FL,34432,9998,,Y21750,P
SOUTHERN,4G,FLORIDA 1,320,34432,DUNNELLON,11432 N WILLIAMS ST,DUNNELLON,FL,34432,9998,,Y21750,P
SOUTHERN,4G,FLORIDA 1,320,34433,DUNNELLON,11432 N WILLIAMS ST,DUNNELLON,FL,34432,9998,,Y21750,P
SOUTHERN,4G,FLORIDA 1,320,34434,DUNNELLON CARRIERS,320 S LECANTO HWY,LECANTO,FL,34461,9889,,021537,Z
SOUTHERN,4G,FLORIDA 1,320,34436,FLORAL CITY,7667 S FLORIDA AVE,FLORAL CITY,FL,34436,9998,,Y21858,P
SOUTHERN,4G,FLORIDA 1,320,34441,HERNANDO,3795 E PARSONS POINT RD,HERNANDO,FL,34442,9998,P,Y22019,P
SOUTHERN,4G,FLORIDA 1,320,34442,LECANTO,320 S LECANTO HWY,LECANTO,FL,34461,9998,,Y22251,P
SOUTHERN,4G,FLORIDA 1,320,34445,HOLDER,6906 N FLORIDA AVE,HOLDER,FL,34445,0195,P,Y22051,P
SOUTHERN,4G,FLORIDA 1,320,34446,HOMOSASSA SPRINGS,4610 S SUNCOAST BLVD,HOMOSASSA,FL,34446,1700,,Y22069,P
SOUTHERN,4G,FLORIDA 1,320,34447,HOMOSASSA SPRINGS,4610 S SUNCOAST BLVD,HOMOSASSA,FL,34446,1700,P,Y22069,P
SOUTHERN,4G,FLORIDA 1,320,34448,HOMOSASSA SPRINGS,4610 S SUNCOAST BLVD,HOMOSASSA,FL,34446,1700,,Y22069,P
SOUTHERN,4G,FLORIDA 1,320,34449,INGLIS,70 N INGLIS AVE,INGLIS,FL,34449,9998,,Y22100,P
SOUTHERN,4G,FLORIDA 1,320,34450,INVERNESS,1400 HIGHWAY 41 N,INVERNESS,FL,34450,9998,,Y22109,P
SOUTHERN,4G,FLORIDA 1,320,34451,INVERNESS,1400 HIGHWAY 41 N,INVERNESS,FL,34450,9998,P,Y22109,P
SOUTHERN,4G,FLORIDA 1,320,34452,INVERNESS,1400 HIGHWAY 41 N,INVERNESS,FL,34450,9998,,Y22109,P
SOUTHERN,4G,FLORIDA 1,320,34453,INVERNESS,1400 HIGHWAY 41 N,INVERNESS,FL,34450,9998,,Y22109,P
SOUTHERN,4G,FLORIDA 1,320,34460,LECANTO,320 S LECANTO HWY,LECANTO,FL,34461,9998,P,Y22251,P
SOUTHERN,4G,FLORIDA 1,320,34461,LECANTO,320 S LECANTO HWY,LECANTO,FL,34461,9998,,Y22251,P
SOUTHERN,4G,FLORIDA 1,320,34464,BEVERLY HILLS,3971 N LECANTO HWY,BEVERLY HILLS,FL,34465,9998,P,Y21459,B
SOUTHERN,4G,FLORIDA 1,320,34465,LECANTO,320 S LECANTO HWY,LECANTO,FL,34461,9998,,Y22251,P
SOUTHERN,4G,FLORIDA 1,320,34470,OCALA,400 SW 1ST AVE,OCALA,FL,34478,9998,,Y22570,P
SOUTHERN,4G,FLORIDA 1,320,34471,OCALA,400 SW 1ST AVE,OCALA,FL,34478,9998,,Y22570,P
SOUTHERN,4G,FLORIDA 1,320,34472,MARICAMP,6530 SE MARICAMP RD,OCALA,FL,34472,2808,,Y27398,B
SOUTHERN,4G,FLORIDA 1,320,34473,PADDOCK,4545 SW 60TH AVE,OCALA,FL,34474,4301,,Y22630,B
SOUTHERN,4G,FLORIDA 1,320,34474,PADDOCK,4545 SW 60TH AVE,OCALA,FL,34474,4301,,Y22630,B
SOUTHERN,4G,FLORIDA 1,320,34475,OCALA,400 SW 1ST AVE,OCALA,FL,34478,9998,,Y22570,P
SOUTHERN,4G,FLORIDA 1,320,34476,PADDOCK,4545 SW 60TH AVE,OCALA,FL,34474,4301,,Y22630,B
SOUTHERN,4G,FLORIDA 1,320,34477,PADDOCK,4545 SW 60TH AVE,OCALA,FL,34474,4301,P,Y22630,B
SOUTHERN,4G,FLORIDA 1,320,34478,OCALA,400 SW 1ST AVE,OCALA,FL,34478,9998,P,Y22570,P
SOUTHERN,4G,FLORIDA 1,320,34479,OCALA,400 SW 1ST AVE,OCALA,FL,34478,9998,,Y22570,P
SOUTHERN,4G,FLORIDA 1,320,34480,MARICAMP,6530 SE MARICAMP RD,OCALA,FL,34472,2808,,Y27398,B
SOUTHERN,4G,FLORIDA 1,320,34481,PADDOCK,4545 SW 60TH AVE,OCALA,FL,34474,4301,,Y22630,B
SOUTHERN,4G,FLORIDA 1,320,34482,OCALA,400 SW 1ST AVE,OCALA,FL,34478,9998,,Y22570,P
SOUTHERN,4G,FLORIDA 1,320,34483,MARICAMP,6530 SE MARICAMP RD,OCALA,FL,34472,2808,P,Y27398,B
SOUTHERN,4G,FLORIDA 1,320,34484,OXFORD,3974 COUNTY ROAD 201,OXFORD,FL,34484,2801,,Y22626,P
SOUTHERN,4G,FLORIDA 1,320,34484,SUMMERFIELD,14560 S US HIGHWAY 301,SUMMERFIELD,FL,34491,9998,,Y23037,P
SOUTHERN,4G,FLORIDA 1,320,34487,HOMOSASSA,10780 W YULEE DR,HOMOSASSA,FL,34487,9998,P,Y22068,P
SOUTHERN,4G,FLORIDA 1,320,34488,SILVER SPRINGS,3050 NE 55TH AVE,SILVER SPRINGS,FL,34488,1719,,Y22894,P
SOUTHERN,4G,FLORIDA 1,320,34489,SILVER SPRINGS,3050 NE 55TH AVE,SILVER SPRINGS,FL,34488,1719,P,Y22894,P
SOUTHERN,4G,FLORIDA 1,320,34491,SUMMERFIELD,14560 S US HIGHWAY 301,SUMMERFIELD,FL,34491,9998,,Y23037,P
SOUTHERN,4G,FLORIDA 1,320,34492,SUMMERFIELD,14560 S US HIGHWAY 301,SUMMERFIELD,FL,34491,9998,P,Y23037,P
SOUTHERN,4G,FLORIDA 1,320,34498,INGLIS,70 N INGLIS AVE,INGLIS,FL,34449,9998,,Y22100,P
SOUTHERN,4G,FLORIDA 1,320,34498,YANKEETOWN,17 56TH ST,YANKEETOWN,FL,34498,9998,,Y23286,P
SOUTHERN,4G,FLORIDA 2,335,34601,DOWNTOWN BROOKSVILLE,207 E FORT DADE AVE,BROOKSVILLE,FL,34601,2613,,Y21723,S
SOUTHERN,4G,FLORIDA 2,335,34602,BROOKSVILLE,19101 CORTEZ BLVD,BROOKSVILLE,FL,34601,9998,,Y21513,P
SOUTHERN,4G,FLORIDA 2,335,34603,BROOKSVILLE,19101 CORTEZ BLVD,BROOKSVILLE,FL,34601,9998,P,Y21513,P
SOUTHERN,4G,FLORIDA 2,335,34604,AVIATION,16150 AVIATION LOOP DR,BROOKSVILLE,FL,34604,6992,,Y21392,B
SOUTHERN,4G,FLORIDA 2,335,34605,DOWNTOWN BROOKSVILLE,207 E FORT DADE AVE,BROOKSVILLE,FL,34601,2613,P,Y21723,S
SOUTHERN,4G,FLORIDA 2,335,34606,SPRING HILL,8501 PHILATELIC DR,SPRING HILL,FL,34606,9998,,Y22951,B
SOUTHERN,4G,FLORIDA 2,335,34607,SPRING HILL,8501 PHILATELIC DR,SPRING HILL,FL,34606,9998,,Y22951,B
SOUTHERN,4G,FLORIDA 2,335,34608,SPRING HILL,8501 PHILATELIC DR,SPRING HILL,FL,34606,9998,,Y22951,B
SOUTHERN,4G,FLORIDA 2,335,34609,AVIATION,16150 AVIATION LOOP DR,BROOKSVILLE,FL,34604,6992,,Y21392,B
SOUTHERN,4G,FLORIDA 2,335,34610,AVIATION,16150 AVIATION LOOP DR,BROOKSVILLE,FL,34604,6992,,Y21392,B
SOUTHERN,4G,FLORIDA 2,335,34611,PLAZA,7341 SPRING HILL DR,SPRING HILL,FL,34606,4300,P,Y22713,B
SOUTHERN,4G,FLORIDA 2,335,34611,SPRING HILL,8501 PHILATELIC DR,SPRING HILL,FL,34606,9998,P,Y22951,B
SOUTHERN,4G,FLORIDA 2,335,34613,BROOKSVILLE,19101 CORTEZ BLVD,BROOKSVILLE,FL,34601,9998,,Y21513,P
SOUTHERN,4G,FLORIDA 2,335,34614,BROOKSVILLE,19101 CORTEZ BLVD,BROOKSVILLE,FL,34601,9998,,Y21513,P
SOUTHERN,4G,FLORIDA 2,335,34636,ISTACHATTA,28199 MAGNON DR,ISTACHATTA,FL,34636,9801,P,Y22118,P
SOUTHERN,4G,FLORIDA 2,335,34637,LAND O LAKES CARRIER ANNEX,5875 EHREN CUTOFF,LAND O LAKES,FL,34639,3423,,012489,4
SOUTHERN,4G,FLORIDA 2,335,34638,LAND O LAKES CARRIER ANNEX,5875 EHREN CUTOFF,LAND O LAKES,FL,34639,3423,,012489,4
SOUTHERN,4G,FLORIDA 2,335,34639,LAND O LAKES,5230 LAND O LAKES BLVD,LAND O LAKES,FL,34639,9998,,Y22233,P
SOUTHERN,4G,FLORIDA 2,335,34652,NEW PORT RICHEY,6550 MAIN ST,NEW PORT RICHEY,FL,34653,3911,,Y22487,P
SOUTHERN,4G,FLORIDA 2,335,34653,NEW PORT RICHEY,6550 MAIN ST,NEW PORT RICHEY,FL,34653,3911,,Y22487,P
SOUTHERN,4G,FLORIDA 2,335,34654,TRINITY CARRIER ANNEX,4022 LITTLE RD,NEW PORT RICHEY,FL,34655,1797,,009174,4
SOUTHERN,4G,FLORIDA 2,335,34655,TRINITY CARRIER ANNEX,4022 LITTLE RD,NEW PORT RICHEY,FL,34655,1797,,009174,4
SOUTHERN,4G,FLORIDA 2,335,34656,NEW PORT RICHEY,6550 MAIN ST,NEW PORT RICHEY,FL,34653,3911,P,Y22487,P
SOUTHERN,4G,FLORIDA 2,335,34660,OZONA,310 ORANGE ST,OZONA,FL,34660,9801,P,Y22627,P
SOUTHERN,4G,FLORIDA 2,335,34661,NOBLETON,29095 FORBES ST,NOBLETON,FL,34661,9801,P,Y22513,P
SOUTHERN,4G,FLORIDA 2,335,34667,HUDSON,13610 BIG BEND DR,HUDSON,FL,34667,9998,,Y22074,B
SOUTHERN,4G,FLORIDA 2,335,34668,PORT RICHEY,8101 WASHINGTON ST,PORT RICHEY,FL,34668,9998,,Y22745,P
SOUTHERN,4G,FLORIDA 2,335,34669,HUDSON,13610 BIG BEND DR,HUDSON,FL,34667,9998,,Y22074,B
SOUTHERN,4G,FLORIDA 2,335,34673,EMBASSY CROSSING,9602 US HIGHWAY 19,PORT RICHEY,FL,34668,4642,P,Y28230,B
SOUTHERN,4G,FLORIDA 2,335,34674,HUDSON,13610 BIG BEND DR,HUDSON,FL,34667,9998,P,Y22074,B
SOUTHERN,4G,FLORIDA 2,335,34677,OLDSMAR,3905 TAMPA RD,OLDSMAR,FL,34677,3125,,Y22586,P
SOUTHERN,4G,FLORIDA 2,335,34679,HUDSON,13610 BIG BEND DR,HUDSON,FL,34667,9998,P,Y22074,B
SOUTHERN,4G,FLORIDA 2,335,34680,ELFERS,4122 MADISON ST,ELFERS,FL,34680,9801,P,Y21794,P
SOUTHERN,4G,FLORIDA 2,335,34681,CRYSTAL BEACH,420 CRYSTAL BEACH AVE,CRYSTAL BEACH,FL,34681,9803,P,Y21663,P
SOUTHERN,4G,FLORIDA 2,335,34682,PALM HARBOR,495 ALT 19,PALM HARBOR,FL,34683,9998,P,Y22645,P
SOUTHERN,4G,FLORIDA 2,335,34683,PALM HARBOR,495 ALT 19,PALM HARBOR,FL,34683,9998,,Y22645,P
SOUTHERN,4G,FLORIDA 2,335,34684,PALM HARBOR,495 ALT 19,PALM HARBOR,FL,34683,9998,,Y22645,P
SOUTHERN,4G,FLORIDA 2,335,34685,PALM HARBOR,495 ALT 19,PALM HARBOR,FL,34683,9998,,Y22645,P
SOUTHERN,4G,FLORIDA 2,335,34688,TARPON SPRINGS,850 E LIME ST,TARPON SPRINGS,FL,34689,9998,,Y23084,P
SOUTHERN,4G,FLORIDA 2,335,34689,TARPON SPRINGS,850 E LIME ST,TARPON SPRINGS,FL,34689,9998,,Y23084,P
SOUTHERN,4G,FLORIDA 2,335,34690,TARPON SPRINGS,850 E LIME ST,TARPON SPRINGS,FL,34689,9998,,Y23084,P
SOUTHERN,4G,FLORIDA 2,335,34691,TARPON SPRINGS,850 E LIME ST,TARPON SPRINGS,FL,34689,9998,,Y23084,P
SOUTHERN,4G,FLORIDA 2,335,34692,HOLIDAY,4737 MILE STRETCH DR,HOLIDAY,FL,34690,9998,P,Y22052,B
SOUTHERN,4G,FLORIDA 2,335,34695,SAFETY HARBOR,1703 N MCMULLEN BOOTH RD,SAFETY HARBOR,FL,34695,9995,,Y22823,P
SOUTHERN,4G,FLORIDA 2,335,34697,DUNEDIN,1350 COUNTY ROAD 1,DUNEDIN,FL,34698,9998,P,Y21747,P
SOUTHERN,4G,FLORIDA 2,335,34698,DUNEDIN,1350 COUNTY ROAD 1,DUNEDIN,FL,34698,9998,,Y21747,P
SOUTHERN,4G,FLORIDA 2,335,34705,ASTATULA,25711 MONROE ST,ASTATULA,FL,34705,9998,,Y21380,P
SOUTHERN,4G,FLORIDA 2,335,34711,CLERMONT CARRIER ANNEX,400 CITRUS TOWER BLVD,CLERMONT,FL,34711,9996,,003710,4
SOUTHERN,4G,FLORIDA 2,335,34712,CLERMONT,877 W MINNEOLA AVE,CLERMONT,FL,34711,9998,P,Y21598,P
SOUTHERN,4G,FLORIDA 2,335,34713,SOUTH CLERMONT,1100 US HIGHWAY 27 STE F,CLERMONT,FL,34714,9998,P,Y28208,B
SOUTHERN,4G,FLORIDA 2,335,34714,CLERMONT CARRIER ANNEX,400 CITRUS TOWER BLVD,CLERMONT,FL,34711,9996,,003710,4
SOUTHERN,4G,FLORIDA 2,335,34715,CLERMONT CARRIER ANNEX,400 CITRUS TOWER BLVD,CLERMONT,FL,34711,9996,,003710,4
SOUTHERN,4G,FLORIDA 2,335,34731,FRUITLAND PARK,104 W MILLER ST,FRUITLAND PARK,FL,34731,9998,,Y21898,P
SOUTHERN,4G,FLORIDA 2,335,34734,GOTHA,9907 8TH ST,GOTHA,FL,34734,9998,,Y21957,P
SOUTHERN,4G,FLORIDA 2,335,34736,GROVELAND,304 W BROAD ST,GROVELAND,FL,34736,9998,,Y21983,P
SOUTHERN,4G,FLORIDA 2,335,34737,HOWEY IN THE HILLS,105 S FLORIDA AVE,HOWEY IN THE HILLS,FL,34737,9998,,Y22073,P
SOUTHERN,4G,FLORIDA 2,335,34739,KENANSVILLE,140 N KENANSVILLE RD,KENANSVILLE,FL,34739,9998,,Y22157,P
SOUTHERN,4G,FLORIDA 2,335,34739,SAINT CLOUD,4701 OLD CANOE CREEK RD,SAINT CLOUD,FL,34769,9998,,Y22831,P
SOUTHERN,4G,FLORIDA 2,335,34740,OAKLAND,210 N TUBB ST,OAKLAND,FL,34760,8900,P,Y22565,P
SOUTHERN,4G,FLORIDA 2,335,34741,OAK STREET,1415 W OAK ST,KISSIMMEE,FL,34741,9998,,Y22561,S
SOUTHERN,4G,FLORIDA 2,335,34742,OAK STREET,1415 W OAK ST,KISSIMMEE,FL,34741,9998,P,Y22561,S
SOUTHERN,4G,FLORIDA 2,335,34743,KISSIMMEE,2600 MICHIGAN AVE,KISSIMMEE,FL,34744,9998,,Y22175,P
SOUTHERN,4G,FLORIDA 2,335,34744,KISSIMMEE,2600 MICHIGAN AVE,KISSIMMEE,FL,34744,9998,,Y22175,P
SOUTHERN,4G,FLORIDA 2,335,34745,KISSIMMEE,2600 MICHIGAN AVE,KISSIMMEE,FL,34744,9998,P,Y22175,P
SOUTHERN,4G,FLORIDA 2,335,34746,KISSIMMEE CARRIER ANNEX,3050 POLYNESIAN ISLE BLVD,KISSIMMEE,FL,34746,9998,,000175,4
SOUTHERN,4G,FLORIDA 2,335,34747,CELEBRATION,601 MARKET ST,KISSIMMEE,FL,34747,9992,,Y27124,B
SOUTHERN,4G,FLORIDA 2,335,34747,KISSIMMEE CARRIER ANNEX,3050 POLYNESIAN ISLE BLVD,KISSIMMEE,FL,34746,9998,,000175,4
SOUTHERN,4G,FLORIDA 2,335,34748,LEESBURG,1201 S 14TH ST,LEESBURG,FL,34748,9998,,Y22254,P
SOUTHERN,4G,FLORIDA 2,335,34749,LEESBURG,1201 S 14TH ST,LEESBURG,FL,34748,9998,P,Y22254,P
SOUTHERN,4G,FLORIDA 2,335,34753,MASCOTTE,411 MIDWAY AVE,MASCOTTE,FL,34753,9998,,Y22346,P
SOUTHERN,4G,FLORIDA 2,335,34755,MINNEOLA,131 W WASHINGTON ST,MINNEOLA,FL,34755,8327,P,Y22419,P
SOUTHERN,4G,FLORIDA 2,335,34756,MONTVERDE,17101 PORTER AVE,MONTVERDE,FL,34756,9998,,Y22427,P
SOUTHERN,4G,FLORIDA 2,335,34758,KISSIMMEE CARRIER ANNEX,3050 POLYNESIAN ISLE BLVD,KISSIMMEE,FL,34746,9998,,000175,4
SOUTHERN,4G,FLORIDA 2,335,34758,POINCIANA,4774 SAN REMO RD,KISSIMMEE,FL,34758,9998,,012202,B
SOUTHERN,4G,FLORIDA 2,335,34759,POINCIANA,4774 SAN REMO RD,KISSIMMEE,FL,34758,9998,,012202,B
SOUTHERN,4G,FLORIDA 2,335,34760,OAKLAND,210 N TUBB ST,OAKLAND,FL,34760,8900,P,Y22565,P
SOUTHERN,4G,FLORIDA 2,335,34761,OCOEE,449 W SILVER STAR RD,OCOEE,FL,34761,9998,,Y22577,P
SOUTHERN,4G,FLORIDA 2,335,34761,OCOEE CARRIER ANNEX,425 OCOEE APOPKA RD,OCOEE,FL,34761,9996,,012544,4
SOUTHERN,4G,FLORIDA 2,335,34762,LEESBURG,1201 S 14TH ST,LEESBURG,FL,34748,9998,,Y22254,P
SOUTHERN,4G,FLORIDA 2,335,34762,OKAHUMPKA,3441 COUNTY ROAD 470,OKAHUMPKA,FL,34762,9998,,Y22580,P
SOUTHERN,4G,FLORIDA 2,335,34769,SAINT CLOUD,4701 OLD CANOE CREEK RD,SAINT CLOUD,FL,34769,9998,,Y22831,P
SOUTHERN,4G,FLORIDA 2,335,34770,SAINT CLOUD,4701 OLD CANOE CREEK RD,SAINT CLOUD,FL,34769,9998,P,Y22831,P
SOUTHERN,4G,FLORIDA 2,335,34771,SAINT CLOUD,4701 OLD CANOE CREEK RD,SAINT CLOUD,FL,34769,9998,,Y22831,P
SOUTHERN,4G,FLORIDA 2,335,34772,SAINT CLOUD,4701 OLD CANOE CREEK RD,SAINT CLOUD,FL,34769,9998,,Y22831,P
SOUTHERN,4G,FLORIDA 2,335,34773,SAINT CLOUD,4701 OLD CANOE CREEK RD,SAINT CLOUD,FL,34769,9998,,Y22831,P
SOUTHERN,4G,FLORIDA 2,335,34777,DOWNTOWN WINTER GARDEN,207 W PLANT ST,WINTER GARDEN,FL,34787,9992,P,000263,S
SOUTHERN,4G,FLORIDA 2,335,34778,WINTER GARDEN,15155 W COLONIAL DR,WINTER GARDEN,FL,34787,9998,P,Y23269,P
SOUTHERN,4G,FLORIDA 2,335,34785,WILDWOOD,316 SHOPPING CENTER DR,WILDWOOD,FL,34785,9998,,Y23257,P
SOUTHERN,4G,FLORIDA 2,335,34786,WINDERMERE,9300 CONROY WINDERMERE RD,WINDERMERE,FL,34786,9998,,Y23266,P
SOUTHERN,4G,FLORIDA 2,335,34787,WINTER GARDEN,15155 W COLONIAL DR,WINTER GARDEN,FL,34787,9998,,Y23269,P
SOUTHERN,4G,FLORIDA 2,335,34788,LEESBURG,1201 S 14TH ST,LEESBURG,FL,34748,9998,,Y22254,P
SOUTHERN,4G,FLORIDA 2,335,34789,HAINES CREEK,32327 COUNTY ROAD 473,LEESBURG,FL,34788,9998,P,Y22000,B
SOUTHERN,4G,FLORIDA 2,335,34797,YALAHA,8712 COUNTY ROAD 48,YALAHA,FL,34797,9998,,Y23285,P
SOUTHERN,4G,FLORIDA 3,330,34945,FORT PIERCE,5000 W MIDWAY RD,FORT PIERCE,FL,34981,9998,,Y21890,P
SOUTHERN,4G,FLORIDA 3,330,34946,ORANGE AVENUE,1717 ORANGE AVE,FORT PIERCE,FL,34950,9998,,Y22599,S
SOUTHERN,4G,FLORIDA 3,330,34947,ORANGE AVENUE,1717 ORANGE AVE,FORT PIERCE,FL,34950,9998,,Y22599,S
SOUTHERN,4G,FLORIDA 3,330,34948,ORANGE AVENUE,1717 ORANGE AVE,FORT PIERCE,FL,34950,9998,P,Y22599,S
SOUTHERN,4G,FLORIDA 3,330,34949,ORANGE AVENUE,1717 ORANGE AVE,FORT PIERCE,FL,34950,9998,,Y22599,S
SOUTHERN,4G,FLORIDA 3,330,34950,ORANGE AVENUE,1717 ORANGE AVE,FORT PIERCE,FL,34950,9998,,Y22599,S
SOUTHERN,4G,FLORIDA 3,330,34951,ORANGE AVENUE,1717 ORANGE AVE,FORT PIERCE,FL,34950,9998,,Y22599,S
SOUTHERN,4G,FLORIDA 3,330,34952,PORT SAINT LUCIE MIDPORT,2255 SE VETERANS MEMORIAL PKWY,PORT SAINT LUCIE,FL,34952,9998,,Y22748,S
SOUTHERN,4G,FLORIDA 3,330,34953,PORT SAINT LUCIE,290 NW PEACOCK BLVD,PORT SAINT LUCIE,FL,34986,9998,,011951,P
SOUTHERN,4G,FLORIDA 3,330,34954,ORANGE AVENUE,1717 ORANGE AVE,FORT PIERCE,FL,34950,9998,P,Y22599,S
SOUTHERN,4G,FLORIDA 3,330,34956,INDIANTOWN,15300 E THELMA WATERS AVE,INDIANTOWN,FL,34956,9998,,Y22098,P
SOUTHERN,4G,FLORIDA 3,330,34957,JENSEN BEACH,2301 NE SAVANNAH RD,JENSEN BEACH,FL,34957,9998,,Y22145,P
SOUTHERN,4G,FLORIDA 3,330,34957,HUTCHINSON BEACH,11007 S OCEAN DR,JENSEN BEACH,FL,34957,9991,,Y27258,B
SOUTHERN,4G,FLORIDA 3,330,34958,JENSEN BEACH,2301 NE SAVANNAH RD,JENSEN BEACH,FL,34957,9998,P,Y22145,P
SOUTHERN,4G,FLORIDA 3,330,34972,OKEECHOBEE,1000 STATE ROAD 70 E,OKEECHOBEE,FL,34972,9998,,Y22582,P
SOUTHERN,4G,FLORIDA 3,330,34973,OKEECHOBEE,1000 STATE ROAD 70 E,OKEECHOBEE,FL,34972,9998,P,Y22582,P
SOUTHERN,4G,FLORIDA 3,330,34974,OKEECHOBEE,1000 STATE ROAD 70 E,OKEECHOBEE,FL,34972,9998,,Y22582,P
SOUTHERN,4G,FLORIDA 3,330,34979,FORT PIERCE,5000 W MIDWAY RD,FORT PIERCE,FL,34981,9998,P,Y21890,P
SOUTHERN,4G,FLORIDA 3,330,34981,FORT PIERCE,5000 W MIDWAY RD,FORT PIERCE,FL,34981,9998,,Y21890,P
SOUTHERN,4G,FLORIDA 3,330,34982,FORT PIERCE,5000 W MIDWAY RD,FORT PIERCE,FL,34981,9998,,Y21890,P
SOUTHERN,4G,FLORIDA 3,330,34983,FORT PIERCE,5000 W MIDWAY RD,FORT PIERCE,FL,34981,9998,,Y21890,P
SOUTHERN,4G,FLORIDA 3,330,34984,PORT SAINT LUCIE MIDPORT,2255 SE VETERANS MEMORIAL PKWY,PORT SAINT LUCIE,FL,34952,9998,,Y22748,S
SOUTHERN,4G,FLORIDA 3,330,34985,PORT SAINT LUCIE MIDPORT,2255 SE VETERANS MEMORIAL PKWY,PORT SAINT LUCIE,FL,34952,9998,P,Y22748,S
SOUTHERN,4G,FLORIDA 3,330,34986,PORT SAINT LUCIE CARRIER,5000 W MIDWAY RD,FORT PIERCE,FL,34981,9700,,021776,Z
SOUTHERN,4G,FLORIDA 3,330,34987,PORT SAINT LUCIE,290 NW PEACOCK BLVD,PORT SAINT LUCIE,FL,34986,9998,,011951,P
SOUTHERN,4G,FLORIDA 3,330,34988,PORT SAINT LUCIE,290 NW PEACOCK BLVD,PORT SAINT LUCIE,FL,34986,9998,P,011951,P
SOUTHERN,4G,FLORIDA 3,330,34990,PALM CITY ANNEX,3505 SW CORPORATE PKWY,PALM CITY,FL,34990,9991,,004510,4
SOUTHERN,4G,FLORIDA 3,330,34991,PALM CITY,1257 SW MARTIN HWY,PALM CITY,FL,34990,9998,P,Y22643,P
SOUTHERN,4G,FLORIDA 3,330,34992,PORT SALERNO,4755 SE DIXIE HWY,PORT SALERNO,FL,34992,6817,P,Y22749,P
SOUTHERN,4G,FLORIDA 3,330,34994,STUART,801 SE JOHNSON AVE,STUART,FL,34994,9998,,Y23025,P
SOUTHERN,4G,FLORIDA 3,330,34995,STUART,801 SE JOHNSON AVE,STUART,FL,34994,9998,P,Y23025,P
SOUTHERN,4G,FLORIDA 3,330,34996,STUART,801 SE JOHNSON AVE,STUART,FL,34994,9998,,Y23025,P
SOUTHERN,4G,FLORIDA 3,330,34997,STUART ANNEX,4411 SE FEDERAL HWY,STUART,FL,34997,5747,,Y27291,4
