area_name,area_code,district_name,district_no,delivery_zipcode,locale_name,physical_delivery_address,physical_city,physical_state,physical_zip,physical_zip4,zip_class_code,locale_key,locale_type
CENTRAL,4J,ILLINOIS 1,606,60002,ANTIOCH,420 ORCHARD ST,ANTIOCH,IL,60002,3135,,W11865,P
CENTRAL,4J,ILLINOIS 1,606,60002,LAKE VILLA,206 CEDAR AVE,LAKE VILLA,IL,60046,8448,,W13619,P
CENTRAL,4J,ILLINOIS 1,606,60004,ARLINGTON HEIGHTS,909 W EUCLID AVE,ARLINGTON HEIGHTS,IL,60005,9998,,W11888,P
CENTRAL,4J,ILLINOIS 1,606,60005,ARLINGTON HEIGHTS,909 W EUCLID AVE,ARLINGTON HEIGHTS,IL,60005,9998,,W11888,P
CENTRAL,4J,ILLINOIS 1,606,60006,ARLINGTON HEIGHTS,909 W EUCLID AVE,ARLINGTON HEIGHTS,IL,60005,9998,P,W11888,P
CENTRAL,4J,ILLINOIS 1,606,60007,ELK GROVE VILLAGE,611 LANDMEIER RD,ELK GROVE VILLAGE,IL,60007,4765,,W12839,B
CENTRAL,4J,ILLINOIS 1,606,60008,ARLINGTON HEIGHTS,909 W EUCLID AVE,ARLINGTON HEIGHTS,IL,60005,9998,,W11888,P
CENTRAL,4J,ILLINOIS 1,606,60009,ELK GROVE VILLAGE,611 LANDMEIER RD,ELK GROVE VILLAGE,IL,60007,4765,P,W12839,B
CENTRAL,4J,ILLINOIS 1,606,60010,BARRINGTON,1515 S GROVE AVE,BARRINGTON,IL,60010,5268,,W11967,P
CENTRAL,4J,ILLINOIS 1,606,60011,BARRINGTON,1515 S GROVE AVE,BARRINGTON,IL,60010,5268,P,W11967,P
CENTRAL,4J,ILLINOIS 1,606,60011,DOWNTOWN BARRINGTON,106 BARRINGTON COMMONS CT,BARRINGTON,IL,60010,3222,P,W11968,S
CENTRAL,4J,ILLINOIS 1,606,60012,CRYSTAL LAKE,301 E CONGRESS PKWY,CRYSTAL LAKE,IL,60014,6286,,W12558,P
CENTRAL,4J,ILLINOIS 1,606,60013,CARY,2707 3 OAKS RD,CARY,IL,60013,9998,,W12313,P
CENTRAL,4J,ILLINOIS 1,606,60014,CRYSTAL LAKE,301 E CONGRESS PKWY,CRYSTAL LAKE,IL,60014,6286,,W12558,P
CENTRAL,4J,ILLINOIS 1,606,60015,DEERFIELD,707 OSTERMAN AVE,DEERFIELD,IL,60015,4421,,W12612,P
CENTRAL,4J,ILLINOIS 1,606,60016,DES PLAINES,1000 E OAKTON ST,DES PLAINES,IL,60018,6318,,W12634,P
CENTRAL,4J,ILLINOIS 1,606,60016,DOWNTOWN DES PLAINES,684 LEE ST,DES PLAINES,IL,60016,4579,,W12635,S
CENTRAL,4J,ILLINOIS 1,606,60017,DES PLAINES,1000 E OAKTON ST,DES PLAINES,IL,60018,6318,P,W12634,P
CENTRAL,4J,ILLINOIS 1,606,60018,DES PLAINES,1000 E OAKTON ST,DES PLAINES,IL,60018,6318,,W12634,P
CENTRAL,4J,ILLINOIS 1,606,60018,ROSEMONT BRANCH,9507 W HIGGINS RD,ROSEMONT,IL,60018,4934,,015363,B
CENTRAL,4J,ILLINOIS 1,606,60020,FOX LAKE,33 E GRAND AVE,FOX LAKE,IL,60020,1449,,W13010,P
CENTRAL,4J,ILLINOIS 1,606,60020,ROUND LAKE,1940 N MUNICIPAL WAY,ROUND LAKE,IL,60073,4957,,W14712,P
CENTRAL,4J,ILLINOIS 1,606,60021,FOX RIVER GROVE,938 IL ROUTE 22,FOX RIVER GROVE,IL,60021,1918,,W13014,P
CENTRAL,4J,ILLINOIS 1,606,60022,GLENCOE,336 HAZEL AVE,GLENCOE,IL,60022,2600,,W13119,P
CENTRAL,4J,ILLINOIS 1,606,60025,GLENVIEW,1400 PATRIOT BLVD,GLENVIEW,IL,60026,7702,,W13125,P
CENTRAL,4J,ILLINOIS 1,606,60026,GLENVIEW,1400 PATRIOT BLVD,GLENVIEW,IL,60026,7702,,W13125,P
CENTRAL,4J,ILLINOIS 1,606,60029,GOLF,1 BRIAR RD,GOLF,IL,60029,9998,P,W13139,P
CENTRAL,4J,ILLINOIS 1,606,60030,GRAYSLAKE,75 COMMERCE DR,GRAYSLAKE,IL,60030,9998,,W13177,P
CENTRAL,4J,ILLINOIS 1,606,60031,GURNEE,1 N OPLAINE RD,GURNEE,IL,60031,2601,,W13209,P
CENTRAL,4J,ILLINOIS 1,606,60033,HARVARD,300 N EASTMAN ST,HARVARD,IL,60033,2760,,W13259,P
CENTRAL,4J,ILLINOIS 1,606,60034,HEBRON,9912 ILLINOIS ST,HEBRON,IL,60034,8912,,W13279,P
CENTRAL,4J,ILLINOIS 1,606,60035,HIGHLAND PARK,833 CENTRAL AVE,HIGHLAND PARK,IL,60035,3266,,W13313,P
CENTRAL,4J,ILLINOIS 1,606,60039,CRYSTAL LAKE,301 E CONGRESS PKWY,CRYSTAL LAKE,IL,60014,6286,P,W12558,P
CENTRAL,4J,ILLINOIS 1,606,60040,HIGHWOOD,130 HIGHWOOD AVE,HIGHWOOD,IL,60040,1540,,W13320,P
CENTRAL,4J,ILLINOIS 1,606,60041,INGLESIDE,604 ROLLINS RD,INGLESIDE,IL,60041,1000,,W13442,P
CENTRAL,4J,ILLINOIS 1,606,60041,ROUND LAKE,1940 N MUNICIPAL WAY,ROUND LAKE,IL,60073,4957,,W14712,P
CENTRAL,4J,ILLINOIS 1,606,60042,ISLAND LAKE,129 E STATE RD,ISLAND LAKE,IL,60042,1000,,W13458,P
CENTRAL,4J,ILLINOIS 1,606,60043,KENILWORTH,408 GREEN BAY RD,KENILWORTH,IL,60043,1098,,W13536,P
CENTRAL,4J,ILLINOIS 1,606,60043,WILMETTE,1241 CENTRAL AVE,WILMETTE,IL,60091,2571,,W15553,P
CENTRAL,4J,ILLINOIS 1,606,60044,LAKE BLUFF,26 E SCRANTON AVE,LAKE BLUFF,IL,60044,1788,,W13602,P
CENTRAL,4J,ILLINOIS 1,606,60044,LAKE FOREST CARRIER ANNEX,27848 N BRADLEY RD,LAKE FOREST,IL,60045,1121,,002041,4
CENTRAL,4J,ILLINOIS 1,606,60045,LAKE FOREST,230 NORTHGATE ST,LAKE FOREST,IL,60045,1858,,W13607,P
CENTRAL,4J,ILLINOIS 1,606,60045,LAKE FOREST CARRIER ANNEX,27848 N BRADLEY RD,LAKE FOREST,IL,60045,1121,,002041,4
CENTRAL,4J,ILLINOIS 1,606,60046,LAKE VILLA,206 CEDAR AVE,LAKE VILLA,IL,60046,8448,,W13619,P
CENTRAL,4J,ILLINOIS 1,606,60047,LAKE ZURICH,25 TELSER RD,LAKE ZURICH,IL,60047,1510,,W13621,P
CENTRAL,4J,ILLINOIS 1,606,60048,LIBERTYVILLE,1520 ARTAIUS PKWY,LIBERTYVILLE,IL,60048,5269,,W13674,P
CENTRAL,4J,ILLINOIS 1,606,60050,MCHENRY,4530 W CRYSTAL LAKE RD,MCHENRY,IL,60050,5308,,W13871,P
CENTRAL,4J,ILLINOIS 1,606,60051,MCHENRY,4530 W CRYSTAL LAKE RD,MCHENRY,IL,60050,5308,,W13871,P
CENTRAL,4J,ILLINOIS 1,606,60053,MORTON GROVE,9114 WAUKEGAN RD,MORTON GROVE,IL,60053,2123,,W14021,P
CENTRAL,4J,ILLINOIS 1,606,60056,MOUNT PROSPECT,300 W CENTRAL RD,MOUNT PROSPECT,IL,60056,2470,,W14041,P
CENTRAL,4J,ILLINOIS 1,606,60060,MUNDELEIN,435 E HAWLEY ST,MUNDELEIN,IL,60060,2469,,W14072,P
CENTRAL,4J,ILLINOIS 1,606,60061,VERNON HILLS,675 LAKEVIEW PKWY,VERNON HILLS,IL,60061,1466,,W15369,B
CENTRAL,4J,ILLINOIS 1,606,60062,NORTHBROOK,2460 DUNDEE RD,NORTHBROOK,IL,60062,2620,,W14201,P
CENTRAL,4J,ILLINOIS 1,606,60064,NORTH CHICAGO,1514 SHERIDAN RD,NORTH CHICAGO,IL,60064,1852,,W14185,P
CENTRAL,4J,ILLINOIS 1,606,60065,NORTHBROOK,2460 DUNDEE RD,NORTHBROOK,IL,60062,2620,P,W14201,P
CENTRAL,4J,ILLINOIS 1,606,60065,DOWNTOWN NORTHBROOK,1157 CHURCH ST,NORTHBROOK,IL,60062,3684,P,W14202,S
CENTRAL,4J,ILLINOIS 1,606,60067,PALATINE,440 W COLFAX ST,PALATINE,IL,60067,2537,,W14358,P
CENTRAL,4J,ILLINOIS 1,606,60068,PARK RIDGE,333 BUSSE HWY,PARK RIDGE,IL,60068,3285,,W14393,P
CENTRAL,4J,ILLINOIS 1,606,60069,LINCOLNSHIRE,125 SCHELTER RD,LINCOLNSHIRE,IL,60069,3666,,W13692,P
CENTRAL,4J,ILLINOIS 1,606,60070,MOUNT PROSPECT,300 W CENTRAL RD,MOUNT PROSPECT,IL,60056,2470,,W14041,P
CENTRAL,4J,ILLINOIS 1,606,60070,PROSPECT HEIGHTS,9 S ELMHURST RD,PROSPECT HEIGHTS,IL,60070,2895,,W14538,P
CENTRAL,4J,ILLINOIS 1,606,60071,RICHMOND,5510 MILL ST,RICHMOND,IL,60071,8018,,W14602,P
CENTRAL,4J,ILLINOIS 1,606,60072,RINGWOOD,5016 BARNARD MILL RD,RINGWOOD,IL,60072,9670,,W14614,P
CENTRAL,4J,ILLINOIS 1,606,60073,ROUND LAKE,1940 N MUNICIPAL WAY,ROUND LAKE,IL,60073,4957,,W14712,P
CENTRAL,4J,ILLINOIS 1,606,60074,PALATINE,440 W COLFAX ST,PALATINE,IL,60067,2537,,W14358,P
CENTRAL,4J,ILLINOIS 1,606,60075,RUSSELL,43410 N KILBOURNE RD,RUSSELL,IL,60075,1000,P,W14745,P
CENTRAL,4J,ILLINOIS 1,606,60076,SKOKIE POSTAL STORE,9318 SKOKIE BLVD,SKOKIE,IL,60077,1300,,W1B764,S
CENTRAL,4J,ILLINOIS 1,606,60076,SKOKIE,4950 MADISON ST,SKOKIE,IL,60077,2570,,W14888,P
CENTRAL,4J,ILLINOIS 1,606,60077,SKOKIE,4950 MADISON ST,SKOKIE,IL,60077,2570,,W14888,P
CENTRAL,4J,ILLINOIS 1,606,60078,PALATINE,440 W COLFAX ST,PALATINE,IL,60067,2537,P,W14358,P
CENTRAL,4J,ILLINOIS 1,606,60079,EDISON SQUARE,1519 N LEWIS AVE,WAUKEGAN,IL,60085,1700,P,W12801,S
CENTRAL,4J,ILLINOIS 1,606,60079,WAUKEGAN,326 N GENESEE ST,WAUKEGAN,IL,60085,4257,P,W15458,P
CENTRAL,4J,ILLINOIS 1,606,60081,SPRING GROVE,2410 WESTWARD DR,SPRING GROVE,IL,60081,8855,,W14958,P
CENTRAL,4J,ILLINOIS 1,606,60082,TECHNY,2001A WAUKEGAN RD,TECHNY,IL,60082,1000,P,W15248,P
CENTRAL,4J,ILLINOIS 1,606,60083,WADSWORTH,39067 N CAROLINE AVE,WADSWORTH,IL,60083,8931,,W15406,P
CENTRAL,4J,ILLINOIS 1,606,60084,WAUCONDA,539 W LIBERTY ST,WAUCONDA,IL,60084,2492,,W15457,P
CENTRAL,4J,ILLINOIS 1,606,60085,WAUKEGAN,326 N GENESEE ST,WAUKEGAN,IL,60085,4257,,W15458,P
CENTRAL,4J,ILLINOIS 1,606,60087,EDISON SQUARE,1519 N LEWIS AVE,WAUKEGAN,IL,60085,1700,,W12801,S
CENTRAL,4J,ILLINOIS 1,606,60088,GREAT LAKES,525 BRONSON AVE,GREAT LAKES,IL,60088,2948,,W13181,B
CENTRAL,4J,ILLINOIS 1,606,60088,NORTH CHICAGO,1514 SHERIDAN RD,NORTH CHICAGO,IL,60064,1852,,W14185,P
CENTRAL,4J,ILLINOIS 1,606,60089,BUFFALO GROVE,255 N BUFFALO GROVE RD,BUFFALO GROVE,IL,60089,2431,,W12207,P
CENTRAL,4J,ILLINOIS 1,606,60090,WHEELING,250 W DUNDEE RD,WHEELING,IL,60090,4756,,W15521,P
CENTRAL,4J,ILLINOIS 1,606,60091,WILMETTE,1241 CENTRAL AVE,WILMETTE,IL,60091,2571,,W15553,P
CENTRAL,4J,ILLINOIS 1,606,60093,GLENVIEW,1400 PATRIOT BLVD,GLENVIEW,IL,60026,7702,,W13125,P
CENTRAL,4J,ILLINOIS 1,606,60093,NORTHFIELD,1787 ORCHARD LN,NORTHFIELD,IL,60093,3400,,W14206,B
CENTRAL,4J,ILLINOIS 1,606,60093,WINNETKA,586 LINCOLN AVE,WINNETKA,IL,60093,9700,,W15569,P
CENTRAL,4J,ILLINOIS 1,606,60094,PALATINE FIN  STA,1300 E NORTHWEST HWY,PALATINE,IL,60095,9997,P,W1C506,S
CENTRAL,4J,ILLINOIS 1,606,60095,PALATINE FIN  STA,1300 E NORTHWEST HWY,PALATINE,IL,60095,9997,P,W1C506,S
CENTRAL,4J,ILLINOIS 1,606,60096,WINTHROP HARBOR,1225 SHERIDAN RD STE F,WINTHROP HARBOR,IL,60096,1870,,W15571,P
CENTRAL,4J,ILLINOIS 1,606,60097,WONDER LAKE,3710 E WONDER LAKE RD,WONDER LAKE,IL,60097,9800,,W15579,P
CENTRAL,4J,ILLINOIS 1,606,60098,WOODSTOCK,1050 COUNTRY CLUB RD,WOODSTOCK,IL,60098,6402,,W15606,P
CENTRAL,4J,ILLINOIS 1,606,60099,ZION,1225 SHILOH BLVD,ZION,IL,60099,2683,,W15645,P
CENTRAL,4J,ILLINOIS 1,606,60101,ADDISON,175 S LINCOLN AVE,ADDISON,IL,60101,5816,,W11801,P
CENTRAL,4J,ILLINOIS 1,606,60102,ALGONQUIN EAST,1420 E ALGONQUIN RD,ALGONQUIN,IL,60102,5445,,W1C115,S
CENTRAL,4J,ILLINOIS 1,606,60102,ALGONQUIN,801 W ALGONQUIN RD,ALGONQUIN,IL,60102,2487,,W11820,P
CENTRAL,4J,ILLINOIS 1,606,60103,BARTLETT,160 BARTLETT PLZ,BARTLETT,IL,60103,4265,,W11984,P
CENTRAL,4J,ILLINOIS 1,606,60103,HANOVER PARK IL S&DC,2670 W LAKE ST,HANOVER PARK,IL,60133,9904,,020514,4
CENTRAL,4J,ILLINOIS 1,606,60104,BELLWOOD,2800 SAINT CHARLES RD,BELLWOOD,IL,60104,1568,,W12033,P
CENTRAL,4J,ILLINOIS 1,606,60106,BENSENVILLE,303 E GREEN ST,BENSENVILLE,IL,60106,2500,,W12040,P
CENTRAL,4J,ILLINOIS 1,606,60107,STREAMWOOD,115 E IRVING PARK RD,STREAMWOOD,IL,60107,2971,,W15191,B
CENTRAL,4J,ILLINOIS 1,606,60107,HANOVER PARK IL S&DC,2670 W LAKE ST,HANOVER PARK,IL,60133,9904,,020514,4
CENTRAL,4J,ILLINOIS 1,606,60108,BLOOMINGDALE,108 W SCHICK RD,BLOOMINGDALE,IL,60108,2914,,W12092,P
CENTRAL,4J,ILLINOIS 1,606,60109,BURLINGTON,375 S MAIN ST,BURLINGTON,IL,60109,1000,P,W12229,P
CENTRAL,4J,ILLINOIS 1,606,60110,CARPENTERSVILLE,100 S KENNEDY DR,CARPENTERSVILLE,IL,60110,9998,,W12298,P
CENTRAL,4J,ILLINOIS 1,606,60111,CLARE,26450 CLARE RD,CLARE,IL,60111,9151,,W12426,P
CENTRAL,4J,ILLINOIS 1,606,60111,KIRKLAND,508 W MAIN ST,KIRKLAND,IL,60146,8658,,W13562,P
CENTRAL,4J,ILLINOIS 1,606,60112,CORTLAND,50 S SOMONAUK RD,CORTLAND,IL,60112,4071,,W12509,P
CENTRAL,4J,ILLINOIS 1,606,60112,SYCAMORE,104 E STATE ST,SYCAMORE,IL,60178,1467,,W15233,P
CENTRAL,4J,ILLINOIS 1,606,60113,CRESTON,111 N MAIN ST,CRESTON,IL,60113,1001,P,W12544,P
CENTRAL,4J,ILLINOIS 1,606,60115,DEKALB,600 E LINCOLN HWY,DEKALB,IL,60115,3883,,W12602,P
CENTRAL,4J,ILLINOIS 1,606,60118,DUNDEE,611 S 8TH ST,WEST DUNDEE,IL,60118,9998,,W12706,P
CENTRAL,4J,ILLINOIS 1,606,60119,ELBURN,815 N MAIN ST,ELBURN,IL,60119,9998,,W12817,P
CENTRAL,4J,ILLINOIS 1,606,60120,HANOVER PARK IL S&DC,2670 W LAKE ST,HANOVER PARK,IL,60133,9904,,020514,4
CENTRAL,4J,ILLINOIS 1,606,60121,ELGIN,66 GROVE CT,ELGIN,IL,60120,5588,P,W12827,P
CENTRAL,4J,ILLINOIS 1,606,60121,ELGIN WEST SIDE,202 S RANDALL RD UNIT B,ELGIN,IL,60123,5511,P,014985,S
CENTRAL,4J,ILLINOIS 1,606,60123,ELGIN WEST SIDE ANNEX,195 S RANDALL RD,ELGIN,IL,60123,5559,,000022,4
CENTRAL,4J,ILLINOIS 1,606,60124,ELGIN WEST SIDE ANNEX,195 S RANDALL RD,ELGIN,IL,60123,5559,,000022,4
CENTRAL,4J,ILLINOIS 1,606,60126,ELMHURST,154 W PARK AVE,ELMHURST,IL,60126,3380,,W12861,P
CENTRAL,4J,ILLINOIS 1,606,60129,ESMOND,650 EYCHANER RD,ESMOND,IL,60129,1000,,W12893,P
CENTRAL,4J,ILLINOIS 1,606,60130,FOREST PARK,417 DES PLAINES AVE,FOREST PARK,IL,60130,1798,,W12991,P
CENTRAL,4J,ILLINOIS 1,606,60130,OAK PARK SOUTH,1116 GARFIELD ST,OAK PARK,IL,60304,1831,,W14240,S
CENTRAL,4J,ILLINOIS 1,606,60131,FRANKLIN PARK,9760 FRANKLIN AVE,FRANKLIN PARK,IL,60131,1786,,W13034,P
CENTRAL,4J,ILLINOIS 1,606,60133,HANOVER PARK IL S&DC,2670 W LAKE ST,HANOVER PARK,IL,60133,9904,,020514,4
CENTRAL,4J,ILLINOIS 1,606,60134,GENEVA,26 S 3RD ST,GENEVA,IL,60134,2271,,W13080,P
CENTRAL,4J,ILLINOIS 1,606,60134,SAINT CHARLES,2600 OAK ST,SAINT CHARLES,IL,60175,9998,,W14764,P
CENTRAL,4J,ILLINOIS 1,606,60135,GENOA,705 PEARSON DR,GENOA,IL,60135,1366,,W13081,P
CENTRAL,4J,ILLINOIS 1,606,60136,GILBERTS,57 RAILROAD ST,GILBERTS,IL,60136,9670,,W13096,P
CENTRAL,4J,ILLINOIS 1,606,60136,HUNTLEY CARRIER ANNEX,10669 WOLF DR,HUNTLEY,IL,60142,7062,,011137,4
CENTRAL,4J,ILLINOIS 1,606,60137,GLEN ELLYN,757 DU PAGE BLVD,GLEN ELLYN,IL,60137,9998,,W13113,P
CENTRAL,4J,ILLINOIS 1,606,60138,GLEN ELLYN,757 DU PAGE BLVD,GLEN ELLYN,IL,60137,9998,P,W13113,P
CENTRAL,4J,ILLINOIS 1,606,60138,DOWNTOWN GLEN ELLYN,528 PENNSYLVANIA AVE,GLEN ELLYN,IL,60137,4160,P,W13114,S
CENTRAL,4J,ILLINOIS 1,606,60139,CAROL STREAM,550 FULLERTON AVE,CAROL STREAM,IL,60188,5204,,W12296,P
CENTRAL,4J,ILLINOIS 1,606,60139,GLENDALE HEIGHTS FINANCE,147 E NORTH AVE,GLENDALE HEIGHTS,IL,60139,3785,,014188,B
CENTRAL,4J,ILLINOIS 1,606,60140,HAMPSHIRE,196 WASHINGTON AVE,HAMPSHIRE,IL,60140,1000,,W13231,P
CENTRAL,4J,ILLINOIS 1,606,60140,HAMPSHIRE CARRIER ANNEX,225 INDUSTRIAL DR STE 1,HAMPSHIRE,IL,60140,7911,,011136,4
CENTRAL,4J,ILLINOIS 1,606,60141,HINES,220 SCOTT DR,HINES,IL,60141,9998,P,W13335,P
CENTRAL,4J,ILLINOIS 1,606,60142,HUNTLEY,11013 N WOODSTOCK ST,HUNTLEY,IL,60142,6957,,W13403,P
CENTRAL,4J,ILLINOIS 1,606,60142,HUNTLEY CARRIER ANNEX,10669 WOLF DR,HUNTLEY,IL,60142,7062,,011137,4
CENTRAL,4J,ILLINOIS 1,606,60143,ITASCA,1050 W IRVING PARK RD,ITASCA,IL,60143,2059,,W13460,P
CENTRAL,4J,ILLINOIS 2,604,60144,KANEVILLE,2S101 HARTER RD,KANEVILLE,IL,60144,1000,P,W13509,P
CENTRAL,4J,ILLINOIS 1,606,60145,KINGSTON,430 E RAILROAD ST,KINGSTON,IL,60145,7933,,W13557,P
CENTRAL,4J,ILLINOIS 1,606,60146,KIRKLAND,508 W MAIN ST,KIRKLAND,IL,60146,8658,,W13562,P
CENTRAL,4J,ILLINOIS 2,604,60147,LAFOX,1N279 LAFOX RD,LAFOX,IL,60147,1000,P,W13597,P
CENTRAL,4J,ILLINOIS 1,606,60148,LOMBARD,380 E SAINT CHARLES RD,LOMBARD,IL,60148,2375,,W13735,P
CENTRAL,4J,ILLINOIS 1,606,60150,DEKALB,600 E LINCOLN HWY,DEKALB,IL,60115,3883,,W12602,P
CENTRAL,4J,ILLINOIS 1,606,60150,MALTA,403 E ADAMS ST,MALTA,IL,60150,1000,,W13805,P
CENTRAL,4J,ILLINOIS 1,606,60151,ELBURN,815 N MAIN ST,ELBURN,IL,60119,9998,,W12817,P
CENTRAL,4J,ILLINOIS 1,606,60151,MAPLE PARK,321 MAIN ST,MAPLE PARK,IL,60151,7674,,W13815,P
CENTRAL,4J,ILLINOIS 1,606,60152,MARENGO,223 E GRANT HWY,MARENGO,IL,60152,3371,,W13825,P
CENTRAL,4J,ILLINOIS 1,606,60153,MAYWOOD,415 S 5TH AVE,MAYWOOD,IL,60153,2086,,W13864,P
CENTRAL,4J,ILLINOIS 1,606,60154,WESTCHESTER,10240 W ROOSEVELT RD STE A,WESTCHESTER,IL,60154,2577,,W15498,B
CENTRAL,4J,ILLINOIS 1,606,60155,BROADVIEW,2131 S 17TH AVE,BROADVIEW,IL,60155,3081,,W12174,B
CENTRAL,4J,ILLINOIS 1,606,60155,MAYWOOD,415 S 5TH AVE,MAYWOOD,IL,60153,2086,,W13864,P
CENTRAL,4J,ILLINOIS 1,606,60156,ALGONQUIN,801 W ALGONQUIN RD,ALGONQUIN,IL,60102,2487,,W11820,P
CENTRAL,4J,ILLINOIS 1,606,60157,MEDINAH,6N736 MEDINAH RD,MEDINAH,IL,60157,9998,,W13899,P
CENTRAL,4J,ILLINOIS 1,606,60159,WOODFIELD FIN STATION,1951 MCCONNOR PKWY,SCHAUMBURG,IL,60173,9987,P,018944,S
CENTRAL,4J,ILLINOIS 1,606,60160,MELROSE PARK,1824 N 25TH AVE,MELROSE PARK,IL,60160,1846,,W13905,P
CENTRAL,4J,ILLINOIS 1,606,60161,MELROSE PARK,1824 N 25TH AVE,MELROSE PARK,IL,60160,1846,P,W13905,P
CENTRAL,4J,ILLINOIS 1,606,60162,HILLSIDE,505 N WOLF RD,HILLSIDE,IL,60162,1270,,W13327,B
CENTRAL,4J,ILLINOIS 1,606,60163,HILLSIDE,505 N WOLF RD,HILLSIDE,IL,60162,1270,,W13327,B
CENTRAL,4J,ILLINOIS 1,606,60164,MELROSE PARK,1824 N 25TH AVE,MELROSE PARK,IL,60160,1846,,W13905,P
CENTRAL,4J,ILLINOIS 1,606,60164,NORTHLAKE,47 W NORTH AVE,NORTHLAKE,IL,60164,2583,,W14208,B
CENTRAL,4J,ILLINOIS 1,606,60165,MELROSE PARK,1824 N 25TH AVE,MELROSE PARK,IL,60160,1846,,W13905,P
CENTRAL,4J,ILLINOIS 1,606,60168,SCHAUMBURG,450 W SCHAUMBURG RD,SCHAUMBURG,IL,60194,9998,P,W14806,P
CENTRAL,4J,ILLINOIS 1,606,60169,HOFFMAN ESTATES,1255 GANNON DR,HOFFMAN ESTATES,IL,60169,7057,,W13347,B
CENTRAL,4J,ILLINOIS 1,606,60171,RIVER GROVE,2728 CLINTON ST,RIVER GROVE,IL,60171,1565,,W14622,P
CENTRAL,4J,ILLINOIS 1,606,60172,ROSELLE,256 CENTRAL AVE,ROSELLE,IL,60172,1979,,W14697,B
CENTRAL,4J,ILLINOIS 1,606,60173,SCHAUMBURG,450 W SCHAUMBURG RD,SCHAUMBURG,IL,60194,9998,,W14806,P
CENTRAL,4J,ILLINOIS 1,606,60174,ST CHARLES EAST SIDE STATION,616 E MAIN ST,SAINT CHARLES,IL,60174,2165,,W1B997,S
CENTRAL,4J,ILLINOIS 1,606,60174,SAINT CHARLES,2600 OAK ST,SAINT CHARLES,IL,60175,9998,,W14764,P
CENTRAL,4J,ILLINOIS 1,606,60175,SAINT CHARLES,2600 OAK ST,SAINT CHARLES,IL,60175,9998,,W14764,P
CENTRAL,4J,ILLINOIS 1,606,60176,FRANKLIN PARK,9760 FRANKLIN AVE,FRANKLIN PARK,IL,60131,1786,,W13034,P
CENTRAL,4J,ILLINOIS 1,606,60176,SCHILLER PARK,9460 IRVING PARK RD,SCHILLER PARK,IL,60176,1956,,W14808,B
CENTRAL,4J,ILLINOIS 1,606,60177,SOUTH ELGIN,310 N LA FOX ST STE 5,SOUTH ELGIN,IL,60177,9998,,W14925,P
CENTRAL,4J,ILLINOIS 1,606,60177,ELGIN WEST SIDE ANNEX,195 S RANDALL RD,ELGIN,IL,60123,5559,,000022,4
CENTRAL,4J,ILLINOIS 1,606,60178,SYCAMORE,104 E STATE ST,SYCAMORE,IL,60178,1467,,W15233,P
CENTRAL,4J,ILLINOIS 1,606,60180,MARENGO,223 E GRANT HWY,MARENGO,IL,60152,3371,,W13825,P
CENTRAL,4J,ILLINOIS 1,606,60180,UNION,17803 DEPOT ST,UNION,IL,60180,1000,,W15329,P
CENTRAL,4J,ILLINOIS 1,606,60181,VILLA PARK,1415 S ARDMORE AVE,VILLA PARK,IL,60181,4906,,W15378,P
CENTRAL,4J,ILLINOIS 1,606,60183,WASCO,40W514 IL ROUTE 64,WASCO,IL,60183,1000,P,W15441,P
CENTRAL,4J,ILLINOIS 1,606,60184,WAYNE,5N431 RAILROAD ST UNIT 1,WAYNE,IL,60184,9802,,W15460,P
CENTRAL,4J,ILLINOIS 1,606,60184,WAYNE CARRIER ANNEX,5N423 RAILROAD ST,WAYNE,IL,60184,3201,,004366,4
CENTRAL,4J,ILLINOIS 1,606,60184,HANOVER PARK IL S&DC,2670 W LAKE ST,HANOVER PARK,IL,60133,9904,,020514,4
CENTRAL,4J,ILLINOIS 1,606,60185,WEST CHICAGO,1130 W WASHINGTON ST,WEST CHICAGO,IL,60185,2622,,W15482,P
CENTRAL,4J,ILLINOIS 1,606,60186,WEST CHICAGO,1130 W WASHINGTON ST,WEST CHICAGO,IL,60185,2622,P,W15482,P
CENTRAL,4J,ILLINOIS 1,606,60187,WHEATON,122 N WHEATON AVE,WHEATON,IL,60187,9998,,W15518,P
CENTRAL,4J,ILLINOIS 1,606,60188,CAROL STREAM,550 FULLERTON AVE,CAROL STREAM,IL,60188,5204,,W12296,P
CENTRAL,4J,ILLINOIS 1,606,60189,WHEATON SOUTH,46 DANADA SQ W,WHEATON,IL,60189,2017,,W15519,S
CENTRAL,4J,ILLINOIS 1,606,60190,WINFIELD,27W525 HIGH LAKE RD,WINFIELD,IL,60190,1290,,W15563,P
CENTRAL,4J,ILLINOIS 1,606,60191,WOOD DALE,270 N WOOD DALE RD,WOOD DALE,IL,60191,2094,,W15581,P
CENTRAL,4J,ILLINOIS 1,606,60192,HOFFMAN ESTATES,1255 GANNON DR,HOFFMAN ESTATES,IL,60169,7057,,W13347,B
CENTRAL,4J,ILLINOIS 1,606,60193,ROSELLE,256 CENTRAL AVE,ROSELLE,IL,60172,1979,,W14697,B
CENTRAL,4J,ILLINOIS 1,606,60193,SCHAUMBURG,450 W SCHAUMBURG RD,SCHAUMBURG,IL,60194,9998,,W14806,P
CENTRAL,4J,ILLINOIS 1,606,60194,SCHAUMBURG,450 W SCHAUMBURG RD,SCHAUMBURG,IL,60194,9998,,W14806,P
CENTRAL,4J,ILLINOIS 1,606,60195,HOFFMAN ESTATES,1255 GANNON DR,HOFFMAN ESTATES,IL,60169,7057,,W13347,B
CENTRAL,4J,ILLINOIS 1,606,60197,CAROL STREAM,550 FULLERTON AVE,CAROL STREAM,IL,60188,5204,P,W12296,P
CENTRAL,4J,ILLINOIS 1,606,60201,EVANSTON,1101 DAVIS ST,EVANSTON,IL,60201,5945,,W12900,P
CENTRAL,4J,ILLINOIS 1,606,60202,EVANSTON,1101 DAVIS ST,EVANSTON,IL,60201,5945,,W12900,P
CENTRAL,4J,ILLINOIS 1,606,60203,EVANSTON,1101 DAVIS ST,EVANSTON,IL,60201,5945,,W12900,P
CENTRAL,4J,ILLINOIS 1,606,60204,EVANSTON,1101 DAVIS ST,EVANSTON,IL,60201,5945,P,W12900,P
CENTRAL,4J,ILLINOIS 1,606,60204,EVANSTON NORTH,1929 CENTRAL ST,EVANSTON,IL,60201,2287,P,W12901,S
CENTRAL,4J,ILLINOIS 1,606,60204,EVANSTON SOUTH,701 MAIN ST,EVANSTON,IL,60202,1700,P,W12902,S
CENTRAL,4J,ILLINOIS 1,606,60301,OAK PARK,901 LAKE ST,OAK PARK,IL,60301,1286,,W14239,P
CENTRAL,4J,ILLINOIS 1,606,60302,OAK PARK,901 LAKE ST,OAK PARK,IL,60301,1286,,W14239,P
CENTRAL,4J,ILLINOIS 1,606,60303,OAK PARK,901 LAKE ST,OAK PARK,IL,60301,1286,P,W14239,P
CENTRAL,4J,ILLINOIS 1,606,60304,OAK PARK SOUTH,1116 GARFIELD ST,OAK PARK,IL,60304,1831,,W14240,S
CENTRAL,4J,ILLINOIS 1,606,60305,RIVER FOREST,401 WILLIAM ST,RIVER FOREST,IL,60305,1900,,W14621,B
CENTRAL,4J,ILLINOIS 2,604,60401,BEECHER,712 PENFIELD ST,BEECHER,IL,60401,9800,,W12014,P
CENTRAL,4J,ILLINOIS 2,604,60402,BERWYN,6625 CERMAK RD,BERWYN,IL,60402,9998,,W12053,P
CENTRAL,4J,ILLINOIS 2,604,60403,JOLIET,2000 MCDONOUGH ST,JOLIET,IL,60436,9998,,W13493,P
CENTRAL,4J,ILLINOIS 2,604,60404,JOLIET,2000 MCDONOUGH ST,JOLIET,IL,60436,9998,,W13493,P
CENTRAL,4J,ILLINOIS 2,604,60406,BLUE ISLAND,2441 VERMONT ST,BLUE ISLAND,IL,60406,9998,,W12100,P
CENTRAL,4J,ILLINOIS 2,604,60407,BRACEVILLE,106 N MITCHELL ST,BRACEVILLE,IL,60407,9998,,W12145,P
CENTRAL,4J,ILLINOIS 2,604,60407,GARDNER,106 E JEFFERSON ST,GARDNER,IL,60424,9998,,W13069,P
CENTRAL,4J,ILLINOIS 2,604,60408,BRAIDWOOD,280 W MAIN ST,BRAIDWOOD,IL,60408,9998,,W12154,P
CENTRAL,4J,ILLINOIS 2,604,60409,CALUMET CITY,1200 RING RD,CALUMET CITY,IL,60409,9998,,W12259,P
CENTRAL,4J,ILLINOIS 2,604,60409,WENTWORTH AVENUE,680 WENTWORTH AVE,CALUMET CITY,IL,60409,9997,,W15479,S
CENTRAL,4J,ILLINOIS 2,604,60410,CHANNAHON,25150 W CHANNON DR,CHANNAHON,IL,60410,9998,,W12361,P
CENTRAL,4J,ILLINOIS 2,604,60411,CHICAGO HEIGHTS,1333 W END AVE,CHICAGO HEIGHTS,IL,60411,9998,,W12404,P
CENTRAL,4J,ILLINOIS 2,604,60412,CHICAGO HEIGHTS,1333 W END AVE,CHICAGO HEIGHTS,IL,60411,9998,P,W12404,P
CENTRAL,4J,ILLINOIS 2,604,60412,SAUK VILLAGE,5 SURREY BROOK PLZ,SAUK VILLAGE,IL,60411,7300,P,W14791,B
CENTRAL,4J,ILLINOIS 2,604,60415,CHICAGO RIDGE,10525 RIDGELAND AVE,CHICAGO RIDGE,IL,60415,9623,,W12410,P
CENTRAL,4J,ILLINOIS 2,604,60415,BRIDGEVIEW IL SDC,7401 W 100TH PL,BRIDGEVIEW,IL,60455,9600,,021558,4
CENTRAL,4J,ILLINOIS 2,604,60416,COAL CITY,495 S BROADWAY ST,COAL CITY,IL,60416,9998,,W12460,P
CENTRAL,4J,ILLINOIS 2,604,60417,CRETE,515 CASS ST,CRETE,IL,60417,9998,,W12547,P
CENTRAL,4J,ILLINOIS 2,604,60418,MIDLOTHIAN,14722 PULASKI RD,MIDLOTHIAN,IL,60445,9998,,W13943,P
CENTRAL,4J,ILLINOIS 2,604,60419,DOLTON,14212 COTTAGE GROVE AVE,DOLTON,IL,60419,9998,,W12667,P
CENTRAL,4J,ILLINOIS 2,604,60420,DWIGHT,100 E MAZON AVE,DWIGHT,IL,60420,9998,,W12718,P
CENTRAL,4J,ILLINOIS 2,604,60421,ELWOOD,303 E MISSISSIPPI AVE,ELWOOD,IL,60421,9212,,W12874,P
CENTRAL,4J,ILLINOIS 2,604,60422,TRI CITY CARRIER ANNEX,701 W HOLBROOK RD,GLENWOOD,IL,60425,9800,,W1C037,4
CENTRAL,4J,ILLINOIS 2,604,60422,FLOSSMOOR,1020 PARK DR,FLOSSMOOR,IL,60422,9998,,W12984,P
CENTRAL,4J,ILLINOIS 2,604,60423,FRANKFORT,21201 S ELSNER RD,FRANKFORT,IL,60423,9998,,W13024,P
CENTRAL,4J,ILLINOIS 2,604,60424,GARDNER,106 E JEFFERSON ST,GARDNER,IL,60424,9998,,W13069,P
CENTRAL,4J,ILLINOIS 2,604,60425,TRI CITY CARRIER ANNEX,701 W HOLBROOK RD,GLENWOOD,IL,60425,9800,,W1C037,4
CENTRAL,4J,ILLINOIS 2,604,60425,GLENWOOD,19 W MAIN ST,GLENWOOD,IL,60425,9998,,W13129,P
CENTRAL,4J,ILLINOIS 2,604,60426,HARVEY,15441 CENTER AVE,HARVEY,IL,60426,3656,,W13261,P
CENTRAL,4J,ILLINOIS 2,604,60428,HARVEY,15441 CENTER AVE,HARVEY,IL,60426,3656,,W13261,P
CENTRAL,4J,ILLINOIS 2,604,60428,MARKHAM,16011 KEDZIE AVE,MARKHAM,IL,60428,9998,,W13832,B
CENTRAL,4J,ILLINOIS 2,604,60429,HAZEL CREST,17541 KEDZIE AVE,HAZEL CREST,IL,60429,9998,,W13273,P
CENTRAL,4J,ILLINOIS 2,604,60430,TRI CITY CARRIER ANNEX,701 W HOLBROOK RD,GLENWOOD,IL,60425,9800,,W1C037,4
CENTRAL,4J,ILLINOIS 2,604,60430,HOMEWOOD,1921 RIDGE RD,HOMEWOOD,IL,60430,9998,,W13364,P
CENTRAL,4J,ILLINOIS 2,604,60431,JOLIET,2000 MCDONOUGH ST,JOLIET,IL,60436,9998,,W13493,P
CENTRAL,4J,ILLINOIS 2,604,60432,JOLIET,2000 MCDONOUGH ST,JOLIET,IL,60436,9998,,W13493,P
CENTRAL,4J,ILLINOIS 2,604,60433,JOLIET,2000 MCDONOUGH ST,JOLIET,IL,60436,9998,,W13493,P
CENTRAL,4J,ILLINOIS 2,604,60434,JOLIET,2000 MCDONOUGH ST,JOLIET,IL,60436,9998,P,W13493,P
CENTRAL,4J,ILLINOIS 2,604,60434,DOWNTOWN JOLIET,51 E CLINTON ST,JOLIET,IL,60432,4130,P,019882,S
CENTRAL,4J,ILLINOIS 2,604,60435,JOLIET,2000 MCDONOUGH ST,JOLIET,IL,60436,9998,,W13493,P
CENTRAL,4J,ILLINOIS 2,604,60436,JOLIET,2000 MCDONOUGH ST,JOLIET,IL,60436,9998,,W13493,P
CENTRAL,4J,ILLINOIS 2,604,60437,KINSMAN,200 MAIN ST,KINSMAN,IL,60437,9998,,W13561,P
CENTRAL,4J,ILLINOIS 2,604,60438,LANSING,18125 ROY ST,LANSING,IL,60438,9998,,W13638,P
CENTRAL,4J,ILLINOIS 2,604,60438,STA #1,18525 TORRENCE AVE,LANSING,IL,60438,2871,,W15006,6
CENTRAL,4J,ILLINOIS 2,604,60439,LEMONT,42 STEPHEN ST,LEMONT,IL,60439,9998,,W12115,B
CENTRAL,4J,ILLINOIS 2,604,60439,LEMONT ANNEX,15871 W 127TH ST,LEMONT,IL,60439,9806,,001469,4
CENTRAL,4J,ILLINOIS 2,604,60440,BOLINGBROOK,105 CANTERBURY LN,BOLINGBROOK,IL,60440,9998,,W13661,P
CENTRAL,4J,ILLINOIS 2,604,60441,LOCKPORT CARRIER ANNEX,954 E 9TH ST,LOCKPORT,IL,60441,9996,,018943,4
CENTRAL,4J,ILLINOIS 2,604,60441,LOCKPORT,950 E 9TH ST,LOCKPORT,IL,60441,9900,,021019,S
CENTRAL,4J,ILLINOIS 2,604,60442,MANHATTAN,185 S STATE ST,MANHATTAN,IL,60442,9998,,W13808,P
CENTRAL,4J,ILLINOIS 2,604,60443,MATTESON,20650 S CICERO AVE,MATTESON,IL,60443,9998,,W13855,P
CENTRAL,4J,ILLINOIS 2,604,60444,MAZON,600 DEPOT ST,MAZON,IL,60444,9998,,W13865,P
CENTRAL,4J,ILLINOIS 2,604,60445,MIDLOTHIAN,14722 PULASKI RD,MIDLOTHIAN,IL,60445,9998,,W13943,P
CENTRAL,4J,ILLINOIS 2,604,60446,ROMEOVILLE,315 W ROMEO RD,ROMEOVILLE,IL,60446,9998,,W13727,P
CENTRAL,4J,ILLINOIS 2,604,60447,MINOOKA,301 W MONDAMIN ST,MINOOKA,IL,60447,9998,,W13978,P
CENTRAL,4J,ILLINOIS 2,604,60448,FRANKFORT,21201 S ELSNER RD,FRANKFORT,IL,60423,9998,,W13024,P
CENTRAL,4J,ILLINOIS 2,604,60448,MOKENA,19934 WOLF RD,MOKENA,IL,60448,9998,,W13988,P
CENTRAL,4J,ILLINOIS 2,604,60449,MONEE,5410 W MAIN ST,MONEE,IL,60449,9998,,W13991,P
CENTRAL,4J,ILLINOIS 2,604,60450,MORRIS,202 E WASHINGTON ST,MORRIS,IL,60450,9998,,W14013,P
CENTRAL,4J,ILLINOIS 2,604,60451,NEW LENOX,300 N VINE ST,NEW LENOX,IL,60451,9998,,W14140,P
CENTRAL,4J,ILLINOIS 2,604,60452,OAK FOREST,15811 CENTRAL AVE,OAK FOREST,IL,60452,9998,,W14233,P
CENTRAL,4J,ILLINOIS 2,604,60453,BRIDGEVIEW IL SDC,7401 W 100TH PL,BRIDGEVIEW,IL,60455,9600,,021558,4
CENTRAL,4J,ILLINOIS 2,604,60454,OAK LAWN,9249 S CICERO AVE,OAK LAWN,IL,60453,9700,P,W14237,P
CENTRAL,4J,ILLINOIS 2,604,60455,BRIDGEVIEW IL SDC,7401 W 100TH PL,BRIDGEVIEW,IL,60455,9600,,021558,4
CENTRAL,4J,ILLINOIS 2,604,60456,BRIDGEVIEW IL SDC,7401 W 100TH PL,BRIDGEVIEW,IL,60455,9600,,021558,4
CENTRAL,4J,ILLINOIS 2,604,60457,BRIDGEVIEW IL SDC,7401 W 100TH PL,BRIDGEVIEW,IL,60455,9600,,021558,4
CENTRAL,4J,ILLINOIS 2,604,60458,BRIDGEVIEW IL SDC,7401 W 100TH PL,BRIDGEVIEW,IL,60455,9600,,021558,4
CENTRAL,4J,ILLINOIS 2,604,60459,BRIDGEVIEW IL SDC,7401 W 100TH PL,BRIDGEVIEW,IL,60455,9600,,021558,4
CENTRAL,4J,ILLINOIS 2,604,60460,ODELL,108 S WAUPANSIE ST,ODELL,IL,60460,9800,,W14258,P
CENTRAL,4J,ILLINOIS 2,604,60461,MATTESON,20650 S CICERO AVE,MATTESON,IL,60443,9998,,W13855,P
CENTRAL,4J,ILLINOIS 2,604,60461,OLYMPIA FIELDS,3033 203RD ST,OLYMPIA FIELDS,IL,60461,9998,,W14296,P
CENTRAL,4J,ILLINOIS 2,604,60462,ORLAND PARK RETAIL,15128 S LA GRANGE RD,ORLAND PARK,IL,60462,9800,,W1C145,B
CENTRAL,4J,ILLINOIS 2,604,60462,ORLAND PARK,9500 W 144TH PL,ORLAND PARK,IL,60462,9998,,W14328,P
CENTRAL,4J,ILLINOIS 2,604,60463,PALOS HEIGHTS,12238 S HARLEM AVE,PALOS HEIGHTS,IL,60463,9998,,W14369,P
CENTRAL,4J,ILLINOIS 2,604,60463,WORTH,11114 S HARLEM AVE,WORTH,IL,60482,9998,,W15614,P
CENTRAL,4J,ILLINOIS 2,604,60464,PALOS PARK,12100 S 80TH AVE,PALOS PARK,IL,60464,9998,,W14375,P
CENTRAL,4J,ILLINOIS 2,604,60464,WORTH,11114 S HARLEM AVE,WORTH,IL,60482,9998,,W15614,P
CENTRAL,4J,ILLINOIS 2,604,60465,WORTH,11114 S HARLEM AVE,WORTH,IL,60482,9998,,W15614,P
CENTRAL,4J,ILLINOIS 2,604,60466,PARK FOREST,123 INDIANWOOD BLVD,PARK FOREST,IL,60466,9998,,W14386,P
CENTRAL,4J,ILLINOIS 2,604,60467,ORLAND PARK,9500 W 144TH PL,ORLAND PARK,IL,60462,9998,,W14328,P
CENTRAL,4J,ILLINOIS 2,604,60468,PEOTONE,117 S WEST ST,PEOTONE,IL,60468,9998,,W14431,P
CENTRAL,4J,ILLINOIS 2,604,60469,POSEN,2720 147TH ST,POSEN,IL,60469,1548,,W14515,P
CENTRAL,4J,ILLINOIS 2,604,60470,RANSOM,120 N LINCOLN ST,RANSOM,IL,60470,8500,,W14560,P
CENTRAL,4J,ILLINOIS 2,604,60471,PARK FOREST,123 INDIANWOOD BLVD,PARK FOREST,IL,60466,9998,,W14386,P
CENTRAL,4J,ILLINOIS 2,604,60471,RICHTON PARK,22332 GOVERNORS HWY,RICHTON PARK,IL,60471,9998,,W14603,P
CENTRAL,4J,ILLINOIS 2,604,60472,ROBBINS,3447 W 137TH ST,ROBBINS,IL,60472,9800,,W14636,P
CENTRAL,4J,ILLINOIS 2,604,60473,SOUTH HOLLAND,16260 LOUIS AVE,SOUTH HOLLAND,IL,60473,9998,,W14927,P
CENTRAL,4J,ILLINOIS 2,604,60474,SOUTH WILMINGTON,280 3RD AVE,SOUTH WILMINGTON,IL,60474,9800,P,W14940,P
CENTRAL,4J,ILLINOIS 2,604,60475,STEGER,23 W 34TH ST,STEGER,IL,60475,9998,,W15163,P
CENTRAL,4J,ILLINOIS 2,604,60476,TRI CITY CARRIER ANNEX,701 W HOLBROOK RD,GLENWOOD,IL,60425,9800,,W1C037,4
CENTRAL,4J,ILLINOIS 2,604,60476,THORNTON,103 E ELEANOR ST,THORNTON,IL,60476,9998,,W15275,P
CENTRAL,4J,ILLINOIS 2,604,60477,TINLEY PARK,7230 171ST ST,TINLEY PARK,IL,60477,9998,,W15285,P
CENTRAL,4J,ILLINOIS 2,604,60478,COUNTRY CLUB HILLS,4053 183RD ST,COUNTRY CLUB HILLS,IL,60478,9800,,W12521,B
CENTRAL,4J,ILLINOIS 2,604,60478,TINLEY PARK,7230 171ST ST,TINLEY PARK,IL,60477,9998,,W15285,P
CENTRAL,4J,ILLINOIS 2,604,60479,VERONA,421 N DIVISION ST,VERONA,IL,60479,9998,,W15372,P
CENTRAL,4J,ILLINOIS 2,604,60480,WILLOW SPRINGS,8448 ARCHER AVE STE 1,WILLOW SPRINGS,IL,60480,9998,,W15550,P
CENTRAL,4J,ILLINOIS 2,604,60481,WILMINGTON,301 N WATER ST,WILMINGTON,IL,60481,9998,,W15555,P
CENTRAL,4J,ILLINOIS 2,604,60482,WORTH,11114 S HARLEM AVE,WORTH,IL,60482,9998,,W15614,P
CENTRAL,4J,ILLINOIS 2,604,60484,PARK FOREST,123 INDIANWOOD BLVD,PARK FOREST,IL,60466,9998,,W14386,P
CENTRAL,4J,ILLINOIS 2,604,60487,TINLEY PARK,7230 171ST ST,TINLEY PARK,IL,60477,9998,,W15285,P
CENTRAL,4J,ILLINOIS 2,604,60490,BOLINGBROOK,105 CANTERBURY LN,BOLINGBROOK,IL,60440,9998,,W13661,P
CENTRAL,4J,ILLINOIS 2,604,60491,LOCKPORT CARRIER ANNEX,954 E 9TH ST,LOCKPORT,IL,60441,9996,,018943,4
CENTRAL,4J,ILLINOIS 2,604,60499,BEDFORD PARK,6801 W 73RD ST,BEDFORD PARK,IL,60499,9998,P,W12010,P
CENTRAL,4J,ILLINOIS 2,604,60501,SUMMIT ARGO,7415 W 63RD ST,SUMMIT ARGO,IL,60501,9998,,W15213,P
CENTRAL,4J,ILLINOIS 2,604,60502,AURORA IL SDC,525 N BROADWAY,AURORA,IL,60505,9973,,021238,4
CENTRAL,4J,ILLINOIS 2,604,60503,AURORA EAST,3900 GABRIELLE LN,AURORA,IL,60598,8801,,W11932,S
CENTRAL,4J,ILLINOIS 2,604,60504,AURORA IL SDC,525 N BROADWAY,AURORA,IL,60505,9973,,021238,4
CENTRAL,4J,ILLINOIS 2,604,60505,AURORA IL SDC,525 N BROADWAY,AURORA,IL,60505,9973,,021238,4
CENTRAL,4J,ILLINOIS 2,604,60506,AURORA IL SDC,525 N BROADWAY,AURORA,IL,60505,9973,,021238,4
CENTRAL,4J,ILLINOIS 2,604,60507,AURORA IL SDC,525 N BROADWAY,AURORA,IL,60505,9973,P,021238,4
CENTRAL,4J,ILLINOIS 2,604,60510,BATAVIA,500 N RANDALL RD,BATAVIA,IL,60510,9998,,W11988,P
CENTRAL,4J,ILLINOIS 2,604,60511,BIG ROCK,100 E 1ST ST,BIG ROCK,IL,60511,9998,,W12068,P
CENTRAL,4J,ILLINOIS 2,604,60512,BRISTOL,11 CANNONBALL TRL,BRISTOL,IL,60512,9998,,W12170,P
CENTRAL,4J,ILLINOIS 2,604,60512,YORKVILLE,601 E COUNTRYSIDE PKWY,YORKVILLE,IL,60560,9997,,W15637,P
CENTRAL,4J,ILLINOIS 2,604,60513,BROOKFIELD,3731 PRAIRIE AVE,BROOKFIELD,IL,60513,9998,,W12177,P
CENTRAL,4J,ILLINOIS 2,604,60514,CLARENDON HILLS,312 PARK AVE,CLARENDON HILLS,IL,60514,9998,,W12430,P
CENTRAL,4J,ILLINOIS 2,604,60515,DOWNERS GROVE,920 CURTISS ST,DOWNERS GROVE,IL,60515,9998,,W12683,P
CENTRAL,4J,ILLINOIS 2,604,60516,WOODRIDGE,2 PLAZA DR,WOODRIDGE,IL,60517,9998,,W15603,B
CENTRAL,4J,ILLINOIS 2,604,60517,WOODRIDGE,2 PLAZA DR,WOODRIDGE,IL,60517,9998,,W15603,B
CENTRAL,4J,ILLINOIS 2,604,60518,EARLVILLE,200 W WINTHROP ST,EARLVILLE,IL,60518,9998,,W12747,P
CENTRAL,4J,ILLINOIS 2,604,60519,EOLA,6S404 OLD EOLA RD,EOLA,IL,60519,9800,P,W12887,P
CENTRAL,4J,ILLINOIS 2,604,60520,HINCKLEY,557 E LINCOLN AVE,HINCKLEY,IL,60520,9800,,W13332,P
CENTRAL,4J,ILLINOIS 2,604,60521,OAK BROOK,1314 KENSINGTON RD,OAK BROOK,IL,60523,9998,,W13336,P
CENTRAL,4J,ILLINOIS 2,604,60522,OAK BROOK,1314 KENSINGTON RD,OAK BROOK,IL,60523,9998,P,W13336,P
CENTRAL,4J,ILLINOIS 2,604,60522,HINSDALE,109 SYMONDS DR,HINSDALE,IL,60521,3763,P,W14230,B
CENTRAL,4J,ILLINOIS 2,604,60523,OAK BROOK,1314 KENSINGTON RD,OAK BROOK,IL,60523,9998,,W13336,P
CENTRAL,4J,ILLINOIS 2,604,60525,LA GRANGE,121 W HILLGROVE AVE,LA GRANGE,IL,60525,9998,,W13578,P
CENTRAL,4J,ILLINOIS 2,604,60526,LA GRANGE,121 W HILLGROVE AVE,LA GRANGE,IL,60525,9998,,W13578,P
CENTRAL,4J,ILLINOIS 2,604,60526,LA GRANGE PARK,701 E 31ST ST,LA GRANGE PARK,IL,60526,9800,,W13582,B
CENTRAL,4J,ILLINOIS 2,604,60527,WBD CARRIER ANNEX,7140 MONROE ST,WILLOWBROOK,IL,60527,9998,,001848,4
CENTRAL,4J,ILLINOIS 2,604,60530,LEE,105 E LEE RD,LEE,IL,60530,9998,,W13656,P
CENTRAL,4J,ILLINOIS 2,604,60531,LELAND,130 N MAIN ST,LELAND,IL,60531,9998,,W13659,P
CENTRAL,4J,ILLINOIS 2,604,60532,LISLE,817 OGDEN AVE,LISLE,IL,60532,9998,,W13705,P
CENTRAL,4J,ILLINOIS 2,604,60534,LYONS,7836 OGDEN AVE,LYONS,IL,60534,9998,,W13783,P
CENTRAL,4J,ILLINOIS 2,604,60536,MILLBROOK,27 HARRIS AVE,MILLBROOK,IL,60536,9800,P,W13953,P
CENTRAL,4J,ILLINOIS 2,604,60537,MILLINGTON,200 N GRANT ST,MILLINGTON,IL,60537,9800,P,W13966,P
CENTRAL,4J,ILLINOIS 2,604,60538,MONTGOMERY,1899 VILLAGE CENTER PKWY,MONTGOMERY,IL,60538,9998,,W14002,P
CENTRAL,4J,ILLINOIS 2,604,60539,BATAVIA,500 N RANDALL RD,BATAVIA,IL,60510,9998,,W11988,P
CENTRAL,4J,ILLINOIS 2,604,60540,NAPERVILLE IL SDC,1750 W OGDEN AVE,NAPERVILLE,IL,60540,9702,,021480,4
CENTRAL,4J,ILLINOIS 2,604,60541,NEWARK,11 E MAIN ST,NEWARK,IL,60541,9808,,W14151,P
CENTRAL,4J,ILLINOIS 2,604,60542,NORTH AURORA,65 S RANDALL RD,NORTH AURORA,IL,60542,9998,,W14183,P
CENTRAL,4J,ILLINOIS 2,604,60543,OSWEGO,26 S MADISON ST,OSWEGO,IL,60543,9998,,W14339,P
CENTRAL,4J,ILLINOIS 2,604,60543,YORKVILLE,601 E COUNTRYSIDE PKWY,YORKVILLE,IL,60560,9997,,W15637,P
CENTRAL,4J,ILLINOIS 2,604,60544,PLAINFIELD,14929 S VAN DYKE RD,PLAINFIELD,IL,60544,9998,,W14479,P
CENTRAL,4J,ILLINOIS 2,604,60545,PLANO,102 N CENTER ST,PLANO,IL,60545,9998,,W14483,P
CENTRAL,4J,ILLINOIS 2,604,60546,NORTH RIVERSIDE,7300 W 25TH ST,NORTH RIVERSIDE,IL,60546,9998,,W14193,B
CENTRAL,4J,ILLINOIS 2,604,60546,RIVERSIDE,45 E BURLINGTON ST,RIVERSIDE,IL,60546,9997,,W14626,P
CENTRAL,4J,ILLINOIS 2,604,60548,SANDWICH,22 N EDDY ST,SANDWICH,IL,60548,9998,,W14786,P
CENTRAL,4J,ILLINOIS 2,604,60549,SERENA,3809 E 2276TH RD,SERENA,IL,60549,9800,,W14833,P
CENTRAL,4J,ILLINOIS 2,604,60550,SHABBONA,206C W COMANCHE AVE,SHABBONA,IL,60550,9998,,W14838,P
CENTRAL,4J,ILLINOIS 2,604,60551,SHERIDAN,180 W SI JOHNSON AVE,SHERIDAN,IL,60551,9998,,W14855,P
CENTRAL,4J,ILLINOIS 2,604,60552,SOMONAUK,115 N GAGE ST,SOMONAUK,IL,60552,9998,,W14914,P
CENTRAL,4J,ILLINOIS 2,604,60553,STEWARD,403 MAIN ST STE A,STEWARD,IL,60553,9800,,W15166,P
CENTRAL,4J,ILLINOIS 2,604,60554,SUGAR GROVE,45 E CROSS ST,SUGAR GROVE,IL,60554,9998,,W15204,P
CENTRAL,4J,ILLINOIS 2,604,60554,YORKVILLE,601 E COUNTRYSIDE PKWY,YORKVILLE,IL,60560,9997,,W15637,P
CENTRAL,4J,ILLINOIS 2,604,60555,WARRENVILLE,3S101 ROCKWELL ST,WARRENVILLE,IL,60555,9998,,W15435,P
CENTRAL,4J,ILLINOIS 2,604,60556,WATERMAN,105 N ELM ST,WATERMAN,IL,60556,9843,,W15453,P
CENTRAL,4J,ILLINOIS 2,604,60557,SERENA,3809 E 2276TH RD,SERENA,IL,60549,9800,P,W14833,P
CENTRAL,4J,ILLINOIS 2,604,60558,WESTERN SPRINGS,4479 LAWN AVE,WESTERN SPRINGS,IL,60558,9998,,W15504,P
CENTRAL,4J,ILLINOIS 2,604,60559,WESTMONT,5707 S CASS AVE,WESTMONT,IL,60559,9998,,W15509,P
CENTRAL,4J,ILLINOIS 2,604,60560,YORKVILLE,601 E COUNTRYSIDE PKWY,YORKVILLE,IL,60560,9997,,W15637,P
CENTRAL,4J,ILLINOIS 2,604,60561,WBD CARRIER ANNEX,7140 MONROE ST,WILLOWBROOK,IL,60527,9998,,001848,4
CENTRAL,4J,ILLINOIS 2,604,60563,NAPERVILLE IL SDC,1750 W OGDEN AVE,NAPERVILLE,IL,60540,9702,,021480,4
CENTRAL,4J,ILLINOIS 2,604,60564,NAPER WEST,3900 GABRIELLE LN,FOX VALLEY,IL,60599,9706,,001154,4
CENTRAL,4J,ILLINOIS 2,604,60565,NAPERVILLE IL SDC,1750 W OGDEN AVE,NAPERVILLE,IL,60540,9702,,021480,4
CENTRAL,4J,ILLINOIS 2,604,60566,WASHINGTON STREET,5 S WASHINGTON ST STE 105,NAPERVILLE,IL,60540,9997,P,W1C113,S
CENTRAL,4J,ILLINOIS 2,604,60566,NAPERVILLE IL SDC,1750 W OGDEN AVE,NAPERVILLE,IL,60540,9702,P,021480,4
CENTRAL,4J,ILLINOIS 2,604,60567,NAPERVILLE STA,3075 BOOK RD STE 103,NAPERVILLE,IL,60564,4707,P,001520,S
CENTRAL,4J,ILLINOIS 2,604,60567,NAPERVILLE IL SDC,1750 W OGDEN AVE,NAPERVILLE,IL,60540,9702,P,021480,4
CENTRAL,4J,ILLINOIS 2,604,60585,PLAINFIELD,14929 S VAN DYKE RD,PLAINFIELD,IL,60544,9998,,W14479,P
CENTRAL,4J,ILLINOIS 2,604,60586,PLAINFIELD,14929 S VAN DYKE RD,PLAINFIELD,IL,60544,9998,,W14479,P
CENTRAL,4J,ILLINOIS 2,604,60598,AURORA EAST,3900 GABRIELLE LN,AURORA,IL,60598,8801,P,W11932,S
CENTRAL,4J,ILLINOIS 1,606,60601,LOOP CARRIER ANNEX,433 W HARRISON ST FL 3E,CHICAGO,IL,60699,9905,,015292,4
CENTRAL,4J,ILLINOIS 1,606,60602,LOOP CARRIER ANNEX,433 W HARRISON ST FL 3E,CHICAGO,IL,60699,9905,,015292,4
CENTRAL,4J,ILLINOIS 1,606,60603,LOOP CARRIER ANNEX,433 W HARRISON ST FL 3E,CHICAGO,IL,60699,9905,,015292,4
CENTRAL,4J,ILLINOIS 1,606,60604,LOOP CARRIER ANNEX,433 W HARRISON ST FL 3E,CHICAGO,IL,60699,9905,,015292,4
CENTRAL,4J,ILLINOIS 1,606,60605,LOOP CARRIER ANNEX,433 W HARRISON ST FL 3E,CHICAGO,IL,60699,9905,,015292,4
CENTRAL,4J,ILLINOIS 1,606,60606,CHICAGO CENT CARRIER ANNEX,433 W HARRISON ST FL 3W,CHICAGO,IL,60699,9901,,001385,4
CENTRAL,4J,ILLINOIS 1,606,60607,CHICAGO CENT CARRIER ANNEX,433 W HARRISON ST FL 3W,CHICAGO,IL,60699,9901,,001385,4
CENTRAL,4J,ILLINOIS 1,606,60608,PILSEN,1859 S ASHLAND AVE,CHICAGO,IL,60608,9998,,W14458,S
CENTRAL,4J,ILLINOIS 1,606,60609,FINANCE STATION L,4642 S BISHOP ST,CHICAGO,IL,60609,3240,,W1C057,S
CENTRAL,4J,ILLINOIS 1,606,60609,STOCKYARD CARRIERS,611 W 63RD ST,CHICAGO,IL,60621,9700,,021530,Z
CENTRAL,4J,ILLINOIS 1,606,60610,FORT DEARBORN,540 N DEARBORN ST,CHICAGO,IL,60610,9998,,W12998,S
CENTRAL,4J,ILLINOIS 1,606,60611,FORT DEARBORN,540 N DEARBORN ST,CHICAGO,IL,60610,9998,,W12998,S
CENTRAL,4J,ILLINOIS 1,606,60611,STREETERVILLE,355 E OHIO ST STE 200,CHICAGO,IL,60611,7223,,W14304,S
CENTRAL,4J,ILLINOIS 1,606,60612,NANCY B JEFFERSON,116 S WESTERN AVE,CHICAGO,IL,60612,9998,,W13947,S
CENTRAL,4J,ILLINOIS 1,606,60613,LAKEVIEW,1343 W IRVING PARK RD,CHICAGO,IL,60613,9998,,W13624,S
CENTRAL,4J,ILLINOIS 1,606,60614,LINCOLN PARK POSTAL STORE,2405 N SHEFFIELD AVE,CHICAGO,IL,60614,2591,,W1B887,S
CENTRAL,4J,ILLINOIS 1,606,60614,LINCOLN PARK CARRIER ANNEX,2643 N CLARK ST,CHICAGO,IL,60614,9998,,W13686,4
CENTRAL,4J,ILLINOIS 1,606,60615,HENRY W MCGEE,4601 S COTTAGE GROVE AVE,CHICAGO,IL,60653,9998,,W13410,S
CENTRAL,4J,ILLINOIS 1,606,60616,CHINATOWN,2345 S WENTWORTH AVE STE A,CHICAGO,IL,60616,5601,,W12414,S
CENTRAL,4J,ILLINOIS 1,606,60616,TWENTY SECOND STREET,2035 S STATE ST,CHICAGO,IL,60616,9998,,W15323,S
CENTRAL,4J,ILLINOIS 1,606,60617,JOHN BUCHANAN,9308 S SOUTH CHICAGO AVE,CHICAGO,IL,60617,9998,,W14920,S
CENTRAL,4J,ILLINOIS 1,606,60617,FINANCE STATION W,10422 S EWING AVE,CHICAGO,IL,60617,9997,,W15391,S
CENTRAL,4J,ILLINOIS 1,606,60618,DANIEL J DOFFYN,3750 N KEDZIE AVE,CHICAGO,IL,60618,9998,,W13524,S
CENTRAL,4J,ILLINOIS 1,606,60618,FINANCE STATION T,2011 W MONTROSE AVE,CHICAGO,IL,60618,9997,,W15235,S
CENTRAL,4J,ILLINOIS 1,606,60619,GRAND CROSSING C ANNEX,7748 S COTTAGE GROVE AVE,CHICAGO,IL,60619,9998,,W13160,4
CENTRAL,4J,ILLINOIS 1,606,60619,GRAND CROSSING,7715 S COTTAGE GROVE AVE STE 1,CHICAGO,IL,60619,2998,,003985,S
CENTRAL,4J,ILLINOIS 1,606,60620,AUBURN PARK,8345 S ASHLAND AVE,CHICAGO,IL,60620,9998,,W11926,S
CENTRAL,4J,ILLINOIS 1,606,60621,ENGLEWOOD,611 W 63RD ST,CHICAGO,IL,60621,9998,,W12883,S
CENTRAL,4J,ILLINOIS 1,606,60622,GRACELAND,3024 N ASHLAND AVE,CHICAGO,IL,60657,3012,,W13155,S
CENTRAL,4J,ILLINOIS 1,606,60622,DETACHED PO BOX 60622,1704 N MILWAUKEE AVE STE D,CHICAGO,IL,60647,7211,,012845,6
CENTRAL,4J,ILLINOIS 1,606,60622,WICKER PARK CARRIER ANNEX,1419 W CARROLL AVE STE 1,CHICAGO,IL,60607,9998,,012846,4
CENTRAL,4J,ILLINOIS 1,606,60623,OTIS GRANT COLLINS,2302 S PULASKI RD,CHICAGO,IL,60623,9998,,W13270,S
CENTRAL,4J,ILLINOIS 1,606,60624,MARY ALICE HENRY,4222 W MADISON ST,CHICAGO,IL,60624,9998,,W13072,S
CENTRAL,4J,ILLINOIS 1,606,60625,FINANCE STATION Q,4749 N BERNARD ST,CHICAGO,IL,60625,9997,,W1C028,S
CENTRAL,4J,ILLINOIS 1,606,60625,RAVENSWOOD,2522 W LAWRENCE AVE,CHICAGO,IL,60625,9998,,W14568,S
CENTRAL,4J,ILLINOIS 1,606,60626,ROGERS PARK,1723 W DEVON AVE,CHICAGO,IL,60660,9998,,W14668,S
CENTRAL,4J,ILLINOIS 1,606,60628,ROSELAND,11033 S STATE ST,CHICAGO,IL,60628,9998,,W14696,S
CENTRAL,4J,ILLINOIS 1,606,60629,CHICAGO LAWN,6037 S KEDZIE AVE,CHICAGO,IL,60629,9997,,W12408,S
CENTRAL,4J,ILLINOIS 1,606,60629,SOUTHWEST CARRIER ANNEX,4301 W 69TH ST,CHICAGO,IL,60629,9998,,003703,4
CENTRAL,4J,ILLINOIS 1,606,60630,JEFFERSON PARK CARRIER ANNEX,4810 N MILWAUKEE AVE,CHICAGO,IL,60630,9998,,W13474,4
CENTRAL,4J,ILLINOIS 1,606,60630,JEFFERSON PARK,5401 W LAWRENCE AVE,CHICAGO,IL,60630,3404,,003981,S
CENTRAL,4J,ILLINOIS 1,606,60631,NORWOOD PARK,6300 N NORTHWEST HWY,CHICAGO,IL,60631,9998,,W14222,S
CENTRAL,4J,ILLINOIS 1,606,60632,ELSDON,4922 S KEDZIE AVE,CHICAGO,IL,60632,9998,,W12870,S
CENTRAL,4J,ILLINOIS 1,606,60632,SOUTHWEST CARRIER ANNEX,4301 W 69TH ST,CHICAGO,IL,60629,9998,,003703,4
CENTRAL,4J,ILLINOIS 1,606,60633,HEGEWISCH,13234 S BALTIMORE AVE,CHICAGO,IL,60633,9998,,W13283,S
CENTRAL,4J,ILLINOIS 1,606,60634,ROGER P MC AULIFFE,6441 W IRVING PARK RD,CHICAGO,IL,60634,9998,,W12713,S
CENTRAL,4J,ILLINOIS 1,606,60636,OGDEN PARK,6559 S ASHLAND AVE,CHICAGO,IL,60636,9998,,W14263,S
CENTRAL,4J,ILLINOIS 1,606,60637,JACKSON PARK,700 E 61ST ST,CHICAGO,IL,60637,9998,,W13466,S
CENTRAL,4J,ILLINOIS 1,606,60638,CLEARING,5645 S ARCHER AVE,CHICAGO,IL,60638,9998,,W12445,S
CENTRAL,4J,ILLINOIS 1,606,60639,CRAGIN,5100 W GRAND AVE,CHICAGO,IL,60639,9998,,W12532,S
CENTRAL,4J,ILLINOIS 1,606,60640,UPTOWN,4850 N BROADWAY ST,CHICAGO,IL,60640,9998,,W15342,S
CENTRAL,4J,ILLINOIS 1,606,60641,IRVING PARK,3319 N CICERO AVE,CHICAGO,IL,60641,9998,,W13455,S
CENTRAL,4J,ILLINOIS 1,606,60642,WICKER PARK CARRIER ANNEX,1419 W CARROLL AVE STE 1,CHICAGO,IL,60607,9998,,012846,4
CENTRAL,4J,ILLINOIS 1,606,60643,MORGAN PARK,1805 W MONTEREY AVE,CHICAGO,IL,60643,9998,,W1B597,S
CENTRAL,4J,ILLINOIS 1,606,60643,FINANCE STATION H,10238 S VINCENNES AVE,CHICAGO,IL,60643,1301,,W1C055,S
CENTRAL,4J,ILLINOIS 1,606,60644,REV MILTON R BRUNSON,324 S LARAMIE AVE,CHICAGO,IL,60644,9998,,W11934,S
CENTRAL,4J,ILLINOIS 1,606,60645,NORTHTOWN,3401 W DEVON AVE,CHICAGO,IL,60659,9998,,W14212,S
CENTRAL,4J,ILLINOIS 1,606,60646,EDGEBK/LINCOLNWOOD ANNEX,6500 N LINCOLN AVE STE 1,LINCOLNWOOD,IL,60712,9998,,W12793,4
CENTRAL,4J,ILLINOIS 1,606,60646,EDGEBROOK,5424 W DEVON AVE,CHICAGO,IL,60646,9998,,003983,S
CENTRAL,4J,ILLINOIS 1,606,60647,ROBERTO CLEMENTE,2339 N CALIFORNIA AVE,CHICAGO,IL,60647,9998,,W13732,S
CENTRAL,4J,ILLINOIS 1,606,60647,DETACHED PO BOX 60647-2,1704 N MILWAUKEE AVE STE D,CHICAGO,IL,60647,7211,,012161,6
CENTRAL,4J,ILLINOIS 1,606,60649,CHARLES A HAYES,7436 S EXCHANGE AVE,CHICAGO,IL,60649,9998,,W14935,S
CENTRAL,4J,ILLINOIS 1,606,60651,ROBERT LEFLORE JR,5001 W DIVISION ST,CHICAGO,IL,60651,9998,,W12656,S
CENTRAL,4J,ILLINOIS 1,606,60652,ASHBURN,3639 W 79TH ST,CHICAGO,IL,60652,9998,,W11904,S
CENTRAL,4J,ILLINOIS 1,606,60652,DETACHED PO BOX 60652,7601 S CICERO AVE STE 808,CHICAGO,IL,60652,1568,,012198,6
CENTRAL,4J,ILLINOIS 1,606,60653,HENRY W MCGEE,4601 S COTTAGE GROVE AVE,CHICAGO,IL,60653,9998,,W13410,S
CENTRAL,4J,ILLINOIS 1,606,60654,FORT DEARBORN,540 N DEARBORN ST,CHICAGO,IL,60610,9998,,W12998,S
CENTRAL,4J,ILLINOIS 1,606,60655,MOUNT GREENWOOD,3349 W 111TH ST,CHICAGO,IL,60655,9998,,W14035,S
CENTRAL,4J,ILLINOIS 1,606,60655,DETACHED PO BOX 60655,3638 W 111TH ST,CHICAGO,IL,60655,3333,,012163,6
CENTRAL,4J,ILLINOIS 1,606,60656,HARWOOD HEIGHTS,7101 W GUNNISON ST,HARWOOD HEIGHTS,IL,60706,9998,,W13263,B
CENTRAL,4J,ILLINOIS 1,606,60656,HARWOOD HEIGHTS CARRIER ANX,7350 W AGATITE AVE,NORRIDGE,IL,60706,4752,,006845,4
CENTRAL,4J,ILLINOIS 1,606,60657,GRACELAND,3024 N ASHLAND AVE,CHICAGO,IL,60657,3012,,W13155,S
CENTRAL,4J,ILLINOIS 1,606,60657,GRACELAND CARRIER ANNEX,3635 N LINCOLN AVE,CHICAGO,IL,60657,9998,,W13156,4
CENTRAL,4J,ILLINOIS 1,606,60659,NORTHTOWN,3401 W DEVON AVE,CHICAGO,IL,60659,9998,,W14212,S
CENTRAL,4J,ILLINOIS 1,606,60660,FINANCE STATION M,7617 N PAULINA ST,CHICAGO,IL,60626,9997,,W13785,S
CENTRAL,4J,ILLINOIS 1,606,60660,ROGERS PARK,1723 W DEVON AVE,CHICAGO,IL,60660,9998,,W14668,S
CENTRAL,4J,ILLINOIS 1,606,60661,CHICAGO CENT CARRIER ANNEX,433 W HARRISON ST FL 3W,CHICAGO,IL,60699,9901,,001385,4
CENTRAL,4J,ILLINOIS 1,606,60664,LOOP CLARK STREET,211 S CLARK ST,CHICAGO,IL,60604,9998,P,W13752,S
CENTRAL,4J,ILLINOIS 1,606,60666,AMC OHARE,11600 W IRVING PARK RD,CHICAGO,IL,60666,9998,P,W11854,S
CENTRAL,4J,ILLINOIS 1,606,60680,CARDISS COLLINS,433 W HARRISON ST FL LBBY,CHICAGO,IL,60699,9208,P,W13802,S
CENTRAL,4J,ILLINOIS 1,606,60690,LOOP CLARK STREET,211 S CLARK ST,CHICAGO,IL,60604,9998,P,W13752,S
CENTRAL,4J,ILLINOIS 1,606,60691,CARDISS COLLINS,433 W HARRISON ST FL LBBY,CHICAGO,IL,60699,9208,P,W13802,S
CENTRAL,4J,ILLINOIS 1,606,60706,HARWOOD HEIGHTS CARRIER ANX,7350 W AGATITE AVE,NORRIDGE,IL,60706,4752,,006845,4
CENTRAL,4J,ILLINOIS 1,606,60707,ELMWOOD PARK,7300 W FULLERTON AVE,ELMWOOD PARK,IL,60707,9998,,W12866,B
CENTRAL,4J,ILLINOIS 1,606,60712,EDGEBK/LINCOLNWOOD ANNEX,6500 N LINCOLN AVE STE 1,LINCOLNWOOD,IL,60712,9998,,W12793,4
CENTRAL,4J,ILLINOIS 1,606,60714,NILES,6977 W OAKTON ST,NILES,IL,60714,9998,,W14160,B
CENTRAL,4J,ILLINOIS 1,606,60803,MOUNT GREENWOOD,3349 W 111TH ST,CHICAGO,IL,60655,9998,,W14035,S
CENTRAL,4J,ILLINOIS 1,606,60804,CICERO,2440 S LARAMIE AVE,CICERO,IL,60804,9998,,W12419,B
CENTRAL,4J,ILLINOIS 1,606,60805,EVERGREEN PARK,9359 S KEDZIE AVE,EVERGREEN PARK,IL,60805,9998,,W12907,B
CENTRAL,4J,ILLINOIS 1,606,60827,RIVERDALE,661 W 138TH ST,RIVERDALE,IL,60827,9998,,W14624,B
CENTRAL,4J,ILLINOIS 2,604,60901,KANKAKEE,475 E COURT ST,KANKAKEE,IL,60901,9998,,W13514,P
CENTRAL,4J,ILLINOIS 2,604,60910,AROMA PARK,300 S BRIDGE ST,AROMA PARK,IL,60910,9800,P,W11898,P
CENTRAL,4J,ILLINOIS 2,604,60911,ASHKUM,103 E MAIN ST,ASHKUM,IL,60911,7169,,W11906,P
CENTRAL,4J,ILLINOIS 2,604,60912,BEAVERVILLE,702 SAINT CHARLES ST,BEAVERVILLE,IL,60912,9998,,W12003,P
CENTRAL,4J,ILLINOIS 2,604,60913,BONFIELD,157 W SMITH ST,BONFIELD,IL,60913,9800,,W12125,P
CENTRAL,4J,ILLINOIS 2,604,60914,BOURBONNAIS,850 MAIN ST NW,BOURBONNAIS,IL,60914,9998,,W12133,P
CENTRAL,4J,ILLINOIS 2,604,60915,BRADLEY,258 W BROADWAY ST,BRADLEY,IL,60915,9998,,W12152,P
CENTRAL,4J,ILLINOIS 2,604,60917,BUCKINGHAM,110 RAILROAD ST,BUCKINGHAM,IL,60917,9998,,W12198,P
CENTRAL,4J,ILLINOIS 2,604,60918,BUCKLEY,116 N RAILROAD AVE,BUCKLEY,IL,60918,9998,,W12199,P
CENTRAL,4J,ILLINOIS 2,604,60919,CABERY,201 MAIN ST,CABERY,IL,60919,9800,,W12250,P
CENTRAL,4J,ILLINOIS 2,604,60920,CAMPUS,107 CENTER ST,CAMPUS,IL,60920,9998,P,W12277,P
CENTRAL,4J,ILLINOIS 2,604,60921,CHATSWORTH,15 N 4TH ST,CHATSWORTH,IL,60921,9800,,W12371,P
CENTRAL,4J,ILLINOIS 2,604,60922,CHEBANSE,209 S CHESTNUT ST,CHEBANSE,IL,60922,9998,,W12374,P
CENTRAL,4J,ILLINOIS 2,604,60924,CISSNA PARK,129 W GARFIELD AVE,CISSNA PARK,IL,60924,9800,,W12423,P
CENTRAL,4J,ILLINOIS 2,604,60926,CLAYTONVILLE,107 N MANNING ST,CLAYTONVILLE,IL,60926,9998,P,W12441,P
CENTRAL,4J,ILLINOIS 2,604,60927,CLIFTON,175 E 6TH AVE,CLIFTON,IL,60927,9800,,W12451,P
CENTRAL,4J,ILLINOIS 2,604,60928,CRESCENT CITY,405 MAIN ST,CRESCENT CITY,IL,60928,9800,,W12540,P
CENTRAL,4J,ILLINOIS 2,604,60929,CULLOM,101 W HACK ST,CULLOM,IL,60929,7133,,W12564,P
CENTRAL,4J,ILLINOIS 2,604,60930,DANFORTH,108 N FRONT ST,DANFORTH,IL,60930,9013,,W12586,P
CENTRAL,4J,ILLINOIS 2,604,60931,DONOVAN,301 E 2ND ST,DONOVAN,IL,60931,9998,,W12673,P
CENTRAL,4J,ILLINOIS 2,604,60932,EAST LYNN,41495 MAIN ST,EAST LYNN,IL,60932,9998,P,W12769,P
CENTRAL,4J,ILLINOIS 2,604,60933,ELLIOTT,115 S MAIN ST,ELLIOTT,IL,60933,9800,P,W12852,P
CENTRAL,4J,ILLINOIS 2,604,60934,EMINGTON,107 1/2 WABASH ST,EMINGTON,IL,60934,9800,,W12877,P
CENTRAL,4J,ILLINOIS 2,604,60935,ESSEX,200 W MAIN ST,ESSEX,IL,60935,9800,,W12894,P
CENTRAL,4J,ILLINOIS 2,604,60936,GIBSON CITY,127 E 9TH ST,GIBSON CITY,IL,60936,9998,,W13091,P
CENTRAL,4J,ILLINOIS 2,604,60938,GILMAN,204 N CENTRAL ST,GILMAN,IL,60938,9998,,W13101,P
CENTRAL,4J,ILLINOIS 2,604,60939,GOODWINE,553 N 1800 EAST RD,GOODWINE,IL,60939,9998,P,W13144,P
CENTRAL,4J,ILLINOIS 2,604,60940,GRANT PARK,115 N MAIN ST,GRANT PARK,IL,60940,9998,,W13171,P
CENTRAL,4J,ILLINOIS 2,604,60941,HERSCHER,200 S MAIN ST,HERSCHER,IL,60941,9811,,W13301,P
CENTRAL,4J,ILLINOIS 2,604,60942,HOOPESTON,314 S MARKET ST,HOOPESTON,IL,60942,9998,,W13370,P
CENTRAL,4J,ILLINOIS 2,604,60944,HOPKINS PARK,3952 S KING DR,HOPKINS PARK,IL,60944,9998,P,W13377,P
CENTRAL,4J,ILLINOIS 2,604,60945,IROQUOIS,205 S MAIN ST,IROQUOIS,IL,60945,9800,P,W13452,P
CENTRAL,4J,ILLINOIS 2,604,60946,KEMPTON,213 E MAIN ST,KEMPTON,IL,60946,9800,,W13534,P
CENTRAL,4J,ILLINOIS 2,604,60948,LODA,203 N OAK ST,LODA,IL,60948,9998,,W13728,P
CENTRAL,4J,ILLINOIS 2,604,60948,PAXTON,209 S MARKET ST,PAXTON,IL,60957,1458,,W14409,P
CENTRAL,4J,ILLINOIS 2,604,60949,LUDLOW,113 E THOMAS ST,LUDLOW,IL,60949,9998,,W13771,P
CENTRAL,4J,ILLINOIS 2,604,60950,MANTENO,157 N MAIN ST,MANTENO,IL,60950,9998,,W13812,P
CENTRAL,4J,ILLINOIS 2,604,60951,MARTINTON,102 W MAIN ST,MARTINTON,IL,60951,9800,,W13844,P
CENTRAL,4J,ILLINOIS 2,604,60952,MELVIN,104 E MAIN ST,MELVIN,IL,60952,9800,,W13908,P
CENTRAL,4J,ILLINOIS 2,604,60953,MILFORD,108 N WEST AVE,MILFORD,IL,60953,9998,,W13950,P
CENTRAL,4J,ILLINOIS 2,604,60954,MOMENCE,202 E WASHINGTON ST,MOMENCE,IL,60954,9998,,W13990,P
CENTRAL,4J,ILLINOIS 2,604,60955,ONARGA,120 W SEMINARY AVE,ONARGA,IL,60955,9998,,W14300,P
CENTRAL,4J,ILLINOIS 2,604,60956,PAPINEAU,105 E PAPINEAU ST,PAPINEAU,IL,60956,9800,P,W14383,P
CENTRAL,4J,ILLINOIS 2,604,60957,PAXTON,209 S MARKET ST,PAXTON,IL,60957,1458,,W14409,P
CENTRAL,4J,ILLINOIS 2,604,60958,SAINT ANNE,201 S CHICAGO AVE,SAINT ANNE,IL,60964,7224,,W14762,P
CENTRAL,4J,ILLINOIS 2,604,60959,PIPER CITY,2 N PINE ST,PIPER CITY,IL,60959,9800,,W14468,P
CENTRAL,4J,ILLINOIS 2,604,60960,PAXTON,209 S MARKET ST,PAXTON,IL,60957,1458,,W14409,P
CENTRAL,4J,ILLINOIS 2,604,60960,RANKIN,102 S MAIN ST,RANKIN,IL,60960,9998,,W14559,P
CENTRAL,4J,ILLINOIS 2,604,60961,REDDICK,113 W LINCOLN ST,REDDICK,IL,60961,5606,,W14578,P
CENTRAL,4J,ILLINOIS 2,604,60962,ROBERTS,110 E GREEN ST,ROBERTS,IL,60962,9800,,W14639,P
CENTRAL,4J,ILLINOIS 2,604,60963,ROSSVILLE,106 MAPLE ST,ROSSVILLE,IL,60963,9998,,W14706,P
CENTRAL,4J,ILLINOIS 2,604,60964,SAINT ANNE,201 S CHICAGO AVE,SAINT ANNE,IL,60964,7224,,W14762,P
CENTRAL,4J,ILLINOIS 2,604,60966,SHELDON,110 W DEPOT ST,SHELDON,IL,60966,9800,,W14853,P
CENTRAL,4J,ILLINOIS 2,604,60967,STOCKLAND,2842 E 860 NORTH RD,STOCKLAND,IL,60967,9998,P,W15179,P
CENTRAL,4J,ILLINOIS 2,604,60968,THAWVILLE,106 W MAIN ST,THAWVILLE,IL,60968,9800,,W15257,P
CENTRAL,4J,ILLINOIS 2,604,60969,HERSCHER,200 S MAIN ST,HERSCHER,IL,60941,9811,P,W13301,P
CENTRAL,4J,ILLINOIS 2,604,60970,WATSEKA,101 W WALNUT ST,WATSEKA,IL,60970,9800,,W15455,P
CENTRAL,4J,ILLINOIS 2,604,60973,WELLINGTON,311 E MAIN ST,WELLINGTON,IL,60973,9998,,W15474,P
CENTRAL,4J,ILLINOIS 2,604,60974,WOODLAND,102 S WEST AVE,WOODLAND,IL,60974,9997,P,W15598,P
CENTRAL,4J,ILLINOIS 1,606,61001,APPLE RIVER,110 W RAILROAD ST,APPLE RIVER,IL,61001,9233,,W11867,P
CENTRAL,4J,ILLINOIS 1,606,61001,STOCKTON,201 W RAILROAD AVE,STOCKTON,IL,61085,1588,,W15180,P
CENTRAL,4J,ILLINOIS 1,606,61006,ASHTON,605 BROWN AVE,ASHTON,IL,61006,9777,,W11910,P
CENTRAL,4J,ILLINOIS 1,606,61006,ROCHELLE,501 LINCOLN HWY,ROCHELLE,IL,61068,1699,,W14642,P
CENTRAL,4J,ILLINOIS 1,606,61007,BAILEYVILLE,100 S COMMERCIAL ST,BAILEYVILLE,IL,61007,9762,,W11943,P
CENTRAL,4J,ILLINOIS 1,606,61008,BELVIDERE,1800 DOC WOLF DR,BELVIDERE,IL,61008,1801,,W12036,P
CENTRAL,4J,ILLINOIS 1,606,61010,BYRON,232 N UNION ST,BYRON,IL,61010,8812,,W12247,P
CENTRAL,4J,ILLINOIS 1,606,61011,BELVIDERE,1800 DOC WOLF DR,BELVIDERE,IL,61008,1801,,W12036,P
CENTRAL,4J,ILLINOIS 1,606,61011,CALEDONIA,2201 IL ROUTE 173,CALEDONIA,IL,61011,9796,,W12257,P
CENTRAL,4J,ILLINOIS 1,606,61012,CAPRON,120 W MAIN ST,CAPRON,IL,61012,9783,,W12284,P
CENTRAL,4J,ILLINOIS 1,606,61013,CEDARVILLE,125 W WASHINGTON ST,CEDARVILLE,IL,61013,9800,P,W12333,P
CENTRAL,4J,ILLINOIS 1,606,61014,CHADWICK,218 N MAIN ST,CHADWICK,IL,61014,9380,,W12352,P
CENTRAL,4J,ILLINOIS 1,606,61015,CHANA,300 MAIN ST UNIT A,CHANA,IL,61015,9796,,W12359,P
CENTRAL,4J,ILLINOIS 1,606,61015,OREGON,500 W WASHINGTON ST,OREGON,IL,61061,1630,,W14322,P
CENTRAL,4J,ILLINOIS 1,606,61016,CHERRY VALLEY,210 E STATE ST,CHERRY VALLEY,IL,61016,9293,,W12379,P
CENTRAL,4J,ILLINOIS 1,606,61016,ROCKFORD IL S&DC,5225 HARRISON AVE,ROCKFORD,IL,61125,9700,,020562,4
CENTRAL,4J,ILLINOIS 1,606,61018,DAKOTA,139 W MAIN ST,DAKOTA,IL,61018,9792,,W12576,P
CENTRAL,4J,ILLINOIS 1,606,61019,DAVIS,420 N STANTON ST,DAVIS,IL,61019,9113,,W12594,P
CENTRAL,4J,ILLINOIS 1,606,61020,DAVIS JUNCTION,402 W CHICAGO AVE,DAVIS JUNCTION,IL,61020,9414,,W12596,P
CENTRAL,4J,ILLINOIS 1,606,61021,DIXON,405 W 2ND ST,DIXON,IL,61021,2928,,W12660,P
CENTRAL,4J,ILLINOIS 1,606,61024,DURAND,211 N CENTER ST,DURAND,IL,61024,8922,,W12715,P
CENTRAL,4J,ILLINOIS 1,606,61024,PECATONICA,120 E 3RD ST,PECATONICA,IL,61063,9194,,W14415,P
CENTRAL,4J,ILLINOIS 1,606,61025,EAST DUBUQUE,200 WALL ST,EAST DUBUQUE,IL,61025,1240,,W12759,P
CENTRAL,4J,ILLINOIS 1,606,61027,ELEROY,316 N BRIDGE ST,ELEROY,IL,61027,9800,P,W12826,P
CENTRAL,4J,ILLINOIS 1,606,61028,GALENA SQUARE,901 GALENA SQUARE DR,GALENA,IL,61036,1359,,W1B707,S
CENTRAL,4J,ILLINOIS 1,606,61028,ELIZABETH,102 E MYRTLE ST,ELIZABETH,IL,61028,9787,,W12830,P
CENTRAL,4J,ILLINOIS 1,606,61030,FORRESTON,210 E MAIN ST,FORRESTON,IL,61030,9470,,W12995,P
CENTRAL,4J,ILLINOIS 1,606,61031,DIXON,405 W 2ND ST,DIXON,IL,61021,2928,,W12660,P
CENTRAL,4J,ILLINOIS 1,606,61031,FRANKLIN GROVE,113 S ELM ST,FRANKLIN GROVE,IL,61031,9788,,W13031,P
CENTRAL,4J,ILLINOIS 1,606,61032,FREEPORT,103 N CHICAGO AVE FL 1,FREEPORT,IL,61032,9998,,W13039,P
CENTRAL,4J,ILLINOIS 1,606,61036,GALENA SQUARE,901 GALENA SQUARE DR,GALENA,IL,61036,1359,,W1B707,S
CENTRAL,4J,ILLINOIS 1,606,61036,GALENA,110 GREEN ST,GALENA,IL,61036,2247,,W13056,P
CENTRAL,4J,ILLINOIS 1,606,61037,GALT,411 GALT RD,GALT,IL,61037,9800,P,W13060,P
CENTRAL,4J,ILLINOIS 1,606,61038,BELVIDERE,1800 DOC WOLF DR,BELVIDERE,IL,61008,1801,,W12036,P
CENTRAL,4J,ILLINOIS 1,606,61038,GARDEN PRAIRIE,6820 PLEASANT ST,GARDEN PRAIRIE,IL,61038,9998,,W13068,P
CENTRAL,4J,ILLINOIS 1,606,61039,GERMAN VALLEY,35 CHURCH ST,GERMAN VALLEY,IL,61039,9536,,W13085,P
CENTRAL,4J,ILLINOIS 1,606,61041,HANOVER,220 JEFFERSON ST,HANOVER,IL,61041,9697,,W13237,P
CENTRAL,4J,ILLINOIS 1,606,61042,HARMON,205 N 1ST ST,HARMON,IL,61042,9442,,W13246,P
CENTRAL,4J,ILLINOIS 1,606,61043,HOLCOMB,105 W MAIN ST,HOLCOMB,IL,61043,9800,P,W13352,P
CENTRAL,4J,ILLINOIS 1,606,61044,PEARL CITY,105 S MAIN ST,PEARL CITY,IL,61062,8702,,W14413,P
CENTRAL,4J,ILLINOIS 1,606,61046,LANARK,600 W OLYMPIC DR,LANARK,IL,61046,9122,,W13632,P
CENTRAL,4J,ILLINOIS 1,606,61047,LEAF RIVER,116 MAIN ST,LEAF RIVER,IL,61047,9793,,W13653,P
CENTRAL,4J,ILLINOIS 1,606,61047,MOUNT MORRIS,21 W MAIN ST,MOUNT MORRIS,IL,61054,1486,,W14036,P
CENTRAL,4J,ILLINOIS 1,606,61048,LENA,913 S LOGAN ST,LENA,IL,61048,9205,,W13662,P
CENTRAL,4J,ILLINOIS 1,606,61049,LINDENWOOD,104 S WALNUT ST,LINDENWOOD,IL,61049,9742,,W13697,P
CENTRAL,4J,ILLINOIS 1,606,61050,MC CONNELL,218 E MAIN ST,MC CONNELL,IL,61050,9998,,W13868,P
CENTRAL,4J,ILLINOIS 1,606,61051,MILLEDGEVILLE,315 N MEYERS AVE,MILLEDGEVILLE,IL,61051,9998,,W13955,P
CENTRAL,4J,ILLINOIS 1,606,61052,MONROE CENTER,200 MAIN ST,MONROE CENTER,IL,61052,9474,,W13995,P
CENTRAL,4J,ILLINOIS 1,606,61053,MOUNT CARROLL,211 N CLAY ST,MOUNT CARROLL,IL,61053,1148,,W14031,P
CENTRAL,4J,ILLINOIS 1,606,61053,SAVANNA,321 3RD ST,SAVANNA,IL,61074,9998,,W14794,P
CENTRAL,4J,ILLINOIS 1,606,61054,MOUNT MORRIS,21 W MAIN ST,MOUNT MORRIS,IL,61054,1486,,W14036,P
CENTRAL,4J,ILLINOIS 1,606,61057,NACHUSA,1712 WARREN ST,NACHUSA,IL,61057,9800,P,W14089,P
CENTRAL,4J,ILLINOIS 1,606,61059,NORA,111 W CHESTNUT ST,NORA,IL,61059,9998,P,W14174,P
CENTRAL,4J,ILLINOIS 1,606,61060,ORANGEVILLE,211 W HIGH ST,ORANGEVILLE,IL,61060,9215,,W14311,P
CENTRAL,4J,ILLINOIS 1,606,61061,OREGON,500 W WASHINGTON ST,OREGON,IL,61061,1630,,W14322,P
CENTRAL,4J,ILLINOIS 1,606,61062,PEARL CITY,105 S MAIN ST,PEARL CITY,IL,61062,8702,,W14413,P
CENTRAL,4J,ILLINOIS 1,606,61063,PECATONICA,120 E 3RD ST,PECATONICA,IL,61063,9194,,W14415,P
CENTRAL,4J,ILLINOIS 1,606,61064,DIXON,405 W 2ND ST,DIXON,IL,61021,2928,,W12660,P
CENTRAL,4J,ILLINOIS 1,606,61064,POLO,110 N FRANKLIN AVE,POLO,IL,61064,1553,,W14498,P
CENTRAL,4J,ILLINOIS 1,606,61065,BELVIDERE,1800 DOC WOLF DR,BELVIDERE,IL,61008,1801,,W12036,P
CENTRAL,4J,ILLINOIS 1,606,61065,POPLAR GROVE,105 E BRITNIE DR,POPLAR GROVE,IL,61065,8325,,W14509,P
CENTRAL,4J,ILLINOIS 1,606,61067,RIDOTT,103 ADAMS ST,RIDOTT,IL,61067,9685,,W14610,P
CENTRAL,4J,ILLINOIS 1,606,61068,ROCHELLE,501 LINCOLN HWY,ROCHELLE,IL,61068,1699,,W14642,P
CENTRAL,4J,ILLINOIS 1,606,61070,ROCK CITY,100 N MAIN ST,ROCK CITY,IL,61070,9998,,W14644,P
CENTRAL,4J,ILLINOIS 1,606,61071,ROCK FALLS,210 2ND AVE,ROCK FALLS,IL,61071,1299,,W14648,P
CENTRAL,4J,ILLINOIS 1,606,61072,ROCKTON,214 W MAIN ST,ROCKTON,IL,61072,2400,,W14663,P
CENTRAL,4J,ILLINOIS 1,606,61073,ROSCOE,11320 MAIN ST,ROSCOE,IL,61073,6508,,W14688,P
CENTRAL,4J,ILLINOIS 1,606,61074,SAVANNA,321 3RD ST,SAVANNA,IL,61074,9998,,W14794,P
CENTRAL,4J,ILLINOIS 1,606,61075,SCALES MOUND,310 SOUTH AVE,SCALES MOUND,IL,61075,9599,,W14801,P
CENTRAL,4J,ILLINOIS 1,606,61077,SEWARD,2970 TRACY ST,SEWARD,IL,61077,9802,P,W14836,P
CENTRAL,4J,ILLINOIS 1,606,61078,SHANNON,2 N LOCUST ST,SHANNON,IL,61078,9012,,W14844,P
CENTRAL,4J,ILLINOIS 1,606,61079,SHIRLAND,13047 PUTNAM ST,SHIRLAND,IL,61079,9801,P,W14862,P
CENTRAL,4J,ILLINOIS 1,606,61080,SOUTH BELOIT,311 OAK GROVE AVE,SOUTH BELOIT,IL,61080,1968,,W14918,P
CENTRAL,4J,ILLINOIS 1,606,61081,STERLING,408 3RD AVE,STERLING,IL,61081,3677,,W15165,P
CENTRAL,4J,ILLINOIS 1,606,61084,STILLMAN VALLEY,215 N WALNUT ST,STILLMAN VALLEY,IL,61084,8947,,W15169,P
CENTRAL,4J,ILLINOIS 1,606,61085,STOCKTON,201 W RAILROAD AVE,STOCKTON,IL,61085,1588,,W15180,P
CENTRAL,4J,ILLINOIS 1,606,61087,STOCKTON,201 W RAILROAD AVE,STOCKTON,IL,61085,1588,,W15180,P
CENTRAL,4J,ILLINOIS 1,606,61087,WARREN,101 E MAIN ST,WARREN,IL,61087,9382,,W15433,P
CENTRAL,4J,ILLINOIS 1,606,61088,KILBURN ROCKFORD,2440 KILBURN AVE,ROCKFORD,IL,61101,9700,,W1C141,S
CENTRAL,4J,ILLINOIS 1,606,61088,WINNEBAGO,105 LANDMARK DR,WINNEBAGO,IL,61088,8591,,W15567,P
CENTRAL,4J,ILLINOIS 1,606,61089,WINSLOW,200 CARVER ST,WINSLOW,IL,61089,9488,,W15570,P
CENTRAL,4J,ILLINOIS 1,606,61091,WOOSUNG,604 GRISWOLD ST,WOOSUNG,IL,61091,9800,P,W15609,P
CENTRAL,4J,ILLINOIS 1,606,61101,KILBURN ROCKFORD,2440 KILBURN AVE,ROCKFORD,IL,61101,9700,,W1C141,S
CENTRAL,4J,ILLINOIS 1,606,61102,KILBURN ROCKFORD,2440 KILBURN AVE,ROCKFORD,IL,61101,9700,,W1C141,S
CENTRAL,4J,ILLINOIS 1,606,61103,KILBURN ROCKFORD,2440 KILBURN AVE,ROCKFORD,IL,61101,9700,,W1C141,S
CENTRAL,4J,ILLINOIS 1,606,61104,ROCKFORD IL S&DC,5225 HARRISON AVE,ROCKFORD,IL,61125,9700,,020562,4
CENTRAL,4J,ILLINOIS 1,606,61105,DOWNTOWN ROCKFORD,401 S MAIN ST FL 1,ROCKFORD,IL,61101,9705,P,W14660,S
CENTRAL,4J,ILLINOIS 1,606,61106,BROADWAY,1140 BROADWAY,ROCKFORD,IL,61104,9706,P,W14659,S
CENTRAL,4J,ILLINOIS 1,606,61107,ROCKFORD IL S&DC,5225 HARRISON AVE,ROCKFORD,IL,61125,9700,,020562,4
CENTRAL,4J,ILLINOIS 1,606,61108,ROCKFORD IL S&DC,5225 HARRISON AVE,ROCKFORD,IL,61125,9700,,020562,4
CENTRAL,4J,ILLINOIS 1,606,61109,ROCKFORD IL S&DC,5225 HARRISON AVE,ROCKFORD,IL,61125,9700,,020562,4
CENTRAL,4J,ILLINOIS 1,606,61110,EAST ROCKFORD,111 N 6TH ST,ROCKFORD,IL,61107,9700,P,W12773,S
CENTRAL,4J,ILLINOIS 1,606,61111,LOVES PARK,1702 WINDSOR RD,LOVES PARK,IL,61111,9711,,W13765,B
CENTRAL,4J,ILLINOIS 1,606,61112,ROCKFORD IL S&DC,5225 HARRISON AVE,ROCKFORD,IL,61125,9700,,020562,4
CENTRAL,4J,ILLINOIS 1,606,61114,ROCKFORD IL S&DC,5225 HARRISON AVE,ROCKFORD,IL,61125,9700,,020562,4
CENTRAL,4J,ILLINOIS 1,606,61115,LOVES PARK,1702 WINDSOR RD,LOVES PARK,IL,61111,9711,,W13765,B
CENTRAL,4J,ILLINOIS 1,606,61125,ROCKFORD IL S&DC,5225 HARRISON AVE,ROCKFORD,IL,61125,9700,P,020562,4
CENTRAL,4J,ILLINOIS 1,606,61126,ROCKFORD IL S&DC,5225 HARRISON AVE,ROCKFORD,IL,61125,9700,P,020562,4
CENTRAL,4J,ILLINOIS 1,606,61130,LOVES PARK,1702 WINDSOR RD,LOVES PARK,IL,61111,9711,P,W13765,B
CENTRAL,4J,ILLINOIS 1,606,61131,LOVES PARK,1702 WINDSOR RD,LOVES PARK,IL,61111,9711,P,W13765,B
CENTRAL,4J,ILLINOIS 1,606,61132,LOVES PARK,1702 WINDSOR RD,LOVES PARK,IL,61111,9711,P,W13765,B
CENTRAL,4J,ILLINOIS 2,604,61201,ROCK ISLAND,2633 11TH ST,ROCK ISLAND,IL,61201,9998,,W14652,P
CENTRAL,4J,ILLINOIS 2,604,61204,DOWNTOWN ROCK ISLAND,1956 2ND AVE,ROCK ISLAND,IL,61201,9700,P,W1C503,S
CENTRAL,4J,ILLINOIS 2,604,61204,ROCK ISLAND,2633 11TH ST,ROCK ISLAND,IL,61201,9998,P,W14652,P
CENTRAL,4J,IA-NE-SD,500,61230,ALBANY,204 3RD AVE S,ALBANY,IL,61230,9000,,W11810,P
CENTRAL,4J,ILLINOIS 2,604,61231,ALEDO,117 N COLLEGE AVE,ALEDO,IL,61231,9998,,W11816,P
CENTRAL,4J,ILLINOIS 2,604,61232,ANDALUSIA,124 2ND AVE E,ANDALUSIA,IL,61232,9000,,W11858,P
CENTRAL,4J,ILLINOIS 2,604,61233,ANDOVER,513 5TH ST,ANDOVER,IL,61233,9000,P,W11860,P
CENTRAL,4J,ILLINOIS 2,604,61234,ANNAWAN,106 S MAIN ST,ANNAWAN,IL,61234,7701,,W11864,P
CENTRAL,4J,ILLINOIS 2,604,61235,ATKINSON,103 E MAIN ST,ATKINSON,IL,61235,7717,,W11916,P
CENTRAL,4J,ILLINOIS 2,604,61236,BARSTOW,18617 1ST AVE,BARSTOW,IL,61236,9000,P,W11982,P
CENTRAL,4J,ILLINOIS 2,604,61237,BUFFALO PRAIRIE,18401 206TH ST W,BUFFALO PRAIRIE,IL,61237,9001,P,W12213,P
CENTRAL,4J,ILLINOIS 2,604,61238,CAMBRIDGE,109 N PROSPECT ST,CAMBRIDGE,IL,61238,9998,,W12267,P
CENTRAL,4J,ILLINOIS 2,604,61238,GENESEO,120 W 1ST ST,GENESEO,IL,61254,9998,,W13079,P
CENTRAL,4J,ILLINOIS 2,604,61239,CARBON CLIFF,118 3RD ST,CARBON CLIFF,IL,61239,7711,,W12285,P
CENTRAL,4J,ILLINOIS 2,604,61240,COAL VALLEY,121 E 22ND AVE,COAL VALLEY,IL,61240,9900,,W12464,P
CENTRAL,4J,ILLINOIS 2,604,61241,COLONA,900 1ST ST,COLONA,IL,61241,9030,,W12483,P
CENTRAL,4J,ILLINOIS 2,604,61242,CORDOVA,1001 MAIN AVE,CORDOVA,IL,61242,9000,,W12503,P
CENTRAL,4J,ILLINOIS 2,604,61243,DEER GROVE,28983 HUB ST,DEER GROVE,IL,61243,9005,,W12609,P
CENTRAL,4J,ILLINOIS 2,604,61244,EAST MOLINE,805 16TH AVE,EAST MOLINE,IL,61244,9998,,W12770,P
CENTRAL,4J,ILLINOIS 2,604,61250,ERIE,802 MAIN ST,ERIE,IL,61250,7773,,W12891,P
CENTRAL,4J,ILLINOIS 2,604,61252,FULTON,915 4TH ST,FULTON,IL,61252,9998,,W13047,P
CENTRAL,4J,ILLINOIS 2,604,61254,GENESEO,120 W 1ST ST,GENESEO,IL,61254,9998,,W13079,P
CENTRAL,4J,ILLINOIS 2,604,61256,HAMPTON,625 8TH ST,HAMPTON,IL,61256,9625,,W13232,P
CENTRAL,4J,ILLINOIS 2,604,61257,HILLSDALE,108 BUTZER ST,HILLSDALE,IL,61257,7703,,W13326,P
CENTRAL,4J,IA-NE-SD,500,61259,ILLINOIS CITY,23828 124TH AVE W,ILLINOIS CITY,IL,61259,9000,,W13429,P
CENTRAL,4J,ILLINOIS 2,604,61260,JOY,202 W MAIN ST,JOY,IL,61260,7704,,W13500,P
CENTRAL,4J,ILLINOIS 2,604,61261,LYNDON,409 2ND AVE E,LYNDON,IL,61261,9000,,W13777,P
CENTRAL,4J,ILLINOIS 2,604,61261,MORRISON,226 W MAIN ST,MORRISON,IL,61270,9998,,W14014,P
CENTRAL,4J,ILLINOIS 2,604,61262,LYNN CENTER,404 SOUTH ST,LYNN CENTER,IL,61262,9706,,W13779,P
CENTRAL,4J,ILLINOIS 2,604,61263,MATHERVILLE,509 2ND ST,MATHERVILLE,IL,61263,9000,P,W13854,P
CENTRAL,4J,ILLINOIS 2,604,61264,MILAN,111 3RD ST W,MILAN,IL,61264,9998,,W13948,P
CENTRAL,4J,ILLINOIS 2,604,61264,ROCK ISLAND,2633 11TH ST,ROCK ISLAND,IL,61201,9998,,W14652,P
CENTRAL,4J,ILLINOIS 2,604,61265,MOLINE,514 17TH ST,MOLINE,IL,61265,2167,,W13989,P
CENTRAL,4J,ILLINOIS 2,604,61266,MOLINE,514 17TH ST,MOLINE,IL,61265,2167,P,W13989,P
CENTRAL,4J,ILLINOIS 2,604,61270,MORRISON,226 W MAIN ST,MORRISON,IL,61270,9998,,W14014,P
CENTRAL,4J,ILLINOIS 2,604,61272,JOY,202 W MAIN ST,JOY,IL,61260,7704,,W13500,P
CENTRAL,4J,ILLINOIS 2,604,61273,ORION,1012 4TH ST,ORION,IL,61273,7731,,W14325,P
CENTRAL,4J,ILLINOIS 2,604,61274,OSCO,203 N RAILROAD ST,OSCO,IL,61274,9000,,W14335,P
CENTRAL,4J,ILLINOIS 2,604,61275,PORT BYRON,105 HICKORY ST,PORT BYRON,IL,61275,9490,,W14511,P
CENTRAL,4J,ILLINOIS 2,604,61276,PREEMPTION,1699 US HIGHWAY 67,PREEMPTION,IL,61276,9000,P,W14531,P
CENTRAL,4J,ILLINOIS 2,604,61277,PROPHETSTOWN,313 WASHINGTON ST,PROPHETSTOWN,IL,61277,9998,,W14535,P
CENTRAL,4J,ILLINOIS 2,604,61278,RAPIDS CITY,135 13TH ST,RAPIDS CITY,IL,61278,9000,P,W14563,P
CENTRAL,4J,ILLINOIS 2,604,61279,REYNOLDS,109 S FRONT ST,REYNOLDS,IL,61279,9901,,W14591,P
CENTRAL,4J,ILLINOIS 2,604,61281,SHERRARD,402 3RD ST,SHERRARD,IL,61281,7705,,W14857,P
CENTRAL,4J,ILLINOIS 2,604,61282,EAST MOLINE,805 16TH AVE,EAST MOLINE,IL,61244,9998,,W12770,P
CENTRAL,4J,ILLINOIS 2,604,61282,SILVIS,1001 1ST AVE,SILVIS,IL,61282,9998,,W14878,P
CENTRAL,4J,ILLINOIS 2,604,61283,TAMPICO,113 N MAIN ST,TAMPICO,IL,61283,7721,,W15243,P
CENTRAL,4J,ILLINOIS 2,604,61284,TAYLOR RIDGE,6928 134TH AVE W,TAYLOR RIDGE,IL,61284,9726,,W15244,P
CENTRAL,4J,IA-NE-SD,500,61285,THOMSON,705 ARGO FAY RTE,THOMSON,IL,61285,7772,,W15273,P
CENTRAL,4J,ILLINOIS 2,604,61301,DOWNTOWN LA SALLE,427 1ST ST,LA SALLE,IL,61301,2327,,W12690,S
CENTRAL,4J,ILLINOIS 2,604,61301,LA SALLE,2950 CHARTRES ST,LA SALLE,IL,61301,9998,,W13592,P
CENTRAL,4J,ILLINOIS 2,604,61310,AMBOY,215 E DIVISION ST,AMBOY,IL,61310,9800,,W11849,P
CENTRAL,4J,ILLINOIS 2,604,61312,ARLINGTON,203 E RAILROAD AVE,ARLINGTON,IL,61312,9800,,W11882,P
CENTRAL,4J,ILLINOIS 2,604,61313,BLACKSTONE,12385 E 3153 NORTH RD,BLACKSTONE,IL,61313,9609,,W12085,P
CENTRAL,4J,ILLINOIS 2,604,61314,BUDA,130 W MAIN ST,BUDA,IL,61314,9609,,W12201,P
CENTRAL,4J,ILLINOIS 2,604,61315,BUREAU,201 E NEBRASKA ST,BUREAU,IL,61315,9700,P,W12223,P
CENTRAL,4J,ILLINOIS 2,604,61316,CEDAR POINT,302 CEDAR ST,CEDAR POINT,IL,61316,9700,P,W12332,P
CENTRAL,4J,ILLINOIS 2,604,61317,CHERRY,102 N MAIN ST,CHERRY,IL,61317,9998,P,W12378,P
CENTRAL,4J,ILLINOIS 2,604,61318,COMPTON,240 W MAIN ST,COMPTON,IL,61318,9897,,W12492,P
CENTRAL,4J,ILLINOIS 2,604,61319,CORNELL,108 N 6TH ST,CORNELL,IL,61319,9900,,W12505,P
CENTRAL,4J,ILLINOIS 2,604,61320,DALZELL,139 SAUNDERS ST,DALZELL,IL,61320,9705,,W12583,P
CENTRAL,4J,ILLINOIS 2,604,61321,DANA,101 S MAIN ST,DANA,IL,61321,9700,,W12585,P
CENTRAL,4J,ILLINOIS 2,604,61322,DEPUE,200 W 4TH ST,DEPUE,IL,61322,9700,P,W12628,P
CENTRAL,4J,ILLINOIS 2,604,61323,DOVER,106 E WASHINGTON ST,DOVER,IL,61323,9700,P,W12680,P
CENTRAL,4J,ILLINOIS 2,604,61325,GRAND RIDGE,150 W MAIN ST,GRAND RIDGE,IL,61325,9800,,W13164,P
CENTRAL,4J,ILLINOIS 2,604,61326,GRANVILLE,107 S MCCOY ST,GRANVILLE,IL,61326,9331,,W13175,P
CENTRAL,4J,ILLINOIS 2,604,61327,GRANVILLE,107 S MCCOY ST,GRANVILLE,IL,61326,9331,,W13175,P
CENTRAL,4J,ILLINOIS 2,604,61327,HENNEPIN,316 E HIGH ST,HENNEPIN,IL,61327,9800,,W13290,P
CENTRAL,4J,ILLINOIS 2,604,61328,OHIO,206 N MAIN ST,OHIO,IL,61349,9701,P,W14270,P
CENTRAL,4J,ILLINOIS 2,604,61329,LADD,233 N MAIN AVE,LADD,IL,61329,9998,,W13595,P
CENTRAL,4J,ILLINOIS 2,604,61330,LA MOILLE,98 FRANKLIN ST,LA MOILLE,IL,61330,9701,,W13587,P
CENTRAL,4J,ILLINOIS 2,604,61331,LEE CENTER,1132 INLET RD,LEE CENTER,IL,61331,9998,P,W13657,P
CENTRAL,4J,ILLINOIS 2,604,61332,LEONORE,402 GARY ST,LEONORE,IL,61332,9998,P,W13665,P
CENTRAL,4J,ILLINOIS 2,604,61333,LONG POINT,414 S MAIN ST,LONG POINT,IL,61333,9701,,W13748,P
CENTRAL,4J,ILLINOIS 2,604,61334,LOSTANT,104 W 2ND ST,LOSTANT,IL,61334,9700,,W13759,P
CENTRAL,4J,ILLINOIS 2,604,61335,MC NABB,318 W MAIN ST,MC NABB,IL,61335,9998,,W13874,P
CENTRAL,4J,ILLINOIS 2,604,61336,MAGNOLIA,106 N CHICAGO ST,MAGNOLIA,IL,61336,9682,,W13799,P
CENTRAL,4J,ILLINOIS 2,604,61337,MALDEN,221 W MAIN ST,MALDEN,IL,61337,9026,,W13804,P
CENTRAL,4J,ILLINOIS 2,604,61338,MANLIUS,107 E MAPLE AVE,MANLIUS,IL,61338,9700,P,W13810,P
CENTRAL,4J,ILLINOIS 2,604,61340,MARK,106 W HENNEPIN ST,MARK,IL,61340,9700,P,W13831,P
CENTRAL,4J,ILLINOIS 2,604,61341,MARSEILLES,100 WASHINGTON ST,MARSEILLES,IL,61341,9800,,W13839,P
CENTRAL,4J,ILLINOIS 2,604,61342,MENDOTA,818 WASHINGTON ST,MENDOTA,IL,61342,9800,,W13913,P
CENTRAL,4J,ILLINOIS 2,604,61344,MINERAL,150 E MAIN ST,MINERAL,IL,61344,8900,,W13974,P
CENTRAL,4J,ILLINOIS 2,604,61345,NEPONSET,118 W COMMERCIAL ST,NEPONSET,IL,61345,9708,,W14118,P
CENTRAL,4J,ILLINOIS 2,604,61346,NEW BEDFORD,200 N MAIN ST,NEW BEDFORD,IL,61346,9700,P,W14124,P
CENTRAL,4J,ILLINOIS 2,604,61348,OGLESBY,203 W WALNUT ST,OGLESBY,IL,61348,9800,,W14264,P
CENTRAL,4J,ILLINOIS 2,604,61349,OHIO,206 N MAIN ST,OHIO,IL,61349,9701,,W14270,P
CENTRAL,4J,ILLINOIS 2,604,61350,OTTAWA,750 E ETNA RD,OTTAWA,IL,61350,9998,,W14341,P
CENTRAL,4J,ILLINOIS 2,604,61350,DOWNTOWN OTTAWA,405 W MAIN ST,OTTAWA,IL,61350,2837,,003407,S
CENTRAL,4J,ILLINOIS 2,604,61353,PAW PAW,226 CHICAGO RD,PAW PAW,IL,61353,9536,,W14407,P
CENTRAL,4J,ILLINOIS 2,604,61354,LA SALLE,2950 CHARTRES ST,LA SALLE,IL,61301,9998,,W13592,P
CENTRAL,4J,ILLINOIS 2,604,61354,PERU,1500 4TH ST,PERU,IL,61354,9801,,W14438,P
CENTRAL,4J,ILLINOIS 2,604,61356,PRINCETON,326 S MAIN ST,PRINCETON,IL,61356,9800,,W14533,P
CENTRAL,4J,ILLINOIS 2,604,61358,RUTLAND,118 SW FRONT ST,RUTLAND,IL,61358,9703,,W14748,P
CENTRAL,4J,ILLINOIS 2,604,61359,SEATONVILLE,114 ROUTE 6,SEATONVILLE,IL,61359,9700,P,W14827,P
CENTRAL,4J,ILLINOIS 2,604,61360,SENECA,121 E ARMOUR ST,SENECA,IL,61360,9700,,W14831,P
CENTRAL,4J,ILLINOIS 2,604,61361,SHEFFIELD,116 S MAIN ST,SHEFFIELD,IL,61361,9016,,W14851,P
CENTRAL,4J,ILLINOIS 2,604,61362,SPRING VALLEY,100 E ERIE ST,SPRING VALLEY,IL,61362,9800,,W14962,P
CENTRAL,4J,ILLINOIS 2,604,61363,STANDARD,106 S 2ND ST,STANDARD,IL,61363,7500,P,W15140,P
CENTRAL,4J,ILLINOIS 2,604,61364,STREATOR,221 E HICKORY ST,STREATOR,IL,61364,9800,,W15193,P
CENTRAL,4J,ILLINOIS 2,604,61367,SUBLETTE,105 W MAIN ST,SUBLETTE,IL,61367,9437,,W15200,P
CENTRAL,4J,ILLINOIS 2,604,61368,PRINCETON,326 S MAIN ST,PRINCETON,IL,61356,9800,,W14533,P
CENTRAL,4J,ILLINOIS 2,604,61368,TISKILWA,200 E MAIN ST,TISKILWA,IL,61368,9800,,W15290,P
CENTRAL,4J,ILLINOIS 2,604,61369,TOLUCA,120 W SANTA FE AVE,TOLUCA,IL,61369,9708,,W15294,P
CENTRAL,4J,ILLINOIS 2,604,61370,TONICA,110 S ONECA ST,TONICA,IL,61370,9701,,W15297,P
CENTRAL,4J,ILLINOIS 2,604,61371,TRIUMPH,3906 E 752ND RD,TRIUMPH,IL,61371,9700,P,W15312,P
CENTRAL,4J,ILLINOIS 2,604,61372,TROY GROVE,107 E OTTAWA ST,TROY GROVE,IL,61372,9800,P,W15316,P
CENTRAL,4J,ILLINOIS 2,604,61373,UTICA,310 N MILL ST,UTICA,IL,61373,9800,,W15348,P
CENTRAL,4J,ILLINOIS 2,604,61374,VAN ORIN,27861 2600 EAST ST,VAN ORIN,IL,61374,9700,P,W15355,P
CENTRAL,4J,ILLINOIS 2,604,61375,VARNA,304 WALNUT ST,VARNA,IL,61375,9700,,W15357,P
CENTRAL,4J,ILLINOIS 2,604,61376,WALNUT,104 N MAIN ST,WALNUT,IL,61376,9702,,W15412,P
CENTRAL,4J,ILLINOIS 2,604,61377,WENONA,212 N CHESTNUT ST,WENONA,IL,61377,9743,,W15477,P
CENTRAL,4J,ILLINOIS 2,604,61378,WEST BROOKLYN,2521 JOHNSON ST,WEST BROOKLYN,IL,61378,9703,,W15481,P
CENTRAL,4J,ILLINOIS 2,604,61379,WYANET,106 W MAIN ST,WYANET,IL,61379,9700,,W15621,P
CENTRAL,4J,ILLINOIS 2,604,61401,GALESBURG,476 E MAIN ST STE A,GALESBURG,IL,61401,9998,,W13059,P
CENTRAL,4J,ILLINOIS 2,604,61402,GALESBURG,476 E MAIN ST STE A,GALESBURG,IL,61401,9998,P,W13059,P
CENTRAL,4J,ILLINOIS 2,604,61410,ABINGDON,123 W MEEK ST,ABINGDON,IL,61410,9998,,W11795,P
CENTRAL,4J,ILLINOIS 2,604,61411,ADAIR,201 W MAIN ST,ADAIR,IL,61411,9800,,W11796,P
CENTRAL,4J,ILLINOIS 2,604,61412,ALEXIS,101 S MAIN ST,ALEXIS,IL,61412,5158,,W11818,P
CENTRAL,4J,ILLINOIS 2,604,61413,ALPHA,108 W D ST,ALPHA,IL,61413,9800,,W11835,P
CENTRAL,4J,ILLINOIS 2,604,61414,ALTONA,111 S DEPOT ST,ALTONA,IL,61414,9997,,W11846,P
CENTRAL,4J,ILLINOIS 2,604,61415,AVON,101 E WASHINGTON ST,AVON,IL,61415,9800,,W11938,P
CENTRAL,4J,ILLINOIS 2,604,61416,BARDOLPH,202 S CHESTNUT ST,BARDOLPH,IL,61416,9800,P,W11956,P
CENTRAL,4J,ILLINOIS 2,604,61417,BERWICK,1162 130TH ST,BERWICK,IL,61417,9636,,W12052,P
CENTRAL,4J,ILLINOIS 2,604,61418,BIGGSVILLE,202 E MAIN ST,BIGGSVILLE,IL,61418,9800,,W12071,P
CENTRAL,4J,ILLINOIS 2,604,61418,MONMOUTH,235 S 1ST ST,MONMOUTH,IL,61462,9998,,W13994,P
CENTRAL,4J,ILLINOIS 2,604,61419,BISHOP HILL,107 N BISHOP HILL ST,BISHOP HILL,IL,61419,9800,P,W12080,P
CENTRAL,4J,ILLINOIS 2,604,61420,BLANDINSVILLE,123 E JEFFERSON ST,BLANDINSVILLE,IL,61420,9800,,W12091,P
CENTRAL,4J,ILLINOIS 2,604,61421,BRADFORD,129 W MAIN ST,BRADFORD,IL,61421,9800,,W12149,P
CENTRAL,4J,ILLINOIS 2,604,61422,BUSHNELL,223 E HAIL ST,BUSHNELL,IL,61422,9800,,W12245,P
CENTRAL,4J,ILLINOIS 2,604,61423,CAMERON,559 CARE ST,CAMERON,IL,61423,9800,,W12269,P
CENTRAL,4J,ILLINOIS 2,604,61424,CAMP GROVE,1060 2ND ST,CAMP GROVE,IL,61424,9800,P,W12272,P
CENTRAL,4J,ILLINOIS 2,604,61425,CARMAN,1 MAIN ST,CARMAN,IL,61425,9800,,W12293,P
CENTRAL,4J,ILLINOIS 2,604,61426,CASTLETON,219 MAIN ST,CASTLETON,IL,61426,9998,P,W12322,P
CENTRAL,4J,ILLINOIS 2,604,61427,CUBA,307 E JEFFERSON ST,CUBA,IL,61427,9800,,W12563,P
CENTRAL,4J,ILLINOIS 2,604,61428,DAHINDA,1453 KNOX HIGHWAY 15,DAHINDA,IL,61428,9802,,W12574,P
CENTRAL,4J,ILLINOIS 2,604,61428,KNOXVILLE,121 N PUBLIC SQ,KNOXVILLE,IL,61448,9800,,W13569,P
CENTRAL,4J,ILLINOIS 2,604,61430,EAST GALESBURG,407 1/2 S STATE ST,EAST GALESBURG,IL,61430,9998,,W12764,P
CENTRAL,4J,ILLINOIS 2,604,61431,ELLISVILLE,100 E MAIN ST,ELLISVILLE,IL,61431,9800,,W12857,P
CENTRAL,4J,ILLINOIS 2,604,61432,FAIRVIEW,520 CARTER ST,FAIRVIEW,IL,61432,9800,,W12931,P
CENTRAL,4J,ILLINOIS 2,604,61432,FARMINGTON,67 W FORT ST,FARMINGTON,IL,61531,1296,,W12950,P
CENTRAL,4J,ILLINOIS 2,604,61433,FIATT,14279 E STATE ROUTE 9,FIATT,IL,61433,9998,P,W12963,P
CENTRAL,4J,ILLINOIS 2,604,61434,GALVA,116 EXCHANGE ST,GALVA,IL,61434,9800,,W13061,P
CENTRAL,4J,ILLINOIS 2,604,61436,GILSON,1016 MOSS ST,GILSON,IL,61436,9800,,W13103,P
CENTRAL,4J,ILLINOIS 2,604,61437,GLADSTONE,306 S MAIN ST,GLADSTONE,IL,61437,5110,,W13106,P
CENTRAL,4J,ILLINOIS 2,604,61438,BLANDINSVILLE,123 E JEFFERSON ST,BLANDINSVILLE,IL,61420,9800,,W12091,P
CENTRAL,4J,ILLINOIS 2,604,61438,GOOD HOPE,125 W MAIN ST,GOOD HOPE,IL,61438,9800,,W13140,P
CENTRAL,4J,ILLINOIS 2,604,61439,HENDERSON,206 N MAIN ST,HENDERSON,IL,61439,9800,P,W13288,P
CENTRAL,4J,ILLINOIS 2,604,61440,INDUSTRY,101 E MAIN ST,INDUSTRY,IL,61440,5059,,W13441,P
CENTRAL,4J,ILLINOIS 2,604,61440,VERMONT,100 W 2ND ST,VERMONT,IL,61484,9800,,W15367,P
CENTRAL,4J,ILLINOIS 2,604,61441,IPAVA,40 E MAIN ST,IPAVA,IL,61441,9800,,W13449,P
CENTRAL,4J,ILLINOIS 2,604,61441,VERMONT,100 W 2ND ST,VERMONT,IL,61484,9800,,W15367,P
CENTRAL,4J,ILLINOIS 2,604,61442,KEITHSBURG,103 S 4TH ST,KEITHSBURG,IL,61442,9998,,W13529,P
CENTRAL,4J,ILLINOIS 2,604,61443,KEWANEE,116 S TREMONT ST,KEWANEE,IL,61443,9998,,W13542,P
CENTRAL,4J,ILLINOIS 2,604,61447,KIRKWOOD,131 S KIRK ST,KIRKWOOD,IL,61447,9800,,W13563,P
CENTRAL,4J,ILLINOIS 2,604,61448,KNOXVILLE,121 N PUBLIC SQ,KNOXVILLE,IL,61448,9800,,W13569,P
CENTRAL,4J,ILLINOIS 2,604,61449,LA FAYETTE,301 COMMERCIAL ST,LA FAYETTE,IL,61449,9800,,W13576,P
CENTRAL,4J,ILLINOIS 2,604,61450,LA HARPE,205 E MAIN ST,LA HARPE,IL,61450,9800,,W13586,P
CENTRAL,4J,ILLINOIS 2,604,61451,LAURA,21014 MAPLE ST,LAURA,IL,61451,9800,,W13645,P
CENTRAL,4J,ILLINOIS 2,604,61452,LITTLETON,117 S MAIN ST,LITTLETON,IL,61452,5076,,W13714,P
CENTRAL,4J,ILLINOIS 2,604,61453,LITTLE YORK,102 N WALNUT,LITTLE YORK,IL,61453,9870,,W13713,P
CENTRAL,4J,ILLINOIS 2,604,61454,LOMAX,100 MAIN ST,LOMAX,IL,61454,9800,,W13734,P
CENTRAL,4J,ILLINOIS 2,604,61455,MACOMB,205 S RANDOLPH ST,MACOMB,IL,61455,9998,,W13791,P
CENTRAL,4J,ILLINOIS 2,604,61458,MAQUON,300 MAIN ST,MAQUON,IL,61458,9800,,W13820,P
CENTRAL,4J,ILLINOIS 2,604,61459,MARIETTA,107 W COAL ST,MARIETTA,IL,61459,9800,,W13826,P
CENTRAL,4J,ILLINOIS 2,604,61460,MEDIA,103 S MAIN ST,MEDIA,IL,61460,9800,,W13898,P
CENTRAL,4J,ILLINOIS 2,604,61462,MONMOUTH,235 S 1ST ST,MONMOUTH,IL,61462,9998,,W13994,P
CENTRAL,4J,ILLINOIS 2,604,61465,NEW WINDSOR,315 MAIN ST,NEW WINDSOR,IL,61465,9800,,W14150,P
CENTRAL,4J,ILLINOIS 2,604,61466,NORTH HENDERSON,401 MAIN ST,NORTH HENDERSON,IL,61466,9800,,W14189,P
CENTRAL,4J,ILLINOIS 2,604,61467,ONEIDA,126 E HOLMES ST,ONEIDA,IL,61467,5054,,W14302,P
CENTRAL,4J,ILLINOIS 2,604,61469,OQUAWKA,403 SCHUYLER ST,OQUAWKA,IL,61469,9998,,W14310,P
CENTRAL,4J,ILLINOIS 2,604,61470,PRAIRIE CITY,325 E MAIN ST,PRAIRIE CITY,IL,61470,5100,,W14522,P
CENTRAL,4J,ILLINOIS 2,604,61471,RARITAN,101 E MAIN ST,RARITAN,IL,61471,9800,P,W14565,P
CENTRAL,4J,ILLINOIS 2,604,61472,RIO,110 E CENTER AVE,RIO,IL,61472,5000,,W14615,P
CENTRAL,4J,ILLINOIS 2,604,61473,ROSEVILLE,140 N ARBITARY ST,ROSEVILLE,IL,61473,9002,,W14701,P
CENTRAL,4J,ILLINOIS 2,604,61474,ABINGDON,123 W MEEK ST,ABINGDON,IL,61410,9998,,W11795,P
CENTRAL,4J,ILLINOIS 2,604,61476,SEATON,312 3RD ST,SEATON,IL,61476,9996,,W14826,P
CENTRAL,4J,ILLINOIS 2,604,61477,SMITHFIELD,148 S MAIN ST,SMITHFIELD,IL,61477,9679,,W14893,P
CENTRAL,4J,ILLINOIS 2,604,61478,SMITHSHIRE,124 E STATE ST,SMITHSHIRE,IL,61478,9410,,W14894,P
CENTRAL,4J,ILLINOIS 2,604,61479,SPEER,100 MAIN ST,SPEER,IL,61479,9800,,W14948,P
CENTRAL,4J,ILLINOIS 2,604,61480,STRONGHURST,106 S BROADWAY ST,STRONGHURST,IL,61480,9800,,W15198,P
CENTRAL,4J,ILLINOIS 2,604,61482,TABLE GROVE,123 E SIDE SQ,TABLE GROVE,IL,61482,9800,,W15236,P
CENTRAL,4J,ILLINOIS 2,604,61483,TOULON,111 W VINE ST,TOULON,IL,61483,9800,,W15300,P
CENTRAL,4J,ILLINOIS 2,604,61484,VERMONT,100 W 2ND ST,VERMONT,IL,61484,9800,,W15367,P
CENTRAL,4J,ILLINOIS 2,604,61485,VICTORIA,229 E MAIN ST,VICTORIA,IL,61485,9850,,W15375,P
CENTRAL,4J,ILLINOIS 2,604,61486,VIOLA,1508 13TH ST,VIOLA,IL,61486,9800,,W15384,P
CENTRAL,4J,ILLINOIS 2,604,61488,WATAGA,140 S MAIN ST,WATAGA,IL,61488,9800,,W15450,P
CENTRAL,4J,ILLINOIS 2,604,61489,WILLIAMSFIELD,107 E GALE ST,WILLIAMSFIELD,IL,61489,5407,,W15537,P
CENTRAL,4J,ILLINOIS 2,604,61490,WOODHULL,212 N DIVISION ST,WOODHULL,IL,61490,9800,,W15597,P
CENTRAL,4J,ILLINOIS 2,604,61491,WYOMING,101 E WILLIAMS ST,WYOMING,IL,61491,1509,,W15623,P
CENTRAL,4J,ILLINOIS 2,604,61501,ASTORIA,214 W BROADWAY,ASTORIA,IL,61501,9800,,W11912,P
CENTRAL,4J,ILLINOIS 2,604,61516,BENSON,320 FRONT ST,BENSON,IL,61516,7500,,W12044,P
CENTRAL,4J,ILLINOIS 2,604,61517,BRIMFIELD,123 N GALENA AVE,BRIMFIELD,IL,61517,9900,,W12169,P
CENTRAL,4J,ILLINOIS 2,604,61519,BRYANT,103 E MAIN ST,BRYANT,IL,61519,9500,P,W12195,P
CENTRAL,4J,ILLINOIS 2,604,61520,CANTON,60 W ELM ST,CANTON,IL,61520,9998,,W12281,P
CENTRAL,4J,ILLINOIS 2,604,61523,CHILLICOTHE,1114 N 2ND ST,CHILLICOTHE,IL,61523,9998,,W12413,P
CENTRAL,4J,ILLINOIS 2,604,61524,DUNFERMLINE,316 CENTER ST,DUNFERMLINE,IL,61524,9700,P,W12707,P
CENTRAL,4J,ILLINOIS 2,604,61525,DUNLAP,114 N 2ND ST,DUNLAP,IL,61525,9998,,W12709,P
CENTRAL,4J,ILLINOIS 2,604,61526,EDELSTEIN,2809 W MAIN ST,EDELSTEIN,IL,61526,9636,,W12788,P
CENTRAL,4J,ILLINOIS 2,604,61528,EDWARDS,10112 W DUBOIS RD STE A,EDWARDS,IL,61528,9998,,W12802,P
CENTRAL,4J,ILLINOIS 2,604,61529,ELMWOOD,114 N MAGNOLIA ST,ELMWOOD,IL,61529,7929,,W12865,P
CENTRAL,4J,ILLINOIS 2,604,61530,EUREKA,106 W EUREKA AVE,EUREKA,IL,61530,1206,,W12897,P
CENTRAL,4J,ILLINOIS 2,604,61531,FARMINGTON,67 W FORT ST,FARMINGTON,IL,61531,1296,,W12950,P
CENTRAL,4J,ILLINOIS 2,604,61532,FOREST CITY,101 N MAIN ST,FOREST CITY,IL,61532,9800,,W12989,P
CENTRAL,4J,ILLINOIS 2,604,61533,GLASFORD,205 E MAIN ST,GLASFORD,IL,61533,8979,,W13107,P
CENTRAL,4J,ILLINOIS 2,604,61534,GREEN VALLEY,105 W MAIN ST,GREEN VALLEY,IL,61534,9800,,W13189,P
CENTRAL,4J,ILLINOIS 2,604,61535,GROVELAND,18769 SPRINGFIELD RD,GROVELAND,IL,61535,9800,,W13205,P
CENTRAL,4J,ILLINOIS 2,604,61535,TREMONT,109 W WALNUT ST,TREMONT,IL,61568,9998,,W15307,P
CENTRAL,4J,ILLINOIS 2,604,61536,HANNA CITY,213 N MAIN ST,HANNA CITY,IL,61536,9800,,W13236,P
CENTRAL,4J,ILLINOIS 2,604,61537,HENRY,505 MAIN ST,HENRY,IL,61537,9998,,W13292,P
CENTRAL,4J,ILLINOIS 2,604,61539,KINGSTON MINES,209 WASHINGTON ST,KINGSTON MINES,IL,61539,9800,P,W13558,P
CENTRAL,4J,ILLINOIS 2,604,61540,LACON,209 N WASHINGTON ST,LACON,IL,61540,9998,,W13594,P
CENTRAL,4J,ILLINOIS 2,604,61541,LA ROSE,111 S MAIN ST,LA ROSE,IL,61541,9800,P,W13590,P
CENTRAL,4J,ILLINOIS 2,604,61542,LEWISTOWN,301 N MAIN ST,LEWISTOWN,IL,61542,9998,,W13668,P
CENTRAL,4J,ILLINOIS 2,604,61543,LIVERPOOL,145 W CHESTNUT ST,LIVERPOOL,IL,61543,9995,P,W13716,P
CENTRAL,4J,ILLINOIS 2,604,61544,LONDON MILLS,102 S 2ND ST,LONDON MILLS,IL,61544,9995,,W13738,P
CENTRAL,4J,ILLINOIS 2,604,61545,LOWPOINT,1954 N GRANT ST,LOWPOINT,IL,61545,9800,,W13770,P
CENTRAL,4J,ILLINOIS 2,604,61546,MANITO,115 E MARKET ST,MANITO,IL,61546,9244,,W13809,P
CENTRAL,4J,ILLINOIS 2,604,61547,MAPLETON,8607 W MAIN ST,MAPLETON,IL,61547,9305,,W13819,P
CENTRAL,4J,ILLINOIS 2,604,61548,METAMORA,123 E PARTRIDGE ST,METAMORA,IL,61548,9998,,W13931,P
CENTRAL,4J,ILLINOIS 2,604,61548,METAMORA CARRIER ANNEX,219 E MOUNT VERNON ST,METAMORA,IL,61548,9997,,018769,4
CENTRAL,4J,ILLINOIS 2,604,61550,MORTON,600 W JEFFERSON ST,MORTON,IL,61550,9998,,W14020,P
CENTRAL,4J,ILLINOIS 2,604,61552,MOSSVILLE,10420 STATE ST,MOSSVILLE,IL,61552,9800,P,W14023,P
CENTRAL,4J,ILLINOIS 2,604,61553,NORRIS,205 W DIVISION ST,NORRIS,IL,61553,9995,P,W14179,P
CENTRAL,4J,ILLINOIS 2,604,61554,PEKIN,514 BROADWAY ST,PEKIN,IL,61554,9998,,W14418,P
CENTRAL,4J,ILLINOIS 2,604,61555,PEKIN,514 BROADWAY ST,PEKIN,IL,61554,9998,P,W14418,P
CENTRAL,4J,ILLINOIS 2,604,61559,PRINCEVILLE,133 E EVANS ST,PRINCEVILLE,IL,61559,7534,,W14534,P
CENTRAL,4J,ILLINOIS 2,604,61560,HENRY,505 MAIN ST,HENRY,IL,61537,9998,,W13292,P
CENTRAL,4J,ILLINOIS 2,604,61560,PUTNAM,107 CENTERS ST,PUTNAM,IL,61560,9995,,W14544,P
CENTRAL,4J,ILLINOIS 2,604,61561,ROANOKE,413 N MAIN ST,ROANOKE,IL,61561,9900,,W14635,P
CENTRAL,4J,ILLINOIS 2,604,61562,ROME,15715 RIVER BEACH RD,ROME,IL,61562,9995,P,W14680,P
CENTRAL,4J,ILLINOIS 2,604,61563,SAINT DAVID,305 MAIN ST,SAINT DAVID,IL,61563,9995,P,W14765,P
CENTRAL,4J,ILLINOIS 2,604,61564,SOUTH PEKIN,306 MAIN ST,SOUTH PEKIN,IL,61564,9800,P,W14930,P
CENTRAL,4J,ILLINOIS 2,604,61565,LACON,209 N WASHINGTON ST,LACON,IL,61540,9998,,W13594,P
CENTRAL,4J,ILLINOIS 2,604,61567,TOPEKA,111 W 4TH ST,TOPEKA,IL,61567,9395,,W15298,P
CENTRAL,4J,ILLINOIS 2,604,61568,TREMONT,109 W WALNUT ST,TREMONT,IL,61568,9998,,W15307,P
CENTRAL,4J,ILLINOIS 2,604,61569,TRIVOLI,18610 W MAIN ST,TRIVOLI,IL,61569,9756,,W15313,P
CENTRAL,4J,ILLINOIS 2,604,61570,WASHBURN,139 S JEFFERSON ST,WASHBURN,IL,61570,7526,,W15442,P
CENTRAL,4J,ILLINOIS 2,604,61571,WASHINGTON,106 S HIGH ST,WASHINGTON,IL,61571,9998,,W15445,P
CENTRAL,4J,ILLINOIS 2,604,61572,ELMWOOD,114 N MAGNOLIA ST,ELMWOOD,IL,61529,7929,,W12865,P
CENTRAL,4J,ILLINOIS 2,604,61572,YATES CITY,109 W MAIN ST,YATES CITY,IL,61572,7552,,W15628,P
CENTRAL,4J,ILLINOIS 2,604,61601,PEORIA,95 STATE ST,PEORIA,IL,61601,9998,P,W14427,P
CENTRAL,4J,ILLINOIS 2,604,61602,PERSIMMON ANNEX,90 PERSIMMON ST,PEORIA,IL,61602,9998,,W1C084,4
CENTRAL,4J,ILLINOIS 2,604,61603,PERSIMMON ANNEX,90 PERSIMMON ST,PEORIA,IL,61602,9998,,W1C084,4
CENTRAL,4J,ILLINOIS 2,604,61604,WEST GLEN STATION,715 W GLEN AVE,PEORIA,IL,61614,4875,,W1C083,4
CENTRAL,4J,ILLINOIS 2,604,61605,PERSIMMON ANNEX,90 PERSIMMON ST,PEORIA,IL,61602,9998,,W1C084,4
CENTRAL,4J,ILLINOIS 2,604,61606,WEST GLEN STATION,715 W GLEN AVE,PEORIA,IL,61614,4875,,W1C083,4
CENTRAL,4J,ILLINOIS 2,604,61607,BARTONVILLE,5814 S ADAMS ST,BARTONVILLE,IL,61607,1906,,W11985,B
CENTRAL,4J,ILLINOIS 2,604,61610,EAST PEORIA,415 E WASHINGTON ST,EAST PEORIA,IL,61611,2639,,W12771,B
CENTRAL,4J,ILLINOIS 2,604,61611,EAST PEORIA,415 E WASHINGTON ST,EAST PEORIA,IL,61611,2639,,W12771,B
CENTRAL,4J,ILLINOIS 2,604,61611,EAST PEORIA  BRANCH,401 E WASHINGTON ST,EAST PEORIA,IL,61611,2666,,004751,S
CENTRAL,4J,ILLINOIS 2,604,61612,NORTH UNIVERSITY,6310 N UNIVERSITY ST,PEORIA,IL,61614,9800,P,W14199,S
CENTRAL,4J,ILLINOIS 2,604,61614,NORTH UNIVERSITY,6310 N UNIVERSITY ST,PEORIA,IL,61614,9800,,W14199,S
CENTRAL,4J,ILLINOIS 2,604,61615,NORTH UNIVERSITY,6310 N UNIVERSITY ST,PEORIA,IL,61614,9800,,W14199,S
CENTRAL,4J,ILLINOIS 2,604,61616,NORTH UNIVERSITY,6310 N UNIVERSITY ST,PEORIA,IL,61614,9800,,W14199,S
CENTRAL,4J,ILLINOIS 2,604,61650,PEORIA,95 STATE ST,PEORIA,IL,61601,9998,P,W14427,P
CENTRAL,4J,ILLINOIS 2,604,61651,PEORIA,95 STATE ST,PEORIA,IL,61601,9998,P,W14427,P
CENTRAL,4J,ILLINOIS 2,604,61652,PEORIA,95 STATE ST,PEORIA,IL,61601,9998,P,W14427,P
CENTRAL,4J,ILLINOIS 2,604,61653,PEORIA,95 STATE ST,PEORIA,IL,61601,9998,P,W14427,P
CENTRAL,4J,ILLINOIS 2,604,61654,PEORIA,95 STATE ST,PEORIA,IL,61601,9998,P,W14427,P
CENTRAL,4J,ILLINOIS 2,604,61655,PEORIA,95 STATE ST,PEORIA,IL,61601,9998,P,W14427,P
CENTRAL,4J,ILLINOIS 2,604,61656,PEORIA,95 STATE ST,PEORIA,IL,61601,9998,P,W14427,P
CENTRAL,4J,ILLINOIS 2,604,61701,BLOOMINGTON IL SDC,1511 E EMPIRE ST,BLOOMINGTON,IL,61701,9607,,021237,4
CENTRAL,4J,ILLINOIS 2,604,61702,BLOOMINGTON IL SDC,1511 E EMPIRE ST,BLOOMINGTON,IL,61701,9607,P,021237,4
CENTRAL,4J,ILLINOIS 2,604,61704,BLOOMINGTON IL SDC,1511 E EMPIRE ST,BLOOMINGTON,IL,61701,9607,,021237,4
CENTRAL,4J,ILLINOIS 2,604,61705,BLOOMINGTON IL SDC,1511 E EMPIRE ST,BLOOMINGTON,IL,61701,9607,,021237,4
CENTRAL,4J,ILLINOIS 2,604,61720,ANCHOR,239 2ND ST,ANCHOR,IL,61720,9900,,W11856,P
CENTRAL,4J,ILLINOIS 2,604,61721,ARMINGTON,104 N GRIFFIN ST,ARMINGTON,IL,61721,9900,,W11895,P
CENTRAL,4J,ILLINOIS 2,604,61722,ARROWSMITH,103 W CROSSON ST,ARROWSMITH,IL,61722,7523,,W11901,P
CENTRAL,4J,ILLINOIS 2,604,61723,ATLANTA,100 SW CHURCH ST,ATLANTA,IL,61723,9998,,W11917,P
CENTRAL,4J,ILLINOIS 2,604,61724,BELLFLOWER,204 N LATCHA ST,BELLFLOWER,IL,61724,9998,,W12029,P
CENTRAL,4J,ILLINOIS 2,604,61725,CARLOCK,210 E WASHINGTON ST,CARLOCK,IL,61725,9901,,W12291,P
CENTRAL,4J,ILLINOIS 2,604,61726,CHENOA,213 E OWSLEY ST,CHENOA,IL,61726,9998,,W12377,P
CENTRAL,4J,ILLINOIS 2,604,61727,CLINTON,105 N QUINCY ST,CLINTON,IL,61727,9998,,W12452,P
CENTRAL,4J,ILLINOIS 2,604,61728,COLFAX,109 W MAIN ST,COLFAX,IL,61728,9902,,W12474,P
CENTRAL,4J,ILLINOIS 2,604,61729,CONGERVILLE,115 MAIN ST,CONGERVILLE,IL,61729,9900,,W12497,P
CENTRAL,4J,ILLINOIS 2,604,61729,DANVERS,119 E EXCHANGE ST,DANVERS,IL,61732,9347,,W12587,P
CENTRAL,4J,ILLINOIS 2,604,61730,COOKSVILLE,105 N KOCH ST,COOKSVILLE,IL,61730,7537,,W12500,P
CENTRAL,4J,ILLINOIS 2,604,61731,CROPSEY,146 MAIN ST,CROPSEY,IL,61731,7510,,W12551,P
CENTRAL,4J,ILLINOIS 2,604,61732,DANVERS,119 E EXCHANGE ST,DANVERS,IL,61732,9347,,W12587,P
CENTRAL,4J,ILLINOIS 2,604,61733,DEER CREEK,104 E 1ST AVE,DEER CREEK,IL,61733,9534,,W12608,P
CENTRAL,4J,ILLINOIS 2,604,61734,DELAVAN,114 E 5TH ST,DELAVAN,IL,61734,9800,,W12617,P
CENTRAL,4J,ILLINOIS 2,604,61735,DEWITT,105 CHICAGO ST,DEWITT,IL,61735,9900,,W12643,P
CENTRAL,4J,ILLINOIS 2,604,61736,DOWNS,403 S SEMINARY ST,DOWNS,IL,61736,7583,,W12687,P
CENTRAL,4J,ILLINOIS 2,604,61736,LE ROY,104 E CHERRY ST,LE ROY,IL,61752,9998,,W13651,P
CENTRAL,4J,ILLINOIS 2,604,61737,ELLSWORTH,113 N MAIN ST,ELLSWORTH,IL,61737,7544,,W12858,P
CENTRAL,4J,ILLINOIS 2,604,61738,EL PASO,401 W FRONT ST,EL PASO,IL,61738,9998,,W12813,P
CENTRAL,4J,ILLINOIS 2,604,61739,FAIRBURY,127 E LOCUST ST,FAIRBURY,IL,61739,9998,,W12919,P
CENTRAL,4J,ILLINOIS 2,604,61740,FLANAGAN,203 S MAIN ST,FLANAGAN,IL,61740,7538,,W12976,P
CENTRAL,4J,ILLINOIS 2,604,61741,FORREST,202 E KRACK ST,FORREST,IL,61741,9345,,W12994,P
CENTRAL,4J,ILLINOIS 2,604,61742,GOODFIELD,208 E PEORIA ST,GOODFIELD,IL,61742,9900,,W13143,P
CENTRAL,4J,ILLINOIS 2,604,61743,GRAYMONT,307 N MAIN ST,GRAYMONT,IL,61743,9998,,W13176,P
CENTRAL,4J,ILLINOIS 2,604,61744,GRIDLEY,324 N CENTER ST,GRIDLEY,IL,61744,9900,,W13199,P
CENTRAL,4J,ILLINOIS 2,604,61745,HEYWORTH,102 S WILLIS ST,HEYWORTH,IL,61745,9900,,W13306,P
CENTRAL,4J,ILLINOIS 2,604,61747,HOPEDALE,118 NW MAIN ST,HOPEDALE,IL,61747,9801,,W13374,P
CENTRAL,4J,ILLINOIS 2,604,61748,HUDSON,104 E WALNUT ST,HUDSON,IL,61748,7702,,W13395,P
CENTRAL,4J,ILLINOIS 2,604,61749,KENNEY,208 S JOHNSTON ST,KENNEY,IL,61749,9607,,W13538,P
CENTRAL,4J,ILLINOIS 2,604,61751,LAWNDALE,10 S LINCOLN ST,LAWNDALE,IL,61751,9900,P,W13647,P
CENTRAL,4J,ILLINOIS 2,604,61752,LE ROY,104 E CHERRY ST,LE ROY,IL,61752,9998,,W13651,P
CENTRAL,4J,ILLINOIS 2,604,61753,LEXINGTON,301 W MAIN ST,LEXINGTON,IL,61753,9998,,W13669,P
CENTRAL,4J,ILLINOIS 2,604,61754,MC LEAN,117 S HAMILTON ST,MC LEAN,IL,61754,9900,,W13872,P
CENTRAL,4J,ILLINOIS 2,604,61755,MACKINAW,110 S MAIN ST,MACKINAW,IL,61755,9900,,W13790,P
CENTRAL,4J,ILLINOIS 2,604,61756,MAROA,200 E MAIN ST,MAROA,IL,61756,7502,,W13835,P
CENTRAL,4J,ILLINOIS 2,604,61759,MINIER,219 W CHICAGO ST,MINIER,IL,61759,7579,,W13976,P
CENTRAL,4J,ILLINOIS 2,604,61760,MINONK,160 W 5TH ST,MINONK,IL,61760,9998,,W13977,P
CENTRAL,4J,ILLINOIS 2,604,61761,NORMAL,200 W NORTH ST,NORMAL,IL,61761,9900,,W14175,P
CENTRAL,4J,ILLINOIS 2,604,61761,BLOOMINGTON IL SDC,1511 E EMPIRE ST,BLOOMINGTON,IL,61701,9607,,021237,4
CENTRAL,4J,ILLINOIS 2,604,61764,PONTIAC,302 W MADISON ST,PONTIAC,IL,61764,9998,,W14500,P
CENTRAL,4J,ILLINOIS 2,604,61769,SAUNEMIN,76 NORTH ST,SAUNEMIN,IL,61769,9900,,W14793,P
CENTRAL,4J,ILLINOIS 2,604,61770,SAYBROOK,209 W LINCOLN ST,SAYBROOK,IL,61770,9900,,W14799,P
CENTRAL,4J,ILLINOIS 2,604,61771,SECOR,103 W GILMAN ST,SECOR,IL,61771,9900,,W14828,P
CENTRAL,4J,ILLINOIS 2,604,61772,SHIRLEY,100 FOSTER ST,SHIRLEY,IL,61772,9900,,W14863,P
CENTRAL,4J,ILLINOIS 2,604,61773,SIBLEY,115 S SCIOTA ST,SIBLEY,IL,61773,9900,,W14871,P
CENTRAL,4J,ILLINOIS 2,604,61774,STANFORD,100 W MAIN ST,STANFORD,IL,61774,7540,,W15143,P
CENTRAL,4J,ILLINOIS 2,604,61775,STRAWN,205 S 1ST ST,STRAWN,IL,61775,9900,,W15190,P
CENTRAL,4J,ILLINOIS 2,604,61776,TOWANDA,104 S MADISON ST,TOWANDA,IL,61776,7614,,W15302,P
CENTRAL,4J,ILLINOIS 2,604,61777,WAPELLA,305 MAIN ST,WAPELLA,IL,61777,9900,,W15429,P
CENTRAL,4J,ILLINOIS 2,604,61778,WAYNESVILLE,108 S ISHAM ST,WAYNESVILLE,IL,61778,9900,,W15464,P
CENTRAL,4J,ILLINOIS 2,604,61801,URBANA,3100 E TATMAN CT,URBANA,IL,61802,9998,,W15344,P
CENTRAL,4J,ILLINOIS 2,604,61802,URBANA,3100 E TATMAN CT,URBANA,IL,61802,9998,,W15344,P
CENTRAL,4J,ILLINOIS 2,604,61803,DOWNTOWN URBANA,202 S BROADWAY AVE STE 1,URBANA,IL,61801,9998,P,W1C622,S
CENTRAL,4J,ILLINOIS 2,604,61803,URBANA,3100 E TATMAN CT,URBANA,IL,61802,9998,P,W15344,P
CENTRAL,4J,ILLINOIS 2,604,61810,ALLERTON,110 VERMILION AVE,ALLERTON,IL,61810,9998,,W11829,P
CENTRAL,4J,ILLINOIS 2,604,61811,ALVIN,104 CHICAGO ST,ALVIN,IL,61811,9998,,W11847,P
CENTRAL,4J,ILLINOIS 2,604,61812,ARMSTRONG,30515 ARMSTRONG RD,ARMSTRONG,IL,61812,9998,,W11896,P
CENTRAL,4J,ILLINOIS 2,604,61813,BEMENT,200 E BODMAN ST,BEMENT,IL,61813,9998,,W12037,P
CENTRAL,4J,ILLINOIS 2,604,61814,BISMARCK,104 E HOLLOWAY ST,BISMARCK,IL,61814,9998,,W12081,P
CENTRAL,4J,ILLINOIS 2,604,61814,DANVILLE,303 N HAZEL ST,DANVILLE,IL,61832,9998,,W12588,P
CENTRAL,4J,ILLINOIS 2,604,61816,BROADLANDS,107 E DILLER ST,BROADLANDS,IL,61816,9998,,W12172,P
CENTRAL,4J,ILLINOIS 2,604,61817,CATLIN,201 S SANDUSKY ST,CATLIN,IL,61817,9998,,W12324,P
CENTRAL,4J,ILLINOIS 2,604,61817,DANVILLE,303 N HAZEL ST,DANVILLE,IL,61832,9998,,W12588,P
CENTRAL,4J,ILLINOIS 2,604,61818,CERRO GORDO,313 E SOUTH ST,CERRO GORDO,IL,61818,9998,,W12349,P
CENTRAL,4J,ILLINOIS 2,604,61820,NEIL STREET,600 N NEIL ST,CHAMPAIGN,IL,61820,9997,,W14114,S
CENTRAL,4J,ILLINOIS 2,604,61821,NEIL STREET,600 N NEIL ST,CHAMPAIGN,IL,61820,9997,,W14114,S
CENTRAL,4J,ILLINOIS 2,604,61822,NEIL STREET,600 N NEIL ST,CHAMPAIGN,IL,61820,9997,,W14114,S
CENTRAL,4J,ILLINOIS 2,604,61824,NEIL STREET,600 N NEIL ST,CHAMPAIGN,IL,61820,9997,P,W14114,S
CENTRAL,4J,ILLINOIS 2,604,61825,STATION A,302 E GREEN ST,CHAMPAIGN,IL,61820,9998,P,W11792,S
CENTRAL,4J,ILLINOIS 2,604,61826,CHAMPAIGN,2001 N MATTIS AVE,CHAMPAIGN,IL,61821,9998,P,W12357,P
CENTRAL,4J,ILLINOIS 2,604,61830,CISCO,150 S MAIN ST,CISCO,IL,61830,9998,,W12421,P
CENTRAL,4J,ILLINOIS 2,604,61831,COLLISON,7205 WALNUT ST,COLLISON,IL,61831,9998,,W12481,P
CENTRAL,4J,ILLINOIS 2,604,61832,DANVILLE,303 N HAZEL ST,DANVILLE,IL,61832,9998,,W12588,P
CENTRAL,4J,ILLINOIS 2,604,61833,DANVILLE,303 N HAZEL ST,DANVILLE,IL,61832,9998,,W12588,P
CENTRAL,4J,ILLINOIS 2,604,61834,DANVILLE,303 N HAZEL ST,DANVILLE,IL,61832,9998,,W12588,P
CENTRAL,4J,ILLINOIS 2,604,61839,DE LAND,101 NE 3RD ST,DE LAND,IL,61839,9998,,W12603,P
CENTRAL,4J,ILLINOIS 2,604,61840,DEWEY,110 2ND ST,DEWEY,IL,61840,9998,,W12642,P
CENTRAL,4J,ILLINOIS 2,604,61841,FAIRMOUNT,106 S MAIN ST,FAIRMOUNT,IL,61841,9998,,W12927,P
CENTRAL,4J,ILLINOIS 2,604,61842,FARMER CITY,110 E GREEN ST,FARMER CITY,IL,61842,9998,,W12947,P
CENTRAL,4J,ILLINOIS 2,604,61843,FISHER,102 N THIRD ST,FISHER,IL,61843,9998,,W12972,P
CENTRAL,4J,ILLINOIS 2,604,61844,FITHIAN,204 N MAIN ST,FITHIAN,IL,61844,9998,,W12973,P
CENTRAL,4J,ILLINOIS 2,604,61845,FOOSLAND,202 2ND ST,FOOSLAND,IL,61845,9998,,W12986,P
CENTRAL,4J,ILLINOIS 2,604,61846,GEORGETOWN,111 E WEST ST,GEORGETOWN,IL,61846,9998,,W13082,P
CENTRAL,4J,ILLINOIS 2,604,61847,GIFFORD,213 S MAIN ST,GIFFORD,IL,61847,9998,,W13094,P
CENTRAL,4J,ILLINOIS 2,604,61848,HENNING,122 E LANE ST,HENNING,IL,61848,9998,P,W13291,P
CENTRAL,4J,ILLINOIS 2,604,61849,HOMER,135 S MAIN ST,HOMER,IL,61849,9998,,W13361,P
CENTRAL,4J,ILLINOIS 2,604,61850,INDIANOLA,2 N VERMILION ST,INDIANOLA,IL,61850,9998,,W13440,P
CENTRAL,4J,ILLINOIS 2,604,61851,IVESDALE,205 CHAPIN ST,IVESDALE,IL,61851,9998,,W13463,P
CENTRAL,4J,ILLINOIS 2,604,61852,LONGVIEW,204 E LOGAN ST,LONGVIEW,IL,61852,9998,,W13749,P
CENTRAL,4J,ILLINOIS 2,604,61853,MAHOMET,304 E MAIN ST,MAHOMET,IL,61853,9998,,W13800,P
CENTRAL,4J,ILLINOIS 2,604,61854,MANSFIELD,102 W OLIVER ST,MANSFIELD,IL,61854,9998,,W13811,P
CENTRAL,4J,ILLINOIS 2,604,61856,MONTICELLO,104 W LIVINGSTON ST,MONTICELLO,IL,61856,9998,,W14004,P
CENTRAL,4J,ILLINOIS 2,604,61857,OAKWOOD,110 S SCOTT ST,OAKWOOD,IL,61858,9998,P,W14252,P
CENTRAL,4J,ILLINOIS 2,604,61858,DANVILLE,303 N HAZEL ST,DANVILLE,IL,61832,9998,,W12588,P
CENTRAL,4J,ILLINOIS 2,604,61858,OAKWOOD,110 S SCOTT ST,OAKWOOD,IL,61858,9998,,W14252,P
CENTRAL,4J,ILLINOIS 2,604,61859,OGDEN,307 S EAST AVE,OGDEN,IL,61859,9998,,W14261,P
CENTRAL,4J,ILLINOIS 2,604,61862,PENFIELD,128 MAIN ST,PENFIELD,IL,61862,9998,,W14423,P
CENTRAL,4J,ILLINOIS 2,604,61863,PESOTUM,103 1/2 E LINCOLN ST,PESOTUM,IL,61863,9998,,W14439,P
CENTRAL,4J,ILLINOIS 2,604,61863,TOLONO,113 N VORCEY ST,TOLONO,IL,61880,9998,,W15293,P
CENTRAL,4J,ILLINOIS 2,604,61864,PHILO,126 W WASHINGTON ST,PHILO,IL,61864,9998,,W14446,P
CENTRAL,4J,ILLINOIS 2,604,61865,POTOMAC,107 W STATE ST,POTOMAC,IL,61865,9998,,W14517,P
CENTRAL,4J,ILLINOIS 2,604,61866,RANTOUL,401 N MAPLEWOOD DR,RANTOUL,IL,61866,9998,,W14561,P
CENTRAL,4J,ILLINOIS 2,604,61870,RIDGE FARM,10 W WOODYARD AVE,RIDGE FARM,IL,61870,9998,,W14607,P
CENTRAL,4J,ILLINOIS 2,604,61871,ROYAL,104 CHESTER ST,ROYAL,IL,61871,9998,P,W14734,P
CENTRAL,4J,ILLINOIS 2,604,61872,SADORUS,123 E MARKET ST,SADORUS,IL,61872,9998,,W14759,P
CENTRAL,4J,ILLINOIS 2,604,61873,SAINT JOSEPH,105 N MAIN ST,SAINT JOSEPH,IL,61873,9998,,W14770,P
CENTRAL,4J,ILLINOIS 2,604,61874,SAVOY,415 N DUNLAP AVE,SAVOY,IL,61874,9998,,W14796,P
CENTRAL,4J,ILLINOIS 2,604,61875,SEYMOUR,110 N MAIN ST,SEYMOUR,IL,61875,9998,,W14837,P
CENTRAL,4J,ILLINOIS 2,604,61876,SIDELL,201 E MARKET ST,SIDELL,IL,61876,9998,,W14873,P
CENTRAL,4J,ILLINOIS 2,604,61877,SIDNEY,222 S DAVID ST,SIDNEY,IL,61877,9998,,W14874,P
CENTRAL,4J,ILLINOIS 2,604,61878,RANTOUL,401 N MAPLEWOOD DR,RANTOUL,IL,61866,9998,,W14561,P
CENTRAL,4J,ILLINOIS 2,604,61878,THOMASBORO,610 N COMMERCIAL ST,THOMASBORO,IL,61878,9998,,W15267,P
CENTRAL,4J,ILLINOIS 2,604,61880,TOLONO,113 N VORCEY ST,TOLONO,IL,61880,9998,,W15293,P
CENTRAL,4J,ILLINOIS 2,604,61882,WELDON,450 MAPLE ST,WELDON,IL,61882,9998,,W15470,P
CENTRAL,4J,ILLINOIS 2,604,61883,DANVILLE,303 N HAZEL ST,DANVILLE,IL,61832,9998,,W12588,P
CENTRAL,4J,ILLINOIS 2,604,61883,WESTVILLE,300 S STATE ST,WESTVILLE,IL,61883,9998,,W15514,P
CENTRAL,4J,ILLINOIS 2,604,61884,WHITE HEATH,215 E HIGH ST,WHITE HEATH,IL,61884,9998,,W15525,P
CENTRAL,4J,ILLINOIS 2,604,61910,ARCOLA,107 S OAK ST,ARCOLA,IL,61910,9998,,W11872,P
CENTRAL,4J,ILLINOIS 2,604,61911,ARTHUR,315 S VINE ST STE 2,ARTHUR,IL,61911,9998,,W11902,P
CENTRAL,4J,ILLINOIS 2,604,61912,ASHMORE,103 W ASHMORE ST,ASHMORE,IL,61912,9998,,W11909,P
CENTRAL,4J,ILLINOIS 2,604,61913,ATWOOD,117 W CENTRAL ST,ATWOOD,IL,61913,9998,,W11922,P
CENTRAL,4J,ILLINOIS 2,604,61914,BETHANY,119 S WASHINGTON ST,BETHANY,IL,61914,9998,,W12056,P
CENTRAL,4J,ILLINOIS 2,604,61917,BROCTON,110 E 3RD ST,BROCTON,IL,61917,9998,,W12176,P
CENTRAL,4J,ILLINOIS 2,604,61919,CAMARGO,203 W MAIN ST,CAMARGO,IL,61919,9998,,W12265,P
CENTRAL,4J,ILLINOIS 2,604,61920,CHARLESTON,667 WINDSOR RD,CHARLESTON,IL,61920,9998,,W12368,P
CENTRAL,4J,ILLINOIS 2,604,61924,CHRISMAN,210 W MADISON AVE,CHRISMAN,IL,61924,9998,,W12417,P
CENTRAL,4J,ILLINOIS 2,604,61925,DALTON CITY,135 E MAIN ST,DALTON CITY,IL,61925,9998,,W12582,P
CENTRAL,4J,ILLINOIS 2,604,61929,HAMMOND,111 E 1ST ST,HAMMOND,IL,61929,9998,,W13230,P
CENTRAL,4J,ILLINOIS 2,604,61930,HINDSBORO,407 MISSOURI ST,HINDSBORO,IL,61930,9998,,W13333,P
CENTRAL,4J,ILLINOIS 2,604,61931,HUMBOLDT,407 ELM ST,HUMBOLDT,IL,61931,9998,,W13399,P
CENTRAL,4J,ILLINOIS 2,604,61932,HUME,150 FRONT ST,HUME,IL,61932,9998,,W13400,P
CENTRAL,4J,ILLINOIS 2,604,61933,KANSAS,126 E BUENA VISTA ST,KANSAS,IL,61933,9998,,W13515,P
CENTRAL,4J,ILLINOIS 2,604,61936,LA PLACE,110 E FRONT ST,LA PLACE,IL,61936,9998,P,W13588,P
CENTRAL,4J,ILLINOIS 2,604,61937,LOVINGTON,101 E STATE ST,LOVINGTON,IL,61937,9998,,W13767,P
CENTRAL,4J,ILLINOIS 2,604,61938,MATTOON,120 N 15TH ST,MATTOON,IL,61938,9998,,W13856,P
CENTRAL,4J,ILLINOIS 2,604,61940,METCALF,212 N CENTRAL ST,METCALF,IL,61940,9998,,W13932,P
CENTRAL,4J,ILLINOIS 2,604,61941,CAMARGO,203 W MAIN ST,CAMARGO,IL,61919,9998,P,W12265,P
CENTRAL,4J,ILLINOIS 2,604,61942,NEWMAN,101 S HOWARD ST,NEWMAN,IL,61942,9998,,W14154,P
CENTRAL,4J,ILLINOIS 2,604,61943,OAKLAND,4 PIKE ST,OAKLAND,IL,61943,9998,,W14250,P
CENTRAL,4J,ILLINOIS 2,604,61944,PARIS,139 E WOOD ST,PARIS,IL,61944,9998,,W14384,P
CENTRAL,4J,ILLINOIS 2,604,61949,REDMON,402 OAK ST,REDMON,IL,61949,9998,P,W14579,P
CENTRAL,4J,ILLINOIS 2,604,61951,SULLIVAN,16 S MADISON ST,SULLIVAN,IL,61951,9998,,W15206,P
CENTRAL,4J,ILLINOIS 2,604,61953,TUSCOLA,120 E SALE ST,TUSCOLA,IL,61953,9998,,W15321,P
CENTRAL,4J,ILLINOIS 2,604,61955,VERMILION,109 EDGAR ST,VERMILION,IL,61955,9998,P,W15364,P
CENTRAL,4J,ILLINOIS 2,604,61956,VILLA GROVE,110 N MAIN ST,VILLA GROVE,IL,61956,9998,,W15377,P
CENTRAL,4J,ILLINOIS 2,604,61957,WINDSOR,1105 MAINE ST,WINDSOR,IL,61957,9998,,W15559,P
CENTRAL,4J,ILLINOIS 2,604,62001,ALHAMBRA,506 E MAIN ST,ALHAMBRA,IL,62001,9998,,W11821,P
CENTRAL,4J,ILLINOIS 2,604,62002,ALTON SQUARE,117 ALTON SQ,ALTON,IL,62002,9994,,W1C612,S
CENTRAL,4J,ILLINOIS 2,604,62002,ALTON,2350 HOMER M ADAMS PKWY,ALTON,IL,62002,9998,,W11843,P
CENTRAL,4J,ILLINOIS 2,604,62002,UPPER ALTON,1624 MAIN ST,ALTON,IL,62002,9996,,W15340,S
CENTRAL,4J,ILLINOIS 2,604,62006,BATCHTOWN,301 BATCHTOWN RD,BATCHTOWN,IL,62006,9998,,W11989,P
CENTRAL,4J,ILLINOIS 2,604,62009,BENLD,106 E CENTRAL AVE STE 1,BENLD,IL,62009,9998,,W12038,P
CENTRAL,4J,ILLINOIS 2,604,62009,GILLESPIE,200 W SPRUCE ST,GILLESPIE,IL,62033,9998,,W13099,P
CENTRAL,4J,ILLINOIS 2,604,62010,BETHALTO,115 W CENTRAL ST,BETHALTO,IL,62010,9998,,W12054,P
CENTRAL,4J,ILLINOIS 2,604,62012,BRIGHTON,410 N MAIN ST,BRIGHTON,IL,62012,9997,,W12168,P
CENTRAL,4J,ILLINOIS 2,604,62013,BRUSSELS,167 E MAIN ST,BRUSSELS,IL,62013,9998,,W12193,P
CENTRAL,4J,ILLINOIS 2,604,62014,BUNKER HILL,105 E FAYETTE ST,BUNKER HILL,IL,62014,9998,,W12219,P
CENTRAL,4J,ILLINOIS 2,604,62015,BUTLER,712 WATER ST,BUTLER,IL,62015,9998,,W12246,P
CENTRAL,4J,ILLINOIS 2,604,62015,HILLSBORO,120 W WOOD ST,HILLSBORO,IL,62049,9998,,W13323,P
CENTRAL,4J,ILLINOIS 2,604,62016,CARROLLTON,409 N MAIN ST,CARROLLTON,IL,62016,9998,,W12305,P
CENTRAL,4J,ILLINOIS 2,604,62017,COFFEEN,203 W MAIN ST,COFFEEN,IL,62017,9998,,W12471,P
CENTRAL,4J,ILLINOIS 2,604,62018,COTTAGE HILLS,36 W MACARTHUR DR,COTTAGE HILLS,IL,62018,9998,,W12512,P
CENTRAL,4J,ILLINOIS 2,604,62018,EAST ALTON,200 SMITH AVE,EAST ALTON,IL,62024,9998,,W12752,P
CENTRAL,4J,ILLINOIS 2,604,62019,DONNELLSON,606 WASHINGTON ST,DONNELLSON,IL,62019,9998,,W12671,P
CENTRAL,4J,ILLINOIS 2,604,62021,DORSEY,4611 SEILER RD,DORSEY,IL,62021,9998,,W12677,P
CENTRAL,4J,ILLINOIS 2,604,62022,DOW,24443 PINE ST,DOW,IL,62022,9998,,W12681,P
CENTRAL,4J,ILLINOIS 2,604,62023,EAGARVILLE,106 S MOUNT OLIVE RD,EAGARVILLE,IL,62023,1000,P,W12739,P
CENTRAL,4J,ILLINOIS 2,604,62024,EAST ALTON,200 SMITH AVE,EAST ALTON,IL,62024,9998,,W12752,P
CENTRAL,4J,ILLINOIS 2,604,62025,EDWARDSVILLE,132 N KANSAS ST,EDWARDSVILLE,IL,62025,9998,,W12803,P
CENTRAL,4J,ILLINOIS 2,604,62027,ELDRED,417 PINE ST,ELDRED,IL,62027,9998,,W12822,P
CENTRAL,4J,ILLINOIS 2,604,62028,ELSAH,48 MILL ST,ELSAH,IL,62028,9998,,W12868,P
CENTRAL,4J,ILLINOIS 2,604,62030,FIDELITY,304 STATE ST,FIDELITY,IL,62030,9998,P,W12964,P
CENTRAL,4J,ILLINOIS 2,604,62031,FIELDON,110 E MAIN ST,FIELDON,IL,62031,9998,,W12966,P
CENTRAL,4J,ILLINOIS 2,604,62032,FILLMORE,101 S MAIN ST,FILLMORE,IL,62032,9998,,W12967,P
CENTRAL,4J,ILLINOIS 2,604,62033,GILLESPIE,200 W SPRUCE ST,GILLESPIE,IL,62033,9998,,W13099,P
CENTRAL,4J,ILLINOIS 2,604,62034,GLEN CARBON,105 N MAIN ST,GLEN CARBON,IL,62034,9998,,W13112,P
CENTRAL,4J,ILLINOIS 2,604,62035,GODFREY,400 TOLLE LN,GODFREY,IL,62035,9998,,W13131,P
CENTRAL,4J,ILLINOIS 2,604,62036,BRUSSELS,167 E MAIN ST,BRUSSELS,IL,62013,9998,,W12193,P
CENTRAL,4J,ILLINOIS 2,604,62037,GRAFTON,419 E MAIN ST,GRAFTON,IL,62037,9998,,W13157,P
CENTRAL,4J,ILLINOIS 2,604,62040,GRANITE CITY,2350 MADISON AVE,GRANITE CITY,IL,62040,9998,,W13168,P
CENTRAL,4J,ILLINOIS 2,604,62040,MITCHELL,506 E CHAIN OF ROCKS RD,GRANITE CITY,IL,62040,9996,,W13980,B
CENTRAL,4J,ILLINOIS 2,604,62040,NAMEOKI,3236 NAMEOKI RD,GRANITE CITY,IL,62040,9997,,W14090,S
CENTRAL,4J,ILLINOIS 2,604,62044,GREENFIELD,609 MAIN ST,GREENFIELD,IL,62044,9998,,W13192,P
CENTRAL,4J,ILLINOIS 2,604,62045,HAMBURG,408 STATE ST,HAMBURG,IL,62045,9998,,W13225,P
CENTRAL,4J,ILLINOIS 2,604,62046,HAMEL,143 W STATE ST,HAMEL,IL,62046,9998,P,W13226,P
CENTRAL,4J,ILLINOIS 2,604,62047,HARDIN,103 E MAIN ST,HARDIN,IL,62047,9998,,W13242,P
CENTRAL,4J,ILLINOIS 2,604,62048,HARTFORD,100 W CHERRY ST,HARTFORD,IL,62048,9998,,W13257,P
CENTRAL,4J,ILLINOIS 2,604,62048,WOOD RIVER,161 E FERGUSON AVE,WOOD RIVER,IL,62095,9998,,W15586,P
CENTRAL,4J,ILLINOIS 2,604,62049,HILLSBORO,120 W WOOD ST,HILLSBORO,IL,62049,9998,,W13323,P
CENTRAL,4J,ILLINOIS 2,604,62050,HILLVIEW,201 W BLUFF ST,HILLVIEW,IL,62050,9998,,W13331,P
CENTRAL,4J,ILLINOIS 2,604,62050,WHITE HALL,120 S JACKSONVILLE ST,WHITE HALL,IL,62092,9998,,W15524,P
CENTRAL,4J,ILLINOIS 2,604,62051,IRVING,101 E STATE ST,IRVING,IL,62051,9998,,W13453,P
CENTRAL,4J,ILLINOIS 2,604,62052,JERSEYVILLE,115 N WASHINGTON ST,JERSEYVILLE,IL,62052,9998,,W13480,P
CENTRAL,4J,ILLINOIS 2,604,62053,KAMPSVILLE,100 N BROADWAY,KAMPSVILLE,IL,62053,9998,,W13505,P
CENTRAL,4J,ILLINOIS 2,604,62054,KANE,309 N MAIN ST,KANE,IL,62054,9998,,W13508,P
CENTRAL,4J,ILLINOIS 2,604,62056,LITCHFIELD,202 E KIRKHAM ST,LITCHFIELD,IL,62056,9998,,W13706,P
CENTRAL,4J,ILLINOIS 2,604,62058,LIVINGSTON,482 PARK ST,LIVINGSTON,IL,62058,9900,P,W13717,P
CENTRAL,4J,ILLINOIS 2,604,62060,GRANITE CITY,2350 MADISON AVE,GRANITE CITY,IL,62040,9998,,W13168,P
CENTRAL,4J,ILLINOIS 2,604,62060,MADISON,549 MADISON AVE,MADISON,IL,62060,9998,,W13793,P
CENTRAL,4J,ILLINOIS 2,604,62061,EDWARDSVILLE,132 N KANSAS ST,EDWARDSVILLE,IL,62025,9998,,W12803,P
CENTRAL,4J,ILLINOIS 2,604,62061,MARINE,120 E MAGNOLIA ST,MARINE,IL,62061,9998,,W13827,P
CENTRAL,4J,ILLINOIS 2,604,62062,MARYVILLE,1 OAK DR,MARYVILLE,IL,62062,9998,,W13847,P
CENTRAL,4J,ILLINOIS 2,604,62063,MEDORA,104 N MAIN ST,MEDORA,IL,62063,9998,,W13900,P
CENTRAL,4J,ILLINOIS 2,604,62065,HARDIN,103 E MAIN ST,HARDIN,IL,62047,9998,,W13242,P
CENTRAL,4J,ILLINOIS 2,604,62067,BETHALTO,115 W CENTRAL ST,BETHALTO,IL,62010,9998,,W12054,P
CENTRAL,4J,ILLINOIS 2,604,62067,MORO,31 N MAIN ST,MORO,IL,62067,9998,,W14012,P
CENTRAL,4J,ILLINOIS 2,604,62069,MOUNT OLIVE,118 S POPLAR ST,MOUNT OLIVE,IL,62069,9998,,W14037,P
CENTRAL,4J,ILLINOIS 2,604,62071,NATIONAL STOCK YARDS,3900 COLLINSVILLE RD,EAST SAINT LOUIS,IL,62201,9997,P,W14105,P
CENTRAL,4J,ILLINOIS 2,604,62074,NEW DOUGLAS,113 N MAIN ST,NEW DOUGLAS,IL,62074,9998,,W14135,P
CENTRAL,4J,ILLINOIS 2,604,62075,NOKOMIS,121 S PINE ST,NOKOMIS,IL,62075,9998,,W14173,P
CENTRAL,4J,ILLINOIS 2,604,62076,OHLMAN,405 1ST ST,OHLMAN,IL,62076,9998,P,W14272,P
CENTRAL,4J,ILLINOIS 2,604,62077,PANAMA,106 NORTH AVE,PANAMA,IL,62077,9998,P,W14379,P
CENTRAL,4J,ILLINOIS 2,604,62078,PATTERSON,36 ELIZABETH ST,PATTERSON,IL,62078,9998,P,W14403,P
CENTRAL,4J,ILLINOIS 2,604,62079,PIASA,1276 ROUTE 16,PIASA,IL,62079,9998,,W14449,P
CENTRAL,4J,ILLINOIS 2,604,62080,RAMSEY,320 S SUPERIOR ST,RAMSEY,IL,62080,9998,,W14556,P
CENTRAL,4J,ILLINOIS 2,604,62081,ROCKBRIDGE,4 OLIVE ST,ROCKBRIDGE,IL,62081,9998,,W14654,P
CENTRAL,4J,ILLINOIS 2,604,62082,ROODHOUSE,209 S MORSE ST,ROODHOUSE,IL,62082,9998,,W14685,P
CENTRAL,4J,ILLINOIS 2,604,62082,WHITE HALL,120 S JACKSONVILLE ST,WHITE HALL,IL,62092,9998,,W15524,P
CENTRAL,4J,ILLINOIS 2,604,62084,WOOD RIVER,161 E FERGUSON AVE,WOOD RIVER,IL,62095,9998,,W15586,P
CENTRAL,4J,ILLINOIS 2,604,62085,SAWYERVILLE,200 MINE RD,SAWYERVILLE,IL,62085,9998,P,W14797,P
CENTRAL,4J,ILLINOIS 2,604,62086,SORENTO,100 N MAIN ST,SORENTO,IL,62086,9998,,W14916,P
CENTRAL,4J,ILLINOIS 2,604,62087,SOUTH ROXANA,215 SINCLAIR AVE,SOUTH ROXANA,IL,62087,9998,,W14932,P
CENTRAL,4J,ILLINOIS 2,604,62088,STAUNTON,113 S EDWARDSVILLE ST,STAUNTON,IL,62088,9998,,W15155,P
CENTRAL,4J,ILLINOIS 2,604,62089,TAYLOR SPRINGS,618 E MAIN ST,TAYLOR SPRINGS,IL,62089,9998,P,W15246,P
CENTRAL,4J,ILLINOIS 2,604,62090,GRANITE CITY,2350 MADISON AVE,GRANITE CITY,IL,62040,9998,,W13168,P
CENTRAL,4J,ILLINOIS 2,604,62090,VENICE,408 BROADWAY,VENICE,IL,62090,9998,,W15361,P
CENTRAL,4J,ILLINOIS 2,604,62092,WHITE HALL,120 S JACKSONVILLE ST,WHITE HALL,IL,62092,9998,,W15524,P
CENTRAL,4J,ILLINOIS 2,604,62093,WILSONVILLE,510 DEAN ST,WILSONVILLE,IL,62093,9998,P,W15556,P
CENTRAL,4J,ILLINOIS 2,604,62094,WITT,35 W BROADWAY,WITT,IL,62094,9998,,W15574,P
CENTRAL,4J,ILLINOIS 2,604,62095,WOOD RIVER,161 E FERGUSON AVE,WOOD RIVER,IL,62095,9998,,W15586,P
CENTRAL,4J,ILLINOIS 2,604,62097,WORDEN,101 E WALL ST,WORDEN,IL,62097,9998,,W15610,P
CENTRAL,4J,ILLINOIS 2,604,62201,EAST SAINT LOUIS,950 MISSOURI AVE,EAST SAINT LOUIS,IL,62201,9998,,W12775,P
CENTRAL,4J,ILLINOIS 2,604,62202,EAST SAINT LOUIS,950 MISSOURI AVE,EAST SAINT LOUIS,IL,62201,9998,P,W12775,P
CENTRAL,4J,ILLINOIS 2,604,62203,EAST SAINT LOUIS,950 MISSOURI AVE,EAST SAINT LOUIS,IL,62201,9998,,W12775,P
CENTRAL,4J,ILLINOIS 2,604,62203,EDGEMONT,8701 STATE ST,EAST SAINT LOUIS,IL,62203,9997,,W12795,S
CENTRAL,4J,ILLINOIS 2,604,62204,EAST SAINT LOUIS,950 MISSOURI AVE,EAST SAINT LOUIS,IL,62201,9998,,W12775,P
CENTRAL,4J,ILLINOIS 2,604,62205,EAST SAINT LOUIS,950 MISSOURI AVE,EAST SAINT LOUIS,IL,62201,9998,,W12775,P
CENTRAL,4J,ILLINOIS 2,604,62206,CAHOKIA,801 RANGE LN,EAST SAINT LOUIS,IL,62206,9998,,W12254,B
CENTRAL,4J,ILLINOIS 2,604,62206,EAST SAINT LOUIS,950 MISSOURI AVE,EAST SAINT LOUIS,IL,62201,9998,,W12775,P
CENTRAL,4J,ILLINOIS 2,604,62207,ALORTON,4825 BOND AVE,EAST SAINT LOUIS,IL,62207,9998,,W11834,B
CENTRAL,4J,ILLINOIS 2,604,62207,EAST SAINT LOUIS,950 MISSOURI AVE,EAST SAINT LOUIS,IL,62201,9998,,W12775,P
CENTRAL,4J,ILLINOIS 2,604,62208,FAIRVIEW HEIGHTS,10850 LINCOLN TRL UNIT 20,FAIRVIEW HEIGHTS,IL,62208,9998,,W1C614,S
CENTRAL,4J,ILLINOIS 2,604,62208,DUTCH HOLLOW,5731 MOUNT PLEASANT LN,BELLEVILLE,IL,62223,9998,,W12716,S
CENTRAL,4J,ILLINOIS 2,604,62214,ADDIEVILLE,226 N MIDDLE ST,ADDIEVILLE,IL,62214,9998,,W11798,P
CENTRAL,4J,ILLINOIS 2,604,62215,ALBERS,110 N BROADWAY,ALBERS,IL,62215,9998,,W11811,P
CENTRAL,4J,ILLINOIS 2,604,62216,AVISTON,102 S PAGE ST,AVISTON,IL,62216,9998,,W11936,P
CENTRAL,4J,ILLINOIS 2,604,62217,BALDWIN,109 S 5TH ST,BALDWIN,IL,62217,9998,,W11949,P
CENTRAL,4J,ILLINOIS 2,604,62218,BARTELSO,303 S WASHINGTON ST,BARTELSO,IL,62218,9998,,W11983,P
CENTRAL,4J,ILLINOIS 2,604,62219,BECKEMEYER,470 LOUIS ST,BECKEMEYER,IL,62219,9998,P,W12006,P
CENTRAL,4J,ILLINOIS 2,604,62220,BELLEVILLE,120 W WASHINGTON ST,BELLEVILLE,IL,62220,9998,,W12025,P
CENTRAL,4J,ILLINOIS 2,604,62221,BELLEVILLE,120 W WASHINGTON ST,BELLEVILLE,IL,62220,9998,,W12025,P
CENTRAL,4J,ILLINOIS 2,604,62222,BELLEVILLE,120 W WASHINGTON ST,BELLEVILLE,IL,62220,9998,P,W12025,P
CENTRAL,4J,ILLINOIS 2,604,62223,DUTCH HOLLOW,5731 MOUNT PLEASANT LN,BELLEVILLE,IL,62223,9998,,W12716,S
CENTRAL,4J,ILLINOIS 2,604,62225,BELLEVILLE,120 W WASHINGTON ST,BELLEVILLE,IL,62220,9998,,W12025,P
CENTRAL,4J,ILLINOIS 2,604,62225,SCOTT AIR FORCE BASE,404 W MARTIN ST,SCOTT AIR FORCE BASE,IL,62225,9998,,008817,B
CENTRAL,4J,ILLINOIS 2,604,62226,DUTCH HOLLOW,5731 MOUNT PLEASANT LN,BELLEVILLE,IL,62223,9998,,W12716,S
CENTRAL,4J,ILLINOIS 2,604,62230,BREESE,501 N 2ND ST,BREESE,IL,62230,9998,,W12158,P
CENTRAL,4J,ILLINOIS 2,604,62231,CARLYLE,1080 FAIRFAX ST,CARLYLE,IL,62231,9998,,W12292,P
CENTRAL,4J,ILLINOIS 2,604,62232,CASEYVILLE,113 S LONG ST,CASEYVILLE,IL,62232,9998,,W12315,P
CENTRAL,4J,ILLINOIS 2,604,62232,COLLINSVILLE,1610 EASTPORT PLAZA DR,COLLINSVILLE,IL,62234,9998,,W12478,P
CENTRAL,4J,ILLINOIS 2,604,62233,CHESTER,1321 SWANWICK ST,CHESTER,IL,62233,9998,,W12382,P
CENTRAL,4J,ILLINOIS 2,604,62234,COLLINSVILLE,1610 EASTPORT PLAZA DR,COLLINSVILLE,IL,62234,9998,,W12478,P
CENTRAL,4J,ILLINOIS 2,604,62236,COLUMBIA,800 COLUMBIA CTR,COLUMBIA,IL,62236,9998,,W12485,P
CENTRAL,4J,ILLINOIS 2,604,62237,COULTERVILLE,107 N 4TH ST,COULTERVILLE,IL,62237,9998,,W12517,P
CENTRAL,4J,ILLINOIS 2,604,62238,CUTLER,409B S MAIN ST,CUTLER,IL,62238,9998,,W12571,P
CENTRAL,4J,ILLINOIS 2,604,62239,COLUMBIA,800 COLUMBIA CTR,COLUMBIA,IL,62236,9998,,W12485,P
CENTRAL,4J,ILLINOIS 2,604,62239,DUPO,116 EMMA AVE,DUPO,IL,62239,9998,,W12714,P
CENTRAL,4J,ILLINOIS 2,604,62240,EAST CARONDELET,824 STATE ST,EAST CARONDELET,IL,62240,9998,,W12755,P
CENTRAL,4J,ILLINOIS 2,604,62241,ELLIS GROVE,211 ELLIS BLVD,ELLIS GROVE,IL,62241,9998,,W12853,P
CENTRAL,4J,ILLINOIS 2,604,62242,EVANSVILLE,402 LIBERTY ST,EVANSVILLE,IL,62242,9998,,W12903,P
CENTRAL,4J,ILLINOIS 2,604,62243,BELLEVILLE,120 W WASHINGTON ST,BELLEVILLE,IL,62220,9998,,W12025,P
CENTRAL,4J,ILLINOIS 2,604,62243,FREEBURG,3 S BELLEVILLE ST,FREEBURG,IL,62243,9998,,W13037,P
CENTRAL,4J,ILLINOIS 2,604,62244,VALMEYER,100 KNOBLOCH BLVD,VALMEYER,IL,62295,9998,,W15353,P
CENTRAL,4J,ILLINOIS 2,604,62245,GERMANTOWN,405 MUNSTER ST,GERMANTOWN,IL,62245,9998,,W13087,P
CENTRAL,4J,ILLINOIS 2,604,62246,GREENVILLE,300 W MAIN ST,GREENVILLE,IL,62246,9998,,W13196,P
CENTRAL,4J,ILLINOIS 2,604,62248,HECKER,140 W MONROE ST,HECKER,IL,62248,9998,P,W13280,P
CENTRAL,4J,ILLINOIS 2,604,62249,HIGHLAND,801 MAIN ST,HIGHLAND,IL,62249,9998,,W13311,P
CENTRAL,4J,ILLINOIS 2,604,62250,HOFFMAN,101 S BROADWAY,HOFFMAN,IL,62250,9998,,W13344,P
CENTRAL,4J,ILLINOIS 2,604,62252,HUEY,231 COLLINS ST,HUEY,IL,62252,9998,P,W13397,P
CENTRAL,4J,ILLINOIS 2,604,62253,KEYESPORT,401 WASHINGTON ST,KEYESPORT,IL,62253,9998,,W13543,P
CENTRAL,4J,ILLINOIS 2,604,62254,LEBANON,201 E SAINT LOUIS ST,LEBANON,IL,62254,9998,,W13654,P
CENTRAL,4J,ILLINOIS 2,604,62255,LENZBURG,312 N CHARLES ST,LENZBURG,IL,62255,9998,,W13663,P
CENTRAL,4J,ILLINOIS 2,604,62256,MAEYSTOWN,941 MILL ST,MAEYSTOWN,IL,62256,9998,P,W13796,P
CENTRAL,4J,ILLINOIS 2,604,62257,MARISSA,114 N MAIN ST,MARISSA,IL,62257,9998,,W13829,P
CENTRAL,4J,ILLINOIS 2,604,62258,MASCOUTAH,18 W MAIN ST,MASCOUTAH,IL,62258,9998,,W13850,P
CENTRAL,4J,ILLINOIS 2,604,62260,MILLSTADT,20 W WHITE ST,MILLSTADT,IL,62260,9998,,W13967,P
CENTRAL,4J,ILLINOIS 2,604,62262,MULBERRY GROVE,201 N MAPLE ST,MULBERRY GROVE,IL,62262,9998,,W14067,P
CENTRAL,4J,ILLINOIS 2,604,62263,NASHVILLE,181 S KASKASKIA ST,NASHVILLE,IL,62263,9998,,W14099,P
CENTRAL,4J,ILLINOIS 2,604,62264,NEW ATHENS,200 S BENTON ST,NEW ATHENS,IL,62264,9998,,W14122,P
CENTRAL,4J,ILLINOIS 2,604,62265,NEW BADEN,203 E HANOVER ST,NEW BADEN,IL,62265,9998,,W14123,P
CENTRAL,4J,ILLINOIS 2,604,62266,NEW MEMPHIS,84 S 2ND ST,NEW MEMPHIS,IL,62266,9998,P,W14142,P
CENTRAL,4J,ILLINOIS 2,604,62268,OAKDALE,21 E 2ND ST,OAKDALE,IL,62268,9998,,W14248,P
CENTRAL,4J,ILLINOIS 2,604,62269,O FALLON,1111 S LINCOLN AVE,O FALLON,IL,62269,9998,,W14228,P
CENTRAL,4J,ILLINOIS 2,604,62271,OKAWVILLE,113 E WALNUT ST,OKAWVILLE,IL,62271,9998,,W14273,P
CENTRAL,4J,ILLINOIS 2,604,62272,PERCY,112 E PINE ST,PERCY,IL,62272,9998,,W14432,P
CENTRAL,4J,ILLINOIS 2,604,62273,PIERRON,237 ILLINOIS ROUTE 143,PIERRON,IL,62273,9998,P,W14451,P
CENTRAL,4J,ILLINOIS 2,604,62274,PINCKNEYVILLE,212 S WALNUT ST,PINCKNEYVILLE,IL,62274,9998,,W14459,P
CENTRAL,4J,ILLINOIS 2,604,62275,POCAHONTAS,107 PARK ST,POCAHONTAS,IL,62275,9998,,W14496,P
CENTRAL,4J,ILLINOIS 2,604,62277,PRAIRIE DU ROCHER,211 HENRY ST,PRAIRIE DU ROCHER,IL,62277,9998,,W14523,P
CENTRAL,4J,ILLINOIS 2,604,62278,RED BUD,150 S MAIN ST,RED BUD,IL,62278,9998,,W14575,P
CENTRAL,4J,ILLINOIS 2,604,62280,ROCKWOOD,900 ORIGINAL ST,ROCKWOOD,IL,62280,9998,,W14665,P
CENTRAL,4J,ILLINOIS 2,604,62281,SAINT JACOB,309 N DOUGLAS ST,SAINT JACOB,IL,62281,9998,,W14768,P
CENTRAL,4J,ILLINOIS 2,604,62281,TROY,515 EDWARDSVILLE RD,TROY,IL,62294,9998,,W15315,P
CENTRAL,4J,ILLINOIS 2,604,62282,SAINT LIBORY,7340 STATE ROUTE 15,SAINT LIBORY,IL,62282,9998,P,W14771,P
CENTRAL,4J,ILLINOIS 2,604,62284,SMITHBORO,205 S MAIN ST,SMITHBORO,IL,62284,9998,,W14891,P
CENTRAL,4J,ILLINOIS 2,604,62285,SMITHTON,512 S MAIN ST,SMITHTON,IL,62285,9998,,W14896,P
CENTRAL,4J,ILLINOIS 2,604,62286,SPARTA,208 W BROADWAY ST,SPARTA,IL,62286,9998,,W14946,P
CENTRAL,4J,ILLINOIS 2,604,62288,STEELEVILLE,409 W BROADWAY,STEELEVILLE,IL,62288,9998,,W15159,P
CENTRAL,4J,ILLINOIS 2,604,62289,SUMMERFIELD,101 E PARK ST,SUMMERFIELD,IL,62289,9998,P,W15208,P
CENTRAL,4J,ILLINOIS 2,604,62292,TILDEN,722 N CENTRE ST,TILDEN,IL,62292,9998,P,W15278,P
CENTRAL,4J,ILLINOIS 2,604,62293,TRENTON,120 E BROADWAY,TRENTON,IL,62293,9998,,W15308,P
CENTRAL,4J,ILLINOIS 2,604,62294,TROY,515 EDWARDSVILLE RD,TROY,IL,62294,9998,,W15315,P
CENTRAL,4J,ILLINOIS 2,604,62295,VALMEYER,100 KNOBLOCH BLVD,VALMEYER,IL,62295,9998,,W15353,P
CENTRAL,4J,ILLINOIS 2,604,62298,WATERLOO,305 E 3RD ST,WATERLOO,IL,62298,9998,,W15452,P
CENTRAL,4J,ILLINOIS 2,604,62301,QUINCY,3535 LOCUST ST,QUINCY,IL,62301,9998,,W14549,P
CENTRAL,4J,ILLINOIS 2,604,62305,QUINCY,3535 LOCUST ST,QUINCY,IL,62301,9998,,W14549,P
CENTRAL,4J,ILLINOIS 2,604,62306,QUINCY,3535 LOCUST ST,QUINCY,IL,62301,9998,P,W14549,P
CENTRAL,4J,ILLINOIS 2,604,62311,AUGUSTA,503 MAIN ST,AUGUSTA,IL,62311,9998,,W11929,P
CENTRAL,4J,ILLINOIS 2,604,62312,BARRY,600 DECATUR ST,BARRY,IL,62312,9997,,W11981,P
CENTRAL,4J,ILLINOIS 2,604,62313,BASCO,12 N MAIN ST,BASCO,IL,62313,9998,,W11987,P
CENTRAL,4J,ILLINOIS 2,604,62314,BAYLIS,140 N MAIN ST,BAYLIS,IL,62314,9998,,W11994,P
CENTRAL,4J,ILLINOIS 2,604,62316,BOWEN,114 E 5TH ST,BOWEN,IL,62316,9998,,W12134,P
CENTRAL,4J,ILLINOIS 2,604,62319,CAMDEN,12270 BROADWAY ST,CAMDEN,IL,62319,9998,,W12268,P
CENTRAL,4J,ILLINOIS 2,604,62320,CAMP POINT,108 N ILLINOIS ST,CAMP POINT,IL,62320,9998,,W12273,P
CENTRAL,4J,ILLINOIS 2,604,62321,CARTHAGE,615 MAIN ST,CARTHAGE,IL,62321,9998,,W12310,P
CENTRAL,4J,ILLINOIS 2,604,62324,MOUNT STERLING,130 W MAIN ST,MOUNT STERLING,IL,62353,9998,,W14043,P
CENTRAL,4J,ILLINOIS 2,604,62325,CAMP POINT,108 N ILLINOIS ST,CAMP POINT,IL,62320,9998,,W12273,P
CENTRAL,4J,ILLINOIS 2,604,62326,COLCHESTER,105 W MARKET ST,COLCHESTER,IL,62326,9998,,W12472,P
CENTRAL,4J,ILLINOIS 2,604,62330,DALLAS CITY,45 E 3RD ST,DALLAS CITY,IL,62330,9998,,W12578,P
CENTRAL,4J,ILLINOIS 2,604,62334,ELVASTON,104 W MAINE ST,ELVASTON,IL,62334,9998,P,W12871,P
CENTRAL,4J,ILLINOIS 2,604,62336,FERRIS,131 MAIN ST,FERRIS,IL,62336,9998,P,W12962,P
CENTRAL,4J,ILLINOIS 2,604,62338,FOWLER,1321 HIGHWAY 24,FOWLER,IL,62338,9998,,W13009,P
CENTRAL,4J,ILLINOIS 2,604,62339,GOLDEN,305 SMITH ST,GOLDEN,IL,62339,9998,,W13135,P
CENTRAL,4J,ILLINOIS 2,604,62340,GRIGGSVILLE,102 W QUINCY ST,GRIGGSVILLE,IL,62340,9998,,W13201,P
CENTRAL,4J,ILLINOIS 2,604,62341,HAMILTON,1160 BROADWAY ST,HAMILTON,IL,62341,9998,,W13227,P
CENTRAL,4J,ILLINOIS 2,604,62343,HULL,201 E HULL AVE,HULL,IL,62343,9998,,W13398,P
CENTRAL,4J,ILLINOIS 2,604,62345,KINDERHOOK,185 S HARPER ST,KINDERHOOK,IL,62345,9998,,W13552,P
CENTRAL,4J,ILLINOIS 2,604,62347,LIBERTY,407 S MAIN ST,LIBERTY,IL,62347,9998,,W13672,P
CENTRAL,4J,ILLINOIS 2,604,62348,LIMA,1000 MAIN ST,LIMA,IL,62348,9998,P,W13681,P
CENTRAL,4J,ILLINOIS 2,604,62349,LORAINE,113 N BROAD ST,LORAINE,IL,62349,9998,,W13754,P
CENTRAL,4J,ILLINOIS 2,604,62349,MENDON,102 W COLLINS ST,MENDON,IL,62351,9998,,W13912,P
CENTRAL,4J,ILLINOIS 2,604,62351,MENDON,102 W COLLINS ST,MENDON,IL,62351,9998,,W13912,P
CENTRAL,4J,ILLINOIS 2,604,62352,MILTON,435 PITTSFIELD ST,MILTON,IL,62352,9998,P,W13973,P
CENTRAL,4J,ILLINOIS 2,604,62353,MOUNT STERLING,130 W MAIN ST,MOUNT STERLING,IL,62353,9998,,W14043,P
CENTRAL,4J,ILLINOIS 2,604,62354,NAUVOO,55 N BARNETT ST,NAUVOO,IL,62354,9998,,W14108,P
CENTRAL,4J,ILLINOIS 2,604,62355,NEBO,133 S UNION ST,NEBO,IL,62355,9998,,W14111,P
CENTRAL,4J,ILLINOIS 2,604,62356,NEW CANTON,140 N MAIN ST,NEW CANTON,IL,62356,9998,,W14129,P
CENTRAL,4J,ILLINOIS 2,604,62357,NEW SALEM,201 GRIGGSVILLE ST,NEW SALEM,IL,62357,9998,,W14147,P
CENTRAL,4J,ILLINOIS 2,604,62358,NIOTA,275 ARBOR ST,NIOTA,IL,62358,9998,,W14162,P
CENTRAL,4J,ILLINOIS 2,604,62359,CAMP POINT,108 N ILLINOIS ST,CAMP POINT,IL,62320,9998,,W12273,P
CENTRAL,4J,ILLINOIS 2,604,62360,PAYSON,206 N MAIN ST,PAYSON,IL,62360,9998,,W14411,P
CENTRAL,4J,ILLINOIS 2,604,62361,PEARL,105 N FRONT ST,PEARL,IL,62361,9998,,W14412,P
CENTRAL,4J,ILLINOIS 2,604,62362,PERRY,209 MAIN ST,PERRY,IL,62362,9998,P,W14435,P
CENTRAL,4J,ILLINOIS 2,604,62363,PITTSFIELD,129 S MADISON ST,PITTSFIELD,IL,62363,9998,,W14474,P
CENTRAL,4J,ILLINOIS 2,604,62365,PLAINVILLE,230 E MAIN ST,PLAINVILLE,IL,62365,9998,,W14482,P
CENTRAL,4J,ILLINOIS 2,604,62366,PITTSFIELD,129 S MADISON ST,PITTSFIELD,IL,62363,9998,,W14474,P
CENTRAL,4J,ILLINOIS 2,604,62366,PLEASANT HILL,108 E QUINCY ST,PLEASANT HILL,IL,62366,9998,,W14488,P
CENTRAL,4J,ILLINOIS 2,604,62367,PLYMOUTH,107 EASTSIDE SQ,PLYMOUTH,IL,62367,9998,,W14495,P
CENTRAL,4J,ILLINOIS 2,604,62370,ROCKPORT,301 MERCHANT ST,ROCKPORT,IL,62370,9998,,W14662,P
CENTRAL,4J,ILLINOIS 2,604,62374,TENNESSEE,209 W BUSHNELL ST,TENNESSEE,IL,62374,9998,,W15251,P
CENTRAL,4J,ILLINOIS 2,604,62375,TIMEWELL,201 S MAIN ST,TIMEWELL,IL,62375,9998,,W15283,P
CENTRAL,4J,ILLINOIS 2,604,62376,URSA,107 N WARSAW ST,URSA,IL,62376,9998,,W15346,P
CENTRAL,4J,ILLINOIS 2,604,62378,VERSAILLES,120 N MAIN ST,VERSAILLES,IL,62378,9998,,W15373,P
CENTRAL,4J,ILLINOIS 2,604,62379,WARSAW,520 MAIN ST,WARSAW,IL,62379,9998,,W15438,P
CENTRAL,4J,ILLINOIS 2,604,62380,WEST POINT,100 E CENTER ST,WEST POINT,IL,62380,9998,,W15494,P
CENTRAL,4J,ILLINOIS 2,604,62401,EFFINGHAM,210 N 3RD ST,EFFINGHAM,IL,62401,9998,,W12807,P
CENTRAL,4J,ILLINOIS 2,604,62410,ALLENDALE,304 E MAIN ST,ALLENDALE,IL,62410,9998,,W11826,P
CENTRAL,4J,ILLINOIS 2,604,62411,ALTAMONT,122 W WASHINGTON AVE,ALTAMONT,IL,62411,9998,,W11840,P
CENTRAL,4J,ILLINOIS 2,604,62413,ANNAPOLIS,7047 E 2000TH AVE,ANNAPOLIS,IL,62413,9998,,W11863,P
CENTRAL,4J,ILLINOIS 2,604,62414,BEECHER CITY,101 S SWEAZY ST,BEECHER CITY,IL,62414,9998,,W12015,P
CENTRAL,4J,ILLINOIS 2,604,62417,BRIDGEPORT,250 E OLIVE ST,BRIDGEPORT,IL,62417,9998,,W12165,P
CENTRAL,4J,ILLINOIS 2,604,62417,LAWRENCEVILLE,1014 JEFFERSON ST,LAWRENCEVILLE,IL,62439,9998,,W13649,P
CENTRAL,4J,ILLINOIS 2,604,62418,BROWNSTOWN,102 E MAIN ST,BROWNSTOWN,IL,62418,9998,,W12189,P
CENTRAL,4J,ILLINOIS 2,604,62418,VANDALIA,304 S 4TH ST,VANDALIA,IL,62471,9998,,W15356,P
CENTRAL,4J,ILLINOIS 2,604,62419,CALHOUN,101 E MAIN ST,CALHOUN,IL,62419,9998,,W12258,P
CENTRAL,4J,ILLINOIS 2,604,62420,CASEY,100 W ALABAMA AVE,CASEY,IL,62420,9998,,W12314,P
CENTRAL,4J,ILLINOIS 2,604,62421,CLAREMONT,100 N WASHINGTON BLVD,CLAREMONT,IL,62421,9998,,W12427,P
CENTRAL,4J,ILLINOIS 2,604,62422,COWDEN,100 E ELM ST,COWDEN,IL,62422,9998,,W12527,P
CENTRAL,4J,ILLINOIS 2,604,62424,DIETERICH,201 S MAIN ST,DIETERICH,IL,62424,9998,,W12647,P
CENTRAL,4J,ILLINOIS 2,604,62425,DUNDAS,7220 N WASHINGTON ST,DUNDAS,IL,62425,9998,,W12705,P
CENTRAL,4J,ILLINOIS 2,604,62426,EDGEWOOD,807 BROAD ST,EDGEWOOD,IL,62426,9998,,W12797,P
CENTRAL,4J,ILLINOIS 2,604,62427,FLAT ROCK,201 W 2ND ST,FLAT ROCK,IL,62427,9998,,W12977,P
CENTRAL,4J,ILLINOIS 2,604,62428,GREENUP,125 E CUMBERLAND ST,GREENUP,IL,62428,9998,,W13194,P
CENTRAL,4J,ILLINOIS 2,604,62431,HERRICK,9 S BROADWAY ST,HERRICK,IL,62431,9998,,W13299,P
CENTRAL,4J,ILLINOIS 2,604,62432,HIDALGO,117 E HARRISON ST,HIDALGO,IL,62432,9998,,W13309,P
CENTRAL,4J,ILLINOIS 2,604,62433,HUTSONVILLE,114 S MAIN ST,HUTSONVILLE,IL,62433,9998,,W13407,P
CENTRAL,4J,ILLINOIS 2,604,62434,INGRAHAM,5253 OLD INGRAHAM RD,INGRAHAM,IL,62434,9998,,W13443,P
CENTRAL,4J,ILLINOIS 2,604,62436,JEWETT,1100 CUMBERLAND RD,JEWETT,IL,62436,9998,,W13485,P
CENTRAL,4J,ILLINOIS 2,604,62439,LAWRENCEVILLE,1014 JEFFERSON ST,LAWRENCEVILLE,IL,62439,9998,,W13649,P
CENTRAL,4J,ILLINOIS 2,604,62440,LERNA,513 MAIN ST,LERNA,IL,62440,9998,,W13666,P
CENTRAL,4J,ILLINOIS 2,604,62441,MARSHALL,115 N 7TH ST,MARSHALL,IL,62441,9998,,W13840,P
CENTRAL,4J,ILLINOIS 2,604,62442,MARTINSVILLE,2 N YORK ST,MARTINSVILLE,IL,62442,9998,,W13843,P
CENTRAL,4J,ILLINOIS 2,604,62443,MASON,755 ADAMS ST,MASON,IL,62443,9998,,W13851,P
CENTRAL,4J,ILLINOIS 2,604,62445,MONTROSE,301 W NATIONAL RD,MONTROSE,IL,62445,9998,,W14005,P
CENTRAL,4J,ILLINOIS 2,604,62446,MOUNT ERIE,102 W MAIN ST,MOUNT ERIE,IL,62446,9998,,W14033,P
CENTRAL,4J,ILLINOIS 2,604,62447,NEOGA,256 E 6TH ST,NEOGA,IL,62447,9998,,W14117,P
CENTRAL,4J,ILLINOIS 2,604,62448,NEWTON,201 W JOURDAN ST,NEWTON,IL,62448,9998,,W14158,P
CENTRAL,4J,ILLINOIS 2,604,62449,OBLONG,207 N RANGE ST,OBLONG,IL,62449,9998,,W14255,P
CENTRAL,4J,ILLINOIS 2,604,62450,OLNEY,330 S WHITTLE AVE,OLNEY,IL,62450,9998,,W14293,P
CENTRAL,4J,ILLINOIS 2,604,62451,PALESTINE,107 W MARKET ST,PALESTINE,IL,62451,9998,,W14364,P
CENTRAL,4J,ILLINOIS 2,604,62451,ROBINSON,101 E WALNUT ST,ROBINSON,IL,62454,9998,,W14640,P
CENTRAL,4J,ILLINOIS 2,604,62452,PARKERSBURG,101 N MAIN ST,PARKERSBURG,IL,62452,9998,,W14396,P
CENTRAL,4J,ILLINOIS 2,604,62454,ROBINSON,101 E WALNUT ST,ROBINSON,IL,62454,9998,,W14640,P
CENTRAL,4J,ILLINOIS 2,604,62458,SAINT ELMO,112 E 5TH ST,SAINT ELMO,IL,62458,9998,,W14766,P
CENTRAL,4J,ILLINOIS 2,604,62459,SAINTE MARIE,104 N MAIN ST,SAINTE MARIE,IL,62459,9998,P,W14777,P
CENTRAL,4J,ILLINOIS 2,604,62460,SAINT FRANCISVILLE,803 MAIN ST,SAINT FRANCISVILLE,IL,62460,9998,,W14767,P
CENTRAL,4J,ILLINOIS 2,604,62461,SHUMWAY,101 E MAIN ST,SHUMWAY,IL,62461,9998,,W14870,P
CENTRAL,4J,ILLINOIS 2,604,62462,SIGEL,102 E LOUIS ST,SIGEL,IL,62462,9998,,W14875,P
CENTRAL,4J,ILLINOIS 2,604,62463,STEWARDSON,101 W MAIN ST,STEWARDSON,IL,62463,9998,,W15167,P
CENTRAL,4J,ILLINOIS 2,604,62464,STOY,10065 N MAIN ST,STOY,IL,62464,9998,P,W15185,P
CENTRAL,4J,ILLINOIS 2,604,62465,STRASBURG,106 E COMMERCIAL ST,STRASBURG,IL,62465,9998,,W15187,P
CENTRAL,4J,ILLINOIS 2,604,62466,SUMNER,120 W SOUTH AVE,SUMNER,IL,62466,9998,,W15216,P
CENTRAL,4J,ILLINOIS 2,604,62467,TEUTOPOLIS,100 W MAIN ST,TEUTOPOLIS,IL,62467,9998,,W15252,P
CENTRAL,4J,ILLINOIS 2,604,62468,TOLEDO,112 COURTHOUSE SQ,TOLEDO,IL,62468,9998,,W15292,P
CENTRAL,4J,ILLINOIS 2,604,62469,TRILLA,102 W TRILLA RD,TRILLA,IL,62469,9998,,W15309,P
CENTRAL,4J,ILLINOIS 2,604,62471,VANDALIA,304 S 4TH ST,VANDALIA,IL,62471,9998,,W15356,P
CENTRAL,4J,ILLINOIS 2,604,62473,WATSON,101 S MONROE ST,WATSON,IL,62473,9998,,W15456,P
CENTRAL,4J,ILLINOIS 2,604,62474,WESTFIELD,130 W STATE ST,WESTFIELD,IL,62474,9998,,W15507,P
CENTRAL,4J,ILLINOIS 2,604,62475,WEST LIBERTY,107 N SILVER ST,WEST LIBERTY,IL,62475,9998,,W15490,P
CENTRAL,4J,ILLINOIS 2,604,62476,WEST SALEM,115 E NORTH ST,WEST SALEM,IL,62476,9998,,W15495,P
CENTRAL,4J,ILLINOIS 2,604,62477,WEST UNION,211 W UNION ST,WEST UNION,IL,62477,9998,,W15496,P
CENTRAL,4J,ILLINOIS 2,604,62478,WEST YORK,21962 N 1470TH ST,WEST YORK,IL,62478,9998,,W15497,P
CENTRAL,4J,ILLINOIS 2,604,62479,WHEELER,13244 N MAIN ST,WHEELER,IL,62479,9998,,W15520,P
CENTRAL,4J,ILLINOIS 2,604,62480,WILLOW HILL,201 N CUMBERLAND ST,WILLOW HILL,IL,62480,9998,,W15548,P
CENTRAL,4J,ILLINOIS 2,604,62481,YALE,200 S RANGE ST,YALE,IL,62481,9998,,W15625,P
CENTRAL,4J,ILLINOIS 2,604,62501,ARGENTA,187 N NORTH ST,ARGENTA,IL,62501,9998,,W11875,P
CENTRAL,4J,ILLINOIS 2,604,62510,ASSUMPTION,219 N CHESTNUT ST,ASSUMPTION,IL,62510,9998,,W11911,P
CENTRAL,4J,ILLINOIS 2,604,62512,BEASON,1555 BROADWAY ST,BEASON,IL,62512,9998,,W11999,P
CENTRAL,4J,ILLINOIS 2,604,62513,BLUE MOUND,230 W NILES ST,BLUE MOUND,IL,62513,9998,,W12101,P
CENTRAL,4J,ILLINOIS 2,604,62514,BOODY,6164 S ROUTE 48,BOODY,IL,62514,9998,P,W12129,P
CENTRAL,4J,ILLINOIS 2,604,62515,BUFFALO,102 W ELM ST,BUFFALO,IL,62515,9998,,W12204,P
CENTRAL,4J,ILLINOIS 2,604,62518,CHESTNUT,120 E OLIVE ST,CHESTNUT,IL,62518,9998,,W12386,P
CENTRAL,4J,ILLINOIS 2,604,62519,CORNLAND,1017 DAY ST,CORNLAND,IL,62519,9998,P,W12507,P
CENTRAL,4J,ILLINOIS 2,604,62520,DAWSON,106 N CONSTANT ST,DAWSON,IL,62520,9998,,W12597,P
CENTRAL,4J,ILLINOIS 2,604,62521,DECATUR,214 N FRANKLIN ST FL 1,DECATUR,IL,62523,9998,,W12606,P
CENTRAL,4J,ILLINOIS 2,604,62521,MEMORIAL,1601 E MOUND RD,DECATUR,IL,62526,9997,,W13909,S
CENTRAL,4J,ILLINOIS 2,604,62522,DECATUR,214 N FRANKLIN ST FL 1,DECATUR,IL,62523,9998,,W12606,P
CENTRAL,4J,ILLINOIS 2,604,62523,DECATUR,214 N FRANKLIN ST FL 1,DECATUR,IL,62523,9998,,W12606,P
CENTRAL,4J,ILLINOIS 2,604,62524,MEMORIAL,1601 E MOUND RD,DECATUR,IL,62526,9997,P,W13909,S
CENTRAL,4J,ILLINOIS 2,604,62525,DECATUR,214 N FRANKLIN ST FL 1,DECATUR,IL,62523,9998,P,W12606,P
CENTRAL,4J,ILLINOIS 2,604,62525,MEMORIAL,1601 E MOUND RD,DECATUR,IL,62526,9997,P,W13909,S
CENTRAL,4J,ILLINOIS 2,604,62526,MEMORIAL,1601 E MOUND RD,DECATUR,IL,62526,9997,,W13909,S
CENTRAL,4J,ILLINOIS 2,604,62530,DIVERNON,157 W DODDS ST,DIVERNON,IL,62530,9998,,W12653,P
CENTRAL,4J,ILLINOIS 2,604,62531,EDINBURG,114 W WASHINGTON ST,EDINBURG,IL,62531,9998,,W12800,P
CENTRAL,4J,ILLINOIS 2,604,62532,ELWIN,4945 S TAYLOR ST,ELWIN,IL,62532,9998,P,W12873,P
CENTRAL,4J,ILLINOIS 2,604,62533,FARMERSVILLE,206 S CLEVELAND ST,FARMERSVILLE,IL,62533,9998,,W12948,P
CENTRAL,4J,ILLINOIS 2,604,62534,FINDLAY,215 E SOUTH 2ND ST,FINDLAY,IL,62534,9998,,W12968,P
CENTRAL,4J,ILLINOIS 2,604,62535,FORSYTH,300 E RUEHL ST,FORSYTH,IL,62535,9998,,W12996,P
CENTRAL,4J,ILLINOIS 2,604,62536,GLENARM,53 JUDD RD,GLENARM,IL,62536,9998,,W13117,P
CENTRAL,4J,ILLINOIS 2,604,62537,HARRISTOWN,1355 N MERIDIAN RD,HARRISTOWN,IL,62537,9998,P,W13255,P
CENTRAL,4J,ILLINOIS 2,604,62538,HARVEL,125 MAIN ST,HARVEL,IL,62538,9998,,W13260,P
CENTRAL,4J,ILLINOIS 2,604,62539,ILLIOPOLIS,463 LOUISA ST,ILLIOPOLIS,IL,62539,9998,,W13432,P
CENTRAL,4J,ILLINOIS 2,604,62540,KINCAID,607 DIAL ST,KINCAID,IL,62540,9998,P,W13551,P
CENTRAL,4J,ILLINOIS 2,604,62541,LAKE FORK,201 OAK ST,LAKE FORK,IL,62541,9998,P,W13608,P
CENTRAL,4J,ILLINOIS 2,604,62543,LATHAM,221 N MACON ST,LATHAM,IL,62543,9998,,W13643,P
CENTRAL,4J,ILLINOIS 2,604,62544,MACON,101 W DUNN ST,MACON,IL,62544,9998,,W13792,P
CENTRAL,4J,ILLINOIS 2,604,62545,MECHANICSBURG,301 W MAIN ST,MECHANICSBURG,IL,62545,9998,,W13897,P
CENTRAL,4J,ILLINOIS 2,604,62546,MORRISONVILLE,601 RICKS ST,MORRISONVILLE,IL,62546,9998,,W14015,P
CENTRAL,4J,ILLINOIS 2,604,62547,MOUNT AUBURN,240 E ARCH ST,MOUNT AUBURN,IL,62547,9998,,W14028,P
CENTRAL,4J,ILLINOIS 2,604,62548,MOUNT PULASKI,121 N LAFAYETTE ST,MOUNT PULASKI,IL,62548,9998,,W14042,P
CENTRAL,4J,ILLINOIS 2,604,62549,MT ZION,450 W MAIN ST,MT ZION,IL,62549,9998,,W14046,P
CENTRAL,4J,ILLINOIS 2,604,62550,MOWEAQUA,115 W MAIN ST,MOWEAQUA,IL,62550,9998,,W14048,P
CENTRAL,4J,ILLINOIS 2,604,62551,NIANTIC,155 E LEWIS ST,NIANTIC,IL,62551,9998,,W14159,P
CENTRAL,4J,ILLINOIS 2,604,62553,OCONEE,10 OAK ST,OCONEE,IL,62553,9998,,W14256,P
CENTRAL,4J,ILLINOIS 2,604,62554,OREANA,205 W SOUTH ST,OREANA,IL,62554,9998,,W14321,P
CENTRAL,4J,ILLINOIS 2,604,62556,PALMER,910 5TH ST,PALMER,IL,62556,9998,,W14366,P
CENTRAL,4J,ILLINOIS 2,604,62557,PANA,214 S LOCUST ST,PANA,IL,62557,9998,,W14378,P
CENTRAL,4J,ILLINOIS 2,604,62558,PAWNEE,620 5TH ST,PAWNEE,IL,62558,9998,,W14408,P
CENTRAL,4J,ILLINOIS 2,604,62560,RAYMOND,401 E BROAD ST,RAYMOND,IL,62560,9998,,W14572,P
CENTRAL,4J,ILLINOIS 2,604,62561,RIVERTON,619 N 7TH ST,RIVERTON,IL,62561,9998,,W14627,P
CENTRAL,4J,ILLINOIS 2,604,62563,ROCHESTER,200 S WALNUT ST,ROCHESTER,IL,62563,9998,,W14643,P
CENTRAL,4J,ILLINOIS 2,604,62565,SHELBYVILLE,200 S MORGAN ST,SHELBYVILLE,IL,62565,9998,,W14852,P
CENTRAL,4J,ILLINOIS 2,604,62567,STONINGTON,116 E 4TH ST,STONINGTON,IL,62567,9998,,W15184,P
CENTRAL,4J,ILLINOIS 2,604,62568,TAYLORVILLE,300 S MAIN ST,TAYLORVILLE,IL,62568,9998,,W15247,P
CENTRAL,4J,ILLINOIS 2,604,62570,TOVEY,411 MIDLAND ST,TOVEY,IL,62570,9998,P,W15301,P
CENTRAL,4J,ILLINOIS 2,604,62571,TOWER HILL,105 S MICHIGAN ST,TOWER HILL,IL,62571,9998,,W15303,P
CENTRAL,4J,ILLINOIS 2,604,62572,WAGGONER,130 W MAIN ST,WAGGONER,IL,62572,9998,,W15407,P
CENTRAL,4J,ILLINOIS 2,604,62573,WARRENSBURG,164 N MAIN ST,WARRENSBURG,IL,62573,9998,,W15434,P
CENTRAL,4J,ILLINOIS 2,604,62601,ALEXANDER,107 S PARK ST,ALEXANDER,IL,62601,9998,,W11817,P
CENTRAL,4J,ILLINOIS 2,604,62610,ALSEY,101 MAIN ST,ALSEY,IL,62610,9998,P,W11836,P
CENTRAL,4J,ILLINOIS 2,604,62611,ARENZVILLE,213 W FREDERICK ST,ARENZVILLE,IL,62611,9998,,W11874,P
CENTRAL,4J,ILLINOIS 2,604,62612,ASHLAND,124 N YATES ST,ASHLAND,IL,62612,9998,,W11907,P
CENTRAL,4J,ILLINOIS 2,604,62613,ATHENS,215 N MAIN ST,ATHENS,IL,62613,9998,,W11914,P
CENTRAL,4J,ILLINOIS 2,604,62615,AUBURN,202 S 5TH ST,AUBURN,IL,62615,9998,,W11923,P
CENTRAL,4J,ILLINOIS 2,604,62617,BATH,109 E 1ST ST,BATH,IL,62617,9998,,W11992,P
CENTRAL,4J,ILLINOIS 2,604,62618,BEARDSTOWN,101 E MAIN ST,BEARDSTOWN,IL,62618,9998,,W11997,P
CENTRAL,4J,ILLINOIS 2,604,62621,BLUFFS,119 E OAKES ST,BLUFFS,IL,62621,9998,,W12107,P
CENTRAL,4J,ILLINOIS 2,604,62622,VIRGINIA,230 E BEARDSTOWN ST,VIRGINIA,IL,62691,9998,P,W15387,P
CENTRAL,4J,ILLINOIS 2,604,62624,BROWNING,102 N WALNUT ST,BROWNING,IL,62624,9998,,W12187,P
CENTRAL,4J,ILLINOIS 2,604,62625,CANTRALL,9446 STATE ROUTE 29,CANTRALL,IL,62625,9998,,W12282,P
CENTRAL,4J,ILLINOIS 2,604,62626,CARLINVILLE,129 E 1ST SOUTH ST,CARLINVILLE,IL,62626,9998,,W12290,P
CENTRAL,4J,ILLINOIS 2,604,62627,CHANDLERVILLE,201 S MAIN ST,CHANDLERVILLE,IL,62627,9998,,W12360,P
CENTRAL,4J,ILLINOIS 2,604,62628,CHAPIN,520 SUPERIOR ST,CHAPIN,IL,62628,9998,,W12366,P
CENTRAL,4J,ILLINOIS 2,604,62629,CHATHAM,111 E WALNUT ST,CHATHAM,IL,62629,9998,,W12370,P
CENTRAL,4J,ILLINOIS 2,604,62630,CHESTERFIELD,20 S MAIN ST,CHESTERFIELD,IL,62630,9998,,W12383,P
CENTRAL,4J,ILLINOIS 2,604,62631,CONCORD,403 STATE ST,CONCORD,IL,62631,9998,,W12494,P
CENTRAL,4J,ILLINOIS 2,604,62633,EASTON,104 S SECOND ST,EASTON,IL,62633,9998,,W12782,P
CENTRAL,4J,ILLINOIS 2,604,62634,ELKHART,106 N BOGARDUS ST,ELKHART,IL,62634,9998,,W12846,P
CENTRAL,4J,ILLINOIS 2,604,62635,EMDEN,304 LINCOLN ST,EMDEN,IL,62635,9998,,W12875,P
CENTRAL,4J,ILLINOIS 2,604,62638,FRANKLIN,312 WYATT AVE,FRANKLIN,IL,62638,9998,,W13030,P
CENTRAL,4J,ILLINOIS 2,604,62640,GIRARD,153 S 2ND ST,GIRARD,IL,62640,9998,,W13105,P
CENTRAL,4J,ILLINOIS 2,604,62642,GREENVIEW,158 W WASHINGTON ST,GREENVIEW,IL,62642,9998,,W13195,P
CENTRAL,4J,ILLINOIS 2,604,62643,HARTSBURG,112 N 2ND ST,HARTSBURG,IL,62643,9998,,W13258,P
CENTRAL,4J,ILLINOIS 2,604,62644,HAVANA,128 S ORANGE ST,HAVANA,IL,62644,9998,,W13266,P
CENTRAL,4J,ILLINOIS 2,604,62649,HETTICK,116 E POST ST,HETTICK,IL,62649,9998,,W13304,P
CENTRAL,4J,ILLINOIS 2,604,62650,JACKSONVILLE,200 W COURT ST,JACKSONVILLE,IL,62650,9998,,W13467,P
CENTRAL,4J,ILLINOIS 2,604,62651,JACKSONVILLE,200 W COURT ST,JACKSONVILLE,IL,62650,9998,P,W13467,P
CENTRAL,4J,ILLINOIS 2,604,62655,KILBOURNE,109 N 5TH ST,KILBOURNE,IL,62655,9998,,W13548,P
CENTRAL,4J,ILLINOIS 2,604,62656,LINCOLN,102 S MCLEAN ST,LINCOLN,IL,62656,9998,,W13684,P
CENTRAL,4J,ILLINOIS 2,604,62661,LOAMI,100 CHURCH ST,LOAMI,IL,62661,9998,,W13726,P
CENTRAL,4J,ILLINOIS 2,604,62663,MANCHESTER,308 MAIN ST,MANCHESTER,IL,62663,9998,P,W13807,P
CENTRAL,4J,ILLINOIS 2,604,62664,MASON CITY,155 W CHESTNUT ST,MASON CITY,IL,62664,9998,,W13852,P
CENTRAL,4J,ILLINOIS 2,604,62665,MEREDOSIA,113 S WASHINGTON ST,MEREDOSIA,IL,62665,9998,,W13919,P
CENTRAL,4J,ILLINOIS 2,604,62666,GREENVIEW,158 W WASHINGTON ST,GREENVIEW,IL,62642,9998,,W13195,P
CENTRAL,4J,ILLINOIS 2,604,62666,MIDDLETOWN,407 5TH ST,MIDDLETOWN,IL,62666,9998,,W13940,P
CENTRAL,4J,ILLINOIS 2,604,62667,MODESTO,108 S MAIN ST,MODESTO,IL,62667,9998,,W13986,P
CENTRAL,4J,ILLINOIS 2,604,62668,MURRAYVILLE,105 CHURCH ST,MURRAYVILLE,IL,62668,9998,,W14077,P
CENTRAL,4J,ILLINOIS 2,604,62670,NEW BERLIN,102 E ILLINOIS ST,NEW BERLIN,IL,62670,9998,,W14125,P
CENTRAL,4J,ILLINOIS 2,604,62671,NEW HOLLAND,104 W LINCOLN ST,NEW HOLLAND,IL,62671,9998,,W14139,P
CENTRAL,4J,ILLINOIS 2,604,62672,NILWOOD,31 MOREAN ST,NILWOOD,IL,62672,9998,P,W14161,P
CENTRAL,4J,ILLINOIS 2,604,62673,OAKFORD,105 S WHITLEY ST,OAKFORD,IL,62673,9998,,W14249,P
CENTRAL,4J,ILLINOIS 2,604,62674,PALMYRA,130 S MAIN ST,PALMYRA,IL,62674,9998,,W14367,P
CENTRAL,4J,ILLINOIS 2,604,62675,PETERSBURG,220 S 7TH ST,PETERSBURG,IL,62675,9998,,W14441,P
CENTRAL,4J,ILLINOIS 2,604,62677,PLEASANT PLAINS,210 N CARTWRIGHT ST,PLEASANT PLAINS,IL,62677,9998,,W14491,P
CENTRAL,4J,ILLINOIS 2,604,62681,RUSHVILLE,101 E WASHINGTON ST,RUSHVILLE,IL,62681,9998,,W14744,P
CENTRAL,4J,ILLINOIS 2,604,62682,SAN JOSE,207 W VINE ST,SAN JOSE,IL,62682,9998,,W14782,P
CENTRAL,4J,ILLINOIS 2,604,62684,SHERMAN,2605 E ANDREW RD,SHERMAN,IL,62684,9998,,W14856,P
CENTRAL,4J,ILLINOIS 2,604,62685,SHIPMAN,123 KEATING ST,SHIPMAN,IL,62685,9998,,W14861,P
CENTRAL,4J,ILLINOIS 2,604,62689,THAYER,210 E MAIN ST,THAYER,IL,62689,9998,P,W15260,P
CENTRAL,4J,ILLINOIS 2,604,62690,VIRDEN,211 N SPRINGFIELD ST,VIRDEN,IL,62690,9998,,W15385,P
CENTRAL,4J,ILLINOIS 2,604,62691,VIRGINIA,230 E BEARDSTOWN ST,VIRGINIA,IL,62691,9998,,W15387,P
CENTRAL,4J,ILLINOIS 2,604,62692,WAVERLY,109 N PEARL ST,WAVERLY,IL,62692,9998,,W15459,P
CENTRAL,4J,ILLINOIS 2,604,62693,WILLIAMSVILLE,100 E MAIN ST,WILLIAMSVILLE,IL,62693,9998,,W15539,P
CENTRAL,4J,ILLINOIS 2,604,62694,WINCHESTER,55 S MAIN ST,WINCHESTER,IL,62694,9998,,W15558,P
CENTRAL,4J,ILLINOIS 2,604,62695,WOODSON,101 E MAIN ST,WOODSON,IL,62695,9998,P,W15604,P
CENTRAL,4J,ILLINOIS 2,604,62701,DOWNTOWN SPRINGFIELD,411 E MONROE ST,SPRINGFIELD,IL,62701,9998,,W12692,S
CENTRAL,4J,ILLINOIS 2,604,62702,NORTHEAST ANNEX,1927 E SANGAMON AVE,SPRINGFIELD,IL,62702,9998,,W1C079,4
CENTRAL,4J,ILLINOIS 2,604,62703,NORTHEAST ANNEX,1927 E SANGAMON AVE,SPRINGFIELD,IL,62702,9998,,W1C079,4
CENTRAL,4J,ILLINOIS 2,604,62704,SOUTHWEST,1760 WABASH AVE,SPRINGFIELD,IL,62704,9997,,W15225,S
CENTRAL,4J,ILLINOIS 2,604,62705,DOWNTOWN SPRINGFIELD,411 E MONROE ST,SPRINGFIELD,IL,62701,9998,P,W12692,S
CENTRAL,4J,ILLINOIS 2,604,62707,NORTHEAST ANNEX,1927 E SANGAMON AVE,SPRINGFIELD,IL,62702,9998,,W1C079,4
CENTRAL,4J,ILLINOIS 2,604,62708,SPRINGFIELD,2105 E COOK ST,SPRINGFIELD,IL,62703,9998,P,W14965,P
CENTRAL,4J,ILLINOIS 2,604,62711,SOUTHWEST,1760 WABASH AVE,SPRINGFIELD,IL,62704,9997,,W15225,S
CENTRAL,4J,ILLINOIS 2,604,62712,SOUTHWEST,1760 WABASH AVE,SPRINGFIELD,IL,62704,9997,,W15225,S
CENTRAL,4J,ILLINOIS 2,604,62791,NORTHEAST ANNEX,1927 E SANGAMON AVE,SPRINGFIELD,IL,62702,9998,P,W1C079,4
CENTRAL,4J,ILLINOIS 2,604,62791,CAPITOL,401 S SPRING ST,SPRINGFIELD,IL,62706,9998,P,W12283,S
CENTRAL,4J,ILLINOIS 2,604,62791,SOUTHWEST,1760 WABASH AVE,SPRINGFIELD,IL,62704,9997,P,W15225,S
CENTRAL,4J,ILLINOIS 2,604,62791,SPRINGFIELD DPO 1,1903 W MONROE ST,SPRINGFIELD,IL,62704,1530,P,008528,6
CENTRAL,4J,ILLINOIS 2,604,62794,DOWNTOWN SPRINGFIELD,411 E MONROE ST,SPRINGFIELD,IL,62701,9998,P,W12692,S
CENTRAL,4J,ILLINOIS 2,604,62794,SPRINGFIELD,2105 E COOK ST,SPRINGFIELD,IL,62703,9998,P,W14965,P
CENTRAL,4J,ILLINOIS 2,604,62801,CENTRALIA,314 S POPLAR ST,CENTRALIA,IL,62801,9998,,W12346,P
CENTRAL,4J,ILLINOIS 2,604,62803,HOYLETON,75 E SAINT LOUIS ST,HOYLETON,IL,62803,9998,,W13390,P
CENTRAL,4J,ILLINOIS 2,604,62806,ALBION,104 W MAIN ST,ALBION,IL,62806,9998,,W11812,P
CENTRAL,4J,ILLINOIS 2,604,62807,ALMA,127 7TH ST,ALMA,IL,62807,9998,,W11833,P
CENTRAL,4J,ILLINOIS 2,604,62808,ASHLEY,167 E JACKSON ST,ASHLEY,IL,62808,9998,,W11908,P
CENTRAL,4J,ILLINOIS 2,604,62810,BELLE RIVE,101 S MAIN ST,BELLE RIVE,IL,62810,9998,,W12024,P
CENTRAL,4J,ILLINOIS 2,604,62811,BELLMONT,210 MAIN ST,BELLMONT,IL,62811,9998,P,W12030,P
CENTRAL,4J,ILLINOIS 2,604,62812,BENTON,301 N DU QUOIN ST,BENTON,IL,62812,9997,,W12046,P
CENTRAL,4J,ILLINOIS 2,604,62814,BLUFORD,1010 W 2ND ST,BLUFORD,IL,62814,9998,,W12108,P
CENTRAL,4J,ILLINOIS 2,604,62814,WAYNE CITY,305 S MAIN ST,WAYNE CITY,IL,62895,9998,,W15461,P
CENTRAL,4J,ILLINOIS 2,604,62815,BONE GAP,105 N STATE ST,BONE GAP,IL,62815,9998,,W12124,P
CENTRAL,4J,ILLINOIS 2,604,62816,BONNIE,285 S IL HIGHWAY 37,BONNIE,IL,62816,9998,,W12126,P
CENTRAL,4J,ILLINOIS 2,604,62817,BROUGHTON,211 DAWES ST,BROUGHTON,IL,62817,9998,,W12184,P
CENTRAL,4J,ILLINOIS 2,604,62818,BROWNS,602 HENDERSON ST,BROWNS,IL,62818,9998,,W12188,P
CENTRAL,4J,ILLINOIS 2,604,62819,BUCKNER,100 S MARKET ST,BUCKNER,IL,62819,9998,,W12200,P
CENTRAL,4J,ILLINOIS 2,604,62821,CARMI,201 S WALNUT ST,CARMI,IL,62821,9997,,W12294,P
CENTRAL,4J,ILLINOIS 2,604,62822,CHRISTOPHER,110 N EMMA ST,CHRISTOPHER,IL,62822,9998,,W12418,P
CENTRAL,4J,ILLINOIS 2,604,62823,CISNE,300 SIMPSON ST,CISNE,IL,62823,9998,,W12422,P
CENTRAL,4J,ILLINOIS 2,604,62824,CLAY CITY,332 S MAIN ST,CLAY CITY,IL,62824,9998,,W12437,P
CENTRAL,4J,ILLINOIS 2,604,62825,COELLO,9091 MAIN ST,COELLO,IL,62825,9998,P,W12469,P
CENTRAL,4J,ILLINOIS 2,604,62827,CROSSVILLE,208 W MAIN ST,CROSSVILLE,IL,62827,9998,,W12552,P
CENTRAL,4J,ILLINOIS 2,604,62828,DAHLGREN,203 S 1ST ST,DAHLGREN,IL,62828,9998,,W12575,P
CENTRAL,4J,ILLINOIS 2,604,62830,DIX,302 N MAIN ST,DIX,IL,62830,9998,,W12657,P
CENTRAL,4J,ILLINOIS 2,604,62831,DU BOIS,75 W BROADWAY ST,DU BOIS,IL,62831,9998,,W12696,P
CENTRAL,4J,ILLINOIS 2,604,62832,DU QUOIN,304 E MAIN ST,DU QUOIN,IL,62832,9997,,W12697,P
CENTRAL,4J,ILLINOIS 2,604,62835,ENFIELD,114 E MAIN ST,ENFIELD,IL,62835,9998,,W12880,P
CENTRAL,4J,ILLINOIS 2,604,62836,BENTON,301 N DU QUOIN ST,BENTON,IL,62812,9997,,W12046,P
CENTRAL,4J,ILLINOIS 2,604,62836,WHITTINGTON,106 W MAIN ST,WHITTINGTON,IL,62897,9997,,W15529,P
CENTRAL,4J,ILLINOIS 2,604,62837,FAIRFIELD,220 E DELAWARE ST,FAIRFIELD,IL,62837,9997,,W12921,P
CENTRAL,4J,ILLINOIS 2,604,62838,FARINA,306 W MADISON ST,FARINA,IL,62838,9998,,W12945,P
CENTRAL,4J,ILLINOIS 2,604,62839,FLORA,312 E NORTH AVE,FLORA,IL,62839,9998,,W12979,P
CENTRAL,4J,ILLINOIS 2,604,62841,FREEMAN SPUR,19072 FREEMAN SPUR RD,FREEMAN SPUR,IL,62841,9998,P,W13038,P
CENTRAL,4J,ILLINOIS 2,604,62842,GEFF,124 W MECHANIC ST,GEFF,IL,62842,9998,,W13076,P
CENTRAL,4J,ILLINOIS 2,604,62844,GRAYVILLE,210 E SOUTH ST,GRAYVILLE,IL,62844,9997,,W13179,P
CENTRAL,4J,ILLINOIS 2,604,62846,INA,111 1/2 W 3RD ST,INA,IL,62846,9998,,W13434,P
CENTRAL,4J,ILLINOIS 2,604,62848,IRVINGTON,108 N 2ND ST,IRVINGTON,IL,62848,9998,P,W13456,P
CENTRAL,4J,ILLINOIS 2,604,62849,IUKA,311 N FRONT ST,IUKA,IL,62849,9998,,W13461,P
CENTRAL,4J,ILLINOIS 2,604,62850,JOHNSONVILLE,301 N 2ND ST,JOHNSONVILLE,IL,62850,9998,,W13487,P
CENTRAL,4J,ILLINOIS 2,604,62851,KEENES,400 SYCAMORE ST,KEENES,IL,62851,9998,,W13525,P
CENTRAL,4J,ILLINOIS 2,604,62852,KEENSBURG,9337 W MARKET ST,KEENSBURG,IL,62852,9998,P,W13527,P
CENTRAL,4J,ILLINOIS 2,604,62853,KELL,303 3RD ST,KELL,IL,62853,9998,,W13530,P
CENTRAL,4J,ILLINOIS 2,604,62854,KINMUNDY,109 W 3RD ST,KINMUNDY,IL,62854,9998,,W13560,P
CENTRAL,4J,ILLINOIS 2,604,62856,LOGAN,6352 MAIN ST,LOGAN,IL,62856,9998,P,W13730,P
CENTRAL,4J,ILLINOIS 2,604,62858,LOUISVILLE,150 E CHESTNUT ST,LOUISVILLE,IL,62858,9998,,W13761,P
CENTRAL,4J,ILLINOIS 2,604,62859,MC LEANSBORO,211 S JACKSON ST,MC LEANSBORO,IL,62859,9997,,W13873,P
CENTRAL,4J,ILLINOIS 2,604,62860,MACEDONIA,106 E BENTON ST,MACEDONIA,IL,62860,9998,,W13786,P
CENTRAL,4J,ILLINOIS 2,604,62861,MAUNIE,321 NORTH ST,MAUNIE,IL,62861,9998,P,W13858,P
CENTRAL,4J,ILLINOIS 2,604,62862,MILL SHOALS,483 LOCUST ST,MILL SHOALS,IL,62862,9997,,W13951,P
CENTRAL,4J,ILLINOIS 2,604,62863,MOUNT CARMEL,503 N MARKET ST,MOUNT CARMEL,IL,62863,9998,,W14030,P
CENTRAL,4J,ILLINOIS 2,604,62864,MOUNT VERNON,301 S 10TH ST,MOUNT VERNON,IL,62864,9995,,W14044,P
CENTRAL,4J,ILLINOIS 2,604,62864,MOUNT VERNON CARRIER ANNEX,1301 BROADWAY ST,MOUNT VERNON,IL,62864,9997,,012043,4
CENTRAL,4J,ILLINOIS 2,604,62865,CHRISTOPHER,110 N EMMA ST,CHRISTOPHER,IL,62822,9998,,W12418,P
CENTRAL,4J,ILLINOIS 2,604,62867,NEW HAVEN,526 VINE ST,NEW HAVEN,IL,62867,9998,,W14137,P
CENTRAL,4J,ILLINOIS 2,604,62868,NOBLE,110 W NORTH AVE,NOBLE,IL,62868,9997,,W14172,P
CENTRAL,4J,ILLINOIS 2,604,62869,NORRIS CITY,210 E MAIN ST,NORRIS CITY,IL,62869,9998,,W14180,P
CENTRAL,4J,ILLINOIS 2,604,62870,ODIN,104 E KIRKWOOD ST,ODIN,IL,62870,9998,,W14260,P
CENTRAL,4J,ILLINOIS 2,604,62871,OMAHA,430 2ND ST,OMAHA,IL,62871,9997,,W14298,P
CENTRAL,4J,ILLINOIS 2,604,62872,OPDYKE,19206 E 8TH ST,OPDYKE,IL,62872,9997,,W14308,P
CENTRAL,4J,ILLINOIS 2,604,62875,PATOKA,105 S RAILROAD ST,PATOKA,IL,62875,9998,,W14402,P
CENTRAL,4J,ILLINOIS 2,604,62876,RADOM,15 S 3RD ST,RADOM,IL,62876,9998,P,W14553,P
CENTRAL,4J,ILLINOIS 2,604,62877,RICHVIEW,218 S SHANNON AVE,RICHVIEW,IL,62877,9997,,W14605,P
CENTRAL,4J,ILLINOIS 2,604,62879,FLORA,312 E NORTH AVE,FLORA,IL,62839,9998,P,W12979,P
CENTRAL,4J,ILLINOIS 2,604,62880,SAINT PETER,109 E 3RD ST,SAINT PETER,IL,62880,9998,,W14774,P
CENTRAL,4J,ILLINOIS 2,604,62881,SALEM,125 S DELMAR AVE,SALEM,IL,62881,9997,,W14778,P
CENTRAL,4J,ILLINOIS 2,604,62882,CENTRALIA,314 S POPLAR ST,CENTRALIA,IL,62801,9998,,W12346,P
CENTRAL,4J,ILLINOIS 2,604,62882,SANDOVAL,308 N MAIN ST,SANDOVAL,IL,62882,9998,,W14785,P
CENTRAL,4J,ILLINOIS 2,604,62883,SCHELLER,4411 N SCHELLER LN,SCHELLER,IL,62883,9997,,W14807,P
CENTRAL,4J,ILLINOIS 2,604,62884,SESSER,207 W FRANKLIN ST,SESSER,IL,62884,9998,,W14834,P
CENTRAL,4J,ILLINOIS 2,604,62885,SHOBONIER,9998 BLACKMAN ADDITION,SHOBONIER,IL,62885,9998,,W14864,P
CENTRAL,4J,ILLINOIS 2,604,62886,SIMS,601A S RAILROAD ST,SIMS,IL,62886,9998,,W14880,P
CENTRAL,4J,ILLINOIS 2,604,62887,SPRINGERTON,125 S MAIN ST,SPRINGERTON,IL,62887,9997,,W14963,P
CENTRAL,4J,ILLINOIS 2,604,62888,TAMAROA,11 N CHESTNUT ST,TAMAROA,IL,62888,9998,,W15241,P
CENTRAL,4J,ILLINOIS 2,604,62889,DIX,302 N MAIN ST,DIX,IL,62830,9998,,W12657,P
CENTRAL,4J,ILLINOIS 2,604,62890,THOMPSONVILLE,21302 SHAWNEETOWN RD,THOMPSONVILLE,IL,62890,9998,,W15270,P
CENTRAL,4J,ILLINOIS 2,604,62891,VALIER,101 E MAIN ST,VALIER,IL,62891,9998,P,W15349,P
CENTRAL,4J,ILLINOIS 2,604,62892,VERNON,200 N RACE ST,VERNON,IL,62892,9998,,W15368,P
CENTRAL,4J,ILLINOIS 2,604,62893,CENTRALIA,314 S POPLAR ST,CENTRALIA,IL,62801,9998,,W12346,P
CENTRAL,4J,ILLINOIS 2,604,62893,WALNUT HILL,61 HARRISON ST,WALNUT HILL,IL,62893,9998,,W15415,P
CENTRAL,4J,ILLINOIS 2,604,62894,WALTONVILLE,504 E MAIN ST,WALTONVILLE,IL,62894,9997,,W15424,P
CENTRAL,4J,ILLINOIS 2,604,62895,WAYNE CITY,305 S MAIN ST,WAYNE CITY,IL,62895,9998,,W15461,P
CENTRAL,4J,ILLINOIS 2,604,62896,WEST FRANKFORT,219 E MAIN ST,WEST FRANKFORT,IL,62896,9998,,W15486,P
CENTRAL,4J,ILLINOIS 2,604,62897,WHITTINGTON,106 W MAIN ST,WHITTINGTON,IL,62897,9997,,W15529,P
CENTRAL,4J,ILLINOIS 2,604,62898,WOODLAWN,606 N MAIN ST,WOODLAWN,IL,62898,9998,,W15601,P
CENTRAL,4J,ILLINOIS 2,604,62899,XENIA,102 N MAIN ST,XENIA,IL,62899,9998,,W15624,P
CENTRAL,4J,ILLINOIS 2,604,62901,CARBONDALE IL S&DC,1301 E MAIN ST,CARBONDALE,IL,62901,9926,,020691,4
CENTRAL,4J,ILLINOIS 2,604,62902,CARBONDALE IL S&DC,1301 E MAIN ST,CARBONDALE,IL,62901,9926,,020691,4
CENTRAL,4J,ILLINOIS 2,604,62903,DOWNTOWN CARBONDALE,2001 W MAIN ST STE 101,CARBONDALE,IL,62901,9997,,W12689,S
CENTRAL,4J,ILLINOIS 2,604,62903,CARBONDALE IL S&DC,1301 E MAIN ST,CARBONDALE,IL,62901,9926,,020691,4
CENTRAL,4J,ILLINOIS 2,604,62905,ALTO PASS,85 N ELM ST,ALTO PASS,IL,62905,9998,,W11842,P
CENTRAL,4J,ILLINOIS 2,604,62906,ANNA,201 N MAIN ST,ANNA,IL,62906,9998,,W11862,P
CENTRAL,4J,ILLINOIS 2,604,62907,AVA,222 W MAIN ST,AVA,IL,62907,9998,,W11935,P
CENTRAL,4J,ILLINOIS 2,604,62908,BELKNAP,58 W MAIN ST,BELKNAP,IL,62908,9998,,W12020,P
CENTRAL,4J,ILLINOIS 2,604,62910,BROOKPORT,200 OHIO ST,BROOKPORT,IL,62910,9998,,W12181,P
CENTRAL,4J,ILLINOIS 2,604,62912,BUNCOMBE,55 MAIN ST,BUNCOMBE,IL,62912,9998,,W12217,P
CENTRAL,4J,ILLINOIS 2,604,62914,CAIRO,1500 WASHINGTON AVE,CAIRO,IL,62914,9998,,W12255,P
CENTRAL,4J,ILLINOIS 2,604,62915,CAMBRIA,104 N MAPLE ST,CAMBRIA,IL,62915,9998,P,W12266,P
CENTRAL,4J,ILLINOIS 2,604,62916,CAMPBELL HILL,106 W FRONT ST,CAMPBELL HILL,IL,62916,9998,,W12274,P
CENTRAL,4J,ILLINOIS 2,604,62917,CARRIER MILLS,107 W OAK ST,CARRIER MILLS,IL,62917,9998,,W12301,P
CENTRAL,4J,ILLINOIS 2,604,62918,CARTERVILLE,101 E GRAND AVE,CARTERVILLE,IL,62918,9998,,W12307,P
CENTRAL,4J,ILLINOIS 2,604,62918,CARBONDALE IL S&DC,1301 E MAIN ST,CARBONDALE,IL,62901,9926,,020691,4
CENTRAL,4J,ILLINOIS 2,604,62919,CAVE IN ROCK,153 E MAIN ST,CAVE IN ROCK,IL,62919,9998,,W12327,P
CENTRAL,4J,ILLINOIS 2,604,62920,COBDEN,113 S APPLEKNOCKER ST,COBDEN,IL,62920,9998,,W12467,P
CENTRAL,4J,ILLINOIS 2,604,62921,COLP,105 N MAYOR CALIPER DR,COLP,IL,62921,9998,P,W12484,P
CENTRAL,4J,ILLINOIS 2,604,62922,CREAL SPRINGS,112 W BLUE AVE,CREAL SPRINGS,IL,62922,9998,,W12538,P
CENTRAL,4J,ILLINOIS 2,604,62923,BUNCOMBE,55 MAIN ST,BUNCOMBE,IL,62912,9998,,W12217,P
CENTRAL,4J,ILLINOIS 2,604,62924,DE SOTO,104 N CHESTNUT ST,DE SOTO,IL,62924,9998,,W12605,P
CENTRAL,4J,ILLINOIS 2,604,62924,CARBONDALE IL S&DC,1301 E MAIN ST,CARBONDALE,IL,62901,9926,,020691,4
CENTRAL,4J,ILLINOIS 2,604,62926,DONGOLA,106 E CROSS ST,DONGOLA,IL,62926,9998,,W12670,P
CENTRAL,4J,ILLINOIS 2,604,62927,DOWELL,501 UNION AVE,DOWELL,IL,62927,9998,P,W12682,P
CENTRAL,4J,ILLINOIS 2,604,62928,EDDYVILLE,110 MAIN ST,EDDYVILLE,IL,62928,9998,,W12785,P
CENTRAL,4J,ILLINOIS 2,604,62930,ELDORADO,900 4TH ST,ELDORADO,IL,62930,9998,,W12821,P
CENTRAL,4J,ILLINOIS 2,604,62931,ELIZABETHTOWN,151 N MAIN ST,ELIZABETHTOWN,IL,62931,9998,,W12831,P
CENTRAL,4J,ILLINOIS 2,604,62932,ELKVILLE,108 S 4TH ST,ELKVILLE,IL,62932,9998,,W12848,P
CENTRAL,4J,ILLINOIS 2,604,62933,ENERGY,208 N PERSHING ST,ENERGY,IL,62933,9998,,W12879,P
CENTRAL,4J,ILLINOIS 2,604,62934,EQUALITY,205 W LANE ST,EQUALITY,IL,62934,9998,,W12890,P
CENTRAL,4J,ILLINOIS 2,604,62935,GALATIA,106 W MAIN ST,GALATIA,IL,62935,9998,,W13054,P
CENTRAL,4J,ILLINOIS 2,604,62938,GOLCONDA,202 W MAIN ST,GOLCONDA,IL,62938,9998,,W13133,P
CENTRAL,4J,ILLINOIS 2,604,62939,GOREVILLE,117 S BROADWAY,GOREVILLE,IL,62939,9998,,W13147,P
CENTRAL,4J,ILLINOIS 2,604,62940,GORHAM,407 MAIN ST,GORHAM,IL,62940,9998,,W13150,P
CENTRAL,4J,ILLINOIS 2,604,62941,GRAND CHAIN,200 S MAIN ST,GRAND CHAIN,IL,62941,9998,,W13158,P
CENTRAL,4J,ILLINOIS 2,604,62942,GRAND TOWER,522 FRONT ST,GRAND TOWER,IL,62942,9998,,W13165,P
CENTRAL,4J,ILLINOIS 2,604,62946,HARRISBURG,101 W CHURCH ST,HARRISBURG,IL,62946,9998,,W13251,P
CENTRAL,4J,ILLINOIS 2,604,62947,HEROD,100 HIGHWAY 34 S,HEROD,IL,62947,9998,,W13298,P
CENTRAL,4J,ILLINOIS 2,604,62948,HERRIN,200 S PARK AVE,HERRIN,IL,62948,9998,,W13300,P
CENTRAL,4J,ILLINOIS 2,604,62949,HURST,212 N BUSH AVE,HURST,IL,62949,9998,P,W13405,P
CENTRAL,4J,ILLINOIS 2,604,62950,AVA,222 W MAIN ST,AVA,IL,62907,9998,,W11935,P
CENTRAL,4J,ILLINOIS 2,604,62951,MARION,205 E MAIN ST,MARION,IL,62959,9998,,W13828,P
CENTRAL,4J,ILLINOIS 2,604,62952,JONESBORO,103 W BROAD ST,JONESBORO,IL,62952,9998,,W13494,P
CENTRAL,4J,ILLINOIS 2,604,62953,JOPPA,205 JOPPA RD,JOPPA,IL,62953,9998,P,W13497,P
CENTRAL,4J,ILLINOIS 2,604,62954,JUNCTION,348 FRONT ST,JUNCTION,IL,62954,9998,,W13501,P
CENTRAL,4J,ILLINOIS 2,604,62956,KARNAK,210 N 1ST ST,KARNAK,IL,62956,9998,,W13519,P
CENTRAL,4J,ILLINOIS 2,604,62957,MC CLURE,37914 GRAPEVINE TRL,MC CLURE,IL,62957,9998,,W13867,P
CENTRAL,4J,ILLINOIS 2,604,62958,MAKANDA,709 MAKANDA RD,MAKANDA,IL,62958,9998,,W13803,P
CENTRAL,4J,ILLINOIS 2,604,62959,MARION,205 E MAIN ST,MARION,IL,62959,9998,,W13828,P
CENTRAL,4J,ILLINOIS 2,604,62959,MARION CENTER,1301 ENTERPRISE WAY STE 32,MARION,IL,62959,9997,,008886,S
CENTRAL,4J,ILLINOIS 2,604,62960,METROPOLIS,101 W 5TH ST,METROPOLIS,IL,62960,9998,,W13934,P
CENTRAL,4J,ILLINOIS 2,604,62961,MILLCREEK,60 WALNUT ST,MILLCREEK,IL,62961,9998,P,W13954,P
CENTRAL,4J,ILLINOIS 2,604,62963,CAIRO,1500 WASHINGTON AVE,CAIRO,IL,62914,9998,,W12255,P
CENTRAL,4J,ILLINOIS 2,604,62963,MOUND CITY,225 MAIN ST,MOUND CITY,IL,62963,9998,,W14024,P
CENTRAL,4J,ILLINOIS 2,604,62964,CAIRO,1500 WASHINGTON AVE,CAIRO,IL,62914,9998,,W12255,P
CENTRAL,4J,ILLINOIS 2,604,62964,MOUNDS,110 N FRONT ST,MOUNDS,IL,62964,9998,,W14027,P
CENTRAL,4J,ILLINOIS 2,604,62965,MUDDY,305 PUBLIC RD,MUDDY,IL,62965,9998,P,W14066,P
CENTRAL,4J,ILLINOIS 2,604,62966,MURPHYSBORO,203 N 11TH ST,MURPHYSBORO,IL,62966,9998,,W14076,P
CENTRAL,4J,ILLINOIS 2,604,62966,CARBONDALE IL S&DC,1301 E MAIN ST,CARBONDALE,IL,62901,9926,,020691,4
CENTRAL,4J,ILLINOIS 2,604,62967,NEW BURNSIDE,20 W 2ND ST,NEW BURNSIDE,IL,62967,9998,,W14127,P
CENTRAL,4J,ILLINOIS 2,604,62969,OLIVE BRANCH,22475 RAILROAD ST,OLIVE BRANCH,IL,62969,9998,,W14290,P
CENTRAL,4J,ILLINOIS 2,604,62970,OLMSTED,100 N FRONT ST,OLMSTED,IL,62970,9998,,W14292,P
CENTRAL,4J,ILLINOIS 2,604,62972,OZARK,495 OZARK RD,OZARK,IL,62972,9998,,W14352,P
CENTRAL,4J,ILLINOIS 2,604,62974,PITTSBURG,16181 PITTSBURG RD,PITTSBURG,IL,62974,9998,,W14472,P
CENTRAL,4J,ILLINOIS 2,604,62976,PULASKI,225 E COMMERCIAL AVE,PULASKI,IL,62976,2533,,W14542,P
CENTRAL,4J,ILLINOIS 2,604,62977,RALEIGH,16 E CHURCH ST,RALEIGH,IL,62977,9998,,W14554,P
CENTRAL,4J,ILLINOIS 2,604,62979,RIDGWAY,116 S MURPHY ST,RIDGWAY,IL,62979,9998,,W14609,P
CENTRAL,4J,ILLINOIS 2,604,62982,ROSICLARE,1 POSTAL WAY,ROSICLARE,IL,62982,9998,,W14704,P
CENTRAL,4J,ILLINOIS 2,604,62983,ELKVILLE,108 S 4TH ST,ELKVILLE,IL,62932,9998,,W12848,P
CENTRAL,4J,ILLINOIS 2,604,62984,RIDGWAY,116 S MURPHY ST,RIDGWAY,IL,62979,9998,,W14609,P
CENTRAL,4J,ILLINOIS 2,604,62984,SHAWNEETOWN,200 N LINCOLN BLVD E,SHAWNEETOWN,IL,62984,9998,,W14849,P
CENTRAL,4J,ILLINOIS 2,604,62985,VIENNA,207 E VINE ST,VIENNA,IL,62995,9998,,W15376,P
CENTRAL,4J,ILLINOIS 2,604,62987,STONEFORT,1055 WILSON ST,STONEFORT,IL,62987,9998,,W15182,P
CENTRAL,4J,ILLINOIS 2,604,62988,TAMMS,250 FRONT ST,TAMMS,IL,62988,9998,,W15242,P
CENTRAL,4J,ILLINOIS 2,604,62990,THEBES,815 POPLAR ST,THEBES,IL,62990,9998,,W15263,P
CENTRAL,4J,ILLINOIS 2,604,62992,ULLIN,121 S CENTRAL ST,ULLIN,IL,62992,9998,,W15327,P
CENTRAL,4J,ILLINOIS 2,604,62994,VERGENNES,725 HACK AVE,VERGENNES,IL,62994,9998,,W15363,P
CENTRAL,4J,ILLINOIS 2,604,62995,VIENNA,207 E VINE ST,VIENNA,IL,62995,9998,,W15376,P
CENTRAL,4J,ILLINOIS 2,604,62996,VILLA RIDGE,2926 OLD VILLA RIDGE RD,VILLA RIDGE,IL,62996,9998,,W15383,P
CENTRAL,4J,ILLINOIS 2,604,62997,WILLISVILLE,808 BROADWAY ST,WILLISVILLE,IL,62997,9998,P,W15540,P
CENTRAL,4J,ILLINOIS 2,604,62998,WOLF LAKE,4675 N STATE ROUTE 3,WOLF LAKE,IL,62998,9998,,W15576,P
CENTRAL,4J,ILLINOIS 2,604,62999,HERRIN,200 S PARK AVE,HERRIN,IL,62948,9998,,W13300,P
CENTRAL,4J,ILLINOIS 2,604,62999,ZEIGLER,2 CIRCLE ST,ZEIGLER,IL,62999,9998,,W15643,P
