area_name,area_code,district_name,district_no,delivery_zipcode,locale_name,physical_delivery_address,physical_city,physical_state,physical_zip,physical_zip4,zip_class_code,locale_key,locale_type
CENTRAL,4J,MICHIGAN 1,481,48001,ALGONAC,801 SAINT CLAIR RIVER DR,ALGONAC,MI,48001,9998,,Y11330,P
CENTRAL,4J,MICHIGAN 1,481,48002,ALLENTON,770 CAPAC RD,ALLENTON,MI,48002,9998,,Y11336,P
CENTRAL,4J,MICHIGAN 1,481,48002,ARMADA,74260 BURK ST,ARMADA,MI,48005,9998,,Y11359,P
CENTRAL,4J,MICHIGAN 1,481,48003,ALMONT,116 N MAIN ST,ALMONT,MI,48003,9998,,Y11340,P
CENTRAL,4J,MICHIGAN 1,481,48003,ALMONT PO BOX ANNEX,138 N MAIN ST,ALMONT,MI,48003,1109,,002091,6
CENTRAL,4J,MICHIGAN 1,481,48004,ANCHORVILLE,9828 DIXIE HWY,ANCHORVILLE,MI,48004,9998,P,Y11348,P
CENTRAL,4J,MICHIGAN 1,481,48005,ARMADA,74260 BURK ST,ARMADA,MI,48005,9998,,Y11359,P
CENTRAL,4J,MICHIGAN 1,481,48006,AVOCA,8810 AVOCA RD,AVOCA,MI,48006,9998,,Y11384,P
CENTRAL,4J,MICHIGAN 1,481,48006,YALE,211 JONES ST,YALE,MI,48097,9998,,Y13134,P
CENTRAL,4J,MICHIGAN 1,481,48007,TROY,2844 LIVERNOIS RD,TROY,MI,48099,9998,P,Y12991,P
CENTRAL,4J,MICHIGAN 1,481,48009,BIRMINGHAM,1221 BOWERS ST,BIRMINGHAM,MI,48012,9998,,Y11454,P
CENTRAL,4J,MICHIGAN 1,481,48012,BIRMINGHAM,1221 BOWERS ST,BIRMINGHAM,MI,48012,9998,P,Y11454,P
CENTRAL,4J,MICHIGAN 1,481,48014,CAPAC,102 W MILL ST,CAPAC,MI,48014,9998,,Y11576,P
CENTRAL,4J,MICHIGAN 1,481,48015,CENTER LINE,26056 VAN DYKE AVE,CENTER LINE,MI,48015,9998,,Y11607,P
CENTRAL,4J,MICHIGAN 1,481,48015,WARREN,28401 MOUND RD,WARREN,MI,48090,9998,,Y13064,P
CENTRAL,4J,MICHIGAN 1,481,48017,CLAWSON,345 N MAIN ST,CLAWSON,MI,48017,9998,,Y11645,P
CENTRAL,4J,MICHIGAN 1,481,48021,EAST DETROIT,22430 GRATIOT AVE,EASTPOINTE,MI,48021,9998,,Y11794,P
CENTRAL,4J,MICHIGAN 1,481,48022,CAPAC,102 W MILL ST,CAPAC,MI,48014,9998,,Y11576,P
CENTRAL,4J,MICHIGAN 1,481,48022,EMMETT,3120 MAIN ST,EMMETT,MI,48022,9998,,Y11832,P
CENTRAL,4J,MICHIGAN 1,481,48023,FAIR HAVEN,8680 DIXIE HWY,FAIR HAVEN,MI,48023,9998,,Y11848,P
CENTRAL,4J,MICHIGAN 1,481,48025,FRANKLIN,32406 FRANKLIN RD,FRANKLIN,MI,48025,9998,,Y11911,B
CENTRAL,4J,MICHIGAN 1,481,48025,SOUTHFIELD MI SDC,22200 W 11 MILE RD,SOUTHFIELD,MI,48037,9913,,021226,4
CENTRAL,4J,MICHIGAN 1,481,48026,FRASER,16925 MASONIC,FRASER,MI,48026,9998,,Y11912,P
CENTRAL,4J,MICHIGAN 1,481,48026,ROSEVILLE,30550 GRATIOT AVE,ROSEVILLE,MI,48066,9998,,Y12693,P
CENTRAL,4J,MICHIGAN 1,481,48027,GOODELLS,2585 GOODELLS RD,GOODELLS,MI,48027,9998,,Y11962,P
CENTRAL,4J,MICHIGAN 1,481,48027,CHINA TWP CARRIER ANNEX,3080 KING RD,CHINA,MI,48054,9998,,007270,4
CENTRAL,4J,MICHIGAN 1,481,48028,ALGONAC,801 SAINT CLAIR RIVER DR,ALGONAC,MI,48001,9998,,Y11330,P
CENTRAL,4J,MICHIGAN 1,481,48028,HARSENS ISLAND,235 LA CROIX RD,HARSENS ISLAND,MI,48028,9998,,Y12046,P
CENTRAL,4J,MICHIGAN 1,481,48030,HAZEL PARK,23200 JOHN R RD,HAZEL PARK,MI,48030,9998,,Y12057,P
CENTRAL,4J,MICHIGAN 1,481,48032,JEDDO,8511 WILDCAT RD,JEDDO,MI,48032,9998,,Y12141,P
CENTRAL,4J,MICHIGAN 1,481,48033,SOUTHFIELD MI SDC,22200 W 11 MILE RD,SOUTHFIELD,MI,48037,9913,,021226,4
CENTRAL,4J,MICHIGAN 1,481,48034,SOUTHFIELD MI SDC,22200 W 11 MILE RD,SOUTHFIELD,MI,48037,9913,,021226,4
CENTRAL,4J,MICHIGAN 1,481,48035,MOUNT CLEMENS,155 S MAIN ST,MOUNT CLEMENS,MI,48046,9998,,Y12413,P
CENTRAL,4J,MICHIGAN 1,481,48036,MOUNT CLEMENS,155 S MAIN ST,MOUNT CLEMENS,MI,48046,9998,,Y12413,P
CENTRAL,4J,MICHIGAN 1,481,48037,SOUTHFIELD MI SDC,22200 W 11 MILE RD,SOUTHFIELD,MI,48037,9913,P,021226,4
CENTRAL,4J,MICHIGAN 1,481,48038,CLINTON TOWNSHIP,42383 GARFIELD RD,CLINTON TOWNSHIP,MI,48038,9997,,Y11653,B
CENTRAL,4J,MICHIGAN 1,481,48038,CLINTON MACOMB ANNEX,15285 SAMOHIN DR,MACOMB,MI,48044,9991,,012599,4
CENTRAL,4J,MICHIGAN 1,481,48039,MARINE CITY,460 S WATER ST,MARINE CITY,MI,48039,9998,,Y12314,P
CENTRAL,4J,MICHIGAN 1,481,48040,MARYSVILLE,1238 MICHIGAN AVE,MARYSVILLE,MI,48040,9998,,Y12322,P
CENTRAL,4J,MICHIGAN 1,481,48040,PORT HURON,852 32ND ST,PORT HURON,MI,48061,9998,,Y12596,P
CENTRAL,4J,MICHIGAN 1,481,48041,MEMPHIS,34805 POTTER ST,MEMPHIS,MI,48041,9998,,Y12353,P
CENTRAL,4J,MICHIGAN 1,481,48042,CLINTON MACOMB ANNEX,15285 SAMOHIN DR,MACOMB,MI,48044,9991,,012599,4
CENTRAL,4J,MICHIGAN 1,481,48043,MOUNT CLEMENS,155 S MAIN ST,MOUNT CLEMENS,MI,48046,9998,,Y12413,P
CENTRAL,4J,MICHIGAN 1,481,48044,CLINTON MACOMB ANNEX,15285 SAMOHIN DR,MACOMB,MI,48044,9991,,012599,4
CENTRAL,4J,MICHIGAN 1,481,48045,MOUNT CLEMENS,155 S MAIN ST,MOUNT CLEMENS,MI,48046,9998,,Y12413,P
CENTRAL,4J,MICHIGAN 1,481,48045,SELFRIDGE ANGB,44580 N JEFFERSON AVE,SELFRIDGE ANGB,MI,48045,9998,,Y12758,B
CENTRAL,4J,MICHIGAN 1,481,48046,MOUNT CLEMENS,155 S MAIN ST,MOUNT CLEMENS,MI,48046,9998,P,Y12413,P
CENTRAL,4J,MICHIGAN 1,481,48047,NEW BALTIMORE,35339 23 MILE RD,NEW BALTIMORE,MI,48047,9998,,Y12448,P
CENTRAL,4J,MICHIGAN 1,481,48048,NEW HAVEN,58480 MAIN ST,NEW HAVEN,MI,48048,9998,,Y12452,P
CENTRAL,4J,MICHIGAN 1,481,48049,NORTH STREET,5201 NORTH RD,NORTH STREET,MI,48049,9998,,Y12474,P
CENTRAL,4J,MICHIGAN 1,481,48049,PORT HURON,852 32ND ST,PORT HURON,MI,48061,9998,,Y12596,P
CENTRAL,4J,MICHIGAN 1,481,48050,NEW HAVEN,58480 MAIN ST,NEW HAVEN,MI,48048,9998,,Y12452,P
CENTRAL,4J,MICHIGAN 1,481,48051,NEW BALTIMORE,35339 23 MILE RD,NEW BALTIMORE,MI,48047,9998,,Y12448,P
CENTRAL,4J,MICHIGAN 1,481,48054,CHINA TWP CARRIER ANNEX,3080 KING RD,CHINA,MI,48054,9998,,007270,4
CENTRAL,4J,MICHIGAN 1,481,48059,PORT HURON,852 32ND ST,PORT HURON,MI,48061,9998,,Y12596,P
CENTRAL,4J,MICHIGAN 1,481,48059,BIRCHWOOD MALL,4350 24TH AVE STE 324,FORT GRATIOT,MI,48059,9998,,Y18493,B
CENTRAL,4J,MICHIGAN 1,481,48060,PORT HURON,852 32ND ST,PORT HURON,MI,48061,9998,,Y12596,P
CENTRAL,4J,MICHIGAN 1,481,48061,PORT HURON,852 32ND ST,PORT HURON,MI,48061,9998,P,Y12596,P
CENTRAL,4J,MICHIGAN 1,481,48062,RICHMOND,36511 DIVISION RD,RICHMOND,MI,48062,9998,,Y12656,P
CENTRAL,4J,MICHIGAN 1,481,48063,RICHMOND,36511 DIVISION RD,RICHMOND,MI,48062,9998,,Y12656,P
CENTRAL,4J,MICHIGAN 1,481,48064,RICHMOND,36511 DIVISION RD,RICHMOND,MI,48062,9998,,Y12656,P
CENTRAL,4J,MICHIGAN 1,481,48065,ROMEO,119 CHURCH ST,ROMEO,MI,48065,9998,,Y12680,P
CENTRAL,4J,MICHIGAN 1,481,48066,ROSEVILLE,30550 GRATIOT AVE,ROSEVILLE,MI,48066,9998,,Y12693,P
CENTRAL,4J,MICHIGAN 1,481,48067,ROYAL OAK,200 W 2ND ST,ROYAL OAK,MI,48068,9998,,Y12697,P
CENTRAL,4J,MICHIGAN 1,481,48068,ROYAL OAK,200 W 2ND ST,ROYAL OAK,MI,48068,9998,P,Y12697,P
CENTRAL,4J,MICHIGAN 1,481,48069,ROYAL OAK,200 W 2ND ST,ROYAL OAK,MI,48068,9998,,Y12697,P
CENTRAL,4J,MICHIGAN 1,481,48070,ROYAL OAK,200 W 2ND ST,ROYAL OAK,MI,48068,9998,,Y12697,P
CENTRAL,4J,MICHIGAN 1,481,48070,HUNTINGTON WOODS,26815 SCOTIA RD,HUNTINGTON WOODS,MI,48070,1131,,013309,6
CENTRAL,4J,MICHIGAN 1,481,48071,MADISON HEIGHTS,29441 JOHN R RD,MADISON HEIGHTS,MI,48071,9991,,Y12296,B
CENTRAL,4J,MICHIGAN 1,481,48071,MADISON HTS CARRIER ANNEX,2351 BELLINGHAM DR,TROY,MI,48083,9005,,012556,4
CENTRAL,4J,MICHIGAN 1,481,48072,BERKLEY,2886 12 MILE RD,BERKLEY,MI,48072,9998,,Y11434,B
CENTRAL,4J,MICHIGAN 1,481,48072,ROYAL OAK,200 W 2ND ST,ROYAL OAK,MI,48068,9998,,Y12697,P
CENTRAL,4J,MICHIGAN 1,481,48073,MADISON HTS CARRIER ANNEX,2351 BELLINGHAM DR,TROY,MI,48083,9005,,012556,4
CENTRAL,4J,MICHIGAN 1,481,48074,PORT HURON,852 32ND ST,PORT HURON,MI,48061,9998,,Y12596,P
CENTRAL,4J,MICHIGAN 1,481,48074,SMITHS CREEK,425 HENRY ST,SMITHS CREEK,MI,48074,9998,,Y12790,P
CENTRAL,4J,MICHIGAN 1,481,48075,SOUTHFIELD MI SDC,22200 W 11 MILE RD,SOUTHFIELD,MI,48037,9913,,021226,4
CENTRAL,4J,MICHIGAN 1,481,48076,LATHRUP VILLAGE,28211 SOUTHFIELD RD,LATHRUP VILLAGE,MI,48076,9998,,Y12223,B
CENTRAL,4J,MICHIGAN 1,481,48076,SOUTHFIELD MI SDC,22200 W 11 MILE RD,SOUTHFIELD,MI,48037,9913,,021226,4
CENTRAL,4J,MICHIGAN 1,481,48079,SAINT CLAIR,202 TRUMBULL ST,SAINT CLAIR,MI,48079,9998,,Y12717,P
CENTRAL,4J,MICHIGAN 1,481,48079,CHINA TWP CARRIER ANNEX,3080 KING RD,CHINA,MI,48054,9998,,007270,4
CENTRAL,4J,MICHIGAN 1,481,48080,SAINT CLAIR SHORES,23125 GREATER MACK AVE,SAINT CLAIR SHORES,MI,48080,9998,,Y12718,P
CENTRAL,4J,MICHIGAN 1,481,48081,SAINT CLAIR SHORES,23125 GREATER MACK AVE,SAINT CLAIR SHORES,MI,48080,9998,,Y12718,P
CENTRAL,4J,MICHIGAN 1,481,48082,SAINT CLAIR SHORES,23125 GREATER MACK AVE,SAINT CLAIR SHORES,MI,48080,9998,,Y12718,P
CENTRAL,4J,MICHIGAN 1,481,48083,TROY,2844 LIVERNOIS RD,TROY,MI,48099,9998,,Y12991,P
CENTRAL,4J,MICHIGAN 1,481,48084,TROY,2844 LIVERNOIS RD,TROY,MI,48099,9998,,Y12991,P
CENTRAL,4J,MICHIGAN 1,481,48085,TROY,2844 LIVERNOIS RD,TROY,MI,48099,9998,,Y12991,P
CENTRAL,4J,MICHIGAN 1,481,48086,SOUTHFIELD MI SDC,22200 W 11 MILE RD,SOUTHFIELD,MI,48037,9913,P,021226,4
CENTRAL,4J,MICHIGAN 1,481,48088,WARREN,28401 MOUND RD,WARREN,MI,48090,9998,,Y13064,P
CENTRAL,4J,MICHIGAN 1,481,48089,WARREN,28401 MOUND RD,WARREN,MI,48090,9998,,Y13064,P
CENTRAL,4J,MICHIGAN 1,481,48090,WARREN,28401 MOUND RD,WARREN,MI,48090,9998,P,Y13064,P
CENTRAL,4J,MICHIGAN 1,481,48091,WARREN,28401 MOUND RD,WARREN,MI,48090,9998,,Y13064,P
CENTRAL,4J,MICHIGAN 1,481,48092,WARREN,28401 MOUND RD,WARREN,MI,48090,9998,,Y13064,P
CENTRAL,4J,MICHIGAN 1,481,48093,WARREN,28401 MOUND RD,WARREN,MI,48090,9998,,Y13064,P
CENTRAL,4J,MICHIGAN 1,481,48094,WASHINGTON,58757 VAN DYKE RD,WASHINGTON,MI,48094,9998,,Y13065,P
CENTRAL,4J,MICHIGAN 1,481,48095,WASHINGTON,58757 VAN DYKE RD,WASHINGTON,MI,48094,9998,,Y13065,P
CENTRAL,4J,MICHIGAN 1,481,48096,ROMEO,119 CHURCH ST,ROMEO,MI,48065,9998,,Y12680,P
CENTRAL,4J,MICHIGAN 1,481,48097,YALE,211 JONES ST,YALE,MI,48097,9998,,Y13134,P
CENTRAL,4J,MICHIGAN 1,481,48098,TROY,2844 LIVERNOIS RD,TROY,MI,48099,9998,,Y12991,P
CENTRAL,4J,MICHIGAN 1,481,48099,TROY,2844 LIVERNOIS RD,TROY,MI,48099,9998,P,Y12991,P
CENTRAL,4J,MICHIGAN 1,481,48101,ALLEN PARK,6800 ROOSEVELT AVE,ALLEN PARK,MI,48101,9998,,Y11333,P
CENTRAL,4J,MICHIGAN 1,481,48103,ANN ARBOR,2075 W STADIUM BLVD,ANN ARBOR,MI,48103,9998,,Y11351,P
CENTRAL,4J,MICHIGAN 1,481,48104,ANN ARBOR,2075 W STADIUM BLVD,ANN ARBOR,MI,48103,9998,,Y11351,P
CENTRAL,4J,MICHIGAN 1,481,48105,GREEN ROAD,3000 GREEN RD,ANN ARBOR,MI,48105,9998,,Y11998,S
CENTRAL,4J,MICHIGAN 1,481,48106,ANN ARBOR,2075 W STADIUM BLVD,ANN ARBOR,MI,48103,9998,P,Y11351,P
CENTRAL,4J,MICHIGAN 1,481,48106,LIBERTY,200 E LIBERTY ST LBBY,ANN ARBOR,MI,48104,9998,P,Y12243,S
CENTRAL,4J,MICHIGAN 1,481,48106,CPU DOMINOS FARMS,24 FRANK LLOYD WRIGHT DR,ANN ARBOR,MI,48105,9484,P,010426,5
CENTRAL,4J,MICHIGAN 1,481,48107,LIBERTY,200 E LIBERTY ST LBBY,ANN ARBOR,MI,48104,9998,P,Y12243,S
CENTRAL,4J,MICHIGAN 1,481,48108,LIBERTY,200 E LIBERTY ST LBBY,ANN ARBOR,MI,48104,9998,,Y12243,S
CENTRAL,4J,MICHIGAN 1,481,48109,ANN ARBOR,2075 W STADIUM BLVD,ANN ARBOR,MI,48103,9998,,Y11351,P
CENTRAL,4J,MICHIGAN 1,481,48111,BELLEVILLE,45601 S INTERSTATE 94 SERVICE DR,BELLEVILLE,MI,48111,9998,,Y11425,P
CENTRAL,4J,MICHIGAN 1,481,48112,BELLEVILLE,45601 S INTERSTATE 94 SERVICE DR,BELLEVILLE,MI,48111,9998,P,Y11425,P
CENTRAL,4J,MICHIGAN 1,481,48113,GREEN ROAD,3000 GREEN RD,ANN ARBOR,MI,48105,9998,P,Y11998,S
CENTRAL,4J,MICHIGAN 1,481,48114,BRIGHTON,100 ORNDORF DR,BRIGHTON,MI,48116,9998,,Y11509,P
CENTRAL,4J,MICHIGAN 1,481,48116,BRIGHTON,100 ORNDORF DR,BRIGHTON,MI,48116,9998,,Y11509,P
CENTRAL,4J,MICHIGAN 1,481,48117,CARLETON,12840 GRAFTON RD,CARLETON,MI,48117,9998,,Y11578,P
CENTRAL,4J,MICHIGAN 1,481,48118,CHELSEA,1101 S MAIN ST STE 100,CHELSEA,MI,48118,1642,,Y11624,P
CENTRAL,4J,MICHIGAN 1,481,48120,DEARBORN,3800 GREENFIELD RD,DEARBORN,MI,48120,9998,,Y11725,P
CENTRAL,4J,MICHIGAN 1,481,48121,DEARBORN,3800 GREENFIELD RD,DEARBORN,MI,48120,9998,P,Y11725,P
CENTRAL,4J,MICHIGAN 1,481,48122,DEARBORN,3800 GREENFIELD RD,DEARBORN,MI,48120,9998,,Y11725,P
CENTRAL,4J,MICHIGAN 1,481,48122,MELVINDALE,17081 ALLEN RD,MELVINDALE,MI,48122,9998,,Y12352,B
CENTRAL,4J,MICHIGAN 1,481,48123,FORT DEARBORN,23169 MICHIGAN AVE,DEARBORN,MI,48124,0001,P,Y11893,S
CENTRAL,4J,MICHIGAN 1,481,48124,FT DEARBORN ANNEX,22599 VAN BORN RD,DEARBORN,MI,48124,9998,,Y19222,4
CENTRAL,4J,MICHIGAN 1,481,48125,FT DEARBORN ANNEX,22599 VAN BORN RD,DEARBORN,MI,48124,9998,,Y19222,4
CENTRAL,4J,MICHIGAN 1,481,48126,DEARBORN,3800 GREENFIELD RD,DEARBORN,MI,48120,9998,,Y11725,P
CENTRAL,4J,MICHIGAN 1,481,48127,DEARBORN HEIGHTS,26200 FORD RD,DEARBORN HEIGHTS,MI,48127,9998,,Y11726,P
CENTRAL,4J,MICHIGAN 1,481,48128,DEARBORN HEIGHTS,26200 FORD RD,DEARBORN HEIGHTS,MI,48127,9998,,Y11726,P
CENTRAL,4J,MICHIGAN 1,481,48130,DEXTER,3140 BAKER RD,DEXTER,MI,48130,9998,,Y11748,P
CENTRAL,4J,MICHIGAN 1,481,48131,DUNDEE,319 W MONROE ST,DUNDEE,MI,48131,9998,,Y11774,P
CENTRAL,4J,MICHIGAN 1,481,48133,ERIE,9780 S DIXIE HWY,ERIE,MI,48133,9998,,Y11837,B
CENTRAL,4J,MICHIGAN 1,481,48134,FLAT ROCK,26216 GIBRALTAR RD,FLAT ROCK,MI,48134,9998,,Y11885,P
CENTRAL,4J,MICHIGAN 1,481,48135,GARDEN CITY,140 MERRIMAN RD,GARDEN CITY,MI,48135,9998,,Y11930,P
CENTRAL,4J,MICHIGAN 1,481,48136,GARDEN CITY,140 MERRIMAN RD,GARDEN CITY,MI,48135,9998,P,Y11930,P
CENTRAL,4J,MICHIGAN 1,481,48137,GREGORY,114 E M 36,GREGORY,MI,48137,9998,,Y12007,P
CENTRAL,4J,MICHIGAN 1,481,48137,PINCKNEY,1325 E M 36,PINCKNEY,MI,48169,9998,,Y12572,P
CENTRAL,4J,MICHIGAN 1,481,48138,GROSSE ILE,8841 MACOMB ST,GROSSE ILE,MI,48138,9998,,Y12010,P
CENTRAL,4J,MICHIGAN 1,481,48139,HAMBURG,7420 E MI STATE ROAD 36,HAMBURG,MI,48139,1006,P,Y12026,P
CENTRAL,4J,MICHIGAN 1,481,48140,IDA,2888 LEWIS AVE,IDA,MI,48140,9998,,Y12114,P
CENTRAL,4J,MICHIGAN 1,481,48140,TEMPERANCE,8149 LEWIS AVE,TEMPERANCE,MI,48182,9998,,Y12967,P
CENTRAL,4J,MICHIGAN 1,481,48141,INKSTER,27631 MICHIGAN AVE,INKSTER,MI,48141,9998,,Y12123,P
CENTRAL,4J,MICHIGAN 1,481,48143,LAKELAND,9680 KRESS RD,LAKELAND,MI,48143,9998,P,Y12208,P
CENTRAL,4J,MICHIGAN 1,481,48144,LAMBERTVILLE,8213 SECOR RD,LAMBERTVILLE,MI,48144,9998,,Y12216,P
CENTRAL,4J,MICHIGAN 1,481,48145,LA SALLE,3985 S OTTER CREEK RD,LA SALLE,MI,48145,9998,,Y12189,B
CENTRAL,4J,MICHIGAN 1,481,48146,LINCOLN PARK,1515 FORT ST,LINCOLN PARK,MI,48146,9998,,Y12249,P
CENTRAL,4J,MICHIGAN 1,481,48150,LIVONIA,11800 MERRIMAN RD,LIVONIA,MI,48150,9998,,Y12257,P
CENTRAL,4J,MICHIGAN 1,481,48151,LIVONIA,11800 MERRIMAN RD,LIVONIA,MI,48150,9998,P,Y12257,P
CENTRAL,4J,MICHIGAN 1,481,48152,GREENMEAD,37500 PEMBROKE AVE,LIVONIA,MI,48152,9998,,Y12002,S
CENTRAL,4J,MICHIGAN 1,481,48153,GREENMEAD,37500 PEMBROKE AVE,LIVONIA,MI,48152,9998,P,Y12002,S
CENTRAL,4J,MICHIGAN 1,481,48154,LIVONIA,11800 MERRIMAN RD,LIVONIA,MI,48150,9998,,Y12257,P
CENTRAL,4J,MICHIGAN 1,481,48157,LUNA PIER,4352 LUNA PIER RD,LUNA PIER,MI,48157,9998,,Y12276,B
CENTRAL,4J,MICHIGAN 1,481,48158,MANCHESTER,103 E MAIN ST,MANCHESTER,MI,48158,9998,,Y12301,P
CENTRAL,4J,MICHIGAN 1,481,48159,MAYBEE,7580 MILL ST,MAYBEE,MI,48159,9998,,Y12326,B
CENTRAL,4J,MICHIGAN 1,481,48160,MILAN,123 E MAIN ST,MILAN,MI,48160,9998,,Y12384,P
CENTRAL,4J,MICHIGAN 1,481,48161,MONROE,210 W FRONT ST,MONROE,MI,48161,9998,,Y12398,P
CENTRAL,4J,MICHIGAN 1,481,48162,MONROE,210 W FRONT ST,MONROE,MI,48161,9998,,Y12398,P
CENTRAL,4J,MICHIGAN 1,481,48164,NEW BOSTON,18777 HURON RIVER DR,NEW BOSTON,MI,48164,9998,,Y12449,P
CENTRAL,4J,MICHIGAN 1,481,48165,NEW HUDSON,56655 GRAND RIVER AVE,NEW HUDSON,MI,48165,9998,,Y12453,P
CENTRAL,4J,MICHIGAN 1,481,48166,NEWPORT,8463 SWAN CREEK RD,NEWPORT,MI,48166,9998,,Y12460,B
CENTRAL,4J,MICHIGAN 1,481,48167,NORTHVILLE,200 S WING ST,NORTHVILLE,MI,48167,1544,,Y12482,P
CENTRAL,4J,MICHIGAN 1,481,48167,NORTHVILLE CARRIER ANNEX,23231 INDUSTRIAL PARK DR STE B,FARMINGTON HILLS,MI,48335,9998,,019982,4
CENTRAL,4J,MICHIGAN 1,481,48168,NORTHVILLE CARRIER ANNEX,23231 INDUSTRIAL PARK DR STE B,FARMINGTON HILLS,MI,48335,9998,,019982,4
CENTRAL,4J,MICHIGAN 1,481,48169,PINCKNEY,1325 E M 36,PINCKNEY,MI,48169,9998,,Y12572,P
CENTRAL,4J,MICHIGAN 1,481,48170,PLYMOUTH,47526 CLIPPER ST,PLYMOUTH,MI,48170,9998,,Y12584,P
CENTRAL,4J,MICHIGAN 1,481,48170,PURSELL,885 PENNIMAN AVE,PLYMOUTH,MI,48170,1621,,Y18648,S
CENTRAL,4J,MICHIGAN 1,481,48173,ROCKWOOD,22181 HURON RIVER DR,ROCKWOOD,MI,48173,9998,,Y12676,P
CENTRAL,4J,MICHIGAN 1,481,48174,ROMULUS,11000 HUNT ST,ROMULUS,MI,48174,9998,,Y12682,P
CENTRAL,4J,MICHIGAN 1,481,48174,TAYLOR,24837 GODDARD RD,TAYLOR,MI,48180,9998,,Y12962,P
CENTRAL,4J,MICHIGAN 1,481,48175,SALEM,9706 6 MILE RD,NORTHVILLE,MI,48168,9492,P,Y12729,C
CENTRAL,4J,MICHIGAN 1,481,48176,SALINE,108 N MAPLE RD,SALINE,MI,48176,9998,,Y12730,P
CENTRAL,4J,MICHIGAN 1,481,48177,SAMARIA,1344 SAMARIA RD,SAMARIA,MI,48177,9998,P,Y12733,P
CENTRAL,4J,MICHIGAN 1,481,48178,SOUTH LYON,111 S LAFAYETTE ST,SOUTH LYON,MI,48178,9998,,Y12806,P
CENTRAL,4J,MICHIGAN 1,481,48179,ROCKWOOD,22181 HURON RIVER DR,ROCKWOOD,MI,48173,9998,,Y12676,P
CENTRAL,4J,MICHIGAN 1,481,48179,SOUTH ROCKWOOD,12730 DIXIE HWY,SOUTH ROCKWOOD,MI,48179,9998,,Y12810,P
CENTRAL,4J,MICHIGAN 1,481,48180,TAYLOR,24837 GODDARD RD,TAYLOR,MI,48180,9998,,Y12962,P
CENTRAL,4J,MICHIGAN 1,481,48182,TEMPERANCE,8149 LEWIS AVE,TEMPERANCE,MI,48182,9998,,Y12967,P
CENTRAL,4J,MICHIGAN 1,481,48183,TRENTON,2740 3RD ST,TRENTON,MI,48183,9998,,Y12987,P
CENTRAL,4J,MICHIGAN 1,481,48184,WAYNE,3716 NEWBERRY ST,WAYNE,MI,48184,9998,,Y13078,P
CENTRAL,4J,MICHIGAN 1,481,48184,WESTLAND,6300 N WAYNE RD,WESTLAND,MI,48185,9998,,Y13091,B
CENTRAL,4J,MICHIGAN 1,481,48185,WESTLAND,6300 N WAYNE RD,WESTLAND,MI,48185,9998,,Y13091,B
CENTRAL,4J,MICHIGAN 1,481,48186,WESTLAND,6300 N WAYNE RD,WESTLAND,MI,48185,9998,,Y13091,B
CENTRAL,4J,MICHIGAN 1,481,48187,CANTON,480 N CANTON CENTER RD,CANTON,MI,48187,9998,,Y11574,B
CENTRAL,4J,MICHIGAN 1,481,48188,CANTON,480 N CANTON CENTER RD,CANTON,MI,48187,9998,,Y11574,B
CENTRAL,4J,MICHIGAN 1,481,48189,PINCKNEY,1325 E M 36,PINCKNEY,MI,48169,9998,,Y12572,P
CENTRAL,4J,MICHIGAN 1,481,48189,WHITMORE LAKE,9725 MAIN ST,WHITMORE LAKE,MI,48189,9998,,Y13105,P
CENTRAL,4J,MICHIGAN 1,481,48190,WHITTAKER,11014 WHITTAKER RD,WHITTAKER,MI,48190,9998,P,Y13106,P
CENTRAL,4J,MICHIGAN 1,481,48191,WILLIS,8790 BUNTON RD,WILLIS,MI,48191,9998,,Y13113,P
CENTRAL,4J,MICHIGAN 1,481,48191,YPSILANTI,1606 S HURON ST,YPSILANTI,MI,48197,9998,,Y13138,P
CENTRAL,4J,MICHIGAN 1,481,48192,SOUTHGATE,14000 DIX TOLEDO RD,SOUTHGATE,MI,48195,9998,,Y12815,B
CENTRAL,4J,MICHIGAN 1,481,48192,WYANDOTTE,231 EUREKA RD,WYANDOTTE,MI,48192,9998,,Y13129,P
CENTRAL,4J,MICHIGAN 1,481,48193,RIVERVIEW,18231 CIVIC PARK DR,RIVERVIEW,MI,48193,9998,,Y12669,B
CENTRAL,4J,MICHIGAN 1,481,48193,SOUTHGATE,14000 DIX TOLEDO RD,SOUTHGATE,MI,48195,9998,,Y12815,B
CENTRAL,4J,MICHIGAN 1,481,48195,SOUTHGATE,14000 DIX TOLEDO RD,SOUTHGATE,MI,48195,9998,,Y12815,B
CENTRAL,4J,MICHIGAN 1,481,48197,YPSILANTI,1606 S HURON ST,YPSILANTI,MI,48197,9998,,Y13138,P
CENTRAL,4J,MICHIGAN 1,481,48198,YPSILANTI,1606 S HURON ST,YPSILANTI,MI,48197,9998,,Y13138,P
CENTRAL,4J,MICHIGAN 1,481,48198,YPSILANTI DDC,108 S ADAMS ST,YPSILANTI,MI,48197,5459,,Y18554,S
CENTRAL,4J,MICHIGAN 1,481,48201,NORTH END,60 E MILWAUKEE ST,DETROIT,MI,48202,9998,,Y12468,S
CENTRAL,4J,MICHIGAN 1,481,48202,NORTH END,60 E MILWAUKEE ST,DETROIT,MI,48202,9998,,Y12468,S
CENTRAL,4J,MICHIGAN 1,481,48203,HIGHLAND PARK,13215 WOODWARD AVE,HIGHLAND PARK,MI,48203,9998,,Y12073,B
CENTRAL,4J,MICHIGAN 1,481,48203,HAMTRAMCK ANNEX,14600 DEQUINDRE ST,DETROIT,MI,48212,1500,,002133,4
CENTRAL,4J,MICHIGAN 1,481,48204,NORTHWESTERN,9650 GRAND RIVER AVE,DETROIT,MI,48204,9998,,Y12486,S
CENTRAL,4J,MICHIGAN 1,481,48205,PARK GROVE,14461 E 7 MILE RD,DETROIT,MI,48205,9998,,Y12550,S
CENTRAL,4J,MICHIGAN 1,481,48206,NORTH END,60 E MILWAUKEE ST,DETROIT,MI,48202,9998,,Y12468,S
CENTRAL,4J,MICHIGAN 1,481,48207,GRATIOT,3434 CHENE ST,DETROIT,MI,48207,9998,,Y11990,S
CENTRAL,4J,MICHIGAN 1,481,48208,GRAND RIVER,4744 GRAND RIVER AVE,DETROIT,MI,48208,9998,,Y11980,S
CENTRAL,4J,MICHIGAN 1,481,48208,GRAND SHELBY CARR ANX,1401 W FORT ST RM M129,DETROIT,MI,48233,1005,,011054,4
CENTRAL,4J,MICHIGAN 1,481,48209,SPRINGWELLS,1901 SPRINGWELLS ST,DETROIT,MI,48209,9998,,Y12825,S
CENTRAL,4J,MICHIGAN 1,481,48210,LIVERNOIS,3969 LIVERNOIS AVE,DETROIT,MI,48210,9998,,Y12256,S
CENTRAL,4J,MICHIGAN 1,481,48211,NORTH END,60 E MILWAUKEE ST,DETROIT,MI,48202,9998,,Y12468,S
CENTRAL,4J,MICHIGAN 1,481,48212,HAMTRAMCK,2933 CANIFF ST,HAMTRAMCK,MI,48212,9998,,Y12028,B
CENTRAL,4J,MICHIGAN 1,481,48212,HAMTRAMCK ANNEX,14600 DEQUINDRE ST,DETROIT,MI,48212,1500,,002133,4
CENTRAL,4J,MICHIGAN 1,481,48213,JEFFERSON,10721 E JEFFERSON AVE,DETROIT,MI,48214,9998,,Y12142,S
CENTRAL,4J,MICHIGAN 1,481,48214,JEFFERSON,10721 E JEFFERSON AVE,DETROIT,MI,48214,9998,,Y12142,S
CENTRAL,4J,MICHIGAN 1,481,48215,FOX CREEK,12711 E JEFFERSON AVE,DETROIT,MI,48230,9998,,Y11905,S
CENTRAL,4J,MICHIGAN 1,481,48216,GRAND SHELBY CARR ANX,1401 W FORT ST RM M129,DETROIT,MI,48233,1005,,011054,4
CENTRAL,4J,MICHIGAN 1,481,48217,RIVER ROUGE,10455 W JEFFERSON AVE,RIVER ROUGE,MI,48218,9998,,Y12666,B
CENTRAL,4J,MICHIGAN 1,481,48218,RIVER ROUGE,10455 W JEFFERSON AVE,RIVER ROUGE,MI,48218,9998,,Y12666,B
CENTRAL,4J,MICHIGAN 1,481,48219,BRIGHTMOOR,20615 FENKELL ST,DETROIT,MI,48223,9998,,Y11508,S
CENTRAL,4J,MICHIGAN 1,481,48219,OLD REDFORD,22503 GRAND RIVER AVE,DETROIT,MI,48219,9998,,Y12508,S
CENTRAL,4J,MICHIGAN 1,481,48220,COLLEGE PARK,20501 LIVERNOIS AVE,DETROIT,MI,48221,9998,,Y11666,S
CENTRAL,4J,MICHIGAN 1,481,48220,FERNDALE,22681 WOODWARD AVE,FERNDALE,MI,48220,9998,,Y11870,B
CENTRAL,4J,MICHIGAN 1,481,48221,COLLEGE PARK,20501 LIVERNOIS AVE,DETROIT,MI,48221,9998,,Y11666,S
CENTRAL,4J,MICHIGAN 1,481,48223,BRIGHTMOOR,20615 FENKELL ST,DETROIT,MI,48223,9998,,Y11508,S
CENTRAL,4J,MICHIGAN 1,481,48224,KENSINGTON,17375 HARPER AVE,DETROIT,MI,48224,9998,,Y12168,S
CENTRAL,4J,MICHIGAN 1,481,48225,PARK GROVE,14461 E 7 MILE RD,DETROIT,MI,48205,9998,,Y12550,S
CENTRAL,4J,MICHIGAN 1,481,48226,GRAND SHELBY CARR ANX,1401 W FORT ST RM M129,DETROIT,MI,48233,1005,,011054,4
CENTRAL,4J,MICHIGAN 1,481,48227,STRATHMOOR,13426 SCHAEFER HWY,DETROIT,MI,48227,9998,,Y12945,S
CENTRAL,4J,MICHIGAN 1,481,48228,JOYFIELD,16500 JOY RD,DETROIT,MI,48228,9998,,Y12149,S
CENTRAL,4J,MICHIGAN 1,481,48229,RIVER ROUGE,10455 W JEFFERSON AVE,RIVER ROUGE,MI,48218,9998,,Y12666,B
CENTRAL,4J,MICHIGAN 1,481,48230,FOX CREEK,12711 E JEFFERSON AVE,DETROIT,MI,48230,9998,,Y11905,S
CENTRAL,4J,MICHIGAN 1,481,48231,DETROIT,1401 W FORT ST RM 1006,DETROIT,MI,48233,9998,P,Y11742,P
CENTRAL,4J,MICHIGAN 1,481,48232,DETROIT,1401 W FORT ST RM 1006,DETROIT,MI,48233,9998,P,Y11742,P
CENTRAL,4J,MICHIGAN 1,481,48234,MOUNT ELLIOTT,5511 E 7 MILE RD,DETROIT,MI,48234,9998,,Y12414,S
CENTRAL,4J,MICHIGAN 1,481,48235,SEVEN OAKS STA,17625 W 7 MILE RD,DETROIT,MI,48235,9998,,Y12763,S
CENTRAL,4J,MICHIGAN 1,481,48236,GROSSE POINTE,18640 MACK AVE,GROSSE POINTE FARMS,MI,48236,9998,,Y12011,B
CENTRAL,4J,MICHIGAN 1,481,48237,OAK PARK,14200 W 8 MILE RD,OAK PARK,MI,48237,9998,,Y12496,B
CENTRAL,4J,MICHIGAN 1,481,48238,FENKELL,2720 FENKELL ST,DETROIT,MI,48238,9998,,Y11865,S
CENTRAL,4J,MICHIGAN 1,481,48239,REDFORD,12245 BEECH DALY RD,REDFORD,MI,48239,9998,,Y12641,B
CENTRAL,4J,MICHIGAN 1,481,48240,REDFORD,12245 BEECH DALY RD,REDFORD,MI,48239,9998,,Y12641,B
CENTRAL,4J,MICHIGAN 1,481,48242,TAYLOR,24837 GODDARD RD,TAYLOR,MI,48180,9998,,Y12962,P
CENTRAL,4J,MICHIGAN 1,481,48243,DETROIT,1401 W FORT ST RM 1006,DETROIT,MI,48233,9998,,Y11742,P
CENTRAL,4J,MICHIGAN 1,481,48244,DETROIT,1401 W FORT ST RM 1006,DETROIT,MI,48233,9998,P,Y11742,P
CENTRAL,4J,MICHIGAN 1,481,48301,BLOOMFIELD HILLS,2050 SOUTH BLVD,BLOOMFIELD HILLS,MI,48304,9998,,Y11463,P
CENTRAL,4J,MICHIGAN 1,481,48302,BLOOMFIELD HILLS,2050 SOUTH BLVD,BLOOMFIELD HILLS,MI,48304,9998,,Y11463,P
CENTRAL,4J,MICHIGAN 1,481,48302,BLOOMFIELD TOWNSHIP,2211 S TELEGRAPH RD,BLOOMFIELD HILLS,MI,48302,9998,,Y11465,B
CENTRAL,4J,MICHIGAN 1,481,48303,BLOOMFIELD HILLS,2050 SOUTH BLVD,BLOOMFIELD HILLS,MI,48304,9998,P,Y11463,P
CENTRAL,4J,MICHIGAN 1,481,48304,BLOOMFIELD HILLS,2050 SOUTH BLVD,BLOOMFIELD HILLS,MI,48304,9998,,Y11463,P
CENTRAL,4J,MICHIGAN 1,481,48306,ROCHESTER,511 OLDE TOWNE RD,ROCHESTER,MI,48308,9998,,Y12671,P
CENTRAL,4J,MICHIGAN 1,481,48307,ROCHESTER,511 OLDE TOWNE RD,ROCHESTER,MI,48308,9998,,Y12671,P
CENTRAL,4J,MICHIGAN 1,481,48307,ROCHESTER HILLS,2632 S ROCHESTER RD,ROCHESTER HILLS,MI,48307,9998,,Y12672,B
CENTRAL,4J,MICHIGAN 1,481,48308,ROCHESTER,511 OLDE TOWNE RD,ROCHESTER,MI,48308,9998,P,Y12671,P
CENTRAL,4J,MICHIGAN 1,481,48309,ROCHESTER HLS CARRIER ANNEX,1936 ROCHESTER INDUSTRIAL LN,ROCHESTER HILLS,MI,48309,9998,,000369,4
CENTRAL,4J,MICHIGAN 1,481,48310,STERLING HEIGHTS MI SDC,7007 METROPOLITAN PKWY,STERLING HEIGHTS,MI,48311,9903,,021227,4
CENTRAL,4J,MICHIGAN 1,481,48311,STERLING HEIGHTS MI SDC,7007 METROPOLITAN PKWY,STERLING HEIGHTS,MI,48311,9903,P,021227,4
CENTRAL,4J,MICHIGAN 1,481,48312,STERLING HEIGHTS MI SDC,7007 METROPOLITAN PKWY,STERLING HEIGHTS,MI,48311,9903,,021227,4
CENTRAL,4J,MICHIGAN 1,481,48313,STERLING HEIGHTS MI SDC,7007 METROPOLITAN PKWY,STERLING HEIGHTS,MI,48311,9903,,021227,4
CENTRAL,4J,MICHIGAN 1,481,48314,STERLING HEIGHTS MI SDC,7007 METROPOLITAN PKWY,STERLING HEIGHTS,MI,48311,9903,,021227,4
CENTRAL,4J,MICHIGAN 1,481,48315,SHELBY TOWNSHIP,7755 22 MILE RD,SHELBY TOWNSHIP,MI,48317,9992,,Y12769,B
CENTRAL,4J,MICHIGAN 1,481,48316,SHELBY TOWNSHIP,7755 22 MILE RD,SHELBY TOWNSHIP,MI,48317,9992,,Y12769,B
CENTRAL,4J,MICHIGAN 1,481,48317,SHELBY TOWNSHIP,7755 22 MILE RD,SHELBY TOWNSHIP,MI,48317,9992,,Y12769,B
CENTRAL,4J,MICHIGAN 1,481,48318,SHELBY TOWNSHIP,7755 22 MILE RD,SHELBY TOWNSHIP,MI,48317,9992,P,Y12769,B
CENTRAL,4J,MICHIGAN 1,481,48318,UTICA,8785 HALL RD,UTICA,MI,48317,9998,P,Y13018,P
CENTRAL,4J,MICHIGAN 1,481,48320,KEEGO HARBOR,2851 ORCHARD LAKE RD,KEEGO HARBOR,MI,48320,9998,,Y12161,P
CENTRAL,4J,MICHIGAN 1,481,48320,PONTIAC,735 W HURON ST,PONTIAC,MI,48343,9998,,Y12592,P
CENTRAL,4J,MICHIGAN 1,481,48321,AUBURN HILLS,2960 AUBURN RD,AUBURN HILLS,MI,48326,9998,P,Y11377,B
CENTRAL,4J,MICHIGAN 1,481,48321,GREAT LAKES CROSSING,3906 BALDWIN RD,AUBURN HILLS,MI,48326,1287,P,001436,B
CENTRAL,4J,MICHIGAN 1,481,48322,WEST BLOOMFIELD,6725 DALY RD,WEST BLOOMFIELD,MI,48322,3421,,Y13086,B
CENTRAL,4J,MICHIGAN 1,481,48323,WEST BLOOMFIELD,6725 DALY RD,WEST BLOOMFIELD,MI,48322,3421,,Y13086,B
CENTRAL,4J,MICHIGAN 1,481,48324,WEST BLOOMFIELD,6725 DALY RD,WEST BLOOMFIELD,MI,48322,3421,,Y13086,B
CENTRAL,4J,MICHIGAN 1,481,48325,WEST BLOOMFIELD,6725 DALY RD,WEST BLOOMFIELD,MI,48322,3421,P,Y13086,B
CENTRAL,4J,MICHIGAN 1,481,48326,PONTIAC,735 W HURON ST,PONTIAC,MI,48343,9998,,Y12592,P
CENTRAL,4J,MICHIGAN 1,481,48327,WATERFORD CARRIER ANNEX,5340 HIGHLAND RD,WATERFORD,MI,48327,9998,,Y13069,4
CENTRAL,4J,MICHIGAN 1,481,48328,WATERFORD CARRIER ANNEX,5340 HIGHLAND RD,WATERFORD,MI,48327,9998,,Y13069,4
CENTRAL,4J,MICHIGAN 1,481,48329,WATERFORD CARRIER ANNEX,5340 HIGHLAND RD,WATERFORD,MI,48327,9998,,Y13069,4
CENTRAL,4J,MICHIGAN 1,481,48330,WATERFORD,5036 DIXIE HWY,WATERFORD,MI,48329,9998,P,Y13068,P
CENTRAL,4J,MICHIGAN 1,481,48331,FARMINGTON HILLS,32455 W 12 MILE RD,FARMINGTON,MI,48333,9998,,Y11854,B
CENTRAL,4J,MICHIGAN 1,481,48332,FARMINGTON,23332 FARMINGTON RD,FARMINGTON,MI,48336,9998,P,Y11853,P
CENTRAL,4J,MICHIGAN 1,481,48333,FARMINGTON HILLS,32455 W 12 MILE RD,FARMINGTON,MI,48333,9998,P,Y11854,B
CENTRAL,4J,MICHIGAN 1,481,48334,FARMINGTON HILLS,32455 W 12 MILE RD,FARMINGTON,MI,48333,9998,,Y11854,B
CENTRAL,4J,MICHIGAN 1,481,48335,FARMINGTON HILLS,32455 W 12 MILE RD,FARMINGTON,MI,48333,9998,,Y11854,B
CENTRAL,4J,MICHIGAN 1,481,48336,FARMINGTON HILLS,32455 W 12 MILE RD,FARMINGTON,MI,48333,9998,,Y11854,B
CENTRAL,4J,MICHIGAN 1,481,48340,PONTIAC,735 W HURON ST,PONTIAC,MI,48343,9998,,Y12592,P
CENTRAL,4J,MICHIGAN 1,481,48341,PONTIAC,735 W HURON ST,PONTIAC,MI,48343,9998,,Y12592,P
CENTRAL,4J,MICHIGAN 1,481,48342,PONTIAC,735 W HURON ST,PONTIAC,MI,48343,9998,,Y12592,P
CENTRAL,4J,MICHIGAN 1,481,48343,PONTIAC,735 W HURON ST,PONTIAC,MI,48343,9998,P,Y12592,P
CENTRAL,4J,MICHIGAN 1,481,48346,CLARKSTON CARRIER ANNEX,5886 S MAIN ST,CLARKSTON,MI,48346,9998,,Y19179,4
CENTRAL,4J,MICHIGAN 1,481,48347,CLARKSTON,5799 S MAIN ST,CLARKSTON,MI,48347,9998,P,Y11643,P
CENTRAL,4J,MICHIGAN 1,481,48348,CLARKSTON CARRIER ANNEX,5886 S MAIN ST,CLARKSTON,MI,48346,9998,,Y19179,4
CENTRAL,4J,MICHIGAN 1,481,48350,DAVISBURG,12795 FOUNTAIN SQ,DAVISBURG,MI,48350,9998,,Y11722,P
CENTRAL,4J,MICHIGAN 1,481,48353,HARTLAND,10246 CROUSE RD,HARTLAND,MI,48353,9998,,Y12050,P
CENTRAL,4J,MICHIGAN 1,481,48356,HIGHLAND,376 BEACH FARM CIR,HIGHLAND,MI,48356,9998,,Y12072,P
CENTRAL,4J,MICHIGAN 1,481,48357,HIGHLAND,376 BEACH FARM CIR,HIGHLAND,MI,48356,9998,,Y12072,P
CENTRAL,4J,MICHIGAN 1,481,48359,LAKE ORION,611 N AXFORD ST,LAKE ORION,MI,48361,9998,,Y12206,P
CENTRAL,4J,MICHIGAN 1,481,48360,LAKE ORION,611 N AXFORD ST,LAKE ORION,MI,48361,9998,,Y12206,P
CENTRAL,4J,MICHIGAN 1,481,48361,LAKE ORION,611 N AXFORD ST,LAKE ORION,MI,48361,9998,P,Y12206,P
CENTRAL,4J,MICHIGAN 1,481,48362,LAKE ORION,611 N AXFORD ST,LAKE ORION,MI,48361,9998,,Y12206,P
CENTRAL,4J,MICHIGAN 1,481,48363,ROCHESTER HLS CARRIER ANNEX,1936 ROCHESTER INDUSTRIAL LN,ROCHESTER HILLS,MI,48309,9998,,000369,4
CENTRAL,4J,MICHIGAN 1,481,48366,LAKEVILLE,1436 ROCHESTER RD,LAKEVILLE,MI,48366,9998,P,Y12213,P
CENTRAL,4J,MICHIGAN 1,481,48367,DRYDEN,5580 MAIN ST,DRYDEN,MI,48428,9998,,Y11771,P
CENTRAL,4J,MICHIGAN 1,481,48367,LEONARD,22 E ELMWOOD,LEONARD,MI,48367,9998,,Y12235,P
CENTRAL,4J,MICHIGAN 1,481,48370,OXFORD,52 E BURDICK ST,OXFORD,MI,48371,9998,,Y12540,P
CENTRAL,4J,MICHIGAN 1,481,48371,OXFORD,52 E BURDICK ST,OXFORD,MI,48371,9998,,Y12540,P
CENTRAL,4J,MICHIGAN 1,481,48374,WALLED LAKE,995 N PONTIAC TRL,WALLED LAKE,MI,48390,9998,,Y13059,P
CENTRAL,4J,MICHIGAN 1,481,48375,NOVI,24875 NOVI RD,NOVI,MI,48376,9998,,Y12491,P
CENTRAL,4J,MICHIGAN 1,481,48376,NOVI,24875 NOVI RD,NOVI,MI,48376,9998,P,Y12491,P
CENTRAL,4J,MICHIGAN 1,481,48377,WALLED LAKE,995 N PONTIAC TRL,WALLED LAKE,MI,48390,9998,,Y13059,P
CENTRAL,4J,MICHIGAN 1,481,48380,MILFORD,1150 ATLANTIC ST,MILFORD,MI,48381,9998,,Y12386,P
CENTRAL,4J,MICHIGAN 1,481,48381,MILFORD,1150 ATLANTIC ST,MILFORD,MI,48381,9998,,Y12386,P
CENTRAL,4J,MICHIGAN 1,481,48382,WALLED LAKE,995 N PONTIAC TRL,WALLED LAKE,MI,48390,9998,,Y13059,P
CENTRAL,4J,MICHIGAN 1,481,48383,WATERFORD CARRIER ANNEX,5340 HIGHLAND RD,WATERFORD,MI,48327,9998,,Y13069,4
CENTRAL,4J,MICHIGAN 1,481,48386,WATERFORD CARRIER ANNEX,5340 HIGHLAND RD,WATERFORD,MI,48327,9998,,Y13069,4
CENTRAL,4J,MICHIGAN 1,481,48387,UNION LAKE,7650 COOLEY LAKE RD,UNION LAKE,MI,48387,9998,P,Y13008,P
CENTRAL,4J,MICHIGAN 1,481,48390,WALLED LAKE,995 N PONTIAC TRL,WALLED LAKE,MI,48390,9998,,Y13059,P
CENTRAL,4J,MICHIGAN 1,481,48393,WIXOM,48660 PONTIAC TRL,WIXOM,MI,48393,9998,,Y13118,P
CENTRAL,4J,MICHIGAN 1,481,48401,APPLEGATE,2469 S SHERMAN RD,APPLEGATE,MI,48401,9998,,Y11354,P
CENTRAL,4J,MICHIGAN 1,481,48401,LEXINGTON,5204 MAIN ST,LEXINGTON,MI,48450,9998,,Y12242,P
CENTRAL,4J,MICHIGAN 1,481,48410,VPO ARGYLE,5009 UBLY RD,ARGYLE,MI,48410,7703,P,014989,5
CENTRAL,4J,MICHIGAN 1,481,48411,ATLAS,8519 PERRY RD,ATLAS,MI,48411,9998,P,Y11370,P
CENTRAL,4J,MICHIGAN 1,481,48412,ATTICA,485 N LAKE PLEASANT RD,ATTICA,MI,48412,9998,,Y11371,P
CENTRAL,4J,MICHIGAN 1,481,48413,BAD AXE,133 N HANSELMAN ST,BAD AXE,MI,48413,9998,,Y11390,P
CENTRAL,4J,MICHIGAN 1,481,48414,BANCROFT,130 N MAIN ST,BANCROFT,MI,48414,9998,,Y11393,P
CENTRAL,4J,MICHIGAN 1,481,48415,BIRCH RUN,8196 MAIN ST,BIRCH RUN,MI,48415,9998,,Y11453,P
CENTRAL,4J,MICHIGAN 1,481,48416,BROWN CITY,4160 MAIN ST,BROWN CITY,MI,48416,9998,,Y11519,P
CENTRAL,4J,MICHIGAN 1,481,48417,BIRCH RUN,8196 MAIN ST,BIRCH RUN,MI,48415,9998,,Y11453,P
CENTRAL,4J,MICHIGAN 1,481,48417,BURT,12925 NICHOLS RD,BURT,MI,48417,9998,,Y11551,P
CENTRAL,4J,MICHIGAN 1,481,48418,BYRON,203 S SAGINAW ST,BYRON,MI,48418,9998,,Y11559,P
CENTRAL,4J,MICHIGAN 1,481,48419,CARSONVILLE,77 S MAIN ST,CARSONVILLE,MI,48419,9998,,Y11584,P
CENTRAL,4J,MICHIGAN 1,481,48419,SANDUSKY,55 S MORSE ST,SANDUSKY,MI,48471,9998,,Y12738,P
CENTRAL,4J,MICHIGAN 1,481,48420,CLIO,800 S MILL ST,CLIO,MI,48420,9998,,Y11656,P
CENTRAL,4J,MICHIGAN 1,481,48421,COLUMBIAVILLE,4643 PINE ST,COLUMBIAVILLE,MI,48421,9998,,Y11669,P
CENTRAL,4J,MICHIGAN 1,481,48421,LAPEER,567 W NEPESSING ST,LAPEER,MI,48446,9998,,Y12222,P
CENTRAL,4J,MICHIGAN 1,481,48422,CROSWELL,104 N HOWARD AVE,CROSWELL,MI,48422,9998,,Y11707,P
CENTRAL,4J,MICHIGAN 1,481,48423,DAVISON,10290 DAVISON RD,DAVISON,MI,48423,9998,,Y11723,P
CENTRAL,4J,MICHIGAN 1,481,48426,DECKER,1624 VAN DYKE RD,DECKER,MI,48426,9998,,Y11728,P
CENTRAL,4J,MICHIGAN 1,481,48426,SNOVER,1493 MAIN ST,SNOVER,MI,48472,9998,,Y12792,P
CENTRAL,4J,MICHIGAN 1,481,48427,DECKERVILLE,2517 MAPLE ST,DECKERVILLE,MI,48427,9998,,Y11729,P
CENTRAL,4J,MICHIGAN 1,481,48428,DRYDEN,5580 MAIN ST,DRYDEN,MI,48428,9998,,Y11771,P
CENTRAL,4J,MICHIGAN 1,481,48429,DURAND,211 N OAK ST,DURAND,MI,48429,9998,,Y11775,P
CENTRAL,4J,MICHIGAN 1,481,48430,FENTON,210 S LEROY ST,FENTON,MI,48430,9998,,Y11868,P
CENTRAL,4J,MICHIGAN 1,481,48433,FLUSHING,127 S CHERRY ST,FLUSHING,MI,48433,9998,,Y11888,P
CENTRAL,4J,MICHIGAN 1,481,48433,NORTHWEST,3274 W PASADENA AVE,FLINT,MI,48504,9998,,Y12484,B
CENTRAL,4J,MICHIGAN 1,481,48434,FORESTVILLE,8007 3RD ST,FORESTVILLE,MI,48434,9998,P,Y11892,P
CENTRAL,4J,MICHIGAN 1,481,48435,FOSTORIA,9301 FOSTER ST,FOSTORIA,MI,48435,9998,,Y11900,P
CENTRAL,4J,MICHIGAN 1,481,48436,GAINES,125 GENESEE ST,GAINES,MI,48436,9998,,Y11926,P
CENTRAL,4J,MICHIGAN 1,481,48436,LINDEN,215 S MAIN ST,LINDEN,MI,48451,9998,,Y12250,P
CENTRAL,4J,MICHIGAN 1,481,48437,GENESEE,7198 N GENESEE RD,GENESEE,MI,48437,9998,P,Y11935,P
CENTRAL,4J,MICHIGAN 1,481,48438,GOODRICH,8283 S STATE RD,GOODRICH,MI,48438,9998,,Y11965,P
CENTRAL,4J,MICHIGAN 1,481,48439,SOUTHEAST,4065 MANOR DR,BURTON,MI,48519,9998,,Y12812,B
CENTRAL,4J,MICHIGAN 1,481,48440,HADLEY,3481 HADLEY RD,HADLEY,MI,48440,9998,P,Y12020,P
CENTRAL,4J,MICHIGAN 1,481,48441,HARBOR BEACH,110 SCHOOL ST,HARBOR BEACH,MI,48441,9998,,Y12033,P
CENTRAL,4J,MICHIGAN 1,481,48442,HOLLY,108 W MAPLE ST,HOLLY,MI,48442,9998,,Y12080,P
CENTRAL,4J,MICHIGAN 1,481,48444,IMLAY CITY,310 E 3RD ST,IMLAY CITY,MI,48444,9998,,Y12117,P
CENTRAL,4J,MICHIGAN 1,481,48445,KINDE,220 MAIN ST,KINDE,MI,48445,9998,,Y12181,P
CENTRAL,4J,MICHIGAN 1,481,48446,LAPEER,567 W NEPESSING ST,LAPEER,MI,48446,9998,,Y12222,P
CENTRAL,4J,MICHIGAN 1,481,48449,LENNON,3195 S SHERIDAN RD,LENNON,MI,48449,9998,,Y12231,P
CENTRAL,4J,MICHIGAN 1,481,48449,SWARTZ CREEK,8055 PAUL FORTINO DR,SWARTZ CREEK,MI,48473,9998,,Y12956,P
CENTRAL,4J,MICHIGAN 1,481,48450,LEXINGTON,5204 MAIN ST,LEXINGTON,MI,48450,9998,,Y12242,P
CENTRAL,4J,MICHIGAN 1,481,48451,LINDEN,215 S MAIN ST,LINDEN,MI,48451,9998,,Y12250,P
CENTRAL,4J,MICHIGAN 1,481,48453,MARLETTE,2984 FENNER ST,MARLETTE,MI,48453,9998,,Y12317,P
CENTRAL,4J,MICHIGAN 1,481,48454,MELVIN,1296 MAIN ST,MELVIN,MI,48454,9991,,Y12351,P
CENTRAL,4J,MICHIGAN 1,481,48455,METAMORA,3795 N OAK ST,METAMORA,MI,48455,9998,,Y12359,P
CENTRAL,4J,MICHIGAN 1,481,48456,MINDEN CITY,1608 MAIN ST,MINDEN CITY,MI,48456,9998,,Y12394,P
CENTRAL,4J,MICHIGAN 1,481,48457,MONTROSE,125 W MAPLE ST,MONTROSE,MI,48457,9998,,Y12401,P
CENTRAL,4J,MICHIGAN 1,481,48458,MOUNT MORRIS,760 ALBERT ST,MOUNT MORRIS,MI,48458,9998,,Y12415,P
CENTRAL,4J,MICHIGAN 1,481,48460,NEW LOTHROP,7505 S SAGINAW ST,NEW LOTHROP,MI,48460,9998,,Y12454,P
CENTRAL,4J,MICHIGAN 1,481,48461,NORTH BRANCH,6720 LINCOLN ST,NORTH BRANCH,MI,48461,9998,,Y12466,P
CENTRAL,4J,MICHIGAN 1,481,48462,ORTONVILLE,55 POND ST,ORTONVILLE,MI,48462,9998,,Y12525,P
CENTRAL,4J,MICHIGAN 1,481,48463,OTISVILLE,199 N STATE ST,OTISVILLE,MI,48463,9998,,Y12530,P
CENTRAL,4J,MICHIGAN 1,481,48464,OTTER LAKE,6384 DETROIT ST,OTTER LAKE,MI,48464,9998,,Y12533,P
CENTRAL,4J,MICHIGAN 1,481,48465,MINDEN CITY,1608 MAIN ST,MINDEN CITY,MI,48456,9998,,Y12394,P
CENTRAL,4J,MICHIGAN 1,481,48466,CROSWELL,104 N HOWARD AVE,CROSWELL,MI,48422,9998,,Y11707,P
CENTRAL,4J,MICHIGAN 1,481,48466,PECK,46 E LAPEER ST,PECK,MI,48466,9998,,Y12556,P
CENTRAL,4J,MICHIGAN 1,481,48467,PORT AUSTIN,8710 NORTH ST,PORT AUSTIN,MI,48467,9998,,Y12594,P
CENTRAL,4J,MICHIGAN 1,481,48468,PORT HOPE,4456 MAIN ST,PORT HOPE,MI,48468,9998,,Y12595,P
CENTRAL,4J,MICHIGAN 1,481,48469,PORT SANILAC,34 N RIDGE ST,PORT SANILAC,MI,48469,9998,,Y12599,P
CENTRAL,4J,MICHIGAN 1,481,48470,RUTH,7031 E ATWATER RD,RUTH,MI,48470,9998,,Y12704,P
CENTRAL,4J,MICHIGAN 1,481,48471,SANDUSKY,55 S MORSE ST,SANDUSKY,MI,48471,9998,,Y12738,P
CENTRAL,4J,MICHIGAN 1,481,48472,SNOVER,1493 MAIN ST,SNOVER,MI,48472,9998,,Y12792,P
CENTRAL,4J,MICHIGAN 1,481,48473,SWARTZ CREEK,8055 PAUL FORTINO DR,SWARTZ CREEK,MI,48473,9998,,Y12956,P
CENTRAL,4J,MICHIGAN 1,481,48475,UBLY,4482 GARFIELD ST,UBLY,MI,48475,9998,,Y13000,P
CENTRAL,4J,MICHIGAN 1,481,48476,VERNON,137 E MAIN ST,VERNON,MI,48476,9998,P,Y13027,P
CENTRAL,4J,MICHIGAN 1,481,48480,GRAND BLANC,11426 DAVIS ST,GRAND BLANC,MI,48480,9998,P,Y11971,P
CENTRAL,4J,MICHIGAN 1,481,48501,FLINT MI S&DC,250 E BOULEVARD DR,FLINT,MI,48502,9916,P,020651,4
CENTRAL,4J,MICHIGAN 1,481,48502,DOWNTOWN FLINT,400 S SAGINAW ST,FLINT,MI,48502,1516,,018124,S
CENTRAL,4J,MICHIGAN 1,481,48502,FLINT MI S&DC,250 E BOULEVARD DR,FLINT,MI,48502,9916,,020651,4
CENTRAL,4J,MICHIGAN 1,481,48503,FLINT MI S&DC,250 E BOULEVARD DR,FLINT,MI,48502,9916,,020651,4
CENTRAL,4J,MICHIGAN 1,481,48504,MOTT PARK,2712 FLUSHING RD,FLINT,MI,48504,4520,,Y12412,S
CENTRAL,4J,MICHIGAN 1,481,48504,NORTHWEST,3274 W PASADENA AVE,FLINT,MI,48504,9998,,Y12484,B
CENTRAL,4J,MICHIGAN 1,481,48505,NORTHSIDE,3311 N SAGINAW ST,FLINT,MI,48505,9998,,Y12481,S
CENTRAL,4J,MICHIGAN 1,481,48505,FLINT MI S&DC,250 E BOULEVARD DR,FLINT,MI,48502,9916,,020651,4
CENTRAL,4J,MICHIGAN 1,481,48506,FLINT MI S&DC,250 E BOULEVARD DR,FLINT,MI,48502,9916,,020651,4
CENTRAL,4J,MICHIGAN 1,481,48507,CODY,1601 W ATHERTON RD,FLINT,MI,48507,9998,,Y11662,S
CENTRAL,4J,MICHIGAN 1,481,48507,FLINT MI S&DC,250 E BOULEVARD DR,FLINT,MI,48502,9916,,020651,4
CENTRAL,4J,MICHIGAN 1,481,48509,NORTHEAST,4465 DAVISON RD,BURTON,MI,48509,9998,,Y12475,B
CENTRAL,4J,MICHIGAN 1,481,48509,FLINT MI S&DC,250 E BOULEVARD DR,FLINT,MI,48502,9916,,020651,4
CENTRAL,4J,MICHIGAN 1,481,48519,NORTHEAST,4465 DAVISON RD,BURTON,MI,48509,9998,,Y12475,B
CENTRAL,4J,MICHIGAN 1,481,48519,FLINT MI S&DC,250 E BOULEVARD DR,FLINT,MI,48502,9916,,020651,4
CENTRAL,4J,MICHIGAN 1,481,48529,FLINT MI S&DC,250 E BOULEVARD DR,FLINT,MI,48502,9916,,020651,4
CENTRAL,4J,MICHIGAN 1,481,48531,NORTHWEST,3274 W PASADENA AVE,FLINT,MI,48504,9998,P,Y12484,B
CENTRAL,4J,MICHIGAN 1,481,48532,SOUTHWEST,2500 S LINDEN RD,FLINT,MI,48532,9998,,001448,B
CENTRAL,4J,MICHIGAN 2,493,48601,CUMBERLAND,1300 CUMBERLAND ST,SAGINAW,MI,48601,9998,,Y11810,S
CENTRAL,4J,MICHIGAN 2,493,48601,SAGINAW MI SDC,1233 S WASHINGTON AVE,SAGINAW,MI,48601,9901,,021160,4
CENTRAL,4J,MICHIGAN 2,493,48602,SAGINAW MI SDC,1233 S WASHINGTON AVE,SAGINAW,MI,48601,9901,,021160,4
CENTRAL,4J,MICHIGAN 2,493,48603,BOARDWALK,3193 BOARDWALK DR,SAGINAW,MI,48603,2363,,Y13094,B
CENTRAL,4J,MICHIGAN 2,493,48603,SAGINAW MI SDC,1233 S WASHINGTON AVE,SAGINAW,MI,48601,9901,,021160,4
CENTRAL,4J,MICHIGAN 2,493,48604,SAGINAW MI SDC,1233 S WASHINGTON AVE,SAGINAW,MI,48601,9901,,021160,4
CENTRAL,4J,MICHIGAN 2,493,48605,SAGINAW MI SDC,1233 S WASHINGTON AVE,SAGINAW,MI,48601,9901,P,021160,4
CENTRAL,4J,MICHIGAN 2,493,48606,SAGINAW MI SDC,1233 S WASHINGTON AVE,SAGINAW,MI,48601,9901,P,021160,4
CENTRAL,4J,MICHIGAN 2,493,48607,SAGINAW MI SDC,1233 S WASHINGTON AVE,SAGINAW,MI,48601,9901,,021160,4
CENTRAL,4J,MICHIGAN 2,493,48608,TOWNSHIP BRANCH,2130 WIENEKE RD,SAGINAW,MI,48603,3651,P,Y12980,S
CENTRAL,4J,MICHIGAN 2,493,48609,SAGINAW MI SDC,1233 S WASHINGTON AVE,SAGINAW,MI,48601,9901,,021160,4
CENTRAL,4J,MICHIGAN 2,493,48610,ALGER,1454 JOY ST,ALGER,MI,48610,2500,,Y11329,P
CENTRAL,4J,MICHIGAN 2,493,48611,AUBURN,951 W MIDLAND RD,AUBURN,MI,48611,9406,,Y11376,P
CENTRAL,4J,MICHIGAN 2,493,48612,BEAVERTON,362 N ROSS ST,BEAVERTON,MI,48612,8165,,Y11417,P
CENTRAL,4J,MICHIGAN 2,493,48613,RHODES,2832 RHODES RD,RHODES,MI,48652,9740,,Y12653,P
CENTRAL,4J,MICHIGAN 2,493,48614,SAINT CHARLES,202 S SAGINAW ST,SAINT CHARLES,MI,48655,1402,,Y12716,P
CENTRAL,4J,MICHIGAN 2,493,48615,BRECKENRIDGE,307 E SAGINAW ST,BRECKENRIDGE,MI,48615,2506,,Y11498,P
CENTRAL,4J,MICHIGAN 2,493,48615,MERRILL,242 S MIDLAND ST,MERRILL,MI,48637,2537,,Y12356,P
CENTRAL,4J,MICHIGAN 2,493,48616,CHESANING,230 E BROAD ST,CHESANING,MI,48616,1559,,Y11625,P
CENTRAL,4J,MICHIGAN 2,493,48617,CLARE,111 W 5TH ST,CLARE,MI,48617,1497,,Y11641,P
CENTRAL,4J,MICHIGAN 2,493,48618,COLEMAN,109 N 3RD ST,COLEMAN,MI,48618,9800,,Y11665,P
CENTRAL,4J,MICHIGAN 2,493,48619,COMINS,4240 N ABBE RD,COMINS,MI,48619,2502,,Y11675,P
CENTRAL,4J,MICHIGAN 2,493,48619,FAIRVIEW,1531 N ABBE RD,FAIRVIEW,MI,48621,8719,,Y11850,P
CENTRAL,4J,MICHIGAN 2,493,48620,EDENVILLE,461 CEDAR DR,EDENVILLE,MI,48620,9800,P,Y11817,P
CENTRAL,4J,MICHIGAN 2,493,48621,FAIRVIEW,1531 N ABBE RD,FAIRVIEW,MI,48621,8719,,Y11850,P
CENTRAL,4J,MICHIGAN 2,493,48622,FARWELL,254 W MAIN ST,FARWELL,MI,48622,9553,,Y11858,P
CENTRAL,4J,MICHIGAN 2,493,48623,FREELAND,7736 MIDLAND RD STE 3,FREELAND,MI,48623,5101,,Y11916,P
CENTRAL,4J,MICHIGAN 2,493,48624,GLADWIN,140 N BOWERY AVE,GLADWIN,MI,48624,9998,,Y11944,P
CENTRAL,4J,MICHIGAN 2,493,48625,HARRISON,191 S 1ST ST,HARRISON,MI,48625,2556,,Y12042,P
CENTRAL,4J,MICHIGAN 2,493,48626,HEMLOCK,215 S HEMLOCK RD,HEMLOCK,MI,48626,9800,,Y12059,P
CENTRAL,4J,MICHIGAN 2,493,48627,HIGGINS LAKE,6311 W HIGGINS LAKE DR,HIGGINS LAKE,MI,48627,9800,P,Y12071,P
CENTRAL,4J,MICHIGAN 2,493,48628,HOPE,5230 N HOPE RD,HOPE,MI,48628,9755,,Y12086,P
CENTRAL,4J,MICHIGAN 2,493,48629,HOUGHTON LAKE,2255 TOWER HILL RD,HOUGHTON LAKE,MI,48629,9498,,Y12092,P
CENTRAL,4J,MICHIGAN 2,493,48630,HOUGHTON LAKE HEIGHTS,1641 HEIGHTSVIEW DR,HOUGHTON LAKE HEIGHTS,MI,48630,9800,P,Y12094,P
CENTRAL,4J,MICHIGAN 2,493,48631,KAWKAWLIN,121 W GROVE ST,KAWKAWLIN,MI,48631,2511,,Y12158,P
CENTRAL,4J,MICHIGAN 2,493,48632,LAKE,8959 LAKE STATION AVE,LAKE,MI,48632,9800,,Y12194,P
CENTRAL,4J,MICHIGAN 2,493,48633,LAKE GEORGE,190 W PARK ST,LAKE GEORGE,MI,48633,9800,P,Y12201,P
CENTRAL,4J,MICHIGAN 2,493,48634,LINWOOD,200 W CENTER ST,LINWOOD,MI,48634,9815,,Y12252,P
CENTRAL,4J,MICHIGAN 2,493,48635,ROSE CITY,130 GEORGE SMITH JR ST,ROSE CITY,MI,48654,5001,,Y12691,P
CENTRAL,4J,MICHIGAN 2,493,48636,LUZERNE,2289 ROYCE AVE,LUZERNE,MI,48636,9800,,Y12279,P
CENTRAL,4J,MICHIGAN 2,493,48636,MIO,213 S MORENCI AVE,MIO,MI,48647,2509,,Y12395,P
CENTRAL,4J,MICHIGAN 2,493,48637,MERRILL,242 S MIDLAND ST,MERRILL,MI,48637,2537,,Y12356,P
CENTRAL,4J,MICHIGAN 2,493,48638,SAGINAW MI SDC,1233 S WASHINGTON AVE,SAGINAW,MI,48601,9901,,021160,4
CENTRAL,4J,MICHIGAN 2,493,48640,MIDLAND,2900 RODD ST,MIDLAND,MI,48640,9998,,Y12380,P
CENTRAL,4J,MICHIGAN 2,493,48641,MIDLAND,2900 RODD ST,MIDLAND,MI,48640,9998,P,Y12380,P
CENTRAL,4J,MICHIGAN 2,493,48642,MIDLAND,2900 RODD ST,MIDLAND,MI,48640,9998,,Y12380,P
CENTRAL,4J,MICHIGAN 2,493,48647,MIO,213 S MORENCI AVE,MIO,MI,48647,2509,,Y12395,P
CENTRAL,4J,MICHIGAN 2,493,48649,CHESANING,230 E BROAD ST,CHESANING,MI,48616,1559,,Y11625,P
CENTRAL,4J,MICHIGAN 2,493,48649,OAKLEY,205 S MAIN ST,OAKLEY,MI,48649,7708,,Y12500,P
CENTRAL,4J,MICHIGAN 2,493,48650,PINCONNING,207 S KAISER ST,PINCONNING,MI,48650,7533,,Y12573,P
CENTRAL,4J,MICHIGAN 2,493,48651,PRUDENVILLE,899 W HOUGHTON LAKE DR,PRUDENVILLE,MI,48651,8463,,Y12614,P
CENTRAL,4J,MICHIGAN 2,493,48652,RHODES,2832 RHODES RD,RHODES,MI,48652,9740,,Y12653,P
CENTRAL,4J,MICHIGAN 2,493,48653,ROSCOMMON,281 LAKE ST,ROSCOMMON,MI,48653,9203,,Y12687,P
CENTRAL,4J,MICHIGAN 2,493,48654,ROSE CITY,130 GEORGE SMITH JR ST,ROSE CITY,MI,48654,5001,,Y12691,P
CENTRAL,4J,MICHIGAN 2,493,48655,SAINT CHARLES,202 S SAGINAW ST,SAINT CHARLES,MI,48655,1402,,Y12716,P
CENTRAL,4J,MICHIGAN 2,493,48656,SAINT HELEN,2332 N SAINT HELEN RD,SAINT HELEN,MI,48656,9691,,Y12722,P
CENTRAL,4J,MICHIGAN 2,493,48657,SANFORD,239 W SAGINAW RD,SANFORD,MI,48657,9801,,Y12739,P
CENTRAL,4J,MICHIGAN 2,493,48658,STANDISH,120 S GROVE ST,STANDISH,MI,48658,2511,,Y12928,P
CENTRAL,4J,MICHIGAN 2,493,48659,STERLING,420 W STATE ST,STERLING,MI,48659,2501,,Y12935,P
CENTRAL,4J,MICHIGAN 2,493,48661,WEST BRANCH,122 S 3RD ST,WEST BRANCH,MI,48661,1328,,Y13087,P
CENTRAL,4J,MICHIGAN 2,493,48662,MERRILL,242 S MIDLAND ST,MERRILL,MI,48637,2537,,Y12356,P
CENTRAL,4J,MICHIGAN 2,493,48701,AKRON,4282 BEACH ST,AKRON,MI,48701,9900,,Y11322,P
CENTRAL,4J,MICHIGAN 2,493,48701,CARO,210 W LINCOLN ST,CARO,MI,48723,9998,,Y11580,P
CENTRAL,4J,MICHIGAN 2,493,48703,AU GRES,109 W HURON RD,AU GRES,MI,48703,9800,,Y11372,P
CENTRAL,4J,MICHIGAN 2,493,48705,BARTON CITY,1011 N MONTANA RD,BARTON CITY,MI,48705,9705,,Y11402,P
CENTRAL,4J,MICHIGAN 2,493,48705,HARRISVILLE,109 1ST ST,HARRISVILLE,MI,48740,9800,,Y12045,P
CENTRAL,4J,MICHIGAN 2,493,48706,STATION A,300 E JOHN ST,BAY CITY,MI,48706,4672,,Y11311,S
CENTRAL,4J,MICHIGAN 2,493,48706,BAY CITY,1000 WASHINGTON AVE,BAY CITY,MI,48708,9998,,Y11408,P
CENTRAL,4J,MICHIGAN 2,493,48707,BAY CITY,1000 WASHINGTON AVE,BAY CITY,MI,48708,9998,P,Y11408,P
CENTRAL,4J,MICHIGAN 2,493,48708,BAY CITY,1000 WASHINGTON AVE,BAY CITY,MI,48708,9998,,Y11408,P
CENTRAL,4J,MICHIGAN 2,493,48720,BAY PORT,805 PROMENADE ST,BAY PORT,MI,48720,9781,,Y11410,P
CENTRAL,4J,MICHIGAN 2,493,48720,PIGEON,7181 E MICHIGAN AVE,PIGEON,MI,48755,5155,,Y12571,P
CENTRAL,4J,MICHIGAN 2,493,48721,SPRUCE,1495 E SPRUCE RD,SPRUCE,MI,48762,9542,,Y12826,P
CENTRAL,4J,MICHIGAN 2,493,48722,BRIDGEPORT,3760 STATE ST,BRIDGEPORT,MI,48722,9675,,Y11503,P
CENTRAL,4J,MICHIGAN 2,493,48722,SAGINAW MI SDC,1233 S WASHINGTON AVE,SAGINAW,MI,48601,9901,,021160,4
CENTRAL,4J,MICHIGAN 2,493,48723,CARO,210 W LINCOLN ST,CARO,MI,48723,9998,,Y11580,P
CENTRAL,4J,MICHIGAN 2,493,48724,CARROLLTON,3510 N MADISON ST,CARROLLTON,MI,48724,5037,P,Y11582,P
CENTRAL,4J,MICHIGAN 2,493,48725,CASEVILLE,7060 MAIN ST,CASEVILLE,MI,48725,5112,,Y11591,P
CENTRAL,4J,MICHIGAN 2,493,48726,CASS CITY,4544 SHERMAN ST,CASS CITY,MI,48726,1261,,Y11594,P
CENTRAL,4J,MICHIGAN 2,493,48727,CLIFFORD,9581 MAIN ST,CLIFFORD,MI,48727,5124,,Y11650,P
CENTRAL,4J,MICHIGAN 2,493,48727,MAYVILLE,6120 FULTON ST,MAYVILLE,MI,48744,9127,,Y12328,P
CENTRAL,4J,MICHIGAN 2,493,48728,CURRAN,2071 N CURRAN RD,CURRAN,MI,48728,9701,,Y11713,P
CENTRAL,4J,MICHIGAN 2,493,48729,DEFORD,1522 RAILROAD ST,DEFORD,MI,48729,9800,,Y11732,P
CENTRAL,4J,MICHIGAN 2,493,48730,EAST TAWAS,326 NEWMAN ST,EAST TAWAS,MI,48730,1244,,Y11802,P
CENTRAL,4J,MICHIGAN 2,493,48731,ELKTON,4958 MILL ST,ELKTON,MI,48731,5135,,Y11825,P
CENTRAL,4J,MICHIGAN 2,493,48731,PIGEON,7181 E MICHIGAN AVE,PIGEON,MI,48755,5155,,Y12571,P
CENTRAL,4J,MICHIGAN 2,493,48732,BAY CITY,1000 WASHINGTON AVE,BAY CITY,MI,48708,9998,,Y11408,P
CENTRAL,4J,MICHIGAN 2,493,48732,ESSEXVILLE,1205 WOODSIDE AVE,ESSEXVILLE,MI,48732,1267,,014641,B
CENTRAL,4J,MICHIGAN 2,493,48733,CARO,210 W LINCOLN ST,CARO,MI,48723,9998,,Y11580,P
CENTRAL,4J,MICHIGAN 2,493,48733,FAIRGROVE,2045 N MAIN ST,FAIRGROVE,MI,48733,9565,,Y11849,P
CENTRAL,4J,MICHIGAN 2,493,48734,FRANKENMUTH,119 N MAIN ST,FRANKENMUTH,MI,48734,1199,,Y11907,P
CENTRAL,4J,MICHIGAN 2,493,48735,CASS CITY,4544 SHERMAN ST,CASS CITY,MI,48726,1261,,Y11594,P
CENTRAL,4J,MICHIGAN 2,493,48735,GAGETOWN,6483 LINCOLN ST,GAGETOWN,MI,48735,5106,,Y11925,P
CENTRAL,4J,MICHIGAN 2,493,48737,GLENNIE,3160 STATE RD,GLENNIE,MI,48737,9616,,Y11948,P
CENTRAL,4J,MICHIGAN 2,493,48738,GREENBUSH,2398 S US HIGHWAY 23,GREENBUSH,MI,48738,9689,,Y11999,P
CENTRAL,4J,MICHIGAN 2,493,48738,OSCODA,221 N STATE ST,OSCODA,MI,48750,1749,,Y12526,P
CENTRAL,4J,MICHIGAN 2,493,48739,HALE,121 E MAIN ST,HALE,MI,48739,8527,,Y12024,P
CENTRAL,4J,MICHIGAN 2,493,48740,HARRISVILLE,109 1ST ST,HARRISVILLE,MI,48740,9800,,Y12045,P
CENTRAL,4J,MICHIGAN 2,493,48741,KINGSTON,3484 RIVER ST,KINGSTON,MI,48741,8738,,Y12184,P
CENTRAL,4J,MICHIGAN 2,493,48742,HARRISVILLE,109 1ST ST,HARRISVILLE,MI,48740,9800,,Y12045,P
CENTRAL,4J,MICHIGAN 2,493,48742,LINCOLN,215 S 2ND ST,LINCOLN,MI,48742,9800,,Y12248,P
CENTRAL,4J,MICHIGAN 2,493,48743,HALE,121 E MAIN ST,HALE,MI,48739,8527,,Y12024,P
CENTRAL,4J,MICHIGAN 2,493,48744,MAYVILLE,6120 FULTON ST,MAYVILLE,MI,48744,9127,,Y12328,P
CENTRAL,4J,MICHIGAN 2,493,48745,MIKADO,2256 S F 41,MIKADO,MI,48745,5100,,Y12383,P
CENTRAL,4J,MICHIGAN 2,493,48745,OSCODA,221 N STATE ST,OSCODA,MI,48750,1749,,Y12526,P
CENTRAL,4J,MICHIGAN 2,493,48746,MILLINGTON,4717 MAIN ST,MILLINGTON,MI,48746,9082,,Y12391,P
CENTRAL,4J,MICHIGAN 2,493,48747,MUNGER,11 E MUNGER RD,MUNGER,MI,48747,9800,,Y12423,P
CENTRAL,4J,MICHIGAN 2,493,48748,NATIONAL CITY,4770 WHITTEMORE RD,NATIONAL CITY,MI,48748,9800,,Y12443,P
CENTRAL,4J,MICHIGAN 2,493,48748,WHITTEMORE,209 S BULLOCK ST,WHITTEMORE,MI,48770,9800,,Y13107,P
CENTRAL,4J,MICHIGAN 2,493,48749,OMER,100 BRIDGE ST,OMER,MI,48749,5100,,Y12513,P
CENTRAL,4J,MICHIGAN 2,493,48749,STERLING,420 W STATE ST,STERLING,MI,48659,2501,,Y12935,P
CENTRAL,4J,MICHIGAN 2,493,48750,OSCODA,221 N STATE ST,OSCODA,MI,48750,1749,,Y12526,P
CENTRAL,4J,MICHIGAN 2,493,48754,OWENDALE,7314 MAIN ST,OWENDALE,MI,48754,5129,,Y12538,P
CENTRAL,4J,MICHIGAN 2,493,48754,PIGEON,7181 E MICHIGAN AVE,PIGEON,MI,48755,5155,,Y12571,P
CENTRAL,4J,MICHIGAN 2,493,48755,PIGEON,7181 E MICHIGAN AVE,PIGEON,MI,48755,5155,,Y12571,P
CENTRAL,4J,MICHIGAN 2,493,48756,PRESCOTT,105 N WASHINGTON ST,PRESCOTT,MI,48756,5117,,Y12609,P
CENTRAL,4J,MICHIGAN 2,493,48756,PRESCOTT DPOBU,1830 GREENWOOD RD,PRESCOTT,MI,48756,8627,,013186,6
CENTRAL,4J,MICHIGAN 2,493,48757,REESE,2077 GATES ST,REESE,MI,48757,9580,,Y12648,P
CENTRAL,4J,MICHIGAN 2,493,48758,RICHVILLE,9400 W SAGINAW RD,RICHVILLE,MI,48758,9800,P,Y12659,P
CENTRAL,4J,MICHIGAN 2,493,48759,SEBEWAING,49 N CENTER ST,SEBEWAING,MI,48759,1420,,Y12756,P
CENTRAL,4J,MICHIGAN 2,493,48760,MAYVILLE,6120 FULTON ST,MAYVILLE,MI,48744,9127,,Y12328,P
CENTRAL,4J,MICHIGAN 2,493,48760,SILVERWOOD,2760 CLIFFORD RD,SILVERWOOD,MI,48760,9782,,Y12783,P
CENTRAL,4J,MICHIGAN 2,493,48761,HALE,121 E MAIN ST,HALE,MI,48739,8527,,Y12024,P
CENTRAL,4J,MICHIGAN 2,493,48761,SOUTH BRANCH,6495 HEATH RD,SOUTH BRANCH,MI,48761,9800,,Y12804,P
CENTRAL,4J,MICHIGAN 2,493,48762,SPRUCE,1495 E SPRUCE RD,SPRUCE,MI,48762,9542,,Y12826,P
CENTRAL,4J,MICHIGAN 2,493,48763,TAWAS CITY,616 W LAKE ST,TAWAS CITY,MI,48763,5107,,Y12961,P
CENTRAL,4J,MICHIGAN 2,493,48764,TAWAS CITY,616 W LAKE ST,TAWAS CITY,MI,48763,5107,P,Y12961,P
CENTRAL,4J,MICHIGAN 2,493,48765,AU GRES,109 W HURON RD,AU GRES,MI,48703,9800,,Y11372,P
CENTRAL,4J,MICHIGAN 2,493,48766,AU GRES,109 W HURON RD,AU GRES,MI,48703,9800,,Y11372,P
CENTRAL,4J,MICHIGAN 2,493,48767,SEBEWAING,49 N CENTER ST,SEBEWAING,MI,48759,1420,,Y12756,P
CENTRAL,4J,MICHIGAN 2,493,48767,UNIONVILLE,6599 CENTER ST,UNIONVILLE,MI,48767,9800,,Y13013,P
CENTRAL,4J,MICHIGAN 2,493,48768,VASSAR,203 N MAIN ST,VASSAR,MI,48768,1339,,Y13023,P
CENTRAL,4J,MICHIGAN 2,493,48770,WHITTEMORE,209 S BULLOCK ST,WHITTEMORE,MI,48770,9800,,Y13107,P
CENTRAL,4J,MICHIGAN 2,493,48801,ALMA,233 N STATE ST,ALMA,MI,48801,2276,,Y11339,P
CENTRAL,4J,MICHIGAN 2,493,48804,MOUNT PLEASANT,813 N MAIN ST,MOUNT PLEASANT,MI,48858,1506,P,Y12416,P
CENTRAL,4J,MICHIGAN 2,493,48805,OKEMOS,2025 CENTRAL PARK DR,OKEMOS,MI,48864,9998,P,Y12506,P
CENTRAL,4J,MICHIGAN 2,493,48806,ASHLEY,120 S STERLING ST,ASHLEY,MI,48806,5104,,Y11365,P
CENTRAL,4J,MICHIGAN 2,493,48807,BANNISTER,395 E MAIN ST,BANNISTER,MI,48807,9800,,Y11396,P
CENTRAL,4J,MICHIGAN 2,493,48807,ELSIE,153 E MAIN ST,ELSIE,MI,48831,5113,,Y11830,P
CENTRAL,4J,MICHIGAN 2,493,48808,BATH,14137 WEBSTER RD,BATH,MI,48808,8745,,Y11405,P
CENTRAL,4J,MICHIGAN 2,493,48809,BELDING,201 E MAIN ST,BELDING,MI,48809,9998,,Y11423,P
CENTRAL,4J,MICHIGAN 2,493,48811,CARSON CITY,215 W MAIN ST,CARSON CITY,MI,48811,9800,,Y11583,P
CENTRAL,4J,MICHIGAN 2,493,48812,CEDAR LAKE,7772 ACADEMY RD,CEDAR LAKE,MI,48812,9800,P,Y11599,P
CENTRAL,4J,MICHIGAN 2,493,48813,CHARLOTTE,117 W LOVETT ST,CHARLOTTE,MI,48813,9998,,Y11619,P
CENTRAL,4J,MICHIGAN 2,493,48815,CLARKSVILLE,108 N MAIN ST,CLARKSVILLE,MI,48815,9723,,Y11644,P
CENTRAL,4J,MICHIGAN 2,493,48816,COHOCTAH,1477 W COHOCTAH RD,COHOCTAH,MI,48816,5101,P,Y11663,P
CENTRAL,4J,MICHIGAN 2,493,48817,CORUNNA,330 N SHIAWASSEE ST,CORUNNA,MI,48817,1464,,Y11698,P
CENTRAL,4J,MICHIGAN 2,493,48817,OWOSSO,319 N WASHINGTON ST,OWOSSO,MI,48867,2800,,Y12539,P
CENTRAL,4J,MICHIGAN 2,493,48818,CRYSTAL,204 S MAIN ST,CRYSTAL,MI,48818,9800,,Y11709,P
CENTRAL,4J,MICHIGAN 2,493,48819,DANSVILLE,1036 S JACKSON ST,DANSVILLE,MI,48819,5132,,Y11720,P
CENTRAL,4J,MICHIGAN 2,493,48819,MASON,144 W ASH ST,MASON,MI,48854,9998,,Y12323,P
CENTRAL,4J,MICHIGAN 2,493,48820,DEWITT,901 S BRIDGE ST,DEWITT,MI,48820,8820,,Y11747,P
CENTRAL,4J,MICHIGAN 2,493,48821,DIMONDALE,126 W JEFFERSON ST,DIMONDALE,MI,48821,9800,,Y11750,P
CENTRAL,4J,MICHIGAN 2,493,48822,EAGLE,13479 W GRAND RIVER HWY,EAGLE,MI,48822,9681,,Y11788,P
CENTRAL,4J,MICHIGAN 2,493,48823,EAST LANSING,1140 ABBOT RD,EAST LANSING,MI,48823,9998,,Y11798,P
CENTRAL,4J,MICHIGAN 2,493,48826,EAST LANSING,1140 ABBOT RD,EAST LANSING,MI,48823,9998,P,Y11798,P
CENTRAL,4J,MICHIGAN 2,493,48827,EATON RAPIDS,245 S MAIN ST,EATON RAPIDS,MI,48827,9998,,Y11811,P
CENTRAL,4J,MICHIGAN 2,493,48829,EDMORE,317 E MAIN ST,EDMORE,MI,48829,9807,,Y11818,P
CENTRAL,4J,MICHIGAN 2,493,48830,ELM HALL,5025 N LUMBERJACK RD,ELM HALL,MI,48830,9800,P,Y11827,P
CENTRAL,4J,MICHIGAN 2,493,48831,ELSIE,153 E MAIN ST,ELSIE,MI,48831,5113,,Y11830,P
CENTRAL,4J,MICHIGAN 2,493,48832,ELWELL,6477 PINGREE RD,ELWELL,MI,48832,9508,,Y11831,P
CENTRAL,4J,MICHIGAN 2,493,48832,RIVERDALE,6728 N LUMBERJACK RD,RIVERDALE,MI,48877,9700,,Y12667,P
CENTRAL,4J,MICHIGAN 2,493,48833,EUREKA,7907 N WELLING RD,EUREKA,MI,48833,9800,P,Y11844,P
CENTRAL,4J,MICHIGAN 2,493,48834,FENWICK,382 W FENWICK RD,FENWICK,MI,48834,9561,,Y11869,P
CENTRAL,4J,MICHIGAN 2,493,48835,FOWLER,135 N MAIN ST,FOWLER,MI,48835,9803,,Y11903,P
CENTRAL,4J,MICHIGAN 2,493,48836,FOWLERVILLE,7030 W GRAND RIVER RD,FOWLERVILLE,MI,48836,8635,,Y11904,P
CENTRAL,4J,MICHIGAN 2,493,48837,GRAND LEDGE,118 E JEFFERSON ST,GRAND LEDGE,MI,48837,9998,,Y11976,P
CENTRAL,4J,MICHIGAN 2,493,48838,GREENVILLE,119 W CASS ST,GREENVILLE,MI,48838,9998,,Y12003,P
CENTRAL,4J,MICHIGAN 2,493,48840,HASLETT,1518 HASLETT RD,HASLETT,MI,48840,8504,,Y12053,P
CENTRAL,4J,MICHIGAN 2,493,48840,OKEMOS,2025 CENTRAL PARK DR,OKEMOS,MI,48864,9998,,Y12506,P
CENTRAL,4J,MICHIGAN 2,493,48841,HENDERSON,121 W MAIN ST,HENDERSON,MI,48841,8700,,Y12060,P
CENTRAL,4J,MICHIGAN 2,493,48841,OWOSSO,319 N WASHINGTON ST,OWOSSO,MI,48867,2800,,Y12539,P
CENTRAL,4J,MICHIGAN 2,493,48842,HOLT,2190 AURELIUS RD,HOLT,MI,48842,9998,,Y12081,P
CENTRAL,4J,MICHIGAN 2,493,48843,HOWELL,325 S MICHIGAN AVE,HOWELL,MI,48843,9998,,Y12098,P
CENTRAL,4J,MICHIGAN 2,493,48844,HOWELL,325 S MICHIGAN AVE,HOWELL,MI,48843,9998,P,Y12098,P
CENTRAL,4J,MICHIGAN 2,493,48845,HUBBARDSTON,101 E MAIN ST,HUBBARDSTON,MI,48845,5115,,Y12101,P
CENTRAL,4J,MICHIGAN 2,493,48846,IONIA,117 N KIDD ST,IONIA,MI,48846,9998,,Y12125,P
CENTRAL,4J,MICHIGAN 2,493,48847,ITHACA,120 N PINE RIVER ST,ITHACA,MI,48847,1055,,Y12134,P
CENTRAL,4J,MICHIGAN 2,493,48848,LAINGSBURG,221 E GRAND RIVER RD,LAINGSBURG,MI,48848,8601,,Y12193,P
CENTRAL,4J,MICHIGAN 2,493,48849,LAKE ODESSA,907 4TH AVE,LAKE ODESSA,MI,48849,9998,,Y12205,P
CENTRAL,4J,MICHIGAN 2,493,48850,LAKEVIEW,319 WASHINGTON ST,LAKEVIEW,MI,48850,9806,,Y12212,P
CENTRAL,4J,MICHIGAN 2,493,48851,LYONS,308 E BRIDGE ST,LYONS,MI,48851,8641,,Y12284,P
CENTRAL,4J,MICHIGAN 2,493,48852,MCBRIDES,4321 DIVISION ST,MCBRIDES,MI,48852,9800,P,Y12332,P
CENTRAL,4J,MICHIGAN 2,493,48853,MAPLE RAPIDS,106 W MAIN ST,MAPLE RAPIDS,MI,48853,9800,P,Y12311,P
CENTRAL,4J,MICHIGAN 2,493,48854,MASON,144 W ASH ST,MASON,MI,48854,9998,,Y12323,P
CENTRAL,4J,MICHIGAN 2,493,48855,HOWELL,325 S MICHIGAN AVE,HOWELL,MI,48843,9998,,Y12098,P
CENTRAL,4J,MICHIGAN 2,493,48856,MIDDLETON,116 S NEWTON ST,MIDDLETON,MI,48856,9788,,Y12377,P
CENTRAL,4J,MICHIGAN 2,493,48856,PERRINTON,128 S ROBINSON ST,PERRINTON,MI,48871,9637,,Y12562,P
CENTRAL,4J,MICHIGAN 2,493,48857,MORRICE,316 MAIN ST,MORRICE,MI,48857,2523,,Y12407,P
CENTRAL,4J,MICHIGAN 2,493,48857,PERRY,200 N MAIN,PERRY,MI,48872,9902,,Y12564,P
CENTRAL,4J,MICHIGAN 2,493,48858,MOUNT PLEASANT,813 N MAIN ST,MOUNT PLEASANT,MI,48858,1506,,Y12416,P
CENTRAL,4J,MICHIGAN 2,493,48860,LYONS,308 E BRIDGE ST,LYONS,MI,48851,8641,,Y12284,P
CENTRAL,4J,MICHIGAN 2,493,48860,MUIR,230 SUPERIOR ST,MUIR,MI,48860,9806,,Y12420,P
CENTRAL,4J,MICHIGAN 2,493,48861,GRAND LEDGE,118 E JEFFERSON ST,GRAND LEDGE,MI,48837,9998,,Y11976,P
CENTRAL,4J,MICHIGAN 2,493,48861,MULLIKEN,129 MAIN ST,MULLIKEN,MI,48861,5102,,Y12422,P
CENTRAL,4J,MICHIGAN 2,493,48862,NORTH STAR,107 W GRATIOT ST,NORTH STAR,MI,48862,5126,P,Y12473,P
CENTRAL,4J,MICHIGAN 2,493,48864,OKEMOS,2025 CENTRAL PARK DR,OKEMOS,MI,48864,9998,,Y12506,P
CENTRAL,4J,MICHIGAN 2,493,48865,ORLEANS,3018 W PALMER RD,ORLEANS,MI,48865,9804,,Y12524,P
CENTRAL,4J,MICHIGAN 2,493,48866,OVID,203 N MAIN ST,OVID,MI,48866,9814,,Y12536,P
CENTRAL,4J,MICHIGAN 2,493,48867,OWOSSO,319 N WASHINGTON ST,OWOSSO,MI,48867,2800,,Y12539,P
CENTRAL,4J,MICHIGAN 2,493,48871,PERRINTON,128 S ROBINSON ST,PERRINTON,MI,48871,9637,,Y12562,P
CENTRAL,4J,MICHIGAN 2,493,48872,PERRY,200 N MAIN,PERRY,MI,48872,9902,,Y12564,P
CENTRAL,4J,MICHIGAN 2,493,48873,PEWAMO,154 E MAIN ST,PEWAMO,MI,48873,5102,,Y12567,P
CENTRAL,4J,MICHIGAN 2,493,48874,POMPEII,103 E FULTON ST,POMPEII,MI,48874,9800,P,Y12590,P
CENTRAL,4J,MICHIGAN 2,493,48875,PORTLAND,235 N LINCOLN ST,PORTLAND,MI,48875,9998,,Y12603,P
CENTRAL,4J,MICHIGAN 2,493,48876,POTTERVILLE,319 N DUNBAR ST,POTTERVILLE,MI,48876,9800,,Y12606,P
CENTRAL,4J,MICHIGAN 2,493,48877,RIVERDALE,6728 N LUMBERJACK RD,RIVERDALE,MI,48877,9700,,Y12667,P
CENTRAL,4J,MICHIGAN 2,493,48878,MOUNT PLEASANT,813 N MAIN ST,MOUNT PLEASANT,MI,48858,1506,,Y12416,P
CENTRAL,4J,MICHIGAN 2,493,48878,ROSEBUSH,3905 E ROSEBUSH RD,ROSEBUSH,MI,48878,9800,,Y12692,P
CENTRAL,4J,MICHIGAN 2,493,48879,SAINT JOHNS,106 W STATE ST,SAINT JOHNS,MI,48879,9998,,Y12726,P
CENTRAL,4J,MICHIGAN 2,493,48880,SAINT LOUIS,217 W CENTER ST,SAINT LOUIS,MI,48880,9998,,Y12728,P
CENTRAL,4J,MICHIGAN 2,493,48881,SARANAC,29 N BRIDGE ST,SARANAC,MI,48881,9815,,Y12741,P
CENTRAL,4J,MICHIGAN 2,493,48882,SHAFTSBURG,7090 W BEARD RD,SHAFTSBURG,MI,48882,9800,P,Y12765,P
CENTRAL,4J,MICHIGAN 2,493,48883,SHEPHERD,101 N 2ND ST,SHEPHERD,MI,48883,2509,,Y12774,P
CENTRAL,4J,MICHIGAN 2,493,48884,SHERIDAN,207 S MAIN ST,SHERIDAN,MI,48884,8376,,Y12775,P
CENTRAL,4J,MICHIGAN 2,493,48884,STANTON,363 N STATE ST,STANTON,MI,48888,9345,,Y12929,P
CENTRAL,4J,MICHIGAN 2,493,48885,SIDNEY,2960 W SIDNEY RD,SIDNEY,MI,48885,9792,,Y12781,P
CENTRAL,4J,MICHIGAN 2,493,48885,STANTON,363 N STATE ST,STANTON,MI,48888,9345,,Y12929,P
CENTRAL,4J,MICHIGAN 2,493,48886,SIX LAKES,126 N CLARK ST,SIX LAKES,MI,48886,9802,,Y12785,P
CENTRAL,4J,MICHIGAN 2,493,48888,STANTON,363 N STATE ST,STANTON,MI,48888,9345,,Y12929,P
CENTRAL,4J,MICHIGAN 2,493,48889,ITHACA,120 N PINE RIVER ST,ITHACA,MI,48847,1055,,Y12134,P
CENTRAL,4J,MICHIGAN 2,493,48889,SUMNER,10674 W SAINT CHARLES RD,SUMNER,MI,48889,8750,,Y12950,P
CENTRAL,4J,MICHIGAN 2,493,48890,SUNFIELD,178 MAIN ST,SUNFIELD,MI,48890,9802,,Y12952,P
CENTRAL,4J,MICHIGAN 2,493,48891,VESTABURG,8845 3RD ST,VESTABURG,MI,48891,5121,,Y13028,P
CENTRAL,4J,MICHIGAN 2,493,48892,WEBBERVILLE,216 W GRAND RIVER RD,WEBBERVILLE,MI,48892,5106,,Y13079,P
CENTRAL,4J,MICHIGAN 2,493,48893,WEIDMAN,3366 N WOODRUFF RD,WEIDMAN,MI,48893,5101,,Y13081,P
CENTRAL,4J,MICHIGAN 2,493,48894,WESTPHALIA,115 W MAIN ST,WESTPHALIA,MI,48894,9838,,Y13093,P
CENTRAL,4J,MICHIGAN 2,493,48895,WILLIAMSTON,1295 E GRAND RIVER RD,WILLIAMSTON,MI,48895,9998,,Y13111,P
CENTRAL,4J,MICHIGAN 2,493,48896,WINN,2855 W BLANCHARD RD,WINN,MI,48896,9800,P,Y13117,P
CENTRAL,4J,MICHIGAN 2,493,48897,LAKE ODESSA,907 4TH AVE,LAKE ODESSA,MI,48849,9998,,Y12205,P
CENTRAL,4J,MICHIGAN 2,493,48897,WOODLAND,134 N MAIN ST,WOODLAND,MI,48897,9725,,Y13123,P
CENTRAL,4J,MICHIGAN 2,493,48901,DOWNTOWN LANSING,315 W ALLEGAN ST STE A,LANSING,MI,48933,1523,P,Y11763,S
CENTRAL,4J,MICHIGAN 2,493,48906,DEWITT,901 S BRIDGE ST,DEWITT,MI,48820,8820,,Y11747,P
CENTRAL,4J,MICHIGAN 2,493,48908,DELTA BRANCH,5208 W SAGINAW HWY,LANSING,MI,48917,1913,P,008421,S
CENTRAL,4J,MICHIGAN 2,493,48909,LANSING,4800 COLLINS RD,LANSING,MI,48924,9998,P,Y12220,P
CENTRAL,4J,MICHIGAN 2,493,48910,SOUTHWEST CARRIER ANNEX,3285 EXPRESS CT,LANSING,MI,48910,9998,,018051,4
CENTRAL,4J,MICHIGAN 2,493,48911,SOUTHWEST CARRIER ANNEX,3285 EXPRESS CT,LANSING,MI,48910,9998,,018051,4
CENTRAL,4J,MICHIGAN 2,493,48912,LANSING,4800 COLLINS RD,LANSING,MI,48924,9998,,Y12220,P
CENTRAL,4J,MICHIGAN 2,493,48915,LANSING,4800 COLLINS RD,LANSING,MI,48924,9998,,Y12220,P
CENTRAL,4J,MICHIGAN 2,493,48917,DELTA CARRIER ANNEX,6101 W MICHIGAN AVE,LANSING,MI,48917,2471,,Y11735,4
CENTRAL,4J,MICHIGAN 2,493,48933,LANSING,4800 COLLINS RD,LANSING,MI,48924,9998,,Y12220,P
CENTRAL,4J,MICHIGAN 2,493,49001,KALAMAZOO,1121 MILLER RD,KALAMAZOO,MI,49001,8335,,Y12154,P
CENTRAL,4J,MICHIGAN 2,493,49002,KALAMAZOO MI S&DC,3885 S 9TH ST,KALAMAZOO,MI,49009,9908,,020680,4
CENTRAL,4J,MICHIGAN 2,493,49003,KALAMAZOO,1121 MILLER RD,KALAMAZOO,MI,49001,8335,P,Y12154,P
CENTRAL,4J,MICHIGAN 2,493,49004,PARCHMENT,839 COMMERCE LN,KALAMAZOO,MI,49004,9998,,Y12547,B
CENTRAL,4J,MICHIGAN 2,493,49005,ARCADIA CREEK,310 E MICHIGAN AVE LOWR A,KALAMAZOO,MI,49007,3885,P,Y11357,S
CENTRAL,4J,MICHIGAN 2,493,49006,KALAMAZOO MI S&DC,3885 S 9TH ST,KALAMAZOO,MI,49009,9908,,020680,4
CENTRAL,4J,MICHIGAN 2,493,49007,KALAMAZOO MI S&DC,3885 S 9TH ST,KALAMAZOO,MI,49009,9908,,020680,4
CENTRAL,4J,MICHIGAN 2,493,49008,KALAMAZOO,1121 MILLER RD,KALAMAZOO,MI,49001,8335,,Y12154,P
CENTRAL,4J,MICHIGAN 2,493,49009,KALAMAZOO MI S&DC,3885 S 9TH ST,KALAMAZOO,MI,49009,9908,,020680,4
CENTRAL,4J,MICHIGAN 2,493,49010,ALLEGAN,300 TROWBRIDGE ST,ALLEGAN,MI,49010,9998,,Y11331,P
CENTRAL,4J,MICHIGAN 2,493,49011,ATHENS,115 N CAPITAL AVE,ATHENS,MI,49011,9375,,Y11367,P
CENTRAL,4J,MICHIGAN 2,493,49012,BATTLE CREEK,90 MCCAMLY ST S,BATTLE CREEK,MI,49016,9000,,Y11406,P
CENTRAL,4J,MICHIGAN 2,493,49013,BANGOR,538 RAILROAD ST,BANGOR,MI,49013,1465,,Y11395,P
CENTRAL,4J,MICHIGAN 2,493,49014,BATTLE CREEK,90 MCCAMLY ST S,BATTLE CREEK,MI,49016,9000,,Y11406,P
CENTRAL,4J,MICHIGAN 2,493,49015,BATTLE CREEK,90 MCCAMLY ST S,BATTLE CREEK,MI,49016,9000,,Y11406,P
CENTRAL,4J,MICHIGAN 2,493,49016,BATTLE CREEK,90 MCCAMLY ST S,BATTLE CREEK,MI,49016,9000,P,Y11406,P
CENTRAL,4J,MICHIGAN 2,493,49017,BATTLE CREEK,90 MCCAMLY ST S,BATTLE CREEK,MI,49016,9000,,Y11406,P
CENTRAL,4J,MICHIGAN 2,493,49018,BATTLE CREEK,90 MCCAMLY ST S,BATTLE CREEK,MI,49016,9000,P,Y11406,P
CENTRAL,4J,MICHIGAN 2,493,49019,WESTWOOD,167 N DRAKE RD,KALAMAZOO,MI,49009,9998,P,Y13096,B
CENTRAL,4J,MICHIGAN 2,493,49020,BEDFORD,22115 BEDFORD RD,BEDFORD,MI,49020,9800,P,Y11419,P
CENTRAL,4J,MICHIGAN 2,493,49021,BELLEVUE,202 N MAIN ST,BELLEVUE,MI,49021,9998,,Y11426,P
CENTRAL,4J,MICHIGAN 2,493,49022,BENTON HARBOR,525 RIVERVIEW DR,BENTON HARBOR,MI,49022,5073,,Y11430,P
CENTRAL,4J,MICHIGAN 2,493,49023,BENTON HARBOR,525 RIVERVIEW DR,BENTON HARBOR,MI,49022,5073,P,Y11430,P
CENTRAL,4J,MICHIGAN 2,493,49024,KALAMAZOO MI S&DC,3885 S 9TH ST,KALAMAZOO,MI,49009,9908,,020680,4
CENTRAL,4J,MICHIGAN 2,493,49026,BLOOMINGDALE,110 CHESTNUT ST,BLOOMINGDALE,MI,49026,5112,,Y11469,P
CENTRAL,4J,MICHIGAN 2,493,49027,BREEDSVILLE,18 E MAIN ST,BREEDSVILLE,MI,49027,9800,P,Y11499,P
CENTRAL,4J,MICHIGAN 2,493,49028,BRONSON,220 E CHICAGO ST,BRONSON,MI,49028,9998,,Y11517,P
CENTRAL,4J,MICHIGAN 2,493,49029,BURLINGTON,119 N ELM ST,BURLINGTON,MI,49029,9803,,Y11546,P
CENTRAL,4J,MICHIGAN 2,493,49029,TEKONSHA,119 N WALNUT ST,TEKONSHA,MI,49092,9800,,Y12965,P
CENTRAL,4J,MICHIGAN 2,493,49030,BURR OAK,235 S 3RD ST,BURR OAK,MI,49030,5114,,Y11550,P
CENTRAL,4J,MICHIGAN 2,493,49031,CASSOPOLIS,129 S ROWLAND ST,CASSOPOLIS,MI,49031,9998,,Y11595,P
CENTRAL,4J,MICHIGAN 2,493,49032,CENTREVILLE,116 S CLARK ST,CENTREVILLE,MI,49032,9529,,Y11612,P
CENTRAL,4J,MICHIGAN 2,493,49033,CERESCO,150 MANSIE ST,CERESCO,MI,49033,9793,,Y11615,P
CENTRAL,4J,MICHIGAN 2,493,49034,CLIMAX,116 N MAIN ST,CLIMAX,MI,49034,9637,,Y11651,P
CENTRAL,4J,MICHIGAN 2,493,49035,CLOVERDALE,7560 S M 43 HWY,CLOVERDALE,MI,49035,9800,P,Y11657,P
CENTRAL,4J,MICHIGAN 2,493,49036,COLDWATER,100 W PEARL ST,COLDWATER,MI,49036,9998,,Y11664,P
CENTRAL,4J,MICHIGAN 2,493,49037,BATTLE CREEK,90 MCCAMLY ST S,BATTLE CREEK,MI,49016,9000,,Y11406,P
CENTRAL,4J,MICHIGAN 2,493,49038,COLOMA,201 N WEST ST,COLOMA,MI,49038,8407,,Y11667,P
CENTRAL,4J,MICHIGAN 2,493,49040,COLON,123 S BLACKSTONE AVE,COLON,MI,49040,9800,,Y11668,P
CENTRAL,4J,MICHIGAN 2,493,49041,COMSTOCK,6095 KING HWY,COMSTOCK,MI,49041,9800,P,Y11679,P
CENTRAL,4J,MICHIGAN 2,493,49042,CONSTANTINE,340 S WASHINGTON ST,CONSTANTINE,MI,49042,9998,,Y11685,P
CENTRAL,4J,MICHIGAN 2,493,49043,COVERT,33845 M 140 HWY,COVERT,MI,49043,9800,,Y11703,P
CENTRAL,4J,MICHIGAN 2,493,49045,DECATUR,127 S PHELPS ST,DECATUR,MI,49045,1158,,Y11727,P
CENTRAL,4J,MICHIGAN 2,493,49046,DELTON,10155 S M 43 HWY,DELTON,MI,49046,9602,,Y11736,P
CENTRAL,4J,MICHIGAN 2,493,49047,DOWAGIAC,202 COMMERCIAL ST,DOWAGIAC,MI,49047,9998,,Y11760,P
CENTRAL,4J,MICHIGAN 2,493,49048,KALAMAZOO,1121 MILLER RD,KALAMAZOO,MI,49001,8335,,Y12154,P
CENTRAL,4J,MICHIGAN 2,493,49050,DOWLING,8599 S M 37 HWY,DOWLING,MI,49050,9727,,Y11761,P
CENTRAL,4J,MICHIGAN 2,493,49051,EAST LEROY,4005 K DR S,EAST LEROY,MI,49051,8501,,Y11799,P
CENTRAL,4J,MICHIGAN 2,493,49052,FULTON,13957 E W AVE,FULTON,MI,49052,9789,,Y11923,P
CENTRAL,4J,MICHIGAN 2,493,49053,GALESBURG,124 E MICHIGAN AVE,GALESBURG,MI,49053,9801,,Y11927,P
CENTRAL,4J,MICHIGAN 2,493,49055,GOBLES,106 E EXCHANGE ST,GOBLES,MI,49055,9800,,Y11955,P
CENTRAL,4J,MICHIGAN 2,493,49056,GRAND JUNCTION,54014 COUNTY ROAD 388,GRAND JUNCTION,MI,49056,9225,,Y11975,P
CENTRAL,4J,MICHIGAN 2,493,49057,HARTFORD,19 N CENTER ST,HARTFORD,MI,49057,9998,,Y12048,P
CENTRAL,4J,MICHIGAN 2,493,49058,HASTINGS,209 W MILL ST,HASTINGS,MI,49058,9998,,Y12054,P
CENTRAL,4J,MICHIGAN 2,493,49060,DELTON,10155 S M 43 HWY,DELTON,MI,49046,9602,,Y11736,P
CENTRAL,4J,MICHIGAN 2,493,49060,HICKORY CORNERS,14737 KELLOGG SCHOOL RD,HICKORY CORNERS,MI,49060,9738,,Y12068,P
CENTRAL,4J,MICHIGAN 2,493,49061,JONES,12081 M 60,JONES,MI,49061,8768,,Y12146,P
CENTRAL,4J,MICHIGAN 2,493,49061,MARCELLUS,203 S CENTRE ST,MARCELLUS,MI,49067,8758,,Y12312,P
CENTRAL,4J,MICHIGAN 2,493,49062,KENDALL,15925 MAIN ST,KENDALL,MI,49062,9800,P,Y12164,P
CENTRAL,4J,MICHIGAN 2,493,49063,LACOTA,60062 CHURCH ST,LACOTA,MI,49063,9800,P,Y12191,P
CENTRAL,4J,MICHIGAN 2,493,49064,LAWRENCE,310 S PAW PAW ST,LAWRENCE,MI,49064,9686,,Y12225,P
CENTRAL,4J,MICHIGAN 2,493,49065,LAWTON,210 S MAIN ST,LAWTON,MI,49065,9816,,Y12226,P
CENTRAL,4J,MICHIGAN 2,493,49066,LEONIDAS,30980 KING RD,LEONIDAS,MI,49066,9800,,Y12237,P
CENTRAL,4J,MICHIGAN 2,493,49067,MARCELLUS,203 S CENTRE ST,MARCELLUS,MI,49067,8758,,Y12312,P
CENTRAL,4J,MICHIGAN 2,493,49068,MARSHALL,202 E MICHIGAN AVE,MARSHALL,MI,49068,9998,,Y12320,P
CENTRAL,4J,MICHIGAN 2,493,49070,MARTIN,1588 10TH ST,MARTIN,MI,49070,9728,,Y12321,P
CENTRAL,4J,MICHIGAN 2,493,49070,PLAINWELL,457 E BRIDGE ST,PLAINWELL,MI,49080,9998,,Y12579,P
CENTRAL,4J,MICHIGAN 2,493,49071,MATTAWAN,55680 N MAIN ST,MATTAWAN,MI,49071,9809,,Y12325,P
CENTRAL,4J,MICHIGAN 2,493,49072,COLON,123 S BLACKSTONE AVE,COLON,MI,49040,9800,,Y11668,P
CENTRAL,4J,MICHIGAN 2,493,49072,MENDON,134 W MAIN ST,MENDON,MI,49072,9800,,Y12354,P
CENTRAL,4J,MICHIGAN 2,493,49073,NASHVILLE,231 N MAIN ST,NASHVILLE,MI,49073,9577,,Y12440,P
CENTRAL,4J,MICHIGAN 2,493,49074,NAZARETH,5073 GULL RD,KALAMAZOO,MI,49048,4020,P,Y12446,P
CENTRAL,4J,MICHIGAN 2,493,49075,NOTTAWA,25987 M 86 HWY,NOTTAWA,MI,49075,9800,P,Y12490,P
CENTRAL,4J,MICHIGAN 2,493,49076,OLIVET,132 WASHINGTON ST,OLIVET,MI,49076,8642,,Y12511,P
CENTRAL,4J,MICHIGAN 2,493,49077,OSHTEMO,3885 S 9TH ST,KALAMAZOO,MI,49009,9997,P,Y12527,P
CENTRAL,4J,MICHIGAN 2,493,49078,OTSEGO,118 N FAIR ST,OTSEGO,MI,49078,1167,,Y12531,P
CENTRAL,4J,MICHIGAN 2,493,49079,PAW PAW,125 N KALAMAZOO ST,PAW PAW,MI,49079,9998,,Y12554,P
CENTRAL,4J,MICHIGAN 2,493,49080,PLAINWELL,457 E BRIDGE ST,PLAINWELL,MI,49080,9998,,Y12579,P
CENTRAL,4J,MICHIGAN 2,493,49081,PORTAGE,1151 W MILHAM AVE,PORTAGE,MI,49024,9998,P,Y12602,P
CENTRAL,4J,MICHIGAN 2,493,49082,QUINCY,7 N MAIN ST,QUINCY,MI,49082,9998,,Y12621,P
CENTRAL,4J,MICHIGAN 2,493,49083,RICHLAND,8480 N 32ND ST,RICHLAND,MI,49083,9811,,Y12654,P
CENTRAL,4J,MICHIGAN 2,493,49084,RIVERSIDE,3889 RIVERSIDE RD,RIVERSIDE,MI,49084,9800,P,Y12668,P
CENTRAL,4J,MICHIGAN 2,493,49085,BENTON HARBOR,525 RIVERVIEW DR,BENTON HARBOR,MI,49022,5073,,Y11430,P
CENTRAL,4J,MICHIGAN 2,493,49085,SAINT JOSEPH,205 MAIN ST,SAINT JOSEPH,MI,49085,9998,,Y12727,P
CENTRAL,4J,MICHIGAN 2,493,49087,SCHOOLCRAFT,217 HAYWARD ST,SCHOOLCRAFT,MI,49087,9800,,Y12748,P
CENTRAL,4J,MICHIGAN 2,493,49087,KALAMAZOO MI S&DC,3885 S 9TH ST,KALAMAZOO,MI,49009,9908,,020680,4
CENTRAL,4J,MICHIGAN 2,493,49088,SCOTTS,11030 NORSCOTT ST,SCOTTS,MI,49088,9357,,Y12752,P
CENTRAL,4J,MICHIGAN 2,493,49089,SHERWOOD,133 FULTON ST,SHERWOOD,MI,49089,9800,,Y12776,P
CENTRAL,4J,MICHIGAN 2,493,49089,UNION CITY,123 ELLEN ST,UNION CITY,MI,49094,9998,,Y13004,P
CENTRAL,4J,MICHIGAN 2,493,49090,SOUTH HAVEN,336 BROADWAY ST,SOUTH HAVEN,MI,49090,9998,,Y12805,P
CENTRAL,4J,MICHIGAN 2,493,49091,STURGIS,124 E CHICAGO RD,STURGIS,MI,49091,9998,,Y12948,P
CENTRAL,4J,MICHIGAN 2,493,49092,TEKONSHA,119 N WALNUT ST,TEKONSHA,MI,49092,9800,,Y12965,P
CENTRAL,4J,MICHIGAN 2,493,49093,THREE RIVERS,100 N MAIN ST,THREE RIVERS,MI,49093,9998,,Y12973,P
CENTRAL,4J,MICHIGAN 2,493,49094,UNION CITY,123 ELLEN ST,UNION CITY,MI,49094,9998,,Y13004,P
CENTRAL,4J,MICHIGAN 2,493,49095,CASSOPOLIS,129 S ROWLAND ST,CASSOPOLIS,MI,49031,9998,,Y11595,P
CENTRAL,4J,MICHIGAN 2,493,49095,VANDALIA,17899 MILL ST,VANDALIA,MI,49095,9501,,Y13021,P
CENTRAL,4J,MICHIGAN 2,493,49096,NASHVILLE,231 N MAIN ST,NASHVILLE,MI,49073,9577,,Y12440,P
CENTRAL,4J,MICHIGAN 2,493,49096,VERMONTVILLE,139 S MAIN ST,VERMONTVILLE,MI,49096,9451,,Y13025,P
CENTRAL,4J,MICHIGAN 2,493,49097,VICKSBURG,113 N KALAMAZOO ST,VICKSBURG,MI,49097,9998,,Y13034,P
CENTRAL,4J,MICHIGAN 2,493,49098,WATERVLIET,342 W PLEASANT ST,WATERVLIET,MI,49098,9147,,Y13074,P
CENTRAL,4J,MICHIGAN 2,493,49099,WHITE PIGEON,107 N KALAMAZOO ST,WHITE PIGEON,MI,49099,9726,,Y13101,P
CENTRAL,4J,MICHIGAN 2,493,49101,BARODA,1368 SOUTH ST,BARODA,MI,49101,9800,,Y11400,P
CENTRAL,4J,MICHIGAN 2,493,49101,STEVENSVILLE,5888 CLEVELAND AVE,STEVENSVILLE,MI,49127,9998,,Y12939,P
CENTRAL,4J,MICHIGAN 2,493,49102,BERRIEN SPRINGS,115 N MAIN ST,BERRIEN SPRINGS,MI,49103,9998,,Y11442,P
CENTRAL,4J,MICHIGAN 2,493,49103,BERRIEN SPRINGS,115 N MAIN ST,BERRIEN SPRINGS,MI,49103,9998,,Y11442,P
CENTRAL,4J,MICHIGAN 2,493,49106,BRIDGMAN,9655 MAPLEWOOD AVE,BRIDGMAN,MI,49106,9550,,Y11507,P
CENTRAL,4J,MICHIGAN 2,493,49107,BUCHANAN,112 W FRONT ST,BUCHANAN,MI,49107,9998,,Y11542,P
CENTRAL,4J,MICHIGAN 2,493,49107,NILES,741 BROADWAY ST,NILES,MI,49120,9998,,Y12461,P
CENTRAL,4J,MICHIGAN 2,493,49111,EAU CLAIRE,6537 E MAIN ST,EAU CLAIRE,MI,49111,5129,,Y11812,P
CENTRAL,4J,MICHIGAN 2,493,49112,EDWARDSBURG,68926 CASS ST,EDWARDSBURG,MI,49112,7632,,Y11820,P
CENTRAL,4J,MICHIGAN 2,493,49113,GALIEN,114 N CLEVELAND AVE,GALIEN,MI,49113,9679,,Y11928,P
CENTRAL,4J,MICHIGAN 2,493,49115,HARBERT,13785 RED ARROW HWY,HARBERT,MI,49115,9800,P,Y12032,P
CENTRAL,4J,MICHIGAN 2,493,49116,THREE OAKS,201 N ELM ST,THREE OAKS,MI,49128,9998,,Y12972,P
CENTRAL,4J,MICHIGAN 2,493,49117,NEW BUFFALO,325 W BUFFALO ST,NEW BUFFALO,MI,49117,9998,,Y12450,P
CENTRAL,4J,MICHIGAN 2,493,49119,NEW TROY,13377 CALIFORNIA RD,NEW TROY,MI,49119,9802,P,Y12457,P
CENTRAL,4J,MICHIGAN 2,493,49120,NILES,741 BROADWAY ST,NILES,MI,49120,9998,,Y12461,P
CENTRAL,4J,MICHIGAN 2,493,49125,SAWYER,5835 SAWYER RD,SAWYER,MI,49125,9380,,Y12746,P
CENTRAL,4J,MICHIGAN 2,493,49126,SODUS,3568 NAOMI RD,SODUS,MI,49126,9787,,Y12796,P
CENTRAL,4J,MICHIGAN 2,493,49127,STEVENSVILLE,5888 CLEVELAND AVE,STEVENSVILLE,MI,49127,9998,,Y12939,P
CENTRAL,4J,MICHIGAN 2,493,49128,THREE OAKS,201 N ELM ST,THREE OAKS,MI,49128,9998,,Y12972,P
CENTRAL,4J,MICHIGAN 2,493,49129,UNION PIER,16201 RED ARROW HWY,UNION PIER,MI,49129,9479,,Y13012,P
CENTRAL,4J,MICHIGAN 2,493,49130,EDWARDSBURG,68926 CASS ST,EDWARDSBURG,MI,49112,7632,,Y11820,P
CENTRAL,4J,MICHIGAN 2,493,49130,UNION,15479 US HIGHWAY 12 APT A,UNION,MI,49130,8732,,Y13003,C
CENTRAL,4J,MICHIGAN 1,481,49201,JACKSON MI S&DC,1500 N ELM AVE,JACKSON,MI,49202,9910,,020564,4
CENTRAL,4J,MICHIGAN 1,481,49202,JACKSON MI S&DC,1500 N ELM AVE,JACKSON,MI,49202,9910,,020564,4
CENTRAL,4J,MICHIGAN 1,481,49203,JACKSON MI S&DC,1500 N ELM AVE,JACKSON,MI,49202,9910,,020564,4
CENTRAL,4J,MICHIGAN 1,481,49204,JACKSON,113 W MICHIGAN AVE LBBY,JACKSON,MI,49201,1386,P,Y12137,P
CENTRAL,4J,MICHIGAN 1,481,49220,ADDISON,103 S TALBOT ST,ADDISON,MI,49220,9998,,Y11316,P
CENTRAL,4J,MICHIGAN 1,481,49220,MANITOU BEACH CARRIER,103 S TALBOT ST,ADDISON,MI,49220,9904,,021419,Z
CENTRAL,4J,MICHIGAN 1,481,49221,ADRIAN,413 E MAUMEE ST,ADRIAN,MI,49221,9998,,Y11318,P
CENTRAL,4J,MICHIGAN 1,481,49224,ALBION,307 N SUPERIOR ST,ALBION,MI,49224,9998,,Y11327,P
CENTRAL,4J,MICHIGAN 1,481,49227,ALLEN,200 E CHICAGO RD,ALLEN,MI,49227,9998,,Y11332,P
CENTRAL,4J,MICHIGAN 1,481,49228,BLISSFIELD,302 S LANE ST,BLISSFIELD,MI,49228,9998,,Y11460,P
CENTRAL,4J,MICHIGAN 1,481,49229,BRITTON,209 E CHICAGO BLVD,BRITTON,MI,49229,9998,,Y11512,P
CENTRAL,4J,MICHIGAN 1,481,49230,BROOKLYN,235 N MAIN ST,BROOKLYN,MI,49230,9998,,Y11518,P
CENTRAL,4J,MICHIGAN 1,481,49232,CAMDEN,130 S MAIN ST,CAMDEN,MI,49232,9998,,Y11567,P
CENTRAL,4J,MICHIGAN 1,481,49232,READING,111 MICHIGAN ST,READING,MI,49274,9998,,Y12640,P
CENTRAL,4J,MICHIGAN 1,481,49233,BROOKLYN,235 N MAIN ST,BROOKLYN,MI,49230,9998,,Y11518,P
CENTRAL,4J,MICHIGAN 1,481,49233,CEMENT CITY,227 MAIN ST,CEMENT CITY,MI,49233,9998,,Y11604,P
CENTRAL,4J,MICHIGAN 1,481,49234,CLARKLAKE,208 HYDE RD,CLARKLAKE,MI,49234,9998,,Y11642,P
CENTRAL,4J,MICHIGAN 1,481,49234,JACKSON MI S&DC,1500 N ELM AVE,JACKSON,MI,49202,9910,,020564,4
CENTRAL,4J,MICHIGAN 1,481,49235,CLAYTON,3409 STATE ST,CLAYTON,MI,49235,9998,,Y11649,P
CENTRAL,4J,MICHIGAN 1,481,49236,CLINTON,123 E MICHIGAN AVE,CLINTON,MI,49236,9998,,Y11652,P
CENTRAL,4J,MICHIGAN 1,481,49237,ALBION,307 N SUPERIOR ST,ALBION,MI,49224,9998,,Y11327,P
CENTRAL,4J,MICHIGAN 1,481,49237,CONCORD,112 HOMER RD,CONCORD,MI,49237,9998,,Y11682,P
CENTRAL,4J,MICHIGAN 1,481,49238,DEERFIELD,123 WILLIAMS ST,DEERFIELD,MI,49238,9998,,Y11730,P
CENTRAL,4J,MICHIGAN 1,481,49238,PETERSBURG,55 PAHL MALL RD,PETERSBURG,MI,49270,9998,,Y12565,P
CENTRAL,4J,MICHIGAN 1,481,49239,FRONTIER,2342 E MONTGOMERY RD,FRONTIER,MI,49239,9998,P,Y11921,P
CENTRAL,4J,MICHIGAN 1,481,49240,GRASS LAKE,221 E MICHIGAN AVE,GRASS LAKE,MI,49240,9998,,Y11989,P
CENTRAL,4J,MICHIGAN 1,481,49240,JACKSON MI S&DC,1500 N ELM AVE,JACKSON,MI,49202,9910,,020564,4
CENTRAL,4J,MICHIGAN 1,481,49241,HANOVER,175 W MAIN ST,HANOVER,MI,49241,9998,,Y12031,P
CENTRAL,4J,MICHIGAN 1,481,49242,HILLSDALE,99 N BROAD ST,HILLSDALE,MI,49242,9998,,Y12078,P
CENTRAL,4J,MICHIGAN 1,481,49245,HOMER,110 W MAIN ST,HOMER,MI,49245,1024,,Y12083,P
CENTRAL,4J,MICHIGAN 1,481,49246,HORTON,220 MAIN ST,HORTON,MI,49246,9998,,Y12089,P
CENTRAL,4J,MICHIGAN 1,481,49247,HUDSON,401 W MAIN ST,HUDSON,MI,49247,9998,,Y12103,P
CENTRAL,4J,MICHIGAN 1,481,49248,JASPER,8520 S ADRIAN HWY,JASPER,MI,49248,9998,,Y12140,P
CENTRAL,4J,MICHIGAN 1,481,49249,JEROME,8650 N JEROME RD,JEROME,MI,49249,9998,,Y12144,P
CENTRAL,4J,MICHIGAN 1,481,49250,JONESVILLE,114 MAUMEE ST,JONESVILLE,MI,49250,9998,,Y12147,P
CENTRAL,4J,MICHIGAN 1,481,49251,LESLIE,170 S MAIN ST,LESLIE,MI,49251,9998,,Y12239,P
CENTRAL,4J,MICHIGAN 1,481,49252,HOMER,110 W MAIN ST,HOMER,MI,49245,1024,,Y12083,P
CENTRAL,4J,MICHIGAN 1,481,49252,LITCHFIELD,111 S CHICAGO ST,LITCHFIELD,MI,49252,9998,,Y12253,P
CENTRAL,4J,MICHIGAN 1,481,49253,ADDISON,103 S TALBOT ST,ADDISON,MI,49220,9998,,Y11316,P
CENTRAL,4J,MICHIGAN 1,481,49253,MANITOU BEACH CARRIER,103 S TALBOT ST,ADDISON,MI,49220,9904,,021419,Z
CENTRAL,4J,MICHIGAN 1,481,49254,MICHIGAN CENTER,122 BROAD ST,MICHIGAN CENTER,MI,49254,9998,,Y12374,P
CENTRAL,4J,MICHIGAN 1,481,49254,JACKSON MI S&DC,1500 N ELM AVE,JACKSON,MI,49202,9910,,020564,4
CENTRAL,4J,MICHIGAN 1,481,49255,MONTGOMERY,106 W HAKES ST,MONTGOMERY,MI,49255,9998,,Y12400,P
CENTRAL,4J,MICHIGAN 1,481,49256,MORENCI,126 W MAIN ST,MORENCI,MI,49256,9998,,Y12405,P
CENTRAL,4J,MICHIGAN 1,481,49258,MOSHERVILLE,11200 WINFIELD RD,MOSHERVILLE,MI,49258,9998,P,Y12409,P
CENTRAL,4J,MICHIGAN 1,481,49259,MUNITH,100 W 6TH ST,MUNITH,MI,49259,9998,,Y12425,P
CENTRAL,4J,MICHIGAN 1,481,49259,JACKSON MI S&DC,1500 N ELM AVE,JACKSON,MI,49202,9910,,020564,4
CENTRAL,4J,MICHIGAN 1,481,49261,NAPOLEON,125 AUSTIN RD,NAPOLEON,MI,49261,9998,P,Y12439,P
CENTRAL,4J,MICHIGAN 1,481,49262,NORTH ADAMS,114 W MAIN ST,NORTH ADAMS,MI,49262,9998,,Y12465,P
CENTRAL,4J,MICHIGAN 1,481,49263,NORVELL,105 E COMMERCIAL ST,NORVELL,MI,49263,9998,P,Y12488,P
CENTRAL,4J,MICHIGAN 1,481,49264,ONONDAGA,5555 OAK ST,ONONDAGA,MI,49264,9998,,Y12516,P
CENTRAL,4J,MICHIGAN 1,481,49265,ONSTED,110 E 3RD ST,ONSTED,MI,49265,9998,,Y12517,P
CENTRAL,4J,MICHIGAN 1,481,49266,OSSEO,5500 BEECHER RD,OSSEO,MI,49266,9998,,Y12528,P
CENTRAL,4J,MICHIGAN 1,481,49267,BLISSFIELD,302 S LANE ST,BLISSFIELD,MI,49228,9998,,Y11460,P
CENTRAL,4J,MICHIGAN 1,481,49267,OTTAWA LAKE,8425 BROWN ST,OTTAWA LAKE,MI,49267,9998,,Y12532,P
CENTRAL,4J,MICHIGAN 1,481,49268,PALMYRA,6380 PALMYRA RD,PALMYRA,MI,49268,9998,,Y12544,P
CENTRAL,4J,MICHIGAN 1,481,49269,PARMA,111 E MAIN ST,PARMA,MI,49269,9998,,Y12551,P
CENTRAL,4J,MICHIGAN 1,481,49269,JACKSON MI S&DC,1500 N ELM AVE,JACKSON,MI,49202,9910,,020564,4
CENTRAL,4J,MICHIGAN 1,481,49270,PETERSBURG,55 PAHL MALL RD,PETERSBURG,MI,49270,9998,,Y12565,P
CENTRAL,4J,MICHIGAN 1,481,49271,PITTSFORD,4448 S PITTSFORD RD,PITTSFORD,MI,49271,9998,,Y12577,P
CENTRAL,4J,MICHIGAN 1,481,49272,PLEASANT LAKE,11586 BUNKERHILL RD,PLEASANT LAKE,MI,49272,9998,,Y12582,P
CENTRAL,4J,MICHIGAN 1,481,49272,JACKSON MI S&DC,1500 N ELM AVE,JACKSON,MI,49202,9910,,020564,4
CENTRAL,4J,MICHIGAN 1,481,49274,READING,111 MICHIGAN ST,READING,MI,49274,9998,,Y12640,P
CENTRAL,4J,MICHIGAN 1,481,49276,RIGA,7512 RIGA HWY,RIGA,MI,49276,9998,,Y12661,P
CENTRAL,4J,MICHIGAN 1,481,49277,RIVES JUNCTION,3955 RIVES EATON RD,RIVES JUNCTION,MI,49277,9998,,Y12670,P
CENTRAL,4J,MICHIGAN 1,481,49279,SAND CREEK,6300 SAND CREEK HWY,SAND CREEK,MI,49279,9998,,Y12735,P
CENTRAL,4J,MICHIGAN 1,481,49282,SOMERSET CENTER,12631 E CHICAGO RD,SOMERSET CENTER,MI,49282,9998,,Y12799,P
CENTRAL,4J,MICHIGAN 1,481,49283,SPRING ARBOR,109 TEFT RD,SPRING ARBOR,MI,49283,9998,,Y12819,P
CENTRAL,4J,MICHIGAN 1,481,49283,JACKSON MI S&DC,1500 N ELM AVE,JACKSON,MI,49202,9910,,020564,4
CENTRAL,4J,MICHIGAN 1,481,49284,ALBION,307 N SUPERIOR ST,ALBION,MI,49224,9998,,Y11327,P
CENTRAL,4J,MICHIGAN 1,481,49284,SPRINGPORT,118 MECHANIC ST,SPRINGPORT,MI,49284,9998,,Y12824,P
CENTRAL,4J,MICHIGAN 1,481,49285,STOCKBRIDGE,117 N CLINTON ST,STOCKBRIDGE,MI,49285,9998,,Y12942,P
CENTRAL,4J,MICHIGAN 1,481,49286,TECUMSEH,320 E CHICAGO BLVD,TECUMSEH,MI,49286,9998,,Y12964,P
CENTRAL,4J,MICHIGAN 1,481,49287,TIPTON,3936 W MONROE RD,TIPTON,MI,49287,9998,,Y12974,P
CENTRAL,4J,MICHIGAN 1,481,49288,WALDRON,100 S MAIN ST,WALDRON,MI,49288,9998,,Y13049,P
CENTRAL,4J,MICHIGAN 1,481,49289,WESTON,4116 WESTON RD,WESTON,MI,49289,9998,P,Y13092,P
CENTRAL,4J,MICHIGAN 2,493,49301,ADA,7125 HEADLEY ST SE,ADA,MI,49301,9921,,Y11315,P
CENTRAL,4J,MICHIGAN 2,493,49302,ALTO,11525 KIRBY ST SE,ALTO,MI,49302,5103,,Y11345,P
CENTRAL,4J,MICHIGAN 2,493,49302,CALEDONIA,9339 CHERRY VALLEY AVE SE,CALEDONIA,MI,49316,0090,,Y11565,P
CENTRAL,4J,MICHIGAN 2,493,49303,BAILEY,17586 BAILEY RD,BAILEY,MI,49303,9772,,Y11391,P
CENTRAL,4J,MICHIGAN 2,493,49303,KENT CITY,60 S MAIN ST,KENT CITY,MI,49330,9901,,Y12169,P
CENTRAL,4J,MICHIGAN 2,493,49304,BALDWIN,513 MICHIGAN AVE,BALDWIN,MI,49304,7992,,Y11392,P
CENTRAL,4J,MICHIGAN 2,493,49305,BARRYTON,151 E NORTHERN AVE,BARRYTON,MI,49305,5117,,Y11401,P
CENTRAL,4J,MICHIGAN 2,493,49306,BELMONT,6220 BELMONT AVE NE,BELMONT,MI,49306,9910,,Y11428,P
CENTRAL,4J,MICHIGAN 2,493,49307,BIG RAPIDS,301 MAPLE ST,BIG RAPIDS,MI,49307,9998,,Y11450,P
CENTRAL,4J,MICHIGAN 2,493,49307,DIVISION STREET STATION,826 DIVISION ST,BIG RAPIDS,MI,49307,2230,,016373,S
CENTRAL,4J,MICHIGAN 2,493,49309,BITELY,10647 N BINGHAM AVE,BITELY,MI,49309,9264,,Y11456,P
CENTRAL,4J,MICHIGAN 2,493,49310,BLANCHARD,420 MAIN ST,BLANCHARD,MI,49310,9120,,Y11458,P
CENTRAL,4J,MICHIGAN 2,493,49310,REMUS,302 W WHEATLAND AVE,REMUS,MI,49340,9797,,Y12649,P
CENTRAL,4J,MICHIGAN 2,493,49311,BRADLEY,2910 10TH ST,BRADLEY,MI,49311,9800,P,Y11492,P
CENTRAL,4J,MICHIGAN 2,493,49312,WHITE CLOUD,1097 E WILCOX AVE,WHITE CLOUD,MI,49349,8794,P,Y13099,P
CENTRAL,4J,MICHIGAN 2,493,49314,BURNIPS,4273 30TH ST,BURNIPS,MI,49314,9800,P,Y11547,P
CENTRAL,4J,MICHIGAN 2,493,49315,BYRON CENTER,8350 BYRON CENTER AVE SW,BYRON CENTER,MI,49315,0167,,Y11560,P
CENTRAL,4J,MICHIGAN 2,493,49316,CALEDONIA,9339 CHERRY VALLEY AVE SE,CALEDONIA,MI,49316,0090,,Y11565,P
CENTRAL,4J,MICHIGAN 2,493,49317,CANNONSBURG,7825 CANNONSBURG RD NE,CANNONSBURG,MI,49317,9800,P,Y11573,P
CENTRAL,4J,MICHIGAN 2,493,49318,CASNOVIA,87 N MAIN ST,CASNOVIA,MI,49318,8702,,Y11592,P
CENTRAL,4J,MICHIGAN 2,493,49318,KENT CITY,60 S MAIN ST,KENT CITY,MI,49330,9901,,Y12169,P
CENTRAL,4J,MICHIGAN 2,493,49319,CEDAR SPRINGS,36 E CHERRY ST,CEDAR SPRINGS,MI,49319,5131,,Y11602,P
CENTRAL,4J,MICHIGAN 2,493,49319,ROCKFORD CARRIER ANNEX,241 ROCKFORD PARK DR NE,ROCKFORD,MI,49341,8277,,001416,4
CENTRAL,4J,MICHIGAN 2,493,49320,CHIPPEWA LAKE,10510 DWIGHT ST,CHIPPEWA LAKE,MI,49320,9800,P,Y11634,P
CENTRAL,4J,MICHIGAN 2,493,49321,COMSTOCK PARK,3913 LELAND AVE NW,COMSTOCK PARK,MI,49321,9800,,Y11680,P
CENTRAL,4J,MICHIGAN 2,493,49322,CORAL,4726 N BAILEY RD,CORAL,MI,49322,5100,,Y11696,P
CENTRAL,4J,MICHIGAN 2,493,49322,HOWARD CITY,107 E EDGERTON ST,HOWARD CITY,MI,49329,5114,,Y12095,P
CENTRAL,4J,MICHIGAN 2,493,49323,DORR,1841 142ND AVE,DORR,MI,49323,5100,,Y11754,P
CENTRAL,4J,MICHIGAN 2,493,49325,FREEPORT,162 DIVISION ST,FREEPORT,MI,49325,5100,,Y11917,P
CENTRAL,4J,MICHIGAN 2,493,49326,GOWEN,2922 OAK ST,GOWEN,MI,49326,9648,,Y11967,P
CENTRAL,4J,MICHIGAN 2,493,49327,GRANT,79 W PINE ST,GRANT,MI,49327,9117,,Y11986,P
CENTRAL,4J,MICHIGAN 2,493,49327,NEWAYGO,136 W WOOD ST,NEWAYGO,MI,49337,8991,,Y12458,P
CENTRAL,4J,MICHIGAN 2,493,49328,HOPKINS,107 W MAIN ST,HOPKINS,MI,49328,9575,,Y12087,P
CENTRAL,4J,MICHIGAN 2,493,49328,WAYLAND,325 RENO DR,WAYLAND,MI,49348,1278,,Y13077,P
CENTRAL,4J,MICHIGAN 2,493,49329,HOWARD CITY,107 E EDGERTON ST,HOWARD CITY,MI,49329,5114,,Y12095,P
CENTRAL,4J,MICHIGAN 2,493,49330,KENT CITY,60 S MAIN ST,KENT CITY,MI,49330,9901,,Y12169,P
CENTRAL,4J,MICHIGAN 2,493,49331,LOWELL,120 N BROADWAY ST,LOWELL,MI,49331,9998,,Y12270,P
CENTRAL,4J,MICHIGAN 2,493,49332,MECOSTA,250 W MAIN ST,MECOSTA,MI,49332,9697,,Y12335,P
CENTRAL,4J,MICHIGAN 2,493,49332,REMUS,302 W WHEATLAND AVE,REMUS,MI,49340,9797,,Y12649,P
CENTRAL,4J,MICHIGAN 2,493,49333,MIDDLEVILLE,220 S BROADWAY ST,MIDDLEVILLE,MI,49333,9145,,Y12378,P
CENTRAL,4J,MICHIGAN 2,493,49335,MOLINE,1229 144TH AVE,MOLINE,MI,49335,9800,P,Y12397,P
CENTRAL,4J,MICHIGAN 2,493,49336,MORLEY,123 S CASS ST,MORLEY,MI,49336,9205,,Y12406,P
CENTRAL,4J,MICHIGAN 2,493,49337,NEWAYGO,136 W WOOD ST,NEWAYGO,MI,49337,8991,,Y12458,P
CENTRAL,4J,MICHIGAN 2,493,49338,PARIS,21159 NORTHLAND DR,PARIS,MI,49338,9475,,Y12548,P
CENTRAL,4J,MICHIGAN 2,493,49338,DIVISION STREET STATION,826 DIVISION ST,BIG RAPIDS,MI,49307,2230,,016373,S
CENTRAL,4J,MICHIGAN 2,493,49339,PIERSON,7 S 4TH ST,PIERSON,MI,49339,9800,,Y12570,P
CENTRAL,4J,MICHIGAN 2,493,49339,SAND LAKE,20 E MAPLE ST,SAND LAKE,MI,49343,9800,,Y12736,P
CENTRAL,4J,MICHIGAN 2,493,49340,REMUS,302 W WHEATLAND AVE,REMUS,MI,49340,9797,,Y12649,P
CENTRAL,4J,MICHIGAN 2,493,49341,ROCKFORD,57 COURTLAND ST,ROCKFORD,MI,49341,9998,,Y12674,P
CENTRAL,4J,MICHIGAN 2,493,49341,ROCKFORD CARRIER ANNEX,241 ROCKFORD PARK DR NE,ROCKFORD,MI,49341,8277,,001416,4
CENTRAL,4J,MICHIGAN 2,493,49342,RODNEY,12190 MCKINLEY RD,RODNEY,MI,49342,9807,,Y12677,P
CENTRAL,4J,MICHIGAN 2,493,49342,DIVISION STREET STATION,826 DIVISION ST,BIG RAPIDS,MI,49307,2230,,016373,S
CENTRAL,4J,MICHIGAN 2,493,49343,SAND LAKE,20 E MAPLE ST,SAND LAKE,MI,49343,9800,,Y12736,P
CENTRAL,4J,MICHIGAN 2,493,49344,SHELBYVILLE,90 124TH AVE,SHELBYVILLE,MI,49344,9765,,Y12771,P
CENTRAL,4J,MICHIGAN 2,493,49345,SPARTA,34 E DIVISION ST,SPARTA,MI,49345,9998,,Y12817,P
CENTRAL,4J,MICHIGAN 2,493,49346,STANWOOD,7551 NORTHLAND DR,STANWOOD,MI,49346,8926,,Y12930,P
CENTRAL,4J,MICHIGAN 2,493,49347,SAND LAKE,20 E MAPLE ST,SAND LAKE,MI,49343,9800,,Y12736,P
CENTRAL,4J,MICHIGAN 2,493,49347,TRUFANT,113 W 2ND ST,TRUFANT,MI,49347,9615,,Y12992,P
CENTRAL,4J,MICHIGAN 2,493,49348,WAYLAND,325 RENO DR,WAYLAND,MI,49348,1278,,Y13077,P
CENTRAL,4J,MICHIGAN 2,493,49349,WHITE CLOUD,1097 E WILCOX AVE,WHITE CLOUD,MI,49349,8794,,Y13099,P
CENTRAL,4J,MICHIGAN 2,493,49401,ALLENDALE,6370 LAKE MICHIGAN DR STE 800,ALLENDALE,MI,49401,8078,,Y11334,P
CENTRAL,4J,MICHIGAN 2,493,49402,BRANCH,11952 W US HIGHWAY 10,BRANCH,MI,49402,5100,,Y11494,P
CENTRAL,4J,MICHIGAN 2,493,49403,CONKLIN,19701 MAIN ST,CONKLIN,MI,49403,9800,,Y11684,P
CENTRAL,4J,MICHIGAN 2,493,49403,RAVENNA,12521 CROCKERY CREEK DR,RAVENNA,MI,49451,5100,,Y12634,P
CENTRAL,4J,MICHIGAN 2,493,49404,COOPERSVILLE,314 CENTER ST,COOPERSVILLE,MI,49404,9998,,Y11691,P
CENTRAL,4J,MICHIGAN 2,493,49405,CUSTER,9 S MADISON AVE,CUSTER,MI,49405,9611,,Y11715,P
CENTRAL,4J,MICHIGAN 2,493,49405,SCOTTVILLE,202 S MAIN ST,SCOTTVILLE,MI,49454,9998,,Y12753,P
CENTRAL,4J,MICHIGAN 2,493,49406,DOUGLAS,70 CENTER ST,DOUGLAS,MI,49406,5110,P,Y11755,P
CENTRAL,4J,MICHIGAN 2,493,49408,FENNVILLE,100 W MAIN ST,FENNVILLE,MI,49408,9218,,Y11866,P
CENTRAL,4J,MICHIGAN 2,493,49409,FERRYSBURG,110 4TH ST,FERRYSBURG,MI,49409,9800,P,Y11871,P
CENTRAL,4J,MICHIGAN 2,493,49410,FOUNTAIN,5016 N CLEVELAND ST,FOUNTAIN,MI,49410,9800,,Y11901,P
CENTRAL,4J,MICHIGAN 2,493,49411,FOUNTAIN,5016 N CLEVELAND ST,FOUNTAIN,MI,49410,9800,,Y11901,P
CENTRAL,4J,MICHIGAN 2,493,49411,FREE SOIL,2650 E MICHIGAN ST,FREE SOIL,MI,49411,9681,,Y11914,P
CENTRAL,4J,MICHIGAN 2,493,49412,FREMONT,19 S DIVISION AVE,FREMONT,MI,49412,9998,,Y11918,P
CENTRAL,4J,MICHIGAN 2,493,49415,FRUITPORT,53 N 3RD AVE,FRUITPORT,MI,49415,0259,,Y11922,P
CENTRAL,4J,MICHIGAN 2,493,49417,GRAND HAVEN,324 WASHINGTON AVE STE 1,GRAND HAVEN,MI,49417,9998,,Y11972,P
CENTRAL,4J,MICHIGAN 2,493,49418,JENISON,408 CHICAGO DR,JENISON,MI,49428,9243,,Y12143,P
CENTRAL,4J,MICHIGAN 2,493,49419,HAMILTON,4668 PINE ST,HAMILTON,MI,49419,9019,,Y12027,P
CENTRAL,4J,MICHIGAN 2,493,49420,HART,135 S STATE ST,HART,MI,49420,9998,,Y12047,P
CENTRAL,4J,MICHIGAN 2,493,49421,HESPERIA,100 W MICHIGAN AVE,HESPERIA,MI,49421,8609,,Y12065,P
CENTRAL,4J,MICHIGAN 2,493,49422,HOLLAND,190 E 8TH ST,HOLLAND,MI,49423,9998,P,Y12079,P
CENTRAL,4J,MICHIGAN 2,493,49423,HOLLAND,190 E 8TH ST,HOLLAND,MI,49423,9998,,Y12079,P
CENTRAL,4J,MICHIGAN 2,493,49424,HOLLAND,190 E 8TH ST,HOLLAND,MI,49423,9998,,Y12079,P
CENTRAL,4J,MICHIGAN 2,493,49425,HOLTON,8779 HOLTON DUCK LAKE RD,HOLTON,MI,49425,7540,,Y12082,P
CENTRAL,4J,MICHIGAN 2,493,49425,TWIN LAKE,6034 EAST ST,TWIN LAKE,MI,49457,9808,,Y12996,P
CENTRAL,4J,MICHIGAN 2,493,49426,HUDSONVILLE,3333 CENTRAL BLVD,HUDSONVILLE,MI,49426,9998,,Y12105,P
CENTRAL,4J,MICHIGAN 2,493,49427,JAMESTOWN,3209 24TH AVE,JAMESTOWN,MI,49427,9800,P,Y12138,P
CENTRAL,4J,MICHIGAN 2,493,49428,JENISON,408 CHICAGO DR,JENISON,MI,49428,9243,,Y12143,P
CENTRAL,4J,MICHIGAN 2,493,49429,JENISON,408 CHICAGO DR,JENISON,MI,49428,9243,P,Y12143,P
CENTRAL,4J,MICHIGAN 2,493,49430,LAMONT,4521 LEONARD RD,LAMONT,MI,49430,9800,P,Y12217,P
CENTRAL,4J,MICHIGAN 2,493,49431,LUDINGTON,201 E LUDINGTON AVE,LUDINGTON,MI,49431,9998,,Y12273,P
CENTRAL,4J,MICHIGAN 2,493,49434,HOLLAND,190 E 8TH ST,HOLLAND,MI,49423,9998,P,Y12079,P
CENTRAL,4J,MICHIGAN 2,493,49435,COOPERSVILLE,314 CENTER ST,COOPERSVILLE,MI,49404,9998,,Y11691,P
CENTRAL,4J,MICHIGAN 2,493,49435,MARNE,14614 STATE ST,MARNE,MI,49435,5112,,Y12318,P
CENTRAL,4J,MICHIGAN 2,493,49436,HART,135 S STATE ST,HART,MI,49420,9998,,Y12047,P
CENTRAL,4J,MICHIGAN 2,493,49436,MEARS,5666 W FOX RD,MEARS,MI,49436,9565,,Y12334,P
CENTRAL,4J,MICHIGAN 2,493,49437,MONTAGUE,8761 FERRY ST,MONTAGUE,MI,49437,1394,,Y12399,P
CENTRAL,4J,MICHIGAN 2,493,49440,MUSKEGON,800 1ST ST,MUSKEGON,MI,49440,9998,,Y12426,P
CENTRAL,4J,MICHIGAN 2,493,49441,MUSKEGON,800 1ST ST,MUSKEGON,MI,49440,9998,,Y12426,P
CENTRAL,4J,MICHIGAN 2,493,49442,MUSKEGON,800 1ST ST,MUSKEGON,MI,49440,9998,,Y12426,P
CENTRAL,4J,MICHIGAN 2,493,49443,MUSKEGON,800 1ST ST,MUSKEGON,MI,49440,9998,P,Y12426,P
CENTRAL,4J,MICHIGAN 2,493,49444,MUSKEGON HEIGHTS,2517 PECK ST,MUSKEGON,MI,49444,9998,,Y12427,B
CENTRAL,4J,MICHIGAN 2,493,49445,MUSKEGON,800 1ST ST,MUSKEGON,MI,49440,9998,,Y12426,P
CENTRAL,4J,MICHIGAN 2,493,49445,NORTH MUSKEGON,404 CENTER ST,MUSKEGON,MI,49445,2488,,Y12471,B
CENTRAL,4J,MICHIGAN 2,493,49446,NEW ERA,4695 1ST ST,NEW ERA,MI,49446,5101,,Y12451,P
CENTRAL,4J,MICHIGAN 2,493,49446,SHELBY,210 N MICHIGAN AVE,SHELBY,MI,49455,9998,,Y12768,P
CENTRAL,4J,MICHIGAN 2,493,49448,COOPERSVILLE,314 CENTER ST,COOPERSVILLE,MI,49404,9998,,Y11691,P
CENTRAL,4J,MICHIGAN 2,493,49448,NUNICA,16980 MAIN ST,NUNICA,MI,49448,5113,,Y12494,P
CENTRAL,4J,MICHIGAN 2,493,49449,PENTWATER,91 S HANCOCK ST,PENTWATER,MI,49449,8900,,Y12560,P
CENTRAL,4J,MICHIGAN 2,493,49450,FENNVILLE,100 W MAIN ST,FENNVILLE,MI,49408,9218,,Y11866,P
CENTRAL,4J,MICHIGAN 2,493,49450,PULLMAN,887 56TH ST,PULLMAN,MI,49450,9739,,Y12619,P
CENTRAL,4J,MICHIGAN 2,493,49451,RAVENNA,12521 CROCKERY CREEK DR,RAVENNA,MI,49451,5100,,Y12634,P
CENTRAL,4J,MICHIGAN 2,493,49452,ROTHBURY,2854 W WINSTON RD,ROTHBURY,MI,49452,9721,,Y12694,P
CENTRAL,4J,MICHIGAN 2,493,49453,SAUGATUCK,434 BUTLER ST,SAUGATUCK,MI,49453,9498,,Y12742,P
CENTRAL,4J,MICHIGAN 2,493,49454,SCOTTVILLE,202 S MAIN ST,SCOTTVILLE,MI,49454,9998,,Y12753,P
CENTRAL,4J,MICHIGAN 2,493,49455,SHELBY,210 N MICHIGAN AVE,SHELBY,MI,49455,9998,,Y12768,P
CENTRAL,4J,MICHIGAN 2,493,49456,SPRING LAKE,211 W EXCHANGE ST,SPRING LAKE,MI,49456,9998,,Y12820,P
CENTRAL,4J,MICHIGAN 2,493,49457,TWIN LAKE,6034 EAST ST,TWIN LAKE,MI,49457,9808,,Y12996,P
CENTRAL,4J,MICHIGAN 2,493,49458,WALHALLA,6635 E US HIGHWAY 10,WALHALLA,MI,49458,9800,P,Y13053,P
CENTRAL,4J,MICHIGAN 2,493,49459,WALKERVILLE,132 E LAUREL ST,WALKERVILLE,MI,49459,5101,,Y13056,P
CENTRAL,4J,MICHIGAN 2,493,49460,WEST OLIVE,8600 146TH AVE,WEST OLIVE,MI,49460,9673,,Y13089,P
CENTRAL,4J,MICHIGAN 2,493,49461,MONTAGUE,8761 FERRY ST,MONTAGUE,MI,49437,1394,,Y12399,P
CENTRAL,4J,MICHIGAN 2,493,49461,WHITEHALL,203 S MEARS AVE,WHITEHALL,MI,49461,9998,,Y13104,P
CENTRAL,4J,MICHIGAN 2,493,49463,SYLVAN BEACH,5959 MURRAY RD,WHITEHALL,MI,49461,9456,P,Y13045,C
CENTRAL,4J,MICHIGAN 2,493,49464,ZEELAND,155 E MAIN AVE,ZEELAND,MI,49464,9998,,Y13140,P
CENTRAL,4J,MICHIGAN 2,493,49464,ZEELAND CARRIER ANNEX,20 N CHURCH ST,ZEELAND,MI,49464,1220,,001571,4
CENTRAL,4J,MICHIGAN 2,493,49468,GRANDVILLE,2939 WILSON AVE SW,GRANDVILLE,MI,49418,9998,P,Y11984,P
CENTRAL,4J,MICHIGAN 2,493,49501,GRAND RAPIDS,225 MICHIGAN ST NW,GRAND RAPIDS,MI,49501,9901,P,Y11979,P
CENTRAL,4J,MICHIGAN 2,493,49503,GRAND RIVER CARRIER ANNEX,630 DIVISION AVE S,GRAND RAPIDS,MI,49503,5109,,016311,4
CENTRAL,4J,MICHIGAN 2,493,49504,NORTHWEST,1625 WALKER AVE NW,GRAND RAPIDS,MI,49504,9998,,Y12485,S
CENTRAL,4J,MICHIGAN 2,493,49505,NORTHEAST,1765 3 MILE RD NE,GRAND RAPIDS,MI,49505,9998,,Y18432,S
CENTRAL,4J,MICHIGAN 2,493,49506,EASTOWN,1451 LAKE DR SE,GRAND RAPIDS,MI,49506,9998,,Y11562,S
CENTRAL,4J,MICHIGAN 2,493,49507,GRAND RIVER CARRIER ANNEX,630 DIVISION AVE S,GRAND RAPIDS,MI,49503,5109,,016311,4
CENTRAL,4J,MICHIGAN 2,493,49508,EAST PARIS,3970 S GREENBROOKE DR SE,GRAND RAPIDS,MI,49512,5455,,001875,B
CENTRAL,4J,MICHIGAN 2,493,49509,WYOMING,2929 MICHAEL AVE SW,WYOMING,MI,49509,9998,,Y13131,B
CENTRAL,4J,MICHIGAN 2,493,49509,ROGERS PLAZA,1026 28TH ST SW,WYOMING,MI,49509,9997,,001623,S
CENTRAL,4J,MICHIGAN 2,493,49510,SEYMOUR SQUARE,2017 EASTERN AVE SE STE A,GRAND RAPIDS,MI,49507,3200,P,Y12764,S
CENTRAL,4J,MICHIGAN 2,493,49512,EAST PARIS,3970 S GREENBROOKE DR SE,GRAND RAPIDS,MI,49512,5455,,001875,B
CENTRAL,4J,MICHIGAN 2,493,49514,NORTHWEST,1625 WALKER AVE NW,GRAND RAPIDS,MI,49504,9998,P,Y12485,S
CENTRAL,4J,MICHIGAN 2,493,49515,NORTHEAST,1765 3 MILE RD NE,GRAND RAPIDS,MI,49505,9998,P,Y18432,S
CENTRAL,4J,MICHIGAN 2,493,49516,EASTOWN,1451 LAKE DR SE,GRAND RAPIDS,MI,49506,9998,P,Y11562,S
CENTRAL,4J,MICHIGAN 2,493,49518,KENTWOOD,1680 44TH ST SE,GRAND RAPIDS,MI,49508,9998,P,Y12173,B
CENTRAL,4J,MICHIGAN 2,493,49519,WYOMING,2929 MICHAEL AVE SW,WYOMING,MI,49509,9998,,Y13131,B
CENTRAL,4J,MICHIGAN 2,493,49523,LEDYARD,120 MONROE CENTER ST NW,GRAND RAPIDS,MI,49503,2802,P,Y12229,S
CENTRAL,4J,MICHIGAN 2,493,49525,NORTHEAST,1765 3 MILE RD NE,GRAND RAPIDS,MI,49505,9998,,Y18432,S
CENTRAL,4J,MICHIGAN 2,493,49528,CENTERPOINTE POSTAL STORE,3665 28TH ST SE STE 6F,GRAND RAPIDS,MI,49512,1689,P,003991,S
CENTRAL,4J,MICHIGAN 2,493,49534,NORTHWEST,1625 WALKER AVE NW,GRAND RAPIDS,MI,49504,9998,,Y12485,S
CENTRAL,4J,MICHIGAN 2,493,49544,NORTHWEST,1625 WALKER AVE NW,GRAND RAPIDS,MI,49504,9998,,Y12485,S
CENTRAL,4J,MICHIGAN 2,493,49546,EAST PARIS,3970 S GREENBROOKE DR SE,GRAND RAPIDS,MI,49512,5455,,001875,B
CENTRAL,4J,MICHIGAN 2,493,49548,KENTWOOD,1680 44TH ST SE,GRAND RAPIDS,MI,49508,9998,,Y12173,B
CENTRAL,4J,MICHIGAN 2,493,49588,EAST PARIS,3970 S GREENBROOKE DR SE,GRAND RAPIDS,MI,49512,5455,P,001875,B
CENTRAL,4J,MICHIGAN 2,493,49601,CADILLAC,118 E HARRIS ST,CADILLAC,MI,49601,9998,,Y11563,P
CENTRAL,4J,MICHIGAN 2,493,49610,ACME,3585 BUNKER HILL RD,ACME,MI,49610,9800,P,Y11314,P
CENTRAL,4J,MICHIGAN 2,493,49611,ALBA,3995 2ND ST,ALBA,MI,49611,9800,P,Y11326,P
CENTRAL,4J,MICHIGAN 2,493,49612,ALDEN,9095 HELENA RD,ALDEN,MI,49612,9800,,Y11328,P
CENTRAL,4J,MICHIGAN 2,493,49613,ARCADIA,3294 LAKE ST,ARCADIA,MI,49613,5121,,Y11356,P
CENTRAL,4J,MICHIGAN 2,493,49614,BEAR LAKE,7777 MAIN ST,BEAR LAKE,MI,49614,5123,,Y11413,P
CENTRAL,4J,MICHIGAN 2,493,49615,BELLAIRE,110 N BRIDGE ST,BELLAIRE,MI,49615,5105,,Y11424,P
CENTRAL,4J,MICHIGAN 2,493,49616,BENZONIA,1035 MICHIGAN AVE,BENZONIA,MI,49616,9800,,Y11432,P
CENTRAL,4J,MICHIGAN 2,493,49617,BENZONIA,1035 MICHIGAN AVE,BENZONIA,MI,49616,9800,,Y11432,P
CENTRAL,4J,MICHIGAN 2,493,49617,BEULAH,246 S BENZIE BLVD,BEULAH,MI,49617,9412,,Y11446,P
CENTRAL,4J,MICHIGAN 2,493,49618,BOON,209 S HASKINS RD,BOON,MI,49618,9663,,Y11472,P
CENTRAL,4J,MICHIGAN 2,493,49618,HARRIETTA,108 S DAVIS ST,HARRIETTA,MI,49638,5110,,Y12040,P
CENTRAL,4J,MICHIGAN 2,493,49619,BRETHREN,14125 COATES HWY,BRETHREN,MI,49619,5124,,Y11501,P
CENTRAL,4J,MICHIGAN 2,493,49620,BUCKLEY,100 E WEXFORD AVE,BUCKLEY,MI,49620,5107,,Y11543,P
CENTRAL,4J,MICHIGAN 2,493,49621,CEDAR,2989 E BELLINGER RD,CEDAR,MI,49621,9648,,Y11598,P
CENTRAL,4J,MICHIGAN 2,493,49622,CENTRAL LAKE,7956 E STATE ST,CENTRAL LAKE,MI,49622,9803,,Y11609,P
CENTRAL,4J,MICHIGAN 2,493,49623,CHASE,6958 S DEPOT ST,CHASE,MI,49623,9800,,Y11620,P
CENTRAL,4J,MICHIGAN 2,493,49625,COPEMISH,18772 MAPLE ST,COPEMISH,MI,49625,9530,,Y11693,P
CENTRAL,4J,MICHIGAN 2,493,49625,THOMPSONVILLE,14799 THOMPSON AVE,THOMPSONVILLE,MI,49683,9800,,Y12970,P
CENTRAL,4J,MICHIGAN 2,493,49626,EASTLAKE,298 1ST ST,EASTLAKE,MI,49626,9800,P,Y11804,P
CENTRAL,4J,MICHIGAN 2,493,49627,EASTPORT,12037 BAKER ST,EASTPORT,MI,49627,9800,P,Y11809,P
CENTRAL,4J,MICHIGAN 2,493,49628,ELBERTA,655 FRANKFORT AVE,ELBERTA,MI,49628,9800,P,Y11822,P
CENTRAL,4J,MICHIGAN 2,493,49629,ELK RAPIDS,105 RIVER ST,ELK RAPIDS,MI,49629,9604,,Y11823,P
CENTRAL,4J,MICHIGAN 2,493,49630,EMPIRE,10234 W FRONT ST,EMPIRE,MI,49630,5106,,Y11835,P
CENTRAL,4J,MICHIGAN 2,493,49631,EVART,240 N MAIN ST,EVART,MI,49631,5102,,Y11845,P
CENTRAL,4J,MICHIGAN 2,493,49632,FALMOUTH,6520 S MAIN ST,FALMOUTH,MI,49632,9805,,Y11851,P
CENTRAL,4J,MICHIGAN 2,493,49633,FIFE LAKE,113 OAK ST,FIFE LAKE,MI,49633,9800,,Y11873,P
CENTRAL,4J,MICHIGAN 2,493,49635,FRANKFORT,615 MAIN ST,FRANKFORT,MI,49635,9806,,Y11909,P
CENTRAL,4J,MICHIGAN 2,493,49636,GLEN ARBOR,6456 WESTERN AVE,GLEN ARBOR,MI,49636,5101,,Y11945,P
CENTRAL,4J,MICHIGAN 2,493,49637,GRAWN,1568 STATE ST,GRAWN,MI,49637,9462,,Y11993,P
CENTRAL,4J,MICHIGAN 2,493,49637,INTERLOCHEN,9508 9TH ST,INTERLOCHEN,MI,49643,9806,,Y12124,P
CENTRAL,4J,MICHIGAN 2,493,49638,HARRIETTA,108 S DAVIS ST,HARRIETTA,MI,49638,5110,,Y12040,P
CENTRAL,4J,MICHIGAN 2,493,49639,HERSEY,102 S MAIN ST,HERSEY,MI,49639,5115,,Y12064,P
CENTRAL,4J,MICHIGAN 2,493,49640,HONOR,10982 MAIN ST,HONOR,MI,49640,9800,,Y12084,P
CENTRAL,4J,MICHIGAN 2,493,49642,IDLEWILD,812 E ESSEX,IDLEWILD,MI,49642,9770,,Y12115,P
CENTRAL,4J,MICHIGAN 2,493,49643,INTERLOCHEN,9508 9TH ST,INTERLOCHEN,MI,49643,9806,,Y12124,P
CENTRAL,4J,MICHIGAN 2,493,49644,IRONS,5574 W 10 1/2 MILE RD,IRONS,MI,49644,9160,,Y12131,P
CENTRAL,4J,MICHIGAN 2,493,49645,KALEVA,14424 WUOKSI AVE,KALEVA,MI,49645,5102,,Y12155,P
CENTRAL,4J,MICHIGAN 2,493,49646,KALKASKA,105 W 3RD ST,KALKASKA,MI,49646,5107,,Y12156,P
CENTRAL,4J,MICHIGAN 2,493,49648,KEWADIN,7292 CAIRN HWY,KEWADIN,MI,49648,9782,,Y12175,P
CENTRAL,4J,MICHIGAN 2,493,49649,KINGSLEY,201 S BROWNSON AVE,KINGSLEY,MI,49649,5104,,Y12183,P
CENTRAL,4J,MICHIGAN 2,493,49650,LAKE ANN,19614 MAPLE ST,LAKE ANN,MI,49650,9543,,Y12196,P
CENTRAL,4J,MICHIGAN 2,493,49651,LAKE CITY,121 E JOHN ST,LAKE CITY,MI,49651,9800,,Y12197,P
CENTRAL,4J,MICHIGAN 2,493,49653,LAKE LEELANAU,115 N ST JOSEPH ST,LAKE LEELANAU,MI,49653,8428,,Y12202,P
CENTRAL,4J,MICHIGAN 2,493,49654,LELAND,122 N MAIN ST,LELAND,MI,49654,5049,,Y12230,P
CENTRAL,4J,MICHIGAN 2,493,49655,LEROY,106 W GILBERT ST,LEROY,MI,49655,5123,,Y12238,P
CENTRAL,4J,MICHIGAN 2,493,49656,LUTHER,207 STATE ST,LUTHER,MI,49656,9803,,Y12278,P
CENTRAL,4J,MICHIGAN 2,493,49657,MC BAIN,104 N ROLAND ST,MC BAIN,MI,49657,9683,,Y12329,P
CENTRAL,4J,MICHIGAN 2,493,49659,MANCELONA,115 N WILLIAMS ST,MANCELONA,MI,49659,7908,,Y12300,P
CENTRAL,4J,MICHIGAN 2,493,49660,MANISTEE,35 FILER ST,MANISTEE,MI,49660,9998,,Y12302,P
CENTRAL,4J,MICHIGAN 2,493,49663,MANTON,128 W MAIN ST,MANTON,MI,49663,9800,,Y12305,P
CENTRAL,4J,MICHIGAN 2,493,49664,MAPLE CITY,8621 S MAPLE CITY RD,MAPLE CITY,MI,49664,8771,,Y12308,P
CENTRAL,4J,MICHIGAN 2,493,49665,MARION,216 E MAIN ST,MARION,MI,49665,9605,,Y12315,P
CENTRAL,4J,MICHIGAN 2,493,49666,MAYFIELD,4044 S GARFIELD RD,MAYFIELD,MI,49666,9800,P,Y12327,P
CENTRAL,4J,MICHIGAN 2,493,49667,MERRITT,329 S MERRITT RD,MERRITT,MI,49667,9758,,Y12357,P
CENTRAL,4J,MICHIGAN 2,493,49668,MESICK,340 W MESICK AVE,MESICK,MI,49668,9258,,Y12358,P
CENTRAL,4J,MICHIGAN 2,493,49670,NORTHPORT,117 E NAGONABA ST,NORTHPORT,MI,49670,5017,,Y12479,P
CENTRAL,4J,MICHIGAN 2,493,49673,OLD MISSION,4007 SWANEY RD,OLD MISSION,MI,49673,9800,P,Y12507,P
CENTRAL,4J,MICHIGAN 2,493,49674,OMENA,5059 N WEST BAYSHORE DR,OMENA,MI,49674,9800,P,Y12512,P
CENTRAL,4J,MICHIGAN 2,493,49675,ONEKAMA,8311 MILL ST,ONEKAMA,MI,49675,9800,,Y12515,P
CENTRAL,4J,MICHIGAN 2,493,49676,RAPID CITY,8310 RAPID CITY RD NW,RAPID CITY,MI,49676,9804,,Y12630,P
CENTRAL,4J,MICHIGAN 2,493,49677,REED CITY,232 W UPTON AVE,REED CITY,MI,49677,9998,,Y12644,P
CENTRAL,4J,MICHIGAN 2,493,49679,EVART,240 N MAIN ST,EVART,MI,49631,5102,,Y11845,P
CENTRAL,4J,MICHIGAN 2,493,49679,SEARS,5843 50TH AVE,SEARS,MI,49679,9800,,Y12755,P
CENTRAL,4J,MICHIGAN 2,493,49680,KALKASKA,105 W 3RD ST,KALKASKA,MI,49646,5107,,Y12156,P
CENTRAL,4J,MICHIGAN 2,493,49680,SOUTH BOARDMAN,5408 BOARDMAN RD SW,SOUTH BOARDMAN,MI,49680,8517,,Y12803,P
CENTRAL,4J,MICHIGAN 2,493,49682,SUTTONS BAY,106 W BROADWAY,SUTTONS BAY,MI,49682,9800,,Y12955,P
CENTRAL,4J,MICHIGAN 2,493,49683,THOMPSONVILLE,14799 THOMPSON AVE,THOMPSONVILLE,MI,49683,9800,,Y12970,P
CENTRAL,4J,MICHIGAN 2,493,49684,TRAVERSE CITY,202 S UNION ST,TRAVERSE CITY,MI,49684,9998,,Y12983,P
CENTRAL,4J,MICHIGAN 2,493,49685,TRAVERSE CITY,202 S UNION ST,TRAVERSE CITY,MI,49684,9998,,Y12983,P
CENTRAL,4J,MICHIGAN 2,493,49686,BARLOW,1756 BARLOW ST,TRAVERSE CITY,MI,49686,5907,,Y18633,B
CENTRAL,4J,MICHIGAN 2,493,49688,TUSTIN,120 E CHURCH ST,TUSTIN,MI,49688,5128,,Y12995,P
CENTRAL,4J,MICHIGAN 2,493,49689,WELLSTON,17114 6TH ST,WELLSTON,MI,49689,9802,,Y13084,P
CENTRAL,4J,MICHIGAN 2,493,49690,WILLIAMSBURG,8344 OLD M 72,WILLIAMSBURG,MI,49690,9701,,Y13110,P
CENTRAL,4J,MICHIGAN 2,493,49696,BARLOW,1756 BARLOW ST,TRAVERSE CITY,MI,49686,5907,,Y18633,B
CENTRAL,4J,MICHIGAN 2,493,49701,MACKINAW CITY,306 E CENTRAL AVE,MACKINAW CITY,MI,49701,9801,,Y12290,P
CENTRAL,4J,MICHIGAN 2,493,49705,AFTON,498 M 68 HWY,AFTON,MI,49705,5101,,Y11319,P
CENTRAL,4J,MICHIGAN 2,493,49706,ALANSON,6263 RIVER ST,ALANSON,MI,49706,9206,,Y11324,P
CENTRAL,4J,MICHIGAN 2,493,49707,ALPENA,350 N 2ND AVE,ALPENA,MI,49707,9998,,Y11343,P
CENTRAL,4J,MICHIGAN 2,493,49709,ATLANTA,12606 STATE ST,ATLANTA,MI,49709,9648,,Y11368,P
CENTRAL,4J,MICHIGAN 2,493,49710,BARBEAU,15005 S RIVERSIDE DR,BARBEAU,MI,49710,9800,,Y11398,P
CENTRAL,4J,MICHIGAN 2,493,49712,BOYNE CITY,301 WATER ST,BOYNE CITY,MI,49712,9998,,Y11474,P
CENTRAL,4J,MICHIGAN 2,493,49712,BOYNE CITY DPOBU,430 N LAKE ST,BOYNE CITY,MI,49712,1104,,009346,6
CENTRAL,4J,MICHIGAN 2,493,49713,BOYNE FALLS,2543 CENTER ST,BOYNE FALLS,MI,49713,5104,,Y11475,P
CENTRAL,4J,MICHIGAN 2,493,49715,BRIMLEY,6981 S M 221,BRIMLEY,MI,49715,8202,,Y11511,P
CENTRAL,4J,MICHIGAN 2,493,49716,ALANSON,6263 RIVER ST,ALANSON,MI,49706,9206,,Y11324,P
CENTRAL,4J,MICHIGAN 2,493,49717,BURT LAKE,10501 E WEST RESORT RD,BURT LAKE,MI,49717,9800,P,Y11552,P
CENTRAL,4J,MICHIGAN 2,493,49718,CARP LAKE,6496 PARADISE TRL,CARP LAKE,MI,49718,9400,,Y11581,P
CENTRAL,4J,MICHIGAN 2,493,49719,CEDARVILLE,124 BEACH ST,CEDARVILLE,MI,49719,9800,,Y11603,P
CENTRAL,4J,MICHIGAN 2,493,49720,CHARLEVOIX,6700 M 66 N,CHARLEVOIX,MI,49720,9623,,Y11618,P
CENTRAL,4J,MICHIGAN 2,493,49721,CHEBOYGAN,200 N MAIN ST,CHEBOYGAN,MI,49721,9998,,Y11623,P
CENTRAL,4J,MICHIGAN 2,493,49722,CONWAY,3459 N US 31,CONWAY,MI,49722,9800,P,Y11688,P
CENTRAL,4J,MICHIGAN 2,493,49723,CROSS VILLAGE,6340 N LAKE SHORE DR,CROSS VILLAGE,MI,49723,9800,P,Y11706,P
CENTRAL,4J,MICHIGAN 2,493,49724,DAFTER,3082 W 10 MILE RD,DAFTER,MI,49724,9520,,Y11717,P
CENTRAL,4J,MICHIGAN 2,493,49724,KINCHELOE,4800 W M 80,KINCHELOE,MI,49788,1645,,Y12180,B
CENTRAL,4J,MICHIGAN 2,493,49725,DE TOUR VILLAGE,136 N ONTARIO ST,DE TOUR VILLAGE,MI,49725,5010,,Y11724,P
CENTRAL,4J,MICHIGAN 2,493,49726,DRUMMOND ISLAND,29726 E SOMES RD,DRUMMOND ISLAND,MI,49726,9702,,Y11770,P
CENTRAL,4J,MICHIGAN 2,493,49727,EAST JORDAN,103 2ND ST,EAST JORDAN,MI,49727,5130,,Y11796,P
CENTRAL,4J,MICHIGAN 2,493,49728,ECKERMAN,9925 S SHELDON RD,ECKERMAN,MI,49728,5100,,Y11815,P
CENTRAL,4J,MICHIGAN 2,493,49729,ELLSWORTH,9284 MAIN ST,ELLSWORTH,MI,49729,9800,,Y11826,P
CENTRAL,4J,MICHIGAN 2,493,49730,GAYLORD,289 W COMMERCE BLVD,GAYLORD,MI,49735,9998,,Y11933,P
CENTRAL,4J,MICHIGAN 2,493,49733,FREDERIC,6450 OLD 27 N,FREDERIC,MI,49733,8734,,Y11913,P
CENTRAL,4J,MICHIGAN 2,493,49734,GAYLORD,289 W COMMERCE BLVD,GAYLORD,MI,49735,9998,P,Y11933,P
CENTRAL,4J,MICHIGAN 2,493,49735,GAYLORD,289 W COMMERCE BLVD,GAYLORD,MI,49735,9998,,Y11933,P
CENTRAL,4J,MICHIGAN 2,493,49736,GOETZVILLE,18001 E M 48,GOETZVILLE,MI,49736,8302,,Y11956,P
CENTRAL,4J,MICHIGAN 2,493,49737,GOOD HART,1075 N LAKE SHORE DR,HARBOR SPRINGS,MI,49740,9119,P,Y11961,C
CENTRAL,4J,MICHIGAN 2,493,49738,GRAYLING,300 E MICHIGAN AVE,GRAYLING,MI,49738,9998,,Y11994,P
CENTRAL,4J,MICHIGAN 2,493,49740,HARBOR SPRINGS,250 STATE ST,HARBOR SPRINGS,MI,49740,9998,,Y12035,P
CENTRAL,4J,MICHIGAN 2,493,49740,CPU HARBOR POINT ASSOCIATION,200 HARBOR PT,HARBOR SPRINGS,MI,49740,1473,,007525,5
CENTRAL,4J,MICHIGAN 2,493,49743,HAWKS,8129 F-21 HWY,HAWKS,MI,49743,8724,,Y12055,P
CENTRAL,4J,MICHIGAN 2,493,49744,ALPENA,350 N 2ND AVE,ALPENA,MI,49707,9998,,Y11343,P
CENTRAL,4J,MICHIGAN 2,493,49744,HERRON,10084 M 32 W,HERRON,MI,49744,9790,,Y12063,P
CENTRAL,4J,MICHIGAN 2,493,49745,HESSEL,3042 LAKE ST,HESSEL,MI,49745,9801,,Y12066,P
CENTRAL,4J,MICHIGAN 2,493,49746,HILLMAN,111 N STATE ST,HILLMAN,MI,49746,8275,,Y12077,P
CENTRAL,4J,MICHIGAN 2,493,49747,HUBBARD LAKE,13818 HUBBARD LAKE RD,HUBBARD LAKE,MI,49747,9564,,Y12100,P
CENTRAL,4J,MICHIGAN 2,493,49748,HULBERT,10395 S MAPLE ST,HULBERT,MI,49748,9800,P,Y12107,P
CENTRAL,4J,MICHIGAN 2,493,49749,INDIAN RIVER,6095 LAKE ST,INDIAN RIVER,MI,49749,9800,,Y12121,P
CENTRAL,4J,MICHIGAN 2,493,49749,INDIAN RIVER DPOBU,9040 OLD TRAIL LN,INDIAN RIVER,MI,49749,9002,,009351,6
CENTRAL,4J,MICHIGAN 2,493,49751,JOHANNESBURG,10701 M 32 E,JOHANNESBURG,MI,49751,9448,,Y12145,P
CENTRAL,4J,MICHIGAN 2,493,49751,JOHANNESBURG DPOBU,1079 M 32,JOHANNESBURG,MI,49751,9590,,009344,6
CENTRAL,4J,MICHIGAN 2,493,49752,KINROSS,16901 S HASSETT DR,KINROSS,MI,49752,9800,,Y12185,P
CENTRAL,4J,MICHIGAN 2,493,49753,LACHINE,2292 M 65 N,LACHINE,MI,49753,9606,,Y12190,P
CENTRAL,4J,MICHIGAN 2,493,49755,LEVERING,5912 ROBINSON ST,LEVERING,MI,49755,9800,,Y12240,P
CENTRAL,4J,MICHIGAN 2,493,49756,LEWISTON,4165 SALLING AVE,LEWISTON,MI,49756,9800,,Y12241,P
CENTRAL,4J,MICHIGAN 2,493,49757,MACKINAC ISLAND,7316 MARKET ST,MACKINAC ISLAND,MI,49757,9800,P,Y12288,P
CENTRAL,4J,MICHIGAN 2,493,49759,MILLERSBURG,5316 MAIN ST,MILLERSBURG,MI,49759,9435,,Y12390,P
CENTRAL,4J,MICHIGAN 2,493,49760,MORAN,N4050 STATE ROUTE 123,MORAN,MI,49760,9803,,Y12404,P
CENTRAL,4J,MICHIGAN 2,493,49761,MULLETT LAKE,7221 MULLETT LAKE RD,MULLETT LAKE,MI,49761,9800,P,Y12421,P
CENTRAL,4J,MICHIGAN 2,493,49762,NAUBINWAY,W11631 US HIGHWAY 2,NAUBINWAY,MI,49762,5116,,Y12445,P
CENTRAL,4J,MICHIGAN 2,493,49764,ODEN,8841 MAIN ST,ODEN,MI,49764,9800,P,Y12502,P
CENTRAL,4J,MICHIGAN 2,493,49765,ONAWAY,20675 STATE ST,ONAWAY,MI,49765,5115,,Y12514,P
CENTRAL,4J,MICHIGAN 2,493,49766,OSSINEKE,11926 US HIGHWAY 23 S,OSSINEKE,MI,49766,9588,,Y12529,P
CENTRAL,4J,MICHIGAN 2,493,49768,PARADISE,8196 N M 123,PARADISE,MI,49768,9802,,Y12546,P
CENTRAL,4J,MICHIGAN 2,493,49769,PELLSTON,146 STIMPSON ST,PELLSTON,MI,49769,9802,,Y12558,P
CENTRAL,4J,MICHIGAN 2,493,49770,CPU BAY VIEW,26 PARK AVE,PETOSKEY,MI,49770,9813,,Y11411,5
CENTRAL,4J,MICHIGAN 2,493,49770,PETOSKEY,318 STATE ST,PETOSKEY,MI,49770,9998,,Y12566,P
CENTRAL,4J,MICHIGAN 2,493,49774,PICKFORD,160 E MAIN ST,PICKFORD,MI,49774,8935,,Y12569,P
CENTRAL,4J,MICHIGAN 2,493,49775,CHEBOYGAN,200 N MAIN ST,CHEBOYGAN,MI,49721,9998,,Y11623,P
CENTRAL,4J,MICHIGAN 2,493,49775,POINTE AUX PINS,469 SIOUX AVE,POINTE AUX PINS,MI,49775,5000,,Y12588,P
CENTRAL,4J,MICHIGAN 2,493,49776,POSEN,10993 MICHIGAN AVE,POSEN,MI,49776,9800,,Y12604,P
CENTRAL,4J,MICHIGAN 2,493,49777,PRESQUE ISLE,8133 E GRAND LAKE RD,PRESQUE ISLE,MI,49777,8630,,Y12611,P
CENTRAL,4J,MICHIGAN 2,493,49779,ROGERS CITY,188 N THIRD ST,ROGERS CITY,MI,49779,9998,,Y12678,P
CENTRAL,4J,MICHIGAN 2,493,49780,KINCHELOE,4800 W M 80,KINCHELOE,MI,49788,1645,,Y12180,B
CENTRAL,4J,MICHIGAN 2,493,49780,RUDYARD,19018 S MACKINAC TRL,RUDYARD,MI,49780,9533,,Y12701,P
CENTRAL,4J,MICHIGAN 2,493,49781,SAINT IGNACE,310 S STATE ST,SAINT IGNACE,MI,49781,9998,,Y12723,P
CENTRAL,4J,MICHIGAN 2,493,49782,BEAVER ISLAND,26135 MAIN ST,BEAVER ISLAND,MI,49782,5106,,Y11416,P
CENTRAL,4J,MICHIGAN 2,493,49783,SAULT SAINTE MARIE,161 RIDGE ST,SAULT SAINTE MARIE,MI,49783,9998,,Y12743,P
CENTRAL,4J,MICHIGAN 2,493,49788,KINCHELOE,4800 W M 80,KINCHELOE,MI,49788,1645,,Y12180,B
CENTRAL,4J,MICHIGAN 2,493,49791,TOPINABEE,1593 N STRAITS HWY,TOPINABEE,MI,49791,9800,P,Y12976,P
CENTRAL,4J,MICHIGAN 2,493,49793,TROUT LAKE,100 MAPLE ST,TROUT LAKE,MI,49793,9800,P,Y12990,P
CENTRAL,4J,MICHIGAN 2,493,49795,VANDERBILT,534 E MAIN ST,VANDERBILT,MI,49795,9784,,Y13022,P
CENTRAL,4J,MICHIGAN 2,493,49796,WALLOON LAKE,4149 STATE ST,WALLOON LAKE,MI,49796,9800,P,Y13061,P
CENTRAL,4J,MICHIGAN 2,493,49797,WATERS,10568 OTSEGOLAND RD,WATERS,MI,49797,9800,P,Y13072,P
CENTRAL,4J,MICHIGAN 2,493,49799,WOLVERINE,12966 S STRAITS HWY,WOLVERINE,MI,49799,9743,,Y13119,P
CENTRAL,4J,MICHIGAN 2,493,49801,IRON MOUNTAIN,101 W LUDINGTON ST,IRON MOUNTAIN,MI,49801,9998,,Y12129,P
CENTRAL,4J,MICHIGAN 2,493,49802,IRON MOUNTAIN,101 W LUDINGTON ST,IRON MOUNTAIN,MI,49801,9998,,Y12129,P
CENTRAL,4J,MICHIGAN 2,493,49802,KINGSFORD,700 W BREITUNG AVE,KINGSFORD,MI,49802,9997,,004190,B
CENTRAL,4J,MICHIGAN 2,493,49805,CALUMET,201 6TH ST,CALUMET,MI,49913,9998,,Y11566,P
CENTRAL,4J,MICHIGAN 2,493,49806,AU TRAIN,N7589 ARBUTUS ST,AU TRAIN,MI,49806,9667,,Y11375,P
CENTRAL,4J,MICHIGAN 2,493,49807,BARK RIVER,1316 OLD HIGHWAY 2 41,BARK RIVER,MI,49807,9501,,Y11399,P
CENTRAL,4J,MICHIGAN 2,493,49808,BIG BAY,505 HOFFMAN ST,BIG BAY,MI,49808,9800,P,Y11449,P
CENTRAL,4J,MICHIGAN 2,493,49812,CARNEY,211 N US HIGHWAY 41,CARNEY,MI,49812,9756,,Y11579,P
CENTRAL,4J,MICHIGAN 2,493,49814,CHAMPION,3953 US HIGHWAY 41 W,CHAMPION,MI,49814,9490,,Y11616,P
CENTRAL,4J,MICHIGAN 2,493,49815,CHANNING,601 RAILROAD AVE,CHANNING,MI,49815,9755,,Y11617,P
CENTRAL,4J,MICHIGAN 2,493,49816,CHATHAM,E3735 MUNISING ST,CHATHAM,MI,49816,9679,,Y11622,P
CENTRAL,4J,MICHIGAN 2,493,49817,COOKS,1131S COUNTY ROAD 442,COOKS,MI,49817,9513,,Y11689,P
CENTRAL,4J,MICHIGAN 2,493,49818,CORNELL,9845 BONEY FALLS H RD,CORNELL,MI,49818,9528,,Y11697,P
CENTRAL,4J,MICHIGAN 2,493,49818,ESCANABA,2525 1ST AVE N,ESCANABA,MI,49829,9998,,Y11839,P
CENTRAL,4J,MICHIGAN 2,493,49820,CURTIS,W17194 MAIN ST,CURTIS,MI,49820,9637,,Y11714,P
CENTRAL,4J,MICHIGAN 2,493,49821,DAGGETT,125 W SCHOOL RD,DAGGETT,MI,49821,8503,,Y11718,P
CENTRAL,4J,MICHIGAN 2,493,49822,AU TRAIN,N7589 ARBUTUS ST,AU TRAIN,MI,49806,9667,,Y11375,P
CENTRAL,4J,MICHIGAN 2,493,49825,EBEN JUNCTION,E2895 STATE HIGHWAY M94,EBEN JUNCTION,MI,49825,9800,P,Y11814,P
CENTRAL,4J,MICHIGAN 2,493,49827,ENGADINE,104 MELVILLE ST,ENGADINE,MI,49827,9769,,Y11836,P
CENTRAL,4J,MICHIGAN 2,493,49829,ESCANABA,2525 1ST AVE N,ESCANABA,MI,49829,9998,,Y11839,P
CENTRAL,4J,MICHIGAN 2,493,49831,FELCH,W4243 STATE HIGHWAY M69,FELCH,MI,49831,9800,,Y11860,P
CENTRAL,4J,MICHIGAN 2,493,49833,GWINN,95 N PINE ST,GWINN,MI,49841,9998,P,Y12019,P
CENTRAL,4J,MICHIGAN 2,493,49834,BARK RIVER,1316 OLD HIGHWAY 2 41,BARK RIVER,MI,49807,9501,,Y11399,P
CENTRAL,4J,MICHIGAN 2,493,49835,GARDEN,6353 STATE ST,GARDEN,MI,49835,9732,,Y11929,P
CENTRAL,4J,MICHIGAN 2,493,49836,GERMFASK,1220 KNAGGS ST,GERMFASK,MI,49836,9800,,Y11938,P
CENTRAL,4J,MICHIGAN 2,493,49837,ESCANABA,2525 1ST AVE N,ESCANABA,MI,49829,9998,,Y11839,P
CENTRAL,4J,MICHIGAN 2,493,49837,GLADSTONE,1003 DELTA AVE,GLADSTONE,MI,49837,9998,,Y11943,P
CENTRAL,4J,MICHIGAN 2,493,49838,GOULD CITY,N6116 S GOULD CITY RD,GOULD CITY,MI,49838,9800,,Y11966,P
CENTRAL,4J,MICHIGAN 2,493,49839,GRAND MARAIS,E21815 GRAND MARAIS AVE,GRAND MARAIS,MI,49839,9801,P,Y11977,P
CENTRAL,4J,MICHIGAN 2,493,49840,GULLIVER,2926W US HIGHWAY 2,GULLIVER,MI,49840,9025,,Y12018,P
CENTRAL,4J,MICHIGAN 2,493,49841,GWINN,95 N PINE ST,GWINN,MI,49841,9998,,Y12019,P
CENTRAL,4J,MICHIGAN 2,493,49845,HARRIS,W555 US HIGHWAY 2 41,HARRIS,MI,49845,9800,P,Y12041,P
CENTRAL,4J,MICHIGAN 2,493,49847,HERMANSVILLE,W5444 2ND ST,HERMANSVILLE,MI,49847,9400,,Y12062,P
CENTRAL,4J,MICHIGAN 2,493,49847,POWERS,W3804 US HIGHWAY 2/41,POWERS,MI,49874,9793,,Y12607,P
CENTRAL,4J,MICHIGAN 2,493,49848,INGALLS,N7303 US HIGHWAY 41,INGALLS,MI,49848,9228,,Y12122,P
CENTRAL,4J,MICHIGAN 2,493,49849,ISHPEMING,211 N 2ND ST,ISHPEMING,MI,49849,9998,,Y12133,P
CENTRAL,4J,MICHIGAN 2,493,49853,MC MILLAN,22579 STATE HIGHWAY M28,MC MILLAN,MI,49853,9800,,Y12330,P
CENTRAL,4J,MICHIGAN 2,493,49853,NEWBERRY,216 E JOHN ST,NEWBERRY,MI,49868,9998,,Y12459,P
CENTRAL,4J,MICHIGAN 2,493,49854,MANISTIQUE,301 S CEDAR ST,MANISTIQUE,MI,49854,9998,,Y12303,P
CENTRAL,4J,MICHIGAN 2,493,49855,MARQUETTE,202 W WASHINGTON ST STE 1,MARQUETTE,MI,49855,9998,,Y12319,P
CENTRAL,4J,MICHIGAN 2,493,49858,MENOMINEE,801 11TH ST,MENOMINEE,MI,49858,9998,,Y12355,P
CENTRAL,4J,MICHIGAN 2,493,49861,MICHIGAMME,113 W MAIN ST,MICHIGAMME,MI,49861,9800,,Y12369,P
CENTRAL,4J,MICHIGAN 2,493,49862,MUNISING,220 ELM AVE,MUNISING,MI,49862,9998,,Y12424,P
CENTRAL,4J,MICHIGAN 2,493,49863,NADEAU,N13755 1ST ST,NADEAU,MI,49863,9800,P,Y12437,P
CENTRAL,4J,MICHIGAN 2,493,49866,ISHPEMING,211 N 2ND ST,ISHPEMING,MI,49849,9998,,Y12133,P
CENTRAL,4J,MICHIGAN 2,493,49866,NEGAUNEE,304 W CASE ST,NEGAUNEE,MI,49866,9998,,Y12447,P
CENTRAL,4J,MICHIGAN 2,493,49868,NEWBERRY,216 E JOHN ST,NEWBERRY,MI,49868,9998,,Y12459,P
CENTRAL,4J,MICHIGAN 2,493,49870,IRON MOUNTAIN,101 W LUDINGTON ST,IRON MOUNTAIN,MI,49801,9998,,Y12129,P
CENTRAL,4J,MICHIGAN 2,493,49870,NORWAY,520 MAIN ST,NORWAY,MI,49870,9998,,Y12489,P
CENTRAL,4J,MICHIGAN 2,493,49871,PALMER,100 NICHOLAS AVE,PALMER,MI,49871,9800,P,Y12542,P
CENTRAL,4J,MICHIGAN 2,493,49872,PERKINS,11892 STATE HIGHWAY M35,PERKINS,MI,49872,9800,P,Y12561,P
CENTRAL,4J,MICHIGAN 2,493,49873,BARK RIVER,1316 OLD HIGHWAY 2 41,BARK RIVER,MI,49807,9501,,Y11399,P
CENTRAL,4J,MICHIGAN 2,493,49873,PERRONVILLE,W625 STATE HIGHWAY M69,PERRONVILLE,MI,49873,9111,,Y12563,P
CENTRAL,4J,MICHIGAN 2,493,49874,POWERS,W3804 US HIGHWAY 2/41,POWERS,MI,49874,9793,,Y12607,P
CENTRAL,4J,MICHIGAN 2,493,49876,IRON MOUNTAIN,101 W LUDINGTON ST,IRON MOUNTAIN,MI,49801,9998,,Y12129,P
CENTRAL,4J,MICHIGAN 2,493,49876,QUINNESEC,1214 QUINNESEC ST,QUINNESEC,MI,49876,9519,,Y12622,P
CENTRAL,4J,MICHIGAN 2,493,49878,RAPID RIVER,10467 S MAIN ST,RAPID RIVER,MI,49878,9334,,Y12633,P
CENTRAL,4J,MICHIGAN 2,493,49879,REPUBLIC,415 2ND ST,REPUBLIC,MI,49879,9400,,Y12652,P
CENTRAL,4J,MICHIGAN 2,493,49880,ROCK,3980 W MAPLE RIDGE 37TH RD,ROCK,MI,49880,9474,,Y12673,P
CENTRAL,4J,MICHIGAN 2,493,49881,CHANNING,601 RAILROAD AVE,CHANNING,MI,49815,9755,,Y11617,P
CENTRAL,4J,MICHIGAN 2,493,49881,SAGOLA,302 1ST ST,SAGOLA,MI,49881,9738,,Y12715,P
CENTRAL,4J,MICHIGAN 2,493,49883,SENEY,10790N GRAND ST,SENEY,MI,49883,9800,,Y12762,P
CENTRAL,4J,MICHIGAN 2,493,49884,SHINGLETON,E12503 STATE HIGHWAY M28,SHINGLETON,MI,49884,9657,,Y12777,P
CENTRAL,4J,MICHIGAN 2,493,49885,SKANDIA,224 KREIGER DR,SKANDIA,MI,49885,9456,,Y12786,P
CENTRAL,4J,MICHIGAN 2,493,49886,SPALDING,N16118 CEDAR ST,SPALDING,MI,49886,9747,,Y12816,P
CENTRAL,4J,MICHIGAN 2,493,49887,STEPHENSON,W520 SAMUEL ST,STEPHENSON,MI,49887,8947,,Y12934,P
CENTRAL,4J,MICHIGAN 2,493,49891,TRENARY,E2993 STATE HIGHWAY M67,TRENARY,MI,49891,9624,,Y12986,P
CENTRAL,4J,MICHIGAN 2,493,49892,IRON MOUNTAIN,101 W LUDINGTON ST,IRON MOUNTAIN,MI,49801,9998,,Y12129,P
CENTRAL,4J,MICHIGAN 2,493,49892,VULCAN,W4994 CENTRAL BLVD,VULCAN,MI,49892,5100,,Y13035,P
CENTRAL,4J,MICHIGAN 2,493,49893,STEPHENSON,W520 SAMUEL ST,STEPHENSON,MI,49887,8947,,Y12934,P
CENTRAL,4J,MICHIGAN 2,493,49893,WALLACE,N5965 US HIGHWAY 41,WALLACE,MI,49893,9385,,Y13058,P
CENTRAL,4J,MICHIGAN 2,493,49894,WELLS,5659 MAIN ST,WELLS,MI,49894,9754,,Y13083,P
CENTRAL,4J,MICHIGAN 2,493,49895,WETMORE,E9714 STATE HIGHWAY M28,WETMORE,MI,49895,9088,,Y13097,P
CENTRAL,4J,MICHIGAN 2,493,49896,BARK RIVER,1316 OLD HIGHWAY 2 41,BARK RIVER,MI,49807,9501,,Y11399,P
CENTRAL,4J,MICHIGAN 2,493,49896,WILSON,W2261 US HIGHWAY 2 41,WILSON,MI,49896,9603,,Y13116,P
CENTRAL,4J,MICHIGAN 2,493,49901,AHMEEK,2 VIVIAN ST,AHMEEK,MI,49901,9800,P,Y11320,P
CENTRAL,4J,MICHIGAN 2,493,49902,ALPHA,405 MAIN ST,ALPHA,MI,49902,9800,P,Y11344,P
CENTRAL,4J,MICHIGAN 2,493,49903,AMASA,209 MAPLE AVE,AMASA,MI,49903,9800,P,Y11346,P
CENTRAL,4J,MICHIGAN 2,493,49905,ATLANTIC MINE,46920 ERICKSON DR,ATLANTIC MINE,MI,49905,9800,,Y11369,P
CENTRAL,4J,MICHIGAN 2,493,49905,HOUGHTON,701 SHELDEN AVE,HOUGHTON,MI,49931,9998,,Y12091,P
CENTRAL,4J,MICHIGAN 2,493,49908,BARAGA,404 US HIGHWAY 41 N,BARAGA,MI,49908,9628,,Y11397,P
CENTRAL,4J,MICHIGAN 2,493,49908,LANSE,120 N MAIN ST,LANSE,MI,49946,9998,,Y12218,P
CENTRAL,4J,MICHIGAN 2,493,49910,BERGLAND,107 PINE ST,BERGLAND,MI,49910,9500,,Y11433,P
CENTRAL,4J,MICHIGAN 2,493,49911,BESSEMER,212 S SOPHIE ST,BESSEMER,MI,49911,9998,,Y11444,P
CENTRAL,4J,MICHIGAN 2,493,49911,IRONWOOD,100 E AYER ST,IRONWOOD,MI,49938,9998,,Y12132,P
CENTRAL,4J,MICHIGAN 2,493,49912,BRUCE CROSSING,13944 US HIGHWAY 45,BRUCE CROSSING,MI,49912,9802,,Y11536,P
CENTRAL,4J,MICHIGAN 2,493,49913,CALUMET,201 6TH ST,CALUMET,MI,49913,9998,,Y11566,P
CENTRAL,4J,MICHIGAN 2,493,49913,LAURIUM,75 3RD ST,LAURIUM,MI,49913,2120,,Y12224,B
CENTRAL,4J,MICHIGAN 2,493,49915,CASPIAN,300 E CASPIAN AVE,CASPIAN,MI,49915,9800,P,Y11593,P
CENTRAL,4J,MICHIGAN 2,493,49916,CHASSELL,41951 WILSON MEMORIAL DR,CHASSELL,MI,49916,9021,,Y11621,P
CENTRAL,4J,MICHIGAN 2,493,49917,COPPER CITY,212 MOHAWK ST,COPPER CITY,MI,49917,9800,P,Y11694,P
CENTRAL,4J,MICHIGAN 2,493,49918,COPPER HARBOR,230 GRATIOT ST,COPPER HARBOR,MI,49918,9802,P,Y11695,C
CENTRAL,4J,MICHIGAN 2,493,49919,COVINGTON,25387 US HIGHWAY 141,COVINGTON,MI,49919,9042,,Y11704,P
CENTRAL,4J,MICHIGAN 2,493,49920,CRYSTAL FALLS,501 SUPERIOR AVE,CRYSTAL FALLS,MI,49920,1443,,Y11710,P
CENTRAL,4J,MICHIGAN 2,493,49922,DOLLAR BAY,48694 MAIN ST,DOLLAR BAY,MI,49922,9800,P,Y11753,P
CENTRAL,4J,MICHIGAN 2,493,49925,EWEN,106 S CEDAR ST,EWEN,MI,49925,9755,,Y11846,P
CENTRAL,4J,MICHIGAN 2,493,49927,GAASTRA,12 2ND ST,GAASTRA,MI,49927,9700,,Y11924,P
CENTRAL,4J,MICHIGAN 2,493,49929,GREENLAND,311 PLANK RD,GREENLAND,MI,49929,9800,P,Y12001,P
CENTRAL,4J,MICHIGAN 2,493,49930,HANCOCK,221 QUINCY ST,HANCOCK,MI,49930,1816,,Y12030,P
CENTRAL,4J,MICHIGAN 2,493,49930,HOUGHTON,701 SHELDEN AVE,HOUGHTON,MI,49931,9998,,Y12091,P
CENTRAL,4J,MICHIGAN 2,493,49931,HOUGHTON,701 SHELDEN AVE,HOUGHTON,MI,49931,9998,,Y12091,P
CENTRAL,4J,MICHIGAN 2,493,49934,HUBBELL,52210 DUNCAN AVE,HUBBELL,MI,49934,9800,P,Y12102,P
CENTRAL,4J,MICHIGAN 2,493,49935,IRON RIVER,425 W GENESEE ST,IRON RIVER,MI,49935,9998,,Y12130,P
CENTRAL,4J,MICHIGAN 2,493,49938,IRONWOOD,100 E AYER ST,IRONWOOD,MI,49938,9998,,Y12132,P
CENTRAL,4J,MICHIGAN 2,493,49945,CALUMET,201 6TH ST,CALUMET,MI,49913,9998,,Y11566,P
CENTRAL,4J,MICHIGAN 2,493,49945,LAKE LINDEN,600 CALUMET ST,LAKE LINDEN,MI,49945,9998,,Y12203,P
CENTRAL,4J,MICHIGAN 2,493,49946,LANSE,120 N MAIN ST,LANSE,MI,49946,9998,,Y12218,P
CENTRAL,4J,MICHIGAN 2,493,49947,MARENISCO,306 HALL ST,MARENISCO,MI,49947,9600,,Y12313,P
CENTRAL,4J,MICHIGAN 2,493,49948,MASS CITY,1315 ADVENTURE AVE,MASS CITY,MI,49948,9611,,Y12324,P
CENTRAL,4J,MICHIGAN 2,493,49950,CALUMET,201 6TH ST,CALUMET,MI,49913,9998,,Y11566,P
CENTRAL,4J,MICHIGAN 2,493,49950,MOHAWK,78 MOHAWK ST,MOHAWK,MI,49950,9800,,Y12396,P
CENTRAL,4J,MICHIGAN 2,493,49952,NISULA,9350 STATE HIGHWAY M38,NISULA,MI,49952,9600,,Y12462,P
CENTRAL,4J,MICHIGAN 2,493,49953,ONTONAGON,207 COPPER ST,ONTONAGON,MI,49953,9998,,Y12518,P
CENTRAL,4J,MICHIGAN 2,493,49955,PAINESDALE,43012 GOODELL AVE,PAINESDALE,MI,49955,9800,P,Y12541,P
CENTRAL,4J,MICHIGAN 2,493,49958,PELKIE,15370 PELKIE RD,PELKIE,MI,49958,9800,,Y12557,P
CENTRAL,4J,MICHIGAN 2,493,49959,RAMSAY,10335 MILL ST,RAMSAY,MI,49959,8100,P,Y12628,P
CENTRAL,4J,MICHIGAN 2,493,49960,ROCKLAND,86 NATIONAL AVE,ROCKLAND,MI,49960,9800,P,Y12675,P
CENTRAL,4J,MICHIGAN 2,493,49961,SIDNAW,13640 E STATE HIGHWAY M28,SIDNAW,MI,49961,9800,P,Y12780,P
CENTRAL,4J,MICHIGAN 2,493,49962,SKANEE,13120 TOWN RD,SKANEE,MI,49962,9800,,Y12787,P
CENTRAL,4J,MICHIGAN 2,493,49963,SOUTH RANGE,5 BALTIC AVE,SOUTH RANGE,MI,49963,9800,P,Y12809,P
CENTRAL,4J,MICHIGAN 2,493,49964,STAMBAUGH,201 WASHINGTON AVE,STAMBAUGH,MI,49964,9800,P,Y12926,P
CENTRAL,4J,MICHIGAN 2,493,49965,TOIVOLA,19 STATE HIGHWAY M26,TOIVOLA,MI,49965,9800,,Y12975,P
CENTRAL,4J,MICHIGAN 2,493,49967,TROUT CREEK,153 DIVISION ST,TROUT CREEK,MI,49967,9300,,Y12989,P
CENTRAL,4J,MICHIGAN 2,493,49968,WAKEFIELD,409 HANCOCK ST,WAKEFIELD,MI,49968,9998,,Y13048,P
CENTRAL,4J,MICHIGAN 2,493,49969,WATERSMEET,N4708 MAIN ST,WATERSMEET,MI,49969,9600,,Y13073,P
CENTRAL,4J,MICHIGAN 2,493,49970,WATTON,11729 STATE HIGHWAY M28,WATTON,MI,49970,9800,,Y13076,P
CENTRAL,4J,MICHIGAN 2,493,49971,WHITE PINE,303 MINERAL RIVER PLZ,WHITE PINE,MI,49971,9800,P,Y13102,P
