area_name,area_code,district_name,district_no,delivery_zipcode,locale_name,physical_delivery_address,physical_city,physical_state,physical_zip,physical_zip4,zip_class_code,locale_key,locale_type
CENTRAL,4J,KS-MO,630,63005,CHESTERFIELD,16105 SWINGLEY RIDGE RD,CHESTERFIELD,MO,63017,9998,,W16165,P
CENTRAL,4J,KS-MO,630,63006,CHESTERFIELD,16105 SWINGLEY RIDGE RD,CHESTERFIELD,MO,63017,9998,P,W16165,P
CENTRAL,4J,KS-MO,630,63006,TOWN AND COUNTRY,1100 TOWN AND COUNTRY COMMONS DR,CHESTERFIELD,MO,63017,9997,P,W18459,B
CENTRAL,4J,KS-MO,630,63010,ARNOLD,2184 MICHIGAN AVE,ARNOLD,MO,63010,9934,,W15741,P
CENTRAL,4J,KS-MO,630,63011,BALLWIN,15455 MANCHESTER RD,BALLWIN,MO,63011,9998,,W15781,P
CENTRAL,4J,KS-MO,630,63011,MANCHESTER,613 BIG BEND RD,MANCHESTER,MO,63021,9998,,018355,B
CENTRAL,4J,KS-MO,630,63012,BARNHART,1635 MARRIOTT LN,BARNHART,MO,63012,9998,,W15787,P
CENTRAL,4J,KS-MO,630,63012,IMPERIAL,6035 W OUTER RD,IMPERIAL,MO,63052,9998,,W16833,P
CENTRAL,4J,KS-MO,630,63013,BEAUFORT,6611 HIGHWAY 185,BEAUFORT,MO,63013,9998,,W15796,P
CENTRAL,4J,KS-MO,630,63014,BERGER,211 MARKET ST,BERGER,MO,63014,9998,,W15831,P
CENTRAL,4J,KS-MO,630,63015,CATAWISSA,3016 HIGHWAY N,CATAWISSA,MO,63015,9998,,W16119,P
CENTRAL,4J,KS-MO,630,63015,VILLA RIDGE,461 HIGHWAY M,VILLA RIDGE,MO,63089,9998,,W18544,P
CENTRAL,4J,KS-MO,630,63016,CEDAR HILL,7050 STATE ROAD BB,CEDAR HILL,MO,63016,9998,,W16130,P
CENTRAL,4J,KS-MO,630,63017,TOWN AND COUNTRY,1100 TOWN AND COUNTRY COMMONS DR,CHESTERFIELD,MO,63017,9997,,W18459,B
CENTRAL,4J,KS-MO,630,63019,CRYSTAL CITY,324 BAILEY RD,CRYSTAL CITY,MO,63019,9998,,W16288,P
CENTRAL,4J,KS-MO,630,63019,FESTUS,109 WALNUT ST,FESTUS,MO,63028,9998,,W16486,P
CENTRAL,4J,KS-MO,630,63020,DE SOTO,950 BOYD ST,DE SOTO,MO,63020,9998,,W16319,P
CENTRAL,4J,KS-MO,630,63021,BALLWIN,15455 MANCHESTER RD,BALLWIN,MO,63011,9998,,W15781,P
CENTRAL,4J,KS-MO,630,63022,BALLWIN,15455 MANCHESTER RD,BALLWIN,MO,63011,9998,P,W15781,P
CENTRAL,4J,KS-MO,630,63023,DITTMER,7768 STATE ROUTE 30,DITTMER,MO,63023,9998,,W16350,P
CENTRAL,4J,KS-MO,630,63024,MANCHESTER,613 BIG BEND RD,MANCHESTER,MO,63021,9998,P,018355,B
CENTRAL,4J,KS-MO,630,63025,EUREKA,101 THRESHER DR,EUREKA,MO,63025,9998,,W16449,P
CENTRAL,4J,KS-MO,630,63026,FENTON,10 FENTON PLZ,FENTON,MO,63026,9998,,W16481,P
CENTRAL,4J,KS-MO,630,63028,FESTUS,109 WALNUT ST,FESTUS,MO,63028,9998,,W16486,P
CENTRAL,4J,KS-MO,630,63030,DE SOTO,950 BOYD ST,DE SOTO,MO,63020,9998,,W16319,P
CENTRAL,4J,KS-MO,630,63030,FLETCHER,7682 OLD HIGHWAY H,FLETCHER,MO,63030,9998,,W16498,P
CENTRAL,4J,KS-MO,630,63031,CARR,1650 SHACKELFORD RD,FLORISSANT,MO,63031,9998,,W16092,S
CENTRAL,4J,KS-MO,630,63031,FLORISSANT,2200 N HIGHWAY 67,FLORISSANT,MO,63033,9998,,W16507,P
CENTRAL,4J,KS-MO,630,63032,FLORISSANT,2200 N HIGHWAY 67,FLORISSANT,MO,63033,9998,P,W16507,P
CENTRAL,4J,KS-MO,630,63033,FLORISSANT,2200 N HIGHWAY 67,FLORISSANT,MO,63033,9998,,W16507,P
CENTRAL,4J,KS-MO,630,63034,FLORISSANT,2200 N HIGHWAY 67,FLORISSANT,MO,63033,9998,,W16507,P
CENTRAL,4J,KS-MO,630,63036,FRENCH VILLAGE,6104 HIGHWAY Y,FRENCH VILLAGE,MO,63036,9998,,W16539,P
CENTRAL,4J,KS-MO,630,63037,GERALD,20 W 4TH ST,GERALD,MO,63037,9998,,W16570,P
CENTRAL,4J,KS-MO,630,63038,GLENCOE,18072 MANCHESTER RD,WILDWOOD,MO,63038,9998,,W16589,P
CENTRAL,4J,KS-MO,630,63039,GRAY SUMMIT,2666 HIGHWAY 100,GRAY SUMMIT,MO,63039,9998,,W16638,P
CENTRAL,4J,KS-MO,630,63040,GROVER,16982 MANCHESTER RD,WILDWOOD,MO,63040,9998,,W16670,P
CENTRAL,4J,KS-MO,630,63041,GRUBVILLE,9994 STATE ROAD Y,GRUBVILLE,MO,63041,9998,,W16673,P
CENTRAL,4J,KS-MO,630,63042,HAZELWOOD,6135 N LINDBERGH BLVD,HAZELWOOD,MO,63042,9998,,W16735,P
CENTRAL,4J,KS-MO,630,63042,HAZELWOOD BRIDGETON CA,5750 PHANTOM DR,HAZELWOOD,MO,63042,9997,,002276,4
CENTRAL,4J,KS-MO,630,63043,MARYLAND HEIGHTS,177 WELDON PKWY,MARYLAND HEIGHTS,MO,63043,9998,,W17187,B
CENTRAL,4J,KS-MO,630,63044,BRIDGETON,12255 NATURAL BRIDGE RD,BRIDGETON,MO,63044,9998,,W15955,B
CENTRAL,4J,KS-MO,630,63044,HAZELWOOD BRIDGETON CA,5750 PHANTOM DR,HAZELWOOD,MO,63042,9997,,002276,4
CENTRAL,4J,KS-MO,630,63047,HEMATITE,3677 STATE ROAD P,HEMATITE,MO,63047,9998,P,W16737,P
CENTRAL,4J,KS-MO,630,63048,HERCULANEUM,1234 COMMERCIAL BLVD,HERCULANEUM,MO,63048,9998,,W16742,P
CENTRAL,4J,KS-MO,630,63049,FENTON,10 FENTON PLZ,FENTON,MO,63026,9998,,W16481,P
CENTRAL,4J,KS-MO,630,63049,HIGH RIDGE,2829 HIGH RIDGE BLVD,HIGH RIDGE,MO,63049,9998,,W16758,P
CENTRAL,4J,KS-MO,630,63050,HILLSBORO,4620 YEAGER RD,HILLSBORO,MO,63050,9998,,W16763,P
CENTRAL,4J,KS-MO,630,63051,HOUSE SPRINGS,4650 GRAVOIS RD,HOUSE SPRINGS,MO,63051,9998,,W16798,P
CENTRAL,4J,KS-MO,630,63052,CPU OTTO,5714 OLD STATE ROUTE 21,IMPERIAL,MO,63052,2946,,W1C574,5
CENTRAL,4J,KS-MO,630,63052,IMPERIAL,6035 W OUTER RD,IMPERIAL,MO,63052,9998,,W16833,P
CENTRAL,4J,KS-MO,630,63053,KIMMSWICK,6057 FRONT ST,KIMMSWICK,MO,63053,9998,P,W16909,C
CENTRAL,4J,KS-MO,630,63055,LABADIE,106 3RD ST,LABADIE,MO,63055,9998,,W16950,P
CENTRAL,4J,KS-MO,630,63055,VILLA RIDGE,461 HIGHWAY M,VILLA RIDGE,MO,63089,9998,,W18544,P
CENTRAL,4J,KS-MO,630,63056,LESLIE,321 MAIN ST,LESLIE,MO,63056,9998,,W17028,P
CENTRAL,4J,KS-MO,630,63060,LONEDELL,3735 HIGHWAY 30,LONEDELL,MO,63060,9998,,W17066,P
CENTRAL,4J,KS-MO,630,63065,PEVELY,305 MAIN ST,PEVELY,MO,63070,9998,P,W17530,P
CENTRAL,4J,KS-MO,630,63066,MORSE MILL,8415 STATE ROAD EE,MORSE MILL,MO,63066,9998,P,W17313,P
CENTRAL,4J,KS-MO,630,63068,NEW HAVEN,1103 MILLER ST,NEW HAVEN,MO,63068,9998,,W17370,P
CENTRAL,4J,KS-MO,630,63068,WASHINGTON,1777 WASHINGTON XING,WASHINGTON,MO,63090,9998,,W18582,P
CENTRAL,4J,KS-MO,630,63069,PACIFIC,211 W SAINT LOUIS ST,PACIFIC,MO,63069,9998,,W17478,P
CENTRAL,4J,KS-MO,630,63070,PEVELY,305 MAIN ST,PEVELY,MO,63070,9998,,W17530,P
CENTRAL,4J,KS-MO,630,63071,DE SOTO,950 BOYD ST,DE SOTO,MO,63020,9998,,W16319,P
CENTRAL,4J,KS-MO,630,63071,RICHWOODS,11218 STATE HIGHWAY A,RICHWOODS,MO,63071,9998,,W17673,P
CENTRAL,4J,KS-MO,630,63072,ROBERTSVILLE,7292 HIGHWAY O,ROBERTSVILLE,MO,63072,9998,,W17694,P
CENTRAL,4J,KS-MO,630,63072,VILLA RIDGE,461 HIGHWAY M,VILLA RIDGE,MO,63089,9998,,W18544,P
CENTRAL,4J,KS-MO,630,63073,SAINT ALBANS,3451 SAINT ALBANS RD STE E,SAINT ALBANS,MO,63073,9998,P,W17749,P
CENTRAL,4J,KS-MO,630,63074,SAINT ANN,10401 INTERNATIONAL PLAZA DR,SAINT ANN,MO,63074,9998,,W17750,P
CENTRAL,4J,KS-MO,630,63074,HAZELWOOD BRIDGETON CA,5750 PHANTOM DR,HAZELWOOD,MO,63042,9997,,002276,4
CENTRAL,4J,KS-MO,630,63077,SAINT CLAIR,1020 PLAZA CT S STE A,SAINT CLAIR,MO,63077,9998,,W17757,P
CENTRAL,4J,KS-MO,630,63079,STANTON,51 HIGHWAY W,STANTON,MO,63079,9998,P,W18281,P
CENTRAL,4J,KS-MO,630,63080,SULLIVAN,33 W VINE ST,SULLIVAN,MO,63080,9998,,W18366,P
CENTRAL,4J,KS-MO,630,63084,UNION,1276 N HIGHWAY 47,UNION,MO,63084,9998,,W18490,P
CENTRAL,4J,KS-MO,630,63087,DE SOTO,950 BOYD ST,DE SOTO,MO,63020,9998,,W16319,P
CENTRAL,4J,KS-MO,630,63087,VALLES MINES,3225 STATE ROAD V,VALLES MINES,MO,63087,9998,,W18516,P
CENTRAL,4J,KS-MO,630,63088,VALLEY PARK,305 SAINT LOUIS AVE,VALLEY PARK,MO,63088,9998,,W18521,P
CENTRAL,4J,KS-MO,630,63089,VILLA RIDGE,461 HIGHWAY M,VILLA RIDGE,MO,63089,9998,,W18544,P
CENTRAL,4J,KS-MO,630,63090,WASHINGTON,1777 WASHINGTON XING,WASHINGTON,MO,63090,9998,,W18582,P
CENTRAL,4J,KS-MO,630,63090,CPU DOWNTOWN WASHINGTON,123 LAFAYETTE ST,WASHINGTON,MO,63090,2542,,013315,5
CENTRAL,4J,KS-MO,630,63091,ROSEBUD,257 HIGHWAY 50,ROSEBUD,MO,63091,9998,,W17723,P
CENTRAL,4J,KS-MO,630,63101,HENRY W WHEELER,1140 OLIVE ST,SAINT LOUIS,MO,63101,9998,,W16741,S
CENTRAL,4J,KS-MO,630,63101,CARRIER SQUARE,1720 MARKET ST RM G206,SAINT LOUIS,MO,63155,9991,,015419,4
CENTRAL,4J,KS-MO,630,63102,CARRIER SQUARE,1720 MARKET ST RM G206,SAINT LOUIS,MO,63155,9991,,015419,4
CENTRAL,4J,KS-MO,630,63103,CARRIER SQUARE,1720 MARKET ST RM G206,SAINT LOUIS,MO,63155,9991,,015419,4
CENTRAL,4J,KS-MO,630,63104,MARYVILLE GARDENS,2920 MERAMEC ST,SAINT LOUIS,MO,63118,9998,,W17193,S
CENTRAL,4J,KS-MO,630,63105,CLAYTON,7750 MARYLAND AVE,SAINT LOUIS,MO,63105,9998,,W16195,B
CENTRAL,4J,KS-MO,630,63106,JORDAN W CHAMBERS,901 N GARRISON AVE,SAINT LOUIS,MO,63106,9998,,W16876,S
CENTRAL,4J,KS-MO,630,63106,MARIAN OLDHAM,4021 LACLEDE AVE,SAINT LOUIS,MO,63108,9998,,W17543,S
CENTRAL,4J,KS-MO,630,63107,FREDERICK N WEATHERS,3415 N KINGSHIGHWAY BLVD,SAINT LOUIS,MO,63115,9998,,W16530,S
CENTRAL,4J,KS-MO,630,63108,MARIAN OLDHAM,4021 LACLEDE AVE,SAINT LOUIS,MO,63108,9998,,W17543,S
CENTRAL,4J,KS-MO,630,63109,SOUTHWEST,3232 CLIFTON AVE,SAINT LOUIS,MO,63139,9998,,W17972,S
CENTRAL,4J,KS-MO,630,63110,CHOUTEAU,4120 MANCHESTER AVE,SAINT LOUIS,MO,63110,9998,,W16174,S
CENTRAL,4J,KS-MO,630,63111,MARYVILLE GARDENS,2920 MERAMEC ST,SAINT LOUIS,MO,63118,9998,,W17193,S
CENTRAL,4J,KS-MO,630,63112,FREDERICK N WEATHERS,3415 N KINGSHIGHWAY BLVD,SAINT LOUIS,MO,63115,9998,,W16530,S
CENTRAL,4J,KS-MO,630,63112,GWEN B GILES,1409 HAMILTON AVE,SAINT LOUIS,MO,63112,9998,,W16680,S
CENTRAL,4J,KS-MO,630,63113,FREDERICK N WEATHERS,3415 N KINGSHIGHWAY BLVD,SAINT LOUIS,MO,63115,9998,,W16530,S
CENTRAL,4J,KS-MO,630,63114,TIMOTHY M GAFFNEY,2318 WOODSON RD,SAINT LOUIS,MO,63114,9998,,W17466,B
CENTRAL,4J,KS-MO,630,63115,FREDERICK N WEATHERS,3415 N KINGSHIGHWAY BLVD,SAINT LOUIS,MO,63115,9998,,W16530,S
CENTRAL,4J,KS-MO,630,63116,GRAVOIS,4455 RIDGEWOOD AVE,SAINT LOUIS,MO,63116,9997,,W16635,S
CENTRAL,4J,KS-MO,630,63116,GRAVOIS CARRIER ANNEX,4039 BINGHAM AVE,SAINT LOUIS,MO,63116,9998,,012149,4
CENTRAL,4J,KS-MO,630,63117,CLAYTON,7750 MARYLAND AVE,SAINT LOUIS,MO,63105,9998,,W16195,B
CENTRAL,4J,KS-MO,630,63117,RICHMOND HEIGHTS,1209 S BIG BEND BLVD,SAINT LOUIS,MO,63117,9998,,018096,B
CENTRAL,4J,KS-MO,630,63118,MARYVILLE GARDENS,2920 MERAMEC ST,SAINT LOUIS,MO,63118,9998,,W17193,S
CENTRAL,4J,KS-MO,630,63119,MACKENZIE POINTE,7217 WATSON RD,SAINT LOUIS,MO,63119,9998,,W17131,B
CENTRAL,4J,KS-MO,630,63120,FREDERICK N WEATHERS,3415 N KINGSHIGHWAY BLVD,SAINT LOUIS,MO,63115,9998,,W16530,S
CENTRAL,4J,KS-MO,630,63121,NORMANDY,7450 NATURAL BRIDGE RD,SAINT LOUIS,MO,63121,9998,,W17393,B
CENTRAL,4J,KS-MO,630,63122,KIRKWOOD POSTAL STORE,343 S KIRKWOOD RD STE 105,SAINT LOUIS,MO,63122,6099,,W1C561,B
CENTRAL,4J,KS-MO,630,63122,KIRKWOOD,222 S TAYLOR AVE,SAINT LOUIS,MO,63122,9998,,W16926,4
CENTRAL,4J,KS-MO,630,63123,AFFTON,55 GRASSO PLZ,SAINT LOUIS,MO,63123,9998,,W15654,B
CENTRAL,4J,KS-MO,630,63123,SCHNUCKS AFFTON PLAZA,10070 GRAVOIS RD,SAINT LOUIS,MO,63123,4000,,016443,6
CENTRAL,4J,KS-MO,630,63124,CREVE COEUR,331 N NEW BALLAS RD,SAINT LOUIS,MO,63141,9998,,W16273,B
CENTRAL,4J,KS-MO,630,63125,CHARLES J COYLE,1203 LEMAY FERRY RD,SAINT LOUIS,MO,63125,9998,,W17021,B
CENTRAL,4J,KS-MO,630,63126,SAPPINGTON,11662 GRAVOIS RD,SAINT LOUIS,MO,63126,9998,,W17874,B
CENTRAL,4J,KS-MO,630,63127,SAPPINGTON,11662 GRAVOIS RD,SAINT LOUIS,MO,63126,9998,,W17874,B
CENTRAL,4J,KS-MO,630,63128,SAPPINGTON,11662 GRAVOIS RD,SAINT LOUIS,MO,63126,9998,,W17874,B
CENTRAL,4J,KS-MO,630,63129,SOUTH COUNTY,5636 TELEGRAPH RD,SAINT LOUIS,MO,63129,9998,,W17956,B
CENTRAL,4J,KS-MO,630,63130,UNIVERSITY CITY,561 KINGSLAND AVE,SAINT LOUIS,MO,63130,9998,,W18503,B
CENTRAL,4J,KS-MO,630,63131,DES PERES,1015 GRUPP RD,SAINT LOUIS,MO,63131,9998,,W16336,B
CENTRAL,4J,KS-MO,630,63132,OLIVETTE,9621 OLIVE BLVD,SAINT LOUIS,MO,63132,9998,,W17446,B
CENTRAL,4J,KS-MO,630,63133,NORMANDY,7450 NATURAL BRIDGE RD,SAINT LOUIS,MO,63121,9998,,W17393,B
CENTRAL,4J,KS-MO,630,63134,BERKELEY,8655 AIRPORT RD,SAINT LOUIS,MO,63134,9998,,W15833,B
CENTRAL,4J,KS-MO,630,63134,NORMANDY,7450 NATURAL BRIDGE RD,SAINT LOUIS,MO,63121,9998,,W17393,B
CENTRAL,4J,KS-MO,630,63135,FERGUSON,225 SAINT LOUIS AVE,SAINT LOUIS,MO,63135,9998,,W16482,B
CENTRAL,4J,KS-MO,630,63136,JENNINGS,9810 HALLS FERRY RD,SAINT LOUIS,MO,63136,9998,,W16868,B
CENTRAL,4J,KS-MO,630,63137,NORTH COUNTY,11001 DUNKLIN DR,SAINT LOUIS,MO,63138,9998,,W17394,B
CENTRAL,4J,KS-MO,630,63138,NORTH COUNTY,11001 DUNKLIN DR,SAINT LOUIS,MO,63138,9998,,W17394,B
CENTRAL,4J,KS-MO,630,63139,SOUTHWEST,3232 CLIFTON AVE,SAINT LOUIS,MO,63139,9998,,W17972,S
CENTRAL,4J,KS-MO,630,63141,CREVE COEUR,331 N NEW BALLAS RD,SAINT LOUIS,MO,63141,9998,,W16273,B
CENTRAL,4J,KS-MO,630,63143,MAPLEWOOD,2800 MARSHALL AVE,SAINT LOUIS,MO,63143,9998,,W17154,B
CENTRAL,4J,KS-MO,630,63144,BRENTWOOD,8764 ROSALIE AVE,SAINT LOUIS,MO,63144,9998,,W15948,B
CENTRAL,4J,KS-MO,630,63144,MACKENZIE POINTE,7217 WATSON RD,SAINT LOUIS,MO,63119,9998,,W17131,B
CENTRAL,4J,KS-MO,630,63145,TIMOTHY M GAFFNEY,2318 WOODSON RD,SAINT LOUIS,MO,63114,9998,P,W17466,B
CENTRAL,4J,KS-MO,630,63145,LAMBERT AIRPORT DPOBU,10701 LAMBERT INTERNATIONAL BLVD,SAINT LOUIS,MO,63145,1000,P,014414,6
CENTRAL,4J,KS-MO,630,63146,WEST COUNTY,2002 CONGRESSIONAL DR,SAINT LOUIS,MO,63146,9998,,W18626,B
CENTRAL,4J,KS-MO,630,63147,BADEN,8390 N BROADWAY,SAINT LOUIS,MO,63147,9998,,W15968,S
CENTRAL,4J,KS-MO,630,63147,FREDERICK N WEATHERS,3415 N KINGSHIGHWAY BLVD,SAINT LOUIS,MO,63115,9998,,W16530,S
CENTRAL,4J,KS-MO,630,63151,SOUTH COUNTY,5636 TELEGRAPH RD,SAINT LOUIS,MO,63129,9998,P,W17956,B
CENTRAL,4J,KS-MO,630,63151,SOUTH COUNTY POSTAL STORE,375A S COUNTY CENTER WAY,SAINT LOUIS,MO,63129,9997,P,W17957,B
CENTRAL,4J,KS-MO,630,63156,MARIAN OLDHAM,4021 LACLEDE AVE,SAINT LOUIS,MO,63108,9998,P,W17543,S
CENTRAL,4J,KS-MO,630,63157,BENTON PARK,2700 S JEFFERSON AVE,SAINT LOUIS,MO,63104,9998,P,W15828,S
CENTRAL,4J,KS-MO,630,63158,BENTON PARK,2700 S JEFFERSON AVE,SAINT LOUIS,MO,63104,9998,P,W15828,S
CENTRAL,4J,KS-MO,630,63163,TOWER GROVE,3198 S GRAND BLVD,SAINT LOUIS,MO,63118,9997,P,W18457,S
CENTRAL,4J,KS-MO,630,63166,SAINT LOUIS,1720 MARKET ST RM 3025,SAINT LOUIS,MO,63155,9997,P,W17797,E
CENTRAL,4J,KS-MO,630,63169,HENRY W WHEELER,1140 OLIVE ST,SAINT LOUIS,MO,63101,9998,P,W16741,S
CENTRAL,4J,KS-MO,630,63177,SAINT LOUIS,1720 MARKET ST RM 3025,SAINT LOUIS,MO,63155,9997,P,W17797,E
CENTRAL,4J,KS-MO,630,63178,MAIN OFFICE FIN POSTAL STORE,1720 MARKET ST LBBY,SAINT LOUIS,MO,63155,9989,P,W16093,S
CENTRAL,4J,KS-MO,630,63179,SAINT LOUIS,1720 MARKET ST RM 3025,SAINT LOUIS,MO,63155,9997,P,W17797,E
CENTRAL,4J,KS-MO,630,63188,HENRY W WHEELER,1140 OLIVE ST,SAINT LOUIS,MO,63101,9998,P,W16741,S
CENTRAL,4J,KS-MO,630,63301,SAINT CHARLES,1890 1ST CAPITOL DR,SAINT CHARLES,MO,63301,9998,,W17756,P
CENTRAL,4J,KS-MO,630,63302,SAINT CHARLES,1890 1ST CAPITOL DR,SAINT CHARLES,MO,63301,9998,P,W17756,P
CENTRAL,4J,KS-MO,630,63303,SAINT CHARLES SOUTH,1600 WOODSTONE DR,SAINT CHARLES,MO,63303,9997,,017238,S
CENTRAL,4J,KS-MO,630,63304,SAINT CHARLES SOUTH,1600 WOODSTONE DR,SAINT CHARLES,MO,63303,9997,,017238,S
CENTRAL,4J,KS-MO,630,63332,AUGUSTA,237 FERRY ST,AUGUSTA,MO,63332,9998,,W15759,P
CENTRAL,4J,KS-MO,630,63333,BELLFLOWER,119 S MAIN ST,BELLFLOWER,MO,63333,9998,,W15814,P
CENTRAL,4J,KS-MO,630,63334,BOWLING GREEN,17 W CHURCH ST,BOWLING GREEN,MO,63334,9998,,W15903,P
CENTRAL,4J,KS-MO,630,63336,CLARKSVILLE,309 S 1ST ST,CLARKSVILLE,MO,63336,9998,,W16188,P
CENTRAL,4J,KS-MO,630,63338,COTTLEVILLE,5323 HIGHWAY N,COTTLEVILLE,MO,63338,9998,P,W16251,P
CENTRAL,4J,KS-MO,630,63339,CURRYVILLE,104 E MAIN ST,CURRYVILLE,MO,63339,9998,,W16297,P
CENTRAL,4J,KS-MO,630,63341,DEFIANCE,2959 S HIGHWAY 94,DEFIANCE,MO,63341,9998,,W16328,P
CENTRAL,4J,KS-MO,630,63342,DUTZOW,11854 BLUFF RD,DUTZOW,MO,63342,1001,P,W16379,P
CENTRAL,4J,KS-MO,630,63343,ELSBERRY,110 N 3RD ST,ELSBERRY,MO,63343,9998,,W16423,P
CENTRAL,4J,KS-MO,630,63344,EOLIA,107 GREEN ST,EOLIA,MO,63344,9998,,W16433,P
CENTRAL,4J,KS-MO,630,63345,FARBER,101 W FRONT ST,FARBER,MO,63345,9998,,W16471,P
CENTRAL,4J,KS-MO,630,63346,FLINTHILL,5025 HIGHWAY P,FLINTHILL,MO,63346,9998,P,W16499,P
CENTRAL,4J,KS-MO,630,63347,ELSBERRY,110 N 3RD ST,ELSBERRY,MO,63343,9998,,W16423,P
CENTRAL,4J,KS-MO,630,63347,FOLEY,467 ADDISON ST,FOLEY,MO,63347,9998,,W16509,P
CENTRAL,4J,KS-MO,630,63348,FORISTELL,100 TOWN CENTRE CT,FORISTELL,MO,63348,9998,,W16518,P
CENTRAL,4J,KS-MO,630,63349,HAWK POINT,441 MAIN ST,HAWK POINT,MO,63349,9998,,W16727,P
CENTRAL,4J,KS-MO,630,63350,HIGH HILL,879 BOONESLICK RD,HIGH HILL,MO,63350,9998,,W16753,P
CENTRAL,4J,KS-MO,630,63351,JONESBURG,116 E LION ST,JONESBURG,MO,63351,9998,,W16874,P
CENTRAL,4J,KS-MO,630,63351,WARRENTON,501 E BOONESLICK RD,WARRENTON,MO,63383,9998,,W18575,P
CENTRAL,4J,KS-MO,630,63352,LADDONIA,501 E 2ND ST,LADDONIA,MO,63352,9998,,W16955,P
CENTRAL,4J,KS-MO,630,63353,LOUISIANA,522 GEORGIA ST,LOUISIANA,MO,63353,9998,,W17109,P
CENTRAL,4J,KS-MO,630,63357,MARTHASVILLE,105 DEPOT ST,MARTHASVILLE,MO,63357,9998,,W17172,P
CENTRAL,4J,KS-MO,630,63357,WASHINGTON,1777 WASHINGTON XING,WASHINGTON,MO,63090,9998,,W18582,P
CENTRAL,4J,KS-MO,630,63359,MIDDLETOWN,112 MAIN ST,MIDDLETOWN,MO,63359,9998,,W17246,P
CENTRAL,4J,KS-MO,630,63359,MONTGOMERY CITY,404 N STURGEON ST,MONTGOMERY CITY,MO,63361,9998,,W17293,P
CENTRAL,4J,KS-MO,630,63361,MONTGOMERY CITY,404 N STURGEON ST,MONTGOMERY CITY,MO,63361,9998,,W17293,P
CENTRAL,4J,KS-MO,630,63362,MOSCOW MILLS,150 W 3RD ST,MOSCOW MILLS,MO,63362,9998,,W17316,P
CENTRAL,4J,KS-MO,630,63362,TROY,350 E CHERRY ST,TROY,MO,63379,9998,,W18466,P
CENTRAL,4J,KS-MO,630,63363,MONTGOMERY CITY,404 N STURGEON ST,MONTGOMERY CITY,MO,63361,9998,,W17293,P
CENTRAL,4J,KS-MO,630,63363,NEW FLORENCE,119 S MAIN ST,NEW FLORENCE,MO,63363,9998,,W17365,P
CENTRAL,4J,KS-MO,630,63365,NEW MELLE,30 W HIGHWAY D STE 107,NEW MELLE,MO,63365,9998,P,W17374,P
CENTRAL,4J,KS-MO,630,63366,O FALLON,401 CHURCH ST,O FALLON,MO,63366,9998,,W17417,P
CENTRAL,4J,KS-MO,630,63367,O FALLON,401 CHURCH ST,O FALLON,MO,63366,9998,,W17417,P
CENTRAL,4J,KS-MO,630,63368,O FALLON,401 CHURCH ST,O FALLON,MO,63366,9998,,W17417,P
CENTRAL,4J,KS-MO,630,63369,OLD MONROE,104 SYCAMORE ST,OLD MONROE,MO,63369,9998,,W17438,P
CENTRAL,4J,KS-MO,630,63373,PORTAGE DES SIOUX,1375 CLARK ST,PORTAGE DES SIOUX,MO,63373,9998,,W17589,P
CENTRAL,4J,KS-MO,630,63376,SAINT PETERS,7055 MEXICO RD,SAINT PETERS,MO,63376,9998,,W17848,P
CENTRAL,4J,KS-MO,630,63377,SILEX,52 DUNCAN MANSION DR,SILEX,MO,63377,9998,,W17926,P
CENTRAL,4J,KS-MO,630,63379,TROY,350 E CHERRY ST,TROY,MO,63379,9998,,W18466,P
CENTRAL,4J,KS-MO,630,63381,TRUXTON,199 MAIN ST,TRUXTON,MO,63381,9998,,W18469,P
CENTRAL,4J,KS-MO,630,63382,VANDALIA,401 S MAIN ST,VANDALIA,MO,63382,9998,,W18526,P
CENTRAL,4J,KS-MO,630,63383,WARRENTON,501 E BOONESLICK RD,WARRENTON,MO,63383,9998,,W18575,P
CENTRAL,4J,KS-MO,630,63384,MONTGOMERY CITY,404 N STURGEON ST,MONTGOMERY CITY,MO,63361,9998,,W17293,P
CENTRAL,4J,KS-MO,630,63384,WELLSVILLE,115 E HUDSON ST,WELLSVILLE,MO,63384,9998,,W18616,P
CENTRAL,4J,KS-MO,630,63385,WENTZVILLE,762 LUETKENHAUS BLVD,WENTZVILLE,MO,63385,9998,,W18621,P
CENTRAL,4J,KS-MO,630,63386,SAINT CHARLES,1890 1ST CAPITOL DR,SAINT CHARLES,MO,63301,9998,,W17756,P
CENTRAL,4J,KS-MO,630,63387,WHITESIDE,120 PRAIRIE ST,WHITESIDE,MO,63387,9998,P,W18646,P
CENTRAL,4J,KS-MO,630,63388,MONTGOMERY CITY,404 N STURGEON ST,MONTGOMERY CITY,MO,63361,9998,,W17293,P
CENTRAL,4J,KS-MO,630,63388,WILLIAMSBURG,3828 COUNTY ROAD 1005,WILLIAMSBURG,MO,63388,9998,,W18651,P
CENTRAL,4J,KS-MO,630,63389,WINFIELD,298 W CHERRY ST,WINFIELD,MO,63389,9998,,W18664,P
CENTRAL,4J,KS-MO,630,63390,WRIGHT CITY,206 W 2ND ST N,WRIGHT CITY,MO,63390,9998,,W18688,P
CENTRAL,4J,KS-MO,630,63401,HANNIBAL,801 BROADWAY,HANNIBAL,MO,63401,9998,,W16696,P
CENTRAL,4J,KS-MO,630,63430,ALEXANDRIA,303 MARKET ST,ALEXANDRIA,MO,63430,9998,,W15693,P
CENTRAL,4J,KS-MO,630,63432,WYACONDA,118 MAIN ST,WYACONDA,MO,63474,9998,,W18691,P
CENTRAL,4J,KS-MO,630,63435,CANTON,500 LEWIS ST,CANTON,MO,63435,9998,,W16077,P
CENTRAL,4J,KS-MO,630,63436,CENTER,112 N PUBLIC ST,CENTER,MO,63436,9998,,W16140,P
CENTRAL,4J,KS-MO,630,63437,CLARENCE,101 N GRAND ST,CLARENCE,MO,63437,9998,,W16180,P
CENTRAL,4J,KS-MO,630,63437,SHELBINA,107 E CHESTNUT ST,SHELBINA,MO,63468,9998,,W17911,P
CENTRAL,4J,KS-MO,630,63439,EMDEN,9191 HIGHWAY 168,EMDEN,MO,63439,9998,,W16427,P
CENTRAL,4J,KS-MO,630,63440,EWING,106 S GILEAD ST,EWING,MO,63440,9998,,W16453,P
CENTRAL,4J,KS-MO,630,63441,FRANKFORD,201 MAIN ST,FRANKFORD,MO,63441,9998,,W16528,P
CENTRAL,4J,KS-MO,630,63443,HUNNEWELL,106 E MAPLE ST,HUNNEWELL,MO,63443,9998,,W16818,P
CENTRAL,4J,KS-MO,630,63445,KAHOKA,111 W COMMERCIAL ST,KAHOKA,MO,63445,9998,,W16880,P
CENTRAL,4J,KS-MO,630,63446,KNOX CITY,103 W MAIN ST,KNOX CITY,MO,63446,9998,,W16934,P
CENTRAL,4J,KS-MO,630,63447,LA BELLE,109 N 3RD ST,LA BELLE,MO,63447,9998,,W16945,P
CENTRAL,4J,KS-MO,630,63448,LA GRANGE,202 N MAIN ST,LA GRANGE,MO,63448,9998,,W16946,P
CENTRAL,4J,KS-MO,630,63451,LEONARD,142 E HIGHWAY 151,LEONARD,MO,63451,9998,,W17026,P
CENTRAL,4J,KS-MO,630,63452,LEWISTOWN,118 W MAIN ST,LEWISTOWN,MO,63452,9998,,W17033,P
CENTRAL,4J,KS-MO,630,63454,PALMYRA,323 S MAIN ST,PALMYRA,MO,63461,9998,,W17486,P
CENTRAL,4J,KS-MO,630,63456,MONROE CITY,416 N MAIN ST,MONROE CITY,MO,63456,9998,,W17288,P
CENTRAL,4J,KS-MO,630,63457,MONTICELLO,101 E LAFAYETTE ST,MONTICELLO,MO,63457,9998,,W17296,P
CENTRAL,4J,KS-MO,630,63458,LA BELLE,109 N 3RD ST,LA BELLE,MO,63447,9998,,W16945,P
CENTRAL,4J,KS-MO,630,63458,NEWARK,106 S MAIN ST,NEWARK,MO,63458,9998,,W17381,P
CENTRAL,4J,KS-MO,630,63459,CENTER,112 N PUBLIC ST,CENTER,MO,63436,9998,,W16140,P
CENTRAL,4J,KS-MO,630,63459,FRANKFORD,201 MAIN ST,FRANKFORD,MO,63441,9998,,W16528,P
CENTRAL,4J,KS-MO,630,63459,NEW LONDON CENTER,112 N PUBLIC ST,CENTER,MO,63436,9902,,021659,Z
CENTRAL,4J,KS-MO,630,63460,NOVELTY,220 E MAIN ST,NOVELTY,MO,63460,9998,,W17410,P
CENTRAL,4J,KS-MO,630,63461,PALMYRA,323 S MAIN ST,PALMYRA,MO,63461,9998,,W17486,P
CENTRAL,4J,KS-MO,630,63462,PERRY,108 E MAIN ST,PERRY,MO,63462,9998,,W17522,P
CENTRAL,4J,KS-MO,630,63463,PHILADELPHIA,2990 COUNTY ROAD 13,PHILADELPHIA,MO,63463,9998,,W17532,P
CENTRAL,4J,KS-MO,630,63465,REVERE,201 MAIN ST,REVERE,MO,63465,9998,,W17657,P
CENTRAL,4J,KS-MO,630,63466,SAINT PATRICK,2 ERIN CIR,SAINT PATRICK,MO,63466,9998,P,W17845,P
CENTRAL,4J,KS-MO,630,63468,SHELBINA,107 E CHESTNUT ST,SHELBINA,MO,63468,9998,,W17911,P
CENTRAL,4J,KS-MO,630,63469,SHELBYVILLE,108 E 3RD ST,SHELBYVILLE,MO,63469,9998,,W17912,P
CENTRAL,4J,KS-MO,630,63471,PALMYRA,323 S MAIN ST,PALMYRA,MO,63461,9998,,W17486,P
CENTRAL,4J,KS-MO,630,63472,WAYLAND,113 E DES MOINES ST,WAYLAND,MO,63472,9998,,W18587,P
CENTRAL,4J,KS-MO,630,63474,WYACONDA,118 MAIN ST,WYACONDA,MO,63474,9998,,W18691,P
CENTRAL,4J,KS-MO,630,63501,KIRKSVILLE,210 E JEFFERSON ST,KIRKSVILLE,MO,63501,9998,,W16925,P
CENTRAL,4J,KS-MO,630,63530,ATLANTA,101 W MAIN ST,ATLANTA,MO,63530,9998,,W15754,P
CENTRAL,4J,KS-MO,630,63531,BARING,400 MAIN ST,BARING,MO,63531,9998,,W15783,P
CENTRAL,4J,KS-MO,630,63532,BEVIER,108 N MACON ST,BEVIER,MO,63532,9998,,W15845,P
CENTRAL,4J,KS-MO,630,63533,BRASHEAR,201 S KING ST,BRASHEAR,MO,63533,9998,,W15938,P
CENTRAL,4J,KS-MO,630,63534,CALLAO,109 MARKET ST,CALLAO,MO,63534,9998,,W16057,P
CENTRAL,4J,KS-MO,630,63536,DOWNING,101 W PRIME ST,DOWNING,MO,63536,9998,,W16363,P
CENTRAL,4J,KS-MO,630,63537,EDINA,107 S 2ND ST,EDINA,MO,63537,9998,,W16400,P
CENTRAL,4J,KS-MO,630,63538,ELMER,105 N SANTA FE ST,ELMER,MO,63538,9998,,W16420,P
CENTRAL,4J,KS-MO,630,63539,ETHEL,102 W MAIN ST,ETHEL,MO,63539,9998,,W16440,P
CENTRAL,4J,KS-MO,630,63543,RUTLEDGE,55 MAIN ST,RUTLEDGE,MO,63563,9998,,W17741,P
CENTRAL,4J,KS-MO,630,63544,GREEN CASTLE,405 HIGHWAY 6,GREEN CASTLE,MO,63544,9998,,W16645,P
CENTRAL,4J,KS-MO,630,63545,GREEN CASTLE,405 HIGHWAY 6,GREEN CASTLE,MO,63544,9998,,W16645,P
CENTRAL,4J,KS-MO,630,63546,GREENTOP,868 MAIN ST,GREENTOP,MO,63546,9998,,W16658,P
CENTRAL,4J,KS-MO,630,63547,HURDLAND,404 N 3RD ST,HURDLAND,MO,63547,9998,,W16826,P
CENTRAL,4J,KS-MO,630,63548,LANCASTER,110 N GREEN ST,LANCASTER,MO,63548,9998,,W17001,P
CENTRAL,4J,KS-MO,630,63549,LA PLATA,102 E SANDERS ST,LA PLATA,MO,63549,9998,,W16948,P
CENTRAL,4J,KS-MO,630,63551,LIVONIA,204 E D AVE,LIVONIA,MO,63551,9998,,W17051,P
CENTRAL,4J,KS-MO,630,63552,MACON,105 DUFF ST,MACON,MO,63552,9998,,W17135,P
CENTRAL,4J,KS-MO,630,63555,MEMPHIS,128 N MARKET ST,MEMPHIS,MO,63555,9998,,W17230,P
CENTRAL,4J,KS-MO,630,63556,MILAN,100 E 4TH ST,MILAN,MO,63556,9998,,W17252,P
CENTRAL,4J,KS-MO,630,63557,NEW BOSTON,15832 HIGHWAY 129,NEW BOSTON,MO,63557,9998,,W17363,P
CENTRAL,4J,KS-MO,630,63558,NEW CAMBRIA,108 N MAIN ST,NEW CAMBRIA,MO,63558,9998,,W17364,P
CENTRAL,4J,KS-MO,630,63559,NOVINGER,214 S FRANKFORD AVE,NOVINGER,MO,63559,9998,,W17411,P
CENTRAL,4J,KS-MO,630,63560,POLLOCK,506 C ST,POLLOCK,MO,63560,9998,,W17579,P
CENTRAL,4J,KS-MO,630,63561,QUEEN CITY,508 N CEDAR ST,QUEEN CITY,MO,63561,9998,,W17624,P
CENTRAL,4J,KS-MO,630,63563,RUTLEDGE,55 MAIN ST,RUTLEDGE,MO,63563,9998,,W17741,P
CENTRAL,4J,KS-MO,630,63565,UNIONVILLE,1603 GRANT ST,UNIONVILLE,MO,63565,9998,,W18494,P
CENTRAL,4J,KS-MO,630,63566,WINIGAN,33314 MAIN ST,WINIGAN,MO,63566,9998,,W18666,P
CENTRAL,4J,KS-MO,630,63601,DESLOGE,301 N DESLOGE DR,DESLOGE,MO,63601,3532,,W16339,B
CENTRAL,4J,KS-MO,630,63601,PARK HILLS,302 T J STEWART DR,PARK HILLS,MO,63601,9998,,W16495,P
CENTRAL,4J,KS-MO,630,63620,ANNAPOLIS,303 E 2ND ST,ANNAPOLIS,MO,63620,9998,,W15717,P
CENTRAL,4J,KS-MO,630,63620,PIEDMONT,125 W GREEN ST,PIEDMONT,MO,63957,9998,,W17537,P
CENTRAL,4J,KS-MO,630,63621,IRONTON,118 W RUSSELL ST,IRONTON,MO,63650,9998,,W16845,P
CENTRAL,4J,KS-MO,630,63622,BELGRADE,14135 STATE HIGHWAY C,BELGRADE,MO,63622,9998,,W15800,P
CENTRAL,4J,KS-MO,630,63622,POTOSI,103 LAUREL ST,POTOSI,MO,63664,9998,,W17595,P
CENTRAL,4J,KS-MO,630,63623,IRONTON,118 W RUSSELL ST,IRONTON,MO,63650,9998,,W16845,P
CENTRAL,4J,KS-MO,630,63624,BISMARCK,911 WALNUT ST,BISMARCK,MO,63624,9998,,W15856,P
CENTRAL,4J,KS-MO,630,63624,PARK HILLS,302 T J STEWART DR,PARK HILLS,MO,63601,9998,,W16495,P
CENTRAL,4J,KS-MO,630,63625,BLACK,24634 HIGHWAY 49,BLACK,MO,63625,9998,,W15860,P
CENTRAL,4J,KS-MO,630,63626,POTOSI,103 LAUREL ST,POTOSI,MO,63664,9998,,W17595,P
CENTRAL,4J,KS-MO,630,63627,SAINTE GENEVIEVE,135 MERCHANT ST,SAINTE GENEVIEVE,MO,63670,9998,,W17857,P
CENTRAL,4J,KS-MO,630,63628,BONNE TERRE,103 NE MAIN ST,BONNE TERRE,MO,63628,9998,,W15890,P
CENTRAL,4J,KS-MO,630,63628,PARK HILLS,302 T J STEWART DR,PARK HILLS,MO,63601,9998,,W16495,P
CENTRAL,4J,KS-MO,630,63629,BUNKER,400 OAK ST,BUNKER,MO,63629,9998,,W16027,P
CENTRAL,4J,KS-MO,630,63630,CADET,15026 E STATE HIGHWAY 47,CADET,MO,63630,9998,,W16049,P
CENTRAL,4J,KS-MO,630,63630,POTOSI,103 LAUREL ST,POTOSI,MO,63664,9998,,W17595,P
CENTRAL,4J,KS-MO,630,63631,CALEDONIA,3 VALLEY CTR,CALEDONIA,MO,63631,9998,,W16054,P
CENTRAL,4J,KS-MO,630,63633,CENTERVILLE,2312 GREEN ST,CENTERVILLE,MO,63633,9998,,W16146,P
CENTRAL,4J,KS-MO,630,63636,ANNAPOLIS,303 E 2ND ST,ANNAPOLIS,MO,63620,9998,,W15717,P
CENTRAL,4J,KS-MO,630,63637,VPO DOE RUN,3229 HIGHWAY 221,DOE RUN,MO,63637,3219,,014648,5
CENTRAL,4J,KS-MO,630,63638,ELLINGTON,301 2ND ST,ELLINGTON,MO,63638,9998,,W16414,P
CENTRAL,4J,KS-MO,630,63640,FARMINGTON,102 E COLUMBIA ST,FARMINGTON,MO,63640,3162,,W16473,P
CENTRAL,4J,KS-MO,630,63640,PARK HILLS,302 T J STEWART DR,PARK HILLS,MO,63601,9998,,W16495,P
CENTRAL,4J,KS-MO,630,63645,FREDERICKTOWN,155 S MAIN ST,FREDERICKTOWN,MO,63645,9998,,W16532,P
CENTRAL,4J,KS-MO,630,63648,IRONDALE,111 S HICKORY ST,IRONDALE,MO,63648,9998,,W16844,P
CENTRAL,4J,KS-MO,630,63650,IRONTON,118 W RUSSELL ST,IRONTON,MO,63650,9998,,W16845,P
CENTRAL,4J,KS-MO,630,63651,KNOB LICK,5961 STATE ROUTE DD,KNOB LICK,MO,63651,9998,P,W16932,P
CENTRAL,4J,KS-MO,630,63654,IRONTON,118 W RUSSELL ST,IRONTON,MO,63650,9998,,W16845,P
CENTRAL,4J,KS-MO,630,63654,LESTERVILLE,33010 HIGHWAY 21,LESTERVILLE,MO,63654,9998,,W17029,P
CENTRAL,4J,KS-MO,630,63655,FREDERICKTOWN,155 S MAIN ST,FREDERICKTOWN,MO,63645,9998,,W16532,P
CENTRAL,4J,KS-MO,630,63655,MARQUAND,105 WHITENER ST,MARQUAND,MO,63655,9998,,W17166,P
CENTRAL,4J,KS-MO,630,63656,IRONTON,118 W RUSSELL ST,IRONTON,MO,63650,9998,,W16845,P
CENTRAL,4J,KS-MO,630,63660,MINERAL POINT,102 5TH ST,MINERAL POINT,MO,63660,9998,,W17268,P
CENTRAL,4J,KS-MO,630,63660,POTOSI,103 LAUREL ST,POTOSI,MO,63664,9998,,W17595,P
CENTRAL,4J,KS-MO,630,63662,FREDERICKTOWN,155 S MAIN ST,FREDERICKTOWN,MO,63645,9998,,W16532,P
CENTRAL,4J,KS-MO,630,63662,PATTON,1000 STATE ROUTE 51,PATTON,MO,63662,9998,,W17503,P
CENTRAL,4J,KS-MO,630,63663,PILOT KNOB,201 W MAPLE ST,PILOT KNOB,MO,63663,9998,P,W17546,P
CENTRAL,4J,KS-MO,630,63664,POTOSI,103 LAUREL ST,POTOSI,MO,63664,9998,,W17595,P
CENTRAL,4J,KS-MO,630,63665,REDFORD,150 REDFORD LOOP,REDFORD,MO,63665,9998,,W17647,P
CENTRAL,4J,KS-MO,630,63670,SAINTE GENEVIEVE,135 MERCHANT ST,SAINTE GENEVIEVE,MO,63670,9998,,W17857,P
CENTRAL,4J,KS-MO,630,63673,SAINT MARY,17410 BARTELS INDUSTRIAL DR,SAINT MARY,MO,63673,9998,,W17843,P
CENTRAL,4J,KS-MO,630,63673,SAINTE GENEVIEVE,135 MERCHANT ST,SAINTE GENEVIEVE,MO,63670,9998,,W17857,P
CENTRAL,4J,KS-MO,630,63674,TIFF,13528 TIFF LN,TIFF,MO,63674,9998,P,W18446,P
CENTRAL,4J,KS-MO,630,63701,CAPE CARRIER ANNEX,475 KELL FARM DR,CAPE GIRARDEAU,MO,63701,9727,,007295,4
CENTRAL,4J,KS-MO,630,63702,CAPE GIRARDEAU,320 N FREDERICK ST,CAPE GIRARDEAU,MO,63701,9998,P,W16081,P
CENTRAL,4J,KS-MO,630,63703,CAPE CARRIER ANNEX,475 KELL FARM DR,CAPE GIRARDEAU,MO,63701,9727,,007295,4
CENTRAL,4J,KS-MO,630,63730,ADVANCE,502 W GABRIEL ST,ADVANCE,MO,63730,9998,,W15653,P
CENTRAL,4J,KS-MO,630,63730,CHAFFEE,217 S MAIN ST,CHAFFEE,MO,63740,9998,,W16152,P
CENTRAL,4J,KS-MO,630,63732,ALTENBURG,51 POPLAR ST,ALTENBURG,MO,63732,9998,,W15705,P
CENTRAL,4J,KS-MO,630,63732,PERRYVILLE,20 E SAINTE MARIE ST,PERRYVILLE,MO,63775,9998,,W17523,P
CENTRAL,4J,KS-MO,630,63735,BELL CITY,25233 WALNUT ST,BELL CITY,MO,63735,9998,,W15801,P
CENTRAL,4J,KS-MO,630,63736,BENTON,112 S WINCHESTER,BENTON,MO,63736,9998,,W15824,P
CENTRAL,4J,KS-MO,630,63736,CAPE CARRIER ANNEX,475 KELL FARM DR,CAPE GIRARDEAU,MO,63701,9727,,007295,4
CENTRAL,4J,KS-MO,630,63738,BROWNWOOD,31927 CENTER ST,BROWNWOOD,MO,63738,9998,P,W15981,P
CENTRAL,4J,KS-MO,630,63739,JACKSON,210 E MAIN ST,JACKSON,MO,63755,9998,,W16850,P
CENTRAL,4J,KS-MO,630,63740,CHAFFEE,217 S MAIN ST,CHAFFEE,MO,63740,9998,,W16152,P
CENTRAL,4J,KS-MO,630,63743,OAK RIDGE,4042 STATE HWY E,OAK RIDGE,MO,63769,9998,,W17421,P
CENTRAL,4J,KS-MO,630,63744,DELTA,114 S JACKSON ST,DELTA,MO,63744,9998,P,W16331,P
CENTRAL,4J,KS-MO,630,63748,FROHNA,7 BALL PARK DR,FROHNA,MO,63748,9998,,W16543,P
CENTRAL,4J,KS-MO,630,63748,PERRYVILLE,20 E SAINTE MARIE ST,PERRYVILLE,MO,63775,9998,,W17523,P
CENTRAL,4J,KS-MO,630,63750,GIPSY,3500 STATE HWY E,GIPSY,MO,63750,9998,,W16579,P
CENTRAL,4J,KS-MO,630,63750,ZALMA,7173 MAIN ST,ZALMA,MO,63787,9998,,W18701,P
CENTRAL,4J,KS-MO,630,63751,MARBLE HILL,200 STATE HIGHWAY 34 W,MARBLE HILL,MO,63764,9998,,W17156,P
CENTRAL,4J,KS-MO,630,63752,GORDONVILLE,5850 STATE HIGHWAY 25,GORDONVILLE,MO,63752,9998,P,W16611,P
CENTRAL,4J,KS-MO,630,63755,JACKSON,210 E MAIN ST,JACKSON,MO,63755,9998,,W16850,P
CENTRAL,4J,KS-MO,630,63758,KELSO,140 S MESSMER ST,KELSO,MO,63758,9998,P,W16895,P
CENTRAL,4J,KS-MO,630,63760,LEOPOLD,15243 BCR 402,LEOPOLD,MO,63760,9998,,W17027,P
CENTRAL,4J,KS-MO,630,63760,MARBLE HILL,200 STATE HIGHWAY 34 W,MARBLE HILL,MO,63764,9998,,W17156,P
CENTRAL,4J,KS-MO,630,63763,ZALMA,7173 MAIN ST,ZALMA,MO,63787,9998,,W18701,P
CENTRAL,4J,KS-MO,630,63764,MARBLE HILL,200 STATE HIGHWAY 34 W,MARBLE HILL,MO,63764,9998,,W17156,P
CENTRAL,4J,KS-MO,630,63766,JACKSON,210 E MAIN ST,JACKSON,MO,63755,9998,,W16850,P
CENTRAL,4J,KS-MO,630,63766,MILLERSVILLE,120 COUNTY ROAD 482,MILLERSVILLE,MO,63766,9998,,W17260,P
CENTRAL,4J,KS-MO,630,63767,MORLEY,104 N HARDING ST,MORLEY,MO,63767,9998,P,W17308,P
CENTRAL,4J,KS-MO,630,63769,OAK RIDGE,4042 STATE HWY E,OAK RIDGE,MO,63769,9998,,W17421,P
CENTRAL,4J,KS-MO,630,63770,OLD APPLETON,343 APPLETON MAIN ST,OLD APPLETON,MO,63770,9998,,W17435,P
CENTRAL,4J,KS-MO,630,63770,PERRYVILLE,20 E SAINTE MARIE ST,PERRYVILLE,MO,63775,9998,,W17523,P
CENTRAL,4J,KS-MO,630,63771,CHAFFEE,217 S MAIN ST,CHAFFEE,MO,63740,9998,,W16152,P
CENTRAL,4J,KS-MO,630,63771,ORAN,111 N RAILROAD ST,ORAN,MO,63771,9998,,W17449,P
CENTRAL,4J,KS-MO,630,63774,PERKINS,622 HIGHWAY P,PERKINS,MO,63774,9998,P,W17521,P
CENTRAL,4J,KS-MO,630,63775,PERRYVILLE,20 E SAINTE MARIE ST,PERRYVILLE,MO,63775,9998,,W17523,P
CENTRAL,4J,KS-MO,630,63779,POCAHONTAS,131 POCAHONTAS MAIN ST,POCAHONTAS,MO,63779,9998,P,W17575,P
CENTRAL,4J,KS-MO,630,63780,SCOTT CITY,605 2ND ST E,SCOTT CITY,MO,63780,9998,,W17892,P
CENTRAL,4J,KS-MO,630,63780,CAPE CARRIER ANNEX,475 KELL FARM DR,CAPE GIRARDEAU,MO,63701,9727,,007295,4
CENTRAL,4J,KS-MO,630,63781,SEDGEWICKVILLE,7 STATE ROUTE WW,SEDGEWICKVILLE,MO,63781,9998,,W17896,P
CENTRAL,4J,KS-MO,630,63782,STURDIVANT,100 COUNTY ROAD 636,STURDIVANT,MO,63782,9998,,W18360,P
CENTRAL,4J,KS-MO,630,63782,ZALMA,7173 MAIN ST,ZALMA,MO,63787,9998,,W18701,P
CENTRAL,4J,KS-MO,630,63783,PERRYVILLE,20 E SAINTE MARIE ST,PERRYVILLE,MO,63775,9998,,W17523,P
CENTRAL,4J,KS-MO,630,63784,VANDUSER,902 VANDUSER ST,VANDUSER,MO,63784,9998,P,W18528,P
CENTRAL,4J,KS-MO,630,63785,JACKSON,210 E MAIN ST,JACKSON,MO,63755,9998,,W16850,P
CENTRAL,4J,KS-MO,630,63785,WHITEWATER,8742 STATE HIGHWAY A,WHITEWATER,MO,63785,9998,,W18647,P
CENTRAL,4J,KS-MO,630,63787,ZALMA,7173 MAIN ST,ZALMA,MO,63787,9998,,W18701,P
CENTRAL,4J,KS-MO,630,63801,SIKESTON,120 E NORTH ST,SIKESTON,MO,63801,9998,,W17925,P
CENTRAL,4J,KS-MO,630,63820,ANNISTON,100 HIGHWAY 75 N,ANNISTON,MO,63820,9998,P,W15718,P
CENTRAL,4J,KS-MO,630,63821,ARBYRD,104 NE FRISCO ST,ARBYRD,MO,63821,9998,,W15734,P
CENTRAL,4J,KS-MO,630,63822,BERNIE,115 WOODS AVE,BERNIE,MO,63822,9998,,W15836,P
CENTRAL,4J,KS-MO,630,63822,MALDEN,107 N DOUGLASS ST,MALDEN,MO,63863,9998,,W17140,P
CENTRAL,4J,KS-MO,630,63823,BERTRAND,210 W CEDAR ST,BERTRAND,MO,63823,9998,,W15838,P
CENTRAL,4J,KS-MO,630,63823,SIKESTON,120 E NORTH ST,SIKESTON,MO,63801,9998,,W17925,P
CENTRAL,4J,KS-MO,630,63824,BLODGETT,406 STATE HIGHWAY H,BLODGETT,MO,63824,9998,P,W15871,P
CENTRAL,4J,KS-MO,630,63825,BLOOMFIELD,301 N PRAIRIE ST,BLOOMFIELD,MO,63825,9998,,W15872,P
CENTRAL,4J,KS-MO,630,63825,DEXTER,202 E STODDARD ST,DEXTER,MO,63841,9998,,W16344,P
CENTRAL,4J,KS-MO,630,63826,BRAGGADOCIO,2064 STATE HIGHWAY Z,BRAGGADOCIO,MO,63826,9998,P,W15926,P
CENTRAL,4J,KS-MO,630,63827,BRAGG CITY,120 S MAIN ST,BRAGG CITY,MO,63827,9998,,W15923,P
CENTRAL,4J,KS-MO,630,63828,CANALOU,235 MADISON ST,CANALOU,MO,63828,9998,P,W16076,P
CENTRAL,4J,KS-MO,630,63829,CARDWELL,107 S MAIN ST,CARDWELL,MO,63829,9998,,W16087,P
CENTRAL,4J,KS-MO,630,63830,CARUTHERSVILLE,300 CARLETON AVE,CARUTHERSVILLE,MO,63830,9998,,W16104,P
CENTRAL,4J,KS-MO,630,63833,CATRON,3770 STATE HIGHWAY D,CATRON,MO,63833,9998,,W16120,P
CENTRAL,4J,KS-MO,630,63834,CHARLESTON,300 S MAIN ST,CHARLESTON,MO,63834,9998,,W16160,P
CENTRAL,4J,KS-MO,630,63834,SIKESTON,120 E NORTH ST,SIKESTON,MO,63801,9998,,W17925,P
CENTRAL,4J,KS-MO,630,63837,CLARKTON,109 N MAIN ST,CLARKTON,MO,63837,9998,,W16191,P
CENTRAL,4J,KS-MO,630,63837,PORTAGEVILLE,305 KING AVE,PORTAGEVILLE,MO,63873,9998,,W17590,P
CENTRAL,4J,KS-MO,630,63839,COOTER,102 MAIN ST,COOTER,MO,63839,9998,P,W16244,P
CENTRAL,4J,KS-MO,630,63840,DEERING,6296 STATE HIGHWAY J,DEERING,MO,63840,9998,P,W16327,P
CENTRAL,4J,KS-MO,630,63841,DEXTER,202 E STODDARD ST,DEXTER,MO,63841,9998,,W16344,P
CENTRAL,4J,KS-MO,630,63845,EAST PRAIRIE,122 W PINE ST,EAST PRAIRIE,MO,63845,9998,,W16393,P
CENTRAL,4J,KS-MO,630,63845,SIKESTON,120 E NORTH ST,SIKESTON,MO,63801,9998,,W17925,P
CENTRAL,4J,KS-MO,630,63846,ESSEX,112 N CYPRESS ST,ESSEX,MO,63846,9998,,W16436,P
CENTRAL,4J,KS-MO,630,63847,HOLCOMB,205 CHURCH ST,HOLCOMB,MO,63852,9998,P,W16774,P
CENTRAL,4J,KS-MO,630,63848,GIDEON,102 E 1ST ST,GIDEON,MO,63848,9998,,W16573,P
CENTRAL,4J,KS-MO,630,63848,PORTAGEVILLE,305 KING AVE,PORTAGEVILLE,MO,63873,9998,,W17590,P
CENTRAL,4J,KS-MO,630,63849,KENNETT,201 N MAIN ST,KENNETT,MO,63857,9998,,W16897,P
CENTRAL,4J,KS-MO,630,63850,GRAYRIDGE,14348 OAK ST,GRAYRIDGE,MO,63850,9998,P,W16639,P
CENTRAL,4J,KS-MO,630,63851,CARUTHERSVILLE,300 CARLETON AVE,CARUTHERSVILLE,MO,63830,9998,,W16104,P
CENTRAL,4J,KS-MO,630,63851,HAYTI,607 E WASHINGTON ST,HAYTI,MO,63851,1760,,W16730,P
CENTRAL,4J,KS-MO,630,63852,HOLCOMB,205 CHURCH ST,HOLCOMB,MO,63852,9998,,W16774,P
CENTRAL,4J,KS-MO,630,63852,KENNETT,201 N MAIN ST,KENNETT,MO,63857,9998,,W16897,P
CENTRAL,4J,KS-MO,630,63853,HOLLAND,208 WALNUT ST,HOLLAND,MO,63853,9998,P,W16776,P
CENTRAL,4J,KS-MO,630,63855,HORNERSVILLE,405 PECAN ST,HORNERSVILLE,MO,63855,9998,,W16788,P
CENTRAL,4J,KS-MO,630,63857,KENNETT,201 N MAIN ST,KENNETT,MO,63857,9998,,W16897,P
CENTRAL,4J,KS-MO,630,63860,KEWANEE,517 STATE HWY W,KEWANEE,MO,63860,9998,P,W16900,P
CENTRAL,4J,KS-MO,630,63862,LILBOURN,203 N 3RD ST,LILBOURN,MO,63862,9998,,W17042,P
CENTRAL,4J,KS-MO,630,63862,PORTAGEVILLE,305 KING AVE,PORTAGEVILLE,MO,63873,9998,,W17590,P
CENTRAL,4J,KS-MO,630,63863,MALDEN,107 N DOUGLASS ST,MALDEN,MO,63863,9998,,W17140,P
CENTRAL,4J,KS-MO,630,63866,MARSTON,105 W MAIN ST,MARSTON,MO,63866,9998,P,W17171,P
CENTRAL,4J,KS-MO,630,63867,MATTHEWS,106 MAIN ST,MATTHEWS,MO,63867,9998,,W17198,P
CENTRAL,4J,KS-MO,630,63868,MOREHOUSE,312 W BEECH ST,MOREHOUSE,MO,63868,9998,P,W17306,P
CENTRAL,4J,KS-MO,630,63869,NEW MADRID,450 MILL ST,NEW MADRID,MO,63869,9998,,W17373,P
CENTRAL,4J,KS-MO,630,63869,PORTAGEVILLE,305 KING AVE,PORTAGEVILLE,MO,63873,9998,,W17590,P
CENTRAL,4J,KS-MO,630,63870,MALDEN,107 N DOUGLASS ST,MALDEN,MO,63863,9998,,W17140,P
CENTRAL,4J,KS-MO,630,63870,PARMA,205 S BROAD ST,PARMA,MO,63870,9998,,W17494,P
CENTRAL,4J,KS-MO,630,63873,PORTAGEVILLE,305 KING AVE,PORTAGEVILLE,MO,63873,9998,,W17590,P
CENTRAL,4J,KS-MO,630,63874,RISCO,203 FRONT ST,RISCO,MO,63874,9998,P,W17677,P
CENTRAL,4J,KS-MO,630,63876,SENATH,205 W COMMERCIAL ST,SENATH,MO,63876,9998,,W17904,P
CENTRAL,4J,KS-MO,630,63877,CARUTHERSVILLE,300 CARLETON AVE,CARUTHERSVILLE,MO,63830,9998,,W16104,P
CENTRAL,4J,KS-MO,630,63877,STEELE,301 S 1ST ST,STEELE,MO,63877,9998,,W18326,P
CENTRAL,4J,KS-MO,630,63878,TALLAPOOSA,308 1ST ST,TALLAPOOSA,MO,63878,9998,P,W18427,P
CENTRAL,4J,KS-MO,630,63879,WARDELL,115 W BROAD ST,WARDELL,MO,63879,9998,,W18570,P
CENTRAL,4J,KS-MO,630,63880,WHITEOAK,23340 STATE HIGHWAY 25,WHITEOAK,MO,63880,9998,P,W18645,P
CENTRAL,4J,KS-MO,630,63882,WYATT,211 S MAIN ST,WYATT,MO,63882,9998,P,W18692,P
CENTRAL,4J,KS-MO,630,63901,POPLAR BLUFF,430 POPLAR ST,POPLAR BLUFF,MO,63901,9998,,W17588,P
CENTRAL,4J,KS-MO,630,63902,POPLAR BLUFF,430 POPLAR ST,POPLAR BLUFF,MO,63901,9998,P,W17588,P
CENTRAL,4J,KS-MO,630,63932,BROSELEY,779A COUNTY ROAD 639,BROSELEY,MO,63932,9998,,W15976,P
CENTRAL,4J,KS-MO,630,63932,POPLAR BLUFF,430 POPLAR ST,POPLAR BLUFF,MO,63901,9998,,W17588,P
CENTRAL,4J,KS-MO,630,63933,CAMPBELL,405 W GRAND AVE,CAMPBELL,MO,63933,9998,,W16070,P
CENTRAL,4J,KS-MO,630,63933,MALDEN,107 N DOUGLASS ST,MALDEN,MO,63863,9998,,W17140,P
CENTRAL,4J,KS-MO,630,63935,DONIPHAN,303 N GRAND AVE,DONIPHAN,MO,63935,9998,,W16358,P
CENTRAL,4J,KS-MO,630,63936,DEXTER,202 E STODDARD ST,DEXTER,MO,63841,9998,,W16344,P
CENTRAL,4J,KS-MO,630,63936,DUDLEY,10363 BRENDA ST,DUDLEY,MO,63936,9998,,W16369,P
CENTRAL,4J,KS-MO,630,63937,ELLSINORE,1 NORTH ST,ELLSINORE,MO,63937,9998,,W16418,P
CENTRAL,4J,KS-MO,630,63939,DONIPHAN,303 N GRAND AVE,DONIPHAN,MO,63935,9998,,W16358,P
CENTRAL,4J,KS-MO,630,63939,FAIRDEALING,101 N COUNTY ROAD 160E26,FAIRDEALING,MO,63939,9998,,W16463,P
CENTRAL,4J,KS-MO,630,63940,FISK,204 LINCOLN AVE,FISK,MO,63940,9998,,W16493,P
CENTRAL,4J,KS-MO,630,63940,POPLAR BLUFF,430 POPLAR ST,POPLAR BLUFF,MO,63901,9998,,W17588,P
CENTRAL,4J,KS-MO,630,63941,VAN BUREN,307 W OLIVER ST,VAN BUREN,MO,63965,9998,,W18524,P
CENTRAL,4J,KS-MO,630,63942,DONIPHAN,303 N GRAND AVE,DONIPHAN,MO,63935,9998,,W16358,P
CENTRAL,4J,KS-MO,630,63943,GRANDIN,406 5TH ST,GRANDIN,MO,63943,9998,,W16624,P
CENTRAL,4J,KS-MO,630,63944,GREENVILLE,111 MAIN ST,GREENVILLE,MO,63944,9998,,W16660,P
CENTRAL,4J,KS-MO,630,63944,PIEDMONT,125 W GREEN ST,PIEDMONT,MO,63957,9998,,W17537,P
CENTRAL,4J,KS-MO,630,63945,HARVIELL,54 E MAIN ST,HARVIELL,MO,63945,9998,,W16719,P
CENTRAL,4J,KS-MO,630,63951,LOWNDES,13066 WAYNE RTE E,LOWNDES,MO,63951,9998,,W17111,P
CENTRAL,4J,KS-MO,630,63953,NAYLOR,100 BROAD ST,NAYLOR,MO,63953,9998,,W17348,P
CENTRAL,4J,KS-MO,630,63954,NEELYVILLE,407 HART ST,NEELYVILLE,MO,63954,9998,,W17353,P
CENTRAL,4J,KS-MO,630,63955,DONIPHAN,303 N GRAND AVE,DONIPHAN,MO,63935,9998,,W16358,P
CENTRAL,4J,KS-MO,630,63955,OXLY,150 STATE HIGHWAY 142 E,OXLY,MO,63955,9998,,W17475,P
CENTRAL,4J,KS-MO,630,63956,PATTERSON,1234 OLD STATE ROUTE 34,PATTERSON,MO,63956,9998,,W17502,P
CENTRAL,4J,KS-MO,630,63957,PIEDMONT,125 W GREEN ST,PIEDMONT,MO,63957,9998,,W17537,P
CENTRAL,4J,KS-MO,630,63960,PUXICO,196 N E L HAWKS ST,PUXICO,MO,63960,9998,,W17623,P
CENTRAL,4J,KS-MO,630,63961,POPLAR BLUFF,430 POPLAR ST,POPLAR BLUFF,MO,63901,9998,,W17588,P
CENTRAL,4J,KS-MO,630,63961,QULIN,548 D ST,QULIN,MO,63961,9998,,W17629,P
CENTRAL,4J,KS-MO,630,63962,POPLAR BLUFF,430 POPLAR ST,POPLAR BLUFF,MO,63901,9998,P,W17588,P
CENTRAL,4J,KS-MO,630,63964,SILVA,662 WAYNE 219,SILVA,MO,63964,9998,,W17928,P
CENTRAL,4J,KS-MO,630,63965,VAN BUREN,307 W OLIVER ST,VAN BUREN,MO,63965,9998,,W18524,P
CENTRAL,4J,KS-MO,630,63966,WAPPAPELLO,19200 WAYNE ROUTE D,WAPPAPELLO,MO,63966,8672,,W18569,P
CENTRAL,4J,KS-MO,630,63967,WILLIAMSVILLE,100 N HIGHWAY A ST,WILLIAMSVILLE,MO,63967,9998,,W18653,P
CENTRAL,4J,KS-MO,630,64001,ALMA,200 S COUNTY RD,ALMA,MO,64001,9998,,W15703,P
CENTRAL,4J,KS-MO,630,64001,CONCORDIA,13 SE 7TH ST,CONCORDIA,MO,64020,9998,,W16234,P
CENTRAL,4J,KS-MO,630,64011,BATES CITY,404 E HIGHWAY Z,BATES CITY,MO,64011,9998,,W15790,P
CENTRAL,4J,KS-MO,630,64011,OAK GROVE,1700 S BROADWAY,OAK GROVE,MO,64075,9998,,W17419,P
CENTRAL,4J,KS-MO,630,64012,BELTON,121 BRADFORD LN,BELTON,MO,64012,9998,,W15820,P
CENTRAL,4J,KS-MO,630,64013,BLUE SPRINGS,500 SW SOUTH AVE,BLUE SPRINGS,MO,64014,9998,P,W15877,P
CENTRAL,4J,KS-MO,630,64014,BLUE SPRINGS,500 SW SOUTH AVE,BLUE SPRINGS,MO,64014,9998,,W15877,P
CENTRAL,4J,KS-MO,630,64015,BLUE SPRINGS,500 SW SOUTH AVE,BLUE SPRINGS,MO,64014,9998,,W15877,P
CENTRAL,4J,KS-MO,630,64016,BUCKNER,16 WASHINGTON ST,BUCKNER,MO,64016,9998,,W16022,P
CENTRAL,4J,KS-MO,630,64018,CAMDEN POINT,310 CAMDEN ST,CAMDEN POINT,MO,64018,9998,,W16064,P
CENTRAL,4J,KS-MO,630,64019,CENTERVIEW,204 S MAIN ST,CENTERVIEW,MO,64019,9998,,W16145,P
CENTRAL,4J,KS-MO,630,64019,WARRENSBURG,201 E GAY ST,WARRENSBURG,MO,64093,9998,,W18574,P
CENTRAL,4J,KS-MO,630,64020,CONCORDIA,13 SE 7TH ST,CONCORDIA,MO,64020,9998,,W16234,P
CENTRAL,4J,KS-MO,630,64021,CORDER,222 N LAFAYETTE ST,CORDER,MO,64021,9998,,W16246,P
CENTRAL,4J,KS-MO,630,64022,DOVER,270 W WALNUT ST,DOVER,MO,64022,9998,,W16362,P
CENTRAL,4J,KS-MO,630,64024,EXCELSIOR SPRINGS,515 SAINT LOUIS AVE,EXCELSIOR SPRINGS,MO,64024,9998,,W16456,P
CENTRAL,4J,KS-MO,630,64028,FARLEY,106 MAIN ST,FARLEY,MO,64028,9998,P,W16472,P
CENTRAL,4J,KS-MO,630,64029,BLUE SPRINGS,500 SW SOUTH AVE,BLUE SPRINGS,MO,64014,9998,,W15877,P
CENTRAL,4J,KS-MO,630,64029,GRAIN VALLEY,112 W WALNUT ST,GRAIN VALLEY,MO,64029,9998,,W16619,P
CENTRAL,4J,KS-MO,630,64030,GRANDVIEW,1415 MAIN ST,GRANDVIEW,MO,64030,9998,,W16625,P
CENTRAL,4J,KS-MO,630,64034,GREENWOOD,604 WALNUT ST STE A,GREENWOOD,MO,64034,9998,,W16663,P
CENTRAL,4J,KS-MO,630,64034,LEES SUMMIT,1404 SW MARKET ST,LEES SUMMIT,MO,64081,9923,,W17019,P
CENTRAL,4J,KS-MO,630,64035,HARDIN,108 NE 2ND ST,HARDIN,MO,64035,9998,,W16700,P
CENTRAL,4J,KS-MO,630,64035,RICHMOND,209 S COLLEGE ST,RICHMOND,MO,64085,9998,,W17668,P
CENTRAL,4J,KS-MO,630,64036,HENRIETTA,100 W 3RD ST,HENRIETTA,MO,64036,9998,,W16740,P
CENTRAL,4J,KS-MO,630,64037,HIGGINSVILLE,2001 MAIN ST,HIGGINSVILLE,MO,64037,9998,,W16749,P
CENTRAL,4J,KS-MO,630,64040,HOLDEN,105 S LEXINGTON ST,HOLDEN,MO,64040,9998,,W16775,P
CENTRAL,4J,KS-MO,630,64048,HOLT,205 MAIN ST,HOLT,MO,64048,9998,,W16779,P
CENTRAL,4J,KS-MO,630,64048,KEARNEY,1 S PLATTE CLAY WAY,KEARNEY,MO,64060,9998,,W16894,P
CENTRAL,4J,KS-MO,630,64050,INDEP MAIN OFF,301 W LEXINGTON AVE STE 110,INDEPENDENCE,MO,64050,3724,,W16835,S
CENTRAL,4J,KS-MO,630,64051,INDEPENDENCE,301 W LEXINGTON AVE STE 110,INDEPENDENCE,MO,64050,9998,P,W16836,P
CENTRAL,4J,KS-MO,630,64052,ENGLEWOOD,1500 S NORTHERN BLVD,INDEPENDENCE,MO,64052,9998,,W16431,S
CENTRAL,4J,KS-MO,630,64052,INDEP MAIN OFF,301 W LEXINGTON AVE STE 110,INDEPENDENCE,MO,64050,3724,,W16835,S
CENTRAL,4J,KS-MO,630,64053,INDEP MAIN OFF,301 W LEXINGTON AVE STE 110,INDEPENDENCE,MO,64050,3724,,W16835,S
CENTRAL,4J,KS-MO,630,64054,ENGLEWOOD,1500 S NORTHERN BLVD,INDEPENDENCE,MO,64052,9998,,W16431,S
CENTRAL,4J,KS-MO,630,64054,INDEP MAIN OFF,301 W LEXINGTON AVE STE 110,INDEPENDENCE,MO,64050,3724,,W16835,S
CENTRAL,4J,KS-MO,630,64055,HARRY S TRUMAN,14200 E 32ND ST S,INDEPENDENCE,MO,64055,9998,,W16709,S
CENTRAL,4J,KS-MO,630,64056,INDEP MAIN OFF,301 W LEXINGTON AVE STE 110,INDEPENDENCE,MO,64050,3724,,W16835,S
CENTRAL,4J,KS-MO,630,64057,HARRY S TRUMAN,14200 E 32ND ST S,INDEPENDENCE,MO,64055,9998,,W16709,S
CENTRAL,4J,KS-MO,630,64058,INDEP MAIN OFF,301 W LEXINGTON AVE STE 110,INDEPENDENCE,MO,64050,3724,,W16835,S
CENTRAL,4J,KS-MO,630,64060,KEARNEY,1 S PLATTE CLAY WAY,KEARNEY,MO,64060,9998,,W16894,P
CENTRAL,4J,KS-MO,630,64061,HOLDEN,105 S LEXINGTON ST,HOLDEN,MO,64040,9998,,W16775,P
CENTRAL,4J,KS-MO,630,64061,KINGSVILLE,201 E PACIFIC ST,KINGSVILLE,MO,64061,9998,,W16917,P
CENTRAL,4J,KS-MO,630,64062,LAWSON,420 N PENNSYLVANIA AVE,LAWSON,MO,64062,9998,,W17011,P
CENTRAL,4J,KS-MO,630,64063,LEES SUMMIT,1404 SW MARKET ST,LEES SUMMIT,MO,64081,9923,,W17019,P
CENTRAL,4J,KS-MO,630,64064,R B RICE,1951 NE RICE RD,LEES SUMMIT,MO,64064,9998,,W1C582,S
CENTRAL,4J,KS-MO,630,64066,LEVASY,212 MAIN ST,LEVASY,MO,64066,9998,P,W17031,P
CENTRAL,4J,KS-MO,630,64067,LEXINGTON,301 S BUSINESS HIGHWAY 13,LEXINGTON,MO,64067,9998,,W17035,P
CENTRAL,4J,KS-MO,630,64068,LIBERTY,1000 PROGRESS DR,LIBERTY,MO,64068,9998,,W17037,P
CENTRAL,4J,KS-MO,630,64069,LIBERTY,1000 PROGRESS DR,LIBERTY,MO,64068,9998,P,W17037,P
CENTRAL,4J,KS-MO,630,64070,LONE JACK,309 N BYNUM RD,LONE JACK,MO,64070,9998,,W17065,P
CENTRAL,4J,KS-MO,630,64071,HIGGINSVILLE,2001 MAIN ST,HIGGINSVILLE,MO,64037,9998,,W16749,P
CENTRAL,4J,KS-MO,630,64071,MAYVIEW,100 S WEST BOUNDARY ST,MAYVIEW,MO,64071,2510,,W17204,P
CENTRAL,4J,KS-MO,630,64072,MISSOURI CITY,426 MAIN ST,MISSOURI CITY,MO,64072,9998,P,W17272,P
CENTRAL,4J,KS-MO,630,64074,NAPOLEON,265 W 2ND ST,NAPOLEON,MO,64074,9998,,W17346,P
CENTRAL,4J,KS-MO,630,64075,OAK GROVE,1700 S BROADWAY,OAK GROVE,MO,64075,9998,,W17419,P
CENTRAL,4J,KS-MO,630,64076,ODESSA,101 E DRYDEN ST,ODESSA,MO,64076,9998,,W17432,P
CENTRAL,4J,KS-MO,630,64077,ORRICK,107 W SOUTH FRONT ST,ORRICK,MO,64077,9998,,W17454,P
CENTRAL,4J,KS-MO,630,64078,PECULIAR,401 SCHUG AVE,PECULIAR,MO,64078,9998,,W17516,P
CENTRAL,4J,KS-MO,630,64079,PLATTE CITY,1101 HAMPTON LN,PLATTE CITY,MO,64079,9998,,W17557,P
CENTRAL,4J,KS-MO,630,64080,PLEASANT HILL,124 VETERANS PKWY,PLEASANT HILL,MO,64080,9998,,W17563,P
CENTRAL,4J,KS-MO,630,64081,LEES SUMMIT,1404 SW MARKET ST,LEES SUMMIT,MO,64081,9923,,W17019,P
CENTRAL,4J,KS-MO,630,64082,LEES SUMMIT,1404 SW MARKET ST,LEES SUMMIT,MO,64081,9923,,W17019,P
CENTRAL,4J,KS-MO,630,64083,BELTON,121 BRADFORD LN,BELTON,MO,64012,9998,,W15820,P
CENTRAL,4J,KS-MO,630,64083,RAYMORE,329 N MADISON ST,RAYMORE,MO,64083,9998,,W17638,P
CENTRAL,4J,KS-MO,630,64084,RICHMOND,209 S COLLEGE ST,RICHMOND,MO,64085,9998,,W17668,P
CENTRAL,4J,KS-MO,630,64085,RICHMOND,209 S COLLEGE ST,RICHMOND,MO,64085,9998,,W17668,P
CENTRAL,4J,KS-MO,630,64086,R B RICE,1951 NE RICE RD,LEES SUMMIT,MO,64064,9998,,W1C582,S
CENTRAL,4J,KS-MO,630,64088,BUCKNER,16 WASHINGTON ST,BUCKNER,MO,64016,9998,,W16022,P
CENTRAL,4J,KS-MO,630,64088,SIBLEY,100 CHICAGO AVE,SIBLEY,MO,64088,9998,,W17923,P
CENTRAL,4J,KS-MO,630,64089,SMITHVILLE,206 RICHARDSON ST,SMITHVILLE,MO,64089,9998,,W17940,P
CENTRAL,4J,KS-MO,630,64092,WALDRON,7230 NW RIVER RD,WALDRON,MO,64092,9998,P,W18564,P
CENTRAL,4J,KS-MO,630,64093,WARRENSBURG,201 E GAY ST,WARRENSBURG,MO,64093,9998,,W18574,P
CENTRAL,4J,KS-MO,630,64096,CONCORDIA,13 SE 7TH ST,CONCORDIA,MO,64020,9998,,W16234,P
CENTRAL,4J,KS-MO,630,64096,WAVERLY,110 E KELLING AVE,WAVERLY,MO,64096,9998,,W18586,P
CENTRAL,4J,KS-MO,630,64097,WELLINGTON,110 E HIGHWAY 224,WELLINGTON,MO,64097,9998,,W18613,P
CENTRAL,4J,KS-MO,630,64098,WESTON,18205 LIBRARY DR,WESTON,MO,64098,9998,,W18633,P
CENTRAL,4J,KS-MO,630,64101,KANSAS CITY MAIN OFFICE,300 W PERSHING RD,KANSAS CITY,MO,64108,4318,,W16889,S
CENTRAL,4J,KS-MO,630,64102,KANSAS CITY MAIN OFFICE,300 W PERSHING RD,KANSAS CITY,MO,64108,4318,,W16889,S
CENTRAL,4J,KS-MO,630,64105,KANSAS CITY MAIN OFFICE,300 W PERSHING RD,KANSAS CITY,MO,64108,4318,,W16889,S
CENTRAL,4J,KS-MO,630,64106,CIVIC CENTER,601 E 12TH ST,KANSAS CITY,MO,64106,9998,,W16178,S
CENTRAL,4J,KS-MO,630,64106,KANSAS CITY MAIN OFFICE,300 W PERSHING RD,KANSAS CITY,MO,64108,4318,,W16889,S
CENTRAL,4J,KS-MO,630,64108,KANSAS CITY MAIN OFFICE,300 W PERSHING RD,KANSAS CITY,MO,64108,4318,,W16889,S
CENTRAL,4J,KS-MO,630,64109,WESTPORT,200 WESTPORT RD,KANSAS CITY,MO,64111,9998,,W18635,S
CENTRAL,4J,KS-MO,630,64110,SOUTH TROOST,7420 TROOST AVE,KANSAS CITY,MO,64131,9998,,W17967,S
CENTRAL,4J,KS-MO,630,64111,WESTPORT,200 WESTPORT RD,KANSAS CITY,MO,64111,9998,,W18635,S
CENTRAL,4J,KS-MO,630,64112,SOUTH TROOST,7420 TROOST AVE,KANSAS CITY,MO,64131,9998,,W17967,S
CENTRAL,4J,KS-MO,630,64112,WESTPORT,200 WESTPORT RD,KANSAS CITY,MO,64111,9998,,W18635,S
CENTRAL,4J,KS-MO,630,64112,WALDO,119 W GREGORY BLVD,KANSAS CITY,MO,64114,1142,,013418,S
CENTRAL,4J,KS-MO,630,64113,COUNTRY CLUB,108 W 63RD ST,KANSAS CITY,MO,64113,1628,,W16257,S
CENTRAL,4J,KS-MO,630,64113,WALDO,119 W GREGORY BLVD,KANSAS CITY,MO,64114,1142,,013418,S
CENTRAL,4J,KS-MO,630,64114,MARTIN CITY,10 E 135TH ST,KANSAS CITY,MO,64145,9998,,W17176,S
CENTRAL,4J,KS-MO,630,64114,WALDO,119 W GREGORY BLVD,KANSAS CITY,MO,64114,1142,,013418,S
CENTRAL,4J,KS-MO,630,64116,NORTH KANSAS CITY,820 ARMOUR RD,KANSAS CITY,MO,64116,9998,,W17396,B
CENTRAL,4J,KS-MO,630,64117,NORTH KANSAS CITY,820 ARMOUR RD,KANSAS CITY,MO,64116,9998,,W17396,B
CENTRAL,4J,KS-MO,630,64118,GLADSTONE,7170 N BROADWAY ST,KANSAS CITY,MO,64118,9998,,W16581,B
CENTRAL,4J,KS-MO,630,64119,ANTIOCH,4810 NE VIVION RD,KANSAS CITY,MO,64119,9998,,W15719,S
CENTRAL,4J,KS-MO,630,64119,HODGE PARK CARRIER ANNEX,4701 NE BARRY RD,KANSAS CITY,MO,64156,1296,,002240,4
CENTRAL,4J,KS-MO,630,64120,EXECUTIVE PARK,1740 UNIVERSAL AVE,KANSAS CITY,MO,64120,9998,,W16457,S
CENTRAL,4J,KS-MO,630,64120,JAMES CREWS,2201 E TRUMAN RD,KANSAS CITY,MO,64127,9998,,W16854,S
CENTRAL,4J,KS-MO,630,64121,KANSAS CITY,1700 CLEVELAND AVE,KANSAS CITY,MO,64121,9997,P,W1B651,E
CENTRAL,4J,KS-MO,630,64123,JAMES CREWS,2201 E TRUMAN RD,KANSAS CITY,MO,64127,9998,,W16854,S
CENTRAL,4J,KS-MO,630,64123,VPO KANSAS CITY NORTHEAST,6000 WILSON AVE,KANSAS CITY,MO,64123,1942,,016647,5
CENTRAL,4J,KS-MO,630,64124,JAMES CREWS,2201 E TRUMAN RD,KANSAS CITY,MO,64127,9998,,W16854,S
CENTRAL,4J,KS-MO,630,64125,JAMES CREWS,2201 E TRUMAN RD,KANSAS CITY,MO,64127,9998,,W16854,S
CENTRAL,4J,KS-MO,630,64126,CENTROPOLIS,5824 E TRUMAN RD,KANSAS CITY,MO,64126,9998,,W16150,S
CENTRAL,4J,KS-MO,630,64126,JAMES CREWS,2201 E TRUMAN RD,KANSAS CITY,MO,64127,9998,,W16854,S
CENTRAL,4J,KS-MO,630,64127,JAMES CREWS,2201 E TRUMAN RD,KANSAS CITY,MO,64127,9998,,W16854,S
CENTRAL,4J,KS-MO,630,64128,JAMES CREWS,2201 E TRUMAN RD,KANSAS CITY,MO,64127,9998,,W16854,S
CENTRAL,4J,KS-MO,630,64129,PARKWAY,4320 DR MARTIN LUTHER KING JR BLVD,KANSAS CITY,MO,64130,9998,,W17493,S
CENTRAL,4J,KS-MO,630,64130,PARKWAY,4320 DR MARTIN LUTHER KING JR BLVD,KANSAS CITY,MO,64130,9998,,W17493,S
CENTRAL,4J,KS-MO,630,64131,SOUTH TROOST,7420 TROOST AVE,KANSAS CITY,MO,64131,9998,,W17967,S
CENTRAL,4J,KS-MO,630,64132,SOUTH TROOST,7420 TROOST AVE,KANSAS CITY,MO,64131,9998,,W17967,S
CENTRAL,4J,KS-MO,630,64133,RAYTOWN,10501 E 63RD ST,RAYTOWN,MO,64133,9998,,W17639,B
CENTRAL,4J,KS-MO,630,64134,HICKMAN MILLS,6921 E 111TH ST,KANSAS CITY,MO,64134,9998,,W16746,S
CENTRAL,4J,KS-MO,630,64136,RAYTOWN,10501 E 63RD ST,RAYTOWN,MO,64133,9998,,W17639,B
CENTRAL,4J,KS-MO,630,64137,HICKMAN MILLS,6921 E 111TH ST,KANSAS CITY,MO,64134,9998,,W16746,S
CENTRAL,4J,KS-MO,630,64138,LONGVIEW,8800 RAYTOWN RD,KANSAS CITY,MO,64138,9998,,W17070,S
CENTRAL,4J,KS-MO,630,64139,LONGVIEW,8800 RAYTOWN RD,KANSAS CITY,MO,64138,9998,,W17070,S
CENTRAL,4J,KS-MO,630,64141,KANSAS CITY,1700 CLEVELAND AVE,KANSAS CITY,MO,64121,9997,P,W1B651,E
CENTRAL,4J,KS-MO,630,64141,KANSAS CITY MO RETAIL,30 W PERSHING RD STE 112,KANSAS CITY,MO,64108,9712,P,008482,S
CENTRAL,4J,KS-MO,630,64145,MARTIN CITY,10 E 135TH ST,KANSAS CITY,MO,64145,9998,,W17176,S
CENTRAL,4J,KS-MO,630,64147,MARTIN CITY,10 E 135TH ST,KANSAS CITY,MO,64145,9998,,W17176,S
CENTRAL,4J,KS-MO,630,64148,MARTIN CITY,10 E 135TH ST,KANSAS CITY,MO,64145,9998,P,W17176,S
CENTRAL,4J,KS-MO,630,64149,MARTIN CITY,10 E 135TH ST,KANSAS CITY,MO,64145,9998,,W17176,S
CENTRAL,4J,KS-MO,630,64150,BARRY WOODS ANNEX,8320 N PLATTE PURCHASE DR,KANSAS CITY,MO,64118,1006,,000732,4
CENTRAL,4J,KS-MO,630,64151,BARRY WOODS ANNEX,8320 N PLATTE PURCHASE DR,KANSAS CITY,MO,64118,1006,,000732,4
CENTRAL,4J,KS-MO,630,64152,PARKVILLE,105 EAST ST,PARKVILLE,MO,64152,9998,,W17492,B
CENTRAL,4J,KS-MO,630,64153,BARRY WOODS ANNEX,8320 N PLATTE PURCHASE DR,KANSAS CITY,MO,64118,1006,,000732,4
CENTRAL,4J,KS-MO,630,64154,BARRY WOODS ANNEX,8320 N PLATTE PURCHASE DR,KANSAS CITY,MO,64118,1006,,000732,4
CENTRAL,4J,KS-MO,630,64155,BARRY WOODS ANNEX,8320 N PLATTE PURCHASE DR,KANSAS CITY,MO,64118,1006,,000732,4
CENTRAL,4J,KS-MO,630,64156,HODGE PARK CARRIER ANNEX,4701 NE BARRY RD,KANSAS CITY,MO,64156,1296,,002240,4
CENTRAL,4J,KS-MO,630,64157,HODGE PARK CARRIER ANNEX,4701 NE BARRY RD,KANSAS CITY,MO,64156,1296,,002240,4
CENTRAL,4J,KS-MO,630,64158,HODGE PARK CARRIER ANNEX,4701 NE BARRY RD,KANSAS CITY,MO,64156,1296,,002240,4
CENTRAL,4J,KS-MO,630,64161,NORTH KANSAS CITY,820 ARMOUR RD,KANSAS CITY,MO,64116,9998,,W17396,B
CENTRAL,4J,KS-MO,630,64163,BARRY WOODS ANNEX,8320 N PLATTE PURCHASE DR,KANSAS CITY,MO,64118,1006,,000732,4
CENTRAL,4J,KS-MO,630,64168,RIVERSIDE,4900 NW GATEWAY AVE,RIVERSIDE,MO,64150,9998,P,W17682,B
CENTRAL,4J,KS-MO,630,64171,WESTPORT,200 WESTPORT RD,KANSAS CITY,MO,64111,9998,P,W18635,S
CENTRAL,4J,KS-MO,630,64188,GLADSTONE,7170 N BROADWAY ST,KANSAS CITY,MO,64118,9998,P,W16581,B
CENTRAL,4J,KS-MO,630,64190,BOARDWALK SQUARE STATION,6304 NW BARRY RD,KANSAS CITY,MO,64154,9998,P,W1C583,S
CENTRAL,4J,KS-MO,630,64195,JESSE M DONALDSON,156 PARIS ST,KANSAS CITY,MO,64153,9997,P,W16872,S
CENTRAL,4J,KS-MO,630,64196,KANSAS CITY MO RETAIL,30 W PERSHING RD STE 112,KANSAS CITY,MO,64108,9712,P,008482,S
CENTRAL,4J,KS-MO,630,64401,AGENCY,10580 STATE ROUTE FF SE,AGENCY,MO,64401,9998,,W15656,P
CENTRAL,4J,KS-MO,630,64402,ALBANY,101 E CLAY ST,ALBANY,MO,64402,9998,,W15691,P
CENTRAL,4J,KS-MO,630,64420,ALLENDALE,2108 MAIN ST,ALLENDALE,MO,64420,9998,P,W15697,P
CENTRAL,4J,KS-MO,630,64421,AMAZONIA,142 STATE ROUTE K,AMAZONIA,MO,64421,9998,,W15708,P
CENTRAL,4J,KS-MO,630,64423,BARNARD,504 4TH ST,BARNARD,MO,64423,9998,,W15784,P
CENTRAL,4J,KS-MO,630,64424,BETHANY,1407 CENTRAL ST,BETHANY,MO,64424,9998,,W15840,P
CENTRAL,4J,KS-MO,630,64426,BLYTHEDALE,629 STATE HWY N,BLYTHEDALE,MO,64426,9998,,W15880,P
CENTRAL,4J,KS-MO,630,64427,BOLCKOW,305 RICHARDSON ST,BOLCKOW,MO,64427,9998,,W15886,P
CENTRAL,4J,KS-MO,630,64428,BURLINGTON JUNCTION,101 W MAIN ST,BURLINGTON JUNCTION,MO,64428,9998,,W16035,P
CENTRAL,4J,KS-MO,630,64428,MARYVILLE,507 N FILLMORE ST,MARYVILLE,MO,64468,9998,,W17192,P
CENTRAL,4J,KS-MO,630,64429,CAMERON,112 E GRAND AVE,CAMERON,MO,64429,9998,,W16067,P
CENTRAL,4J,KS-MO,630,64430,CLARKSDALE,105 MAY ST,CLARKSDALE,MO,64430,9998,,W16185,P
CENTRAL,4J,KS-MO,630,64431,CLEARMONT,201 2ND ST,CLEARMONT,MO,64431,9998,,W16197,P
CENTRAL,4J,KS-MO,630,64432,CLYDE,404 MAIN ST,CLYDE,MO,64432,9998,,W16213,P
CENTRAL,4J,KS-MO,630,64433,CONCEPTION,37114 STATE HIGHWAY VV,CONCEPTION,MO,64433,9998,,W16232,P
CENTRAL,4J,KS-MO,630,64434,CONCEPTION JUNCTION,609 S MAIN ST,CONCEPTION JUNCTION,MO,64434,9998,,W16233,P
CENTRAL,4J,KS-MO,630,64436,CLARKSDALE,105 MAY ST,CLARKSDALE,MO,64430,9998,,W16185,P
CENTRAL,4J,KS-MO,630,64436,COSBY,421 LEIDY ST,COSBY,MO,64436,9998,,W16250,P
CENTRAL,4J,KS-MO,630,64437,CRAIG,103 S MAIN ST,CRAIG,MO,64437,9998,,W16265,P
CENTRAL,4J,KS-MO,630,64438,ALBANY,101 E CLAY ST,ALBANY,MO,64402,9998,,W15691,P
CENTRAL,4J,KS-MO,630,64439,DEARBORN,109 W 3RD ST,DEARBORN,MO,64439,9998,,W16321,P
CENTRAL,4J,KS-MO,630,64440,DE KALB,503 MAIN ST,DE KALB,MO,64440,9998,,W16318,P
CENTRAL,4J,KS-MO,630,64441,DENVER,311 NORTH ST,DENVER,MO,64441,9998,,W16332,P
CENTRAL,4J,KS-MO,630,64442,BETHANY,1407 CENTRAL ST,BETHANY,MO,64424,9998,,W15840,P
CENTRAL,4J,KS-MO,630,64442,EAGLEVILLE,14042 14TH ST,EAGLEVILLE,MO,64442,9998,,W16385,P
CENTRAL,4J,KS-MO,630,64443,EASTON,201 N BUCKLIN DR,EASTON,MO,64443,9998,,W16394,P
CENTRAL,4J,KS-MO,630,64444,EDGERTON,604 BELT AVE,EDGERTON,MO,64444,9998,,W16399,P
CENTRAL,4J,KS-MO,630,64444,TRIMBLE,304 N 169 HWY,TRIMBLE,MO,64492,9998,,W18464,P
CENTRAL,4J,KS-MO,630,64445,ELMO,101 W MAIN ST,ELMO,MO,64445,9998,,W16421,P
CENTRAL,4J,KS-MO,630,64446,FAIRFAX,104 N DENNY ST,FAIRFAX,MO,64446,9998,,W16464,P
CENTRAL,4J,KS-MO,630,64448,FAUCETT,716 SE GRAND DD,FAUCETT,MO,64448,9998,,W16476,P
CENTRAL,4J,KS-MO,630,64449,FILLMORE,126 E MAIN ST,FILLMORE,MO,64449,9998,,W16489,P
CENTRAL,4J,KS-MO,630,64451,FOREST CITY,108 GRAND AVE,FOREST CITY,MO,64451,9998,,W16513,P
CENTRAL,4J,KS-MO,630,64453,GENTRY,106 W MAIN ST,GENTRY,MO,64453,9998,,W16567,P
CENTRAL,4J,KS-MO,630,64454,GOWER,99 N 3RD ST,GOWER,MO,64454,9998,,W16616,P
CENTRAL,4J,KS-MO,630,64455,GRAHAM,412 E JACKSON ST,GRAHAM,MO,64455,9998,,W16618,P
CENTRAL,4J,KS-MO,630,64456,GRANT CITY,109 W 3RD ST,GRANT CITY,MO,64456,9998,,W16627,P
CENTRAL,4J,KS-MO,630,64457,GUILFORD,119 MAIN ST,GUILFORD,MO,64457,9998,,W16676,P
CENTRAL,4J,KS-MO,630,64459,HELENA,21295 SYCAMORE ST,HELENA,MO,64459,9998,,W16736,P
CENTRAL,4J,KS-MO,630,64461,HOPKINS,401 E BARNARD ST,HOPKINS,MO,64461,9998,,W16786,P
CENTRAL,4J,KS-MO,630,64463,KING CITY,102 E VERMONT ST,KING CITY,MO,64463,9998,,W16911,P
CENTRAL,4J,KS-MO,630,64463,STANBERRY,220 N PARK ST,STANBERRY,MO,64489,9998,,W18279,P
CENTRAL,4J,KS-MO,630,64465,LATHROP,606 OAK ST,LATHROP,MO,64465,9998,,W17008,P
CENTRAL,4J,KS-MO,630,64465,PLATTSBURG,105 S MAIN ST,PLATTSBURG,MO,64477,9998,,W17561,P
CENTRAL,4J,KS-MO,630,64466,MAITLAND,205 ASH ST,MAITLAND,MO,64466,9998,,W17139,P
CENTRAL,4J,KS-MO,630,64467,BETHANY,1407 CENTRAL ST,BETHANY,MO,64424,9998,,W15840,P
CENTRAL,4J,KS-MO,630,64468,MARYVILLE,507 N FILLMORE ST,MARYVILLE,MO,64468,9998,,W17192,P
CENTRAL,4J,KS-MO,630,64469,MAYSVILLE,303 W MAIN ST,MAYSVILLE,MO,64469,9998,,W17203,P
CENTRAL,4J,KS-MO,630,64470,MOUND CITY,116 W 6TH ST,MOUND CITY,MO,64470,9998,,W17319,P
CENTRAL,4J,KS-MO,630,64471,NEW HAMPTON,210 E LINCOLN WAY,NEW HAMPTON,MO,64471,9998,,W17368,P
CENTRAL,4J,KS-MO,630,64473,OREGON,100 S JEFFERSON ST,OREGON,MO,64473,9998,,W17451,P
CENTRAL,4J,KS-MO,630,64474,CAMERON,112 E GRAND AVE,CAMERON,MO,64429,9998,,W16067,P
CENTRAL,4J,KS-MO,630,64474,OSBORN,600 CLINTON AVE,OSBORN,MO,64474,9998,,W17460,P
CENTRAL,4J,KS-MO,630,64475,GRANT CITY,109 W 3RD ST,GRANT CITY,MO,64456,9998,,W16627,P
CENTRAL,4J,KS-MO,630,64475,PARNELL,211 E ROBINSON AVE,PARNELL,MO,64475,9998,,W17495,P
CENTRAL,4J,KS-MO,630,64476,PICKERING,411 E 5TH ST,PICKERING,MO,64476,9998,,W17536,P
CENTRAL,4J,KS-MO,630,64477,PLATTSBURG,105 S MAIN ST,PLATTSBURG,MO,64477,9998,,W17561,P
CENTRAL,4J,KS-MO,630,64479,RAVENWOOD,121 S MAIN ST,RAVENWOOD,MO,64479,9998,,W17635,P
CENTRAL,4J,KS-MO,630,64480,REA,218 BYERS ST,REA,MO,64480,9998,,W17644,P
CENTRAL,4J,KS-MO,630,64481,BETHANY,1407 CENTRAL ST,BETHANY,MO,64424,9998,,W15840,P
CENTRAL,4J,KS-MO,630,64481,RIDGEWAY,402 PINE ST,RIDGEWAY,MO,64481,9998,,W17675,P
CENTRAL,4J,KS-MO,630,64482,ROCK PORT,110 W OPP ST,ROCK PORT,MO,64482,9998,,W17701,P
CENTRAL,4J,KS-MO,630,64483,ROSENDALE,11501 HIGHWAY 48,ROSENDALE,MO,64483,9998,,W17725,P
CENTRAL,4J,KS-MO,630,64484,RUSHVILLE,209 VALLEY ST,RUSHVILLE,MO,64484,9998,,W17735,P
CENTRAL,4J,KS-MO,630,64485,SAVANNAH,507 W MAIN ST,SAVANNAH,MO,64485,9998,,W17877,P
CENTRAL,4J,KS-MO,630,64486,GRANT CITY,109 W 3RD ST,GRANT CITY,MO,64456,9998,,W16627,P
CENTRAL,4J,KS-MO,630,64487,MARYVILLE,507 N FILLMORE ST,MARYVILLE,MO,64468,9998,,W17192,P
CENTRAL,4J,KS-MO,630,64487,SKIDMORE,305 E ELM ST,SKIDMORE,MO,64487,9998,,W17933,P
CENTRAL,4J,KS-MO,630,64489,STANBERRY,220 N PARK ST,STANBERRY,MO,64489,9998,,W18279,P
CENTRAL,4J,KS-MO,630,64490,STEWARTSVILLE,406 MAIN ST,STEWARTSVILLE,MO,64490,9998,,W18334,P
CENTRAL,4J,KS-MO,630,64491,TARKIO,505 MAIN ST,TARKIO,MO,64491,9998,,W18433,P
CENTRAL,4J,KS-MO,630,64492,TRIMBLE,304 N 169 HWY,TRIMBLE,MO,64492,9998,,W18464,P
CENTRAL,4J,KS-MO,630,64493,TURNEY,205 SHERMAN ST,TURNEY,MO,64493,9998,,W18472,P
CENTRAL,4J,KS-MO,630,64494,MAYSVILLE,303 W MAIN ST,MAYSVILLE,MO,64469,9998,,W17203,P
CENTRAL,4J,KS-MO,630,64494,UNION STAR,335 CEDAR ST,UNION STAR,MO,64494,9998,,W18492,P
CENTRAL,4J,KS-MO,630,64497,WEATHERBY,148 N MAIN ST,WEATHERBY,MO,64497,9998,,W18590,P
CENTRAL,4J,KS-MO,630,64498,WESTBORO,303 E MAIN ST,WESTBORO,MO,64498,9998,,W18631,P
CENTRAL,4J,KS-MO,630,64501,SAINT JOSEPH,201 S 8TH ST,SAINT JOSEPH,MO,64501,9998,,W17767,P
CENTRAL,4J,KS-MO,630,64502,EASTSIDE,3906 OAKLAND AVE,SAINT JOSEPH,MO,64506,4980,P,008564,S
CENTRAL,4J,KS-MO,630,64503,SAINT JOSEPH,201 S 8TH ST,SAINT JOSEPH,MO,64501,9998,,W17767,P
CENTRAL,4J,KS-MO,630,64503,EASTSIDE,3906 OAKLAND AVE,SAINT JOSEPH,MO,64506,4980,,008564,S
CENTRAL,4J,KS-MO,630,64504,SAINT JOSEPH,201 S 8TH ST,SAINT JOSEPH,MO,64501,9998,,W17767,P
CENTRAL,4J,KS-MO,630,64504,STOCKYARDS SAINT JOSEPH,5706 LAKE AVE,SAINT JOSEPH,MO,64504,9998,,W18339,S
CENTRAL,4J,KS-MO,630,64505,SAINT JOSEPH,201 S 8TH ST,SAINT JOSEPH,MO,64501,9998,,W17767,P
CENTRAL,4J,KS-MO,630,64506,SAINT JOSEPH,201 S 8TH ST,SAINT JOSEPH,MO,64501,9998,,W17767,P
CENTRAL,4J,KS-MO,630,64506,EASTSIDE,3906 OAKLAND AVE,SAINT JOSEPH,MO,64506,4980,,008564,S
CENTRAL,4J,KS-MO,630,64507,SAINT JOSEPH,201 S 8TH ST,SAINT JOSEPH,MO,64501,9998,,W17767,P
CENTRAL,4J,KS-MO,630,64507,EASTSIDE,3906 OAKLAND AVE,SAINT JOSEPH,MO,64506,4980,,008564,S
CENTRAL,4J,KS-MO,630,64508,EASTSIDE,3906 OAKLAND AVE,SAINT JOSEPH,MO,64506,4980,P,008564,S
CENTRAL,4J,KS-MO,630,64601,CHILLICOTHE,401 S WASHINGTON ST,CHILLICOTHE,MO,64601,9998,,W16173,P
CENTRAL,4J,KS-MO,630,64620,ALTAMONT,210 MAIN ST,ALTAMONT,MO,64620,9998,,W15704,P
CENTRAL,4J,KS-MO,630,64622,BOGARD,100 W 3RD ST,BOGARD,MO,64622,9998,,W15883,P
CENTRAL,4J,KS-MO,630,64623,BOSWORTH,111 N KANSAS AVE,BOSWORTH,MO,64623,9998,,W15899,P
CENTRAL,4J,KS-MO,630,64624,BRAYMER,115 E 2ND ST,BRAYMER,MO,64624,9998,,W15939,P
CENTRAL,4J,KS-MO,630,64625,BRECKENRIDGE,165 S 7TH ST,BRECKENRIDGE,MO,64625,9998,,W15943,P
CENTRAL,4J,KS-MO,630,64628,BROOKFIELD,201 W BOSTON ST,BROOKFIELD,MO,64628,9998,,W15970,P
CENTRAL,4J,KS-MO,630,64630,BROWNING,502 W MAIN ST,BROWNING,MO,64630,9998,,W15977,P
CENTRAL,4J,KS-MO,630,64631,BUCKLIN,31 N LIVINGSTON ST,BUCKLIN,MO,64631,9998,,W16021,P
CENTRAL,4J,KS-MO,630,64631,MARCELINE,120 E RITCHIE AVE,MARCELINE,MO,64658,9998,,W17158,P
CENTRAL,4J,KS-MO,630,64632,CAINSVILLE,702 MAIN ST,CAINSVILLE,MO,64632,9998,,W16050,P
CENTRAL,4J,KS-MO,630,64632,PRINCETON,204 S BROADWAY ST,PRINCETON,MO,64673,1100,,W17613,P
CENTRAL,4J,KS-MO,630,64633,CARROLLTON,101 N FOLGER ST,CARROLLTON,MO,64633,9998,,W16095,P
CENTRAL,4J,KS-MO,630,64635,CHULA,640 MANSUR ST,CHULA,MO,64635,9998,,W16177,P
CENTRAL,4J,KS-MO,630,64636,COFFEY,212 E STATE HIGHWAY B,COFFEY,MO,64636,9998,,W16216,P
CENTRAL,4J,KS-MO,630,64637,BRAYMER,115 E 2ND ST,BRAYMER,MO,64624,9998,,W15939,P
CENTRAL,4J,KS-MO,630,64637,COWGILL,460 MAIN ST,COWGILL,MO,64637,9998,,W16262,P
CENTRAL,4J,KS-MO,630,64638,DAWN,202 MAIN ST,DAWN,MO,64638,9998,,W16317,P
CENTRAL,4J,KS-MO,630,64638,LUDLOW,210 MAIN ST,LUDLOW,MO,64656,9998,,W17121,P
CENTRAL,4J,KS-MO,630,64639,DE WITT,711 JEFFERSON ST,DE WITT,MO,64639,9998,,W16320,P
CENTRAL,4J,KS-MO,630,64640,GALLATIN,111 S MAIN ST,GALLATIN,MO,64640,9998,,W16555,P
CENTRAL,4J,KS-MO,630,64641,GALT,100 CENTER ST,GALT,MO,64641,9998,,W16557,P
CENTRAL,4J,KS-MO,630,64642,TRENTON,201 W 11TH ST,TRENTON,MO,64683,9998,,W18463,P
CENTRAL,4J,KS-MO,630,64643,HALE,202 MAIN ST,HALE,MO,64643,9998,,W16683,P
CENTRAL,4J,KS-MO,630,64644,HAMILTON,106 W BIRD ST,HAMILTON,MO,64644,9998,,W16690,P
CENTRAL,4J,KS-MO,630,64647,JAMESON,206 N MAIN ST,JAMESON,MO,64647,9998,,W16855,P
CENTRAL,4J,KS-MO,630,64648,JAMESPORT,201 S BROADWAY ST,JAMESPORT,MO,64648,9998,,W16856,P
CENTRAL,4J,KS-MO,630,64648,TRENTON,201 W 11TH ST,TRENTON,MO,64683,9998,,W18463,P
CENTRAL,4J,KS-MO,630,64649,KIDDER,315 E 3RD ST,KIDDER,MO,64649,9998,,W16905,P
CENTRAL,4J,KS-MO,630,64650,KINGSTON,36 N FRANKLIN ST,KINGSTON,MO,64650,9998,,W16916,P
CENTRAL,4J,KS-MO,630,64650,POLO,104 W ELM ST,POLO,MO,64671,9998,,W17580,P
CENTRAL,4J,KS-MO,630,64651,LACLEDE,607 PERSHING DR,LACLEDE,MO,64651,9103,,W16953,P
CENTRAL,4J,KS-MO,630,64652,LAREDO,216 E MAIN ST,LAREDO,MO,64652,9998,,W17006,P
CENTRAL,4J,KS-MO,630,64653,LINNEUS,200 S HIGH ST,LINNEUS,MO,64653,9998,,W17049,P
CENTRAL,4J,KS-MO,630,64655,LUCERNE,205 STATE HIGHWAY A E,LUCERNE,MO,64655,9998,,W17120,P
CENTRAL,4J,KS-MO,630,64656,LUDLOW,210 MAIN ST,LUDLOW,MO,64656,9998,,W17121,P
CENTRAL,4J,KS-MO,630,64657,MC FALL,508 MAIN ST,MC FALL,MO,64657,9998,,W17208,P
CENTRAL,4J,KS-MO,630,64657,PATTONSBURG,105 2ND AVE,PATTONSBURG,MO,64670,9998,,W17505,P
CENTRAL,4J,KS-MO,630,64658,MARCELINE,120 E RITCHIE AVE,MARCELINE,MO,64658,9998,,W17158,P
CENTRAL,4J,KS-MO,630,64659,MEADVILLE,212 S MACON ST,MEADVILLE,MO,64659,9998,,W17222,P
CENTRAL,4J,KS-MO,630,64660,BROOKFIELD,201 W BOSTON ST,BROOKFIELD,MO,64628,9998,,W15970,P
CENTRAL,4J,KS-MO,630,64660,MENDON,202 MAIN ST,MENDON,MO,64660,9998,,W17231,P
CENTRAL,4J,KS-MO,630,64661,MERCER,101 N STATE ST,MERCER,MO,64661,9998,,W17235,P
CENTRAL,4J,KS-MO,630,64667,NEWTOWN,109 S MAIN ST,NEWTOWN,MO,64667,9998,,W17384,P
CENTRAL,4J,KS-MO,630,64668,CARROLLTON,101 N FOLGER ST,CARROLLTON,MO,64633,9998,,W16095,P
CENTRAL,4J,KS-MO,630,64668,NORBORNE,204 E 2ND ST,NORBORNE,MO,64668,9998,,W17392,P
CENTRAL,4J,KS-MO,630,64670,PATTONSBURG,105 2ND AVE,PATTONSBURG,MO,64670,9998,,W17505,P
CENTRAL,4J,KS-MO,630,64671,POLO,104 W ELM ST,POLO,MO,64671,9998,,W17580,P
CENTRAL,4J,KS-MO,630,64672,MERCER,101 N STATE ST,MERCER,MO,64661,9998,,W17235,P
CENTRAL,4J,KS-MO,630,64672,POWERSVILLE,203 MAIN ST,POWERSVILLE,MO,64672,9998,,W17601,P
CENTRAL,4J,KS-MO,630,64673,PRINCETON,204 S BROADWAY ST,PRINCETON,MO,64673,1100,,W17613,P
CENTRAL,4J,KS-MO,630,64674,PURDIN,401 C ST,PURDIN,MO,64674,9998,,W17620,P
CENTRAL,4J,KS-MO,630,64676,ROTHVILLE,209 MAIN ST,ROTHVILLE,MO,64676,9998,,W17726,P
CENTRAL,4J,KS-MO,630,64679,PRINCETON,204 S BROADWAY ST,PRINCETON,MO,64673,1100,,W17613,P
CENTRAL,4J,KS-MO,630,64679,SPICKARD,303 N 2ND ST,SPICKARD,MO,64679,9998,,W17982,P
CENTRAL,4J,KS-MO,630,64681,SUMNER,200 W CENTRE ST,SUMNER,MO,64681,9998,,W18375,P
CENTRAL,4J,KS-MO,630,64682,BOGARD,100 W 3RD ST,BOGARD,MO,64622,9998,,W15883,P
CENTRAL,4J,KS-MO,630,64682,TINA,201 N MAIN ST,TINA,MO,64682,9998,,W18454,P
CENTRAL,4J,KS-MO,630,64683,TRENTON,201 W 11TH ST,TRENTON,MO,64683,9998,,W18463,P
CENTRAL,4J,KS-MO,630,64686,UTICA,509 W THROOP ST,UTICA,MO,64686,9998,P,W18514,P
CENTRAL,4J,KS-MO,630,64688,MEADVILLE,212 S MACON ST,MEADVILLE,MO,64659,9998,,W17222,P
CENTRAL,4J,KS-MO,630,64688,WHEELING,104 N GRANT ST,WHEELING,MO,64688,9998,,W18638,P
CENTRAL,4J,KS-MO,630,64689,WINSTON,101 W 2ND ST,WINSTON,MO,64689,9998,,W18668,P
CENTRAL,4J,KS-MO,630,64701,HARRISONVILLE,305 E MECHANIC ST,HARRISONVILLE,MO,64701,9998,,W16706,P
CENTRAL,4J,KS-MO,630,64720,ADRIAN,127 E MAIN ST,ADRIAN,MO,64720,9998,,W15652,P
CENTRAL,4J,KS-MO,630,64722,AMORET,101 STATE ROUTE 52,AMORET,MO,64722,9998,,W15712,P
CENTRAL,4J,KS-MO,630,64723,AMSTERDAM,13151 NW MAIN ST,AMSTERDAM,MO,64723,9998,,W15713,P
CENTRAL,4J,KS-MO,630,64724,APPLETON CITY,119 W 4TH ST,APPLETON CITY,MO,64724,9998,,W15728,P
CENTRAL,4J,KS-MO,630,64725,ADRIAN,127 E MAIN ST,ADRIAN,MO,64720,9998,,W15652,P
CENTRAL,4J,KS-MO,630,64725,ARCHIE,208 S MAIN ST,ARCHIE,MO,64725,9998,,W15736,P
CENTRAL,4J,KS-MO,630,64726,GARDEN CITY,201 N 3RD ST,GARDEN CITY,MO,64747,9998,,W16559,P
CENTRAL,4J,KS-MO,630,64728,BRONAUGH,101 W 4TH ST,BRONAUGH,MO,64728,9998,,W15969,P
CENTRAL,4J,KS-MO,630,64730,BUTLER,114 W OHIO ST,BUTLER,MO,64730,9998,,W16037,P
CENTRAL,4J,KS-MO,630,64733,CHILHOWEE,111 E WALNUT ST,CHILHOWEE,MO,64733,9998,,W16171,P
CENTRAL,4J,KS-MO,630,64733,CLINTON,101 S 2ND ST,CLINTON,MO,64735,9998,,W16208,P
CENTRAL,4J,KS-MO,630,64734,CLEVELAND,215 MAIN ST,CLEVELAND,MO,64734,9998,,W16200,P
CENTRAL,4J,KS-MO,630,64735,CLINTON,101 S 2ND ST,CLINTON,MO,64735,9998,,W16208,P
CENTRAL,4J,KS-MO,630,64738,COLLINS,1312 MAIN ST,COLLINS,MO,64738,9998,,W16223,P
CENTRAL,4J,KS-MO,630,64738,OSCEOLA,565 3RD ST,OSCEOLA,MO,64776,9998,,W17461,P
CENTRAL,4J,KS-MO,630,64739,CREIGHTON,200 W 2ND ST,CREIGHTON,MO,64739,9998,,W16268,P
CENTRAL,4J,KS-MO,630,64739,GARDEN CITY,201 N 3RD ST,GARDEN CITY,MO,64747,9998,,W16559,P
CENTRAL,4J,KS-MO,630,64740,DEEPWATER,108 S 8TH ST,DEEPWATER,MO,64740,9998,,W16322,P
CENTRAL,4J,KS-MO,630,64740,LOWRY CITY,204 S MAIN ST,LOWRY CITY,MO,64763,9998,,W17112,P
CENTRAL,4J,KS-MO,630,64741,DEERFIELD,102 E MAIN ST,DEERFIELD,MO,64741,9998,,W16325,P
CENTRAL,4J,KS-MO,630,64742,DREXEL,118 S 2ND ST,DREXEL,MO,64742,9998,,W16367,P
CENTRAL,4J,KS-MO,630,64743,EAST LYNNE,415 MAIN ST,EAST LYNNE,MO,64743,9998,P,W16392,P
CENTRAL,4J,KS-MO,630,64744,EL DORADO SPRINGS,407 S MAIN ST,EL DORADO SPRINGS,MO,64744,9998,,W16404,P
CENTRAL,4J,KS-MO,630,64745,FOSTER,8733 SW 6TH ST,FOSTER,MO,64745,9900,,W16524,P
CENTRAL,4J,KS-MO,630,64746,FREEMAN,109 E MAIN ST,FREEMAN,MO,64746,9998,,W16536,P
CENTRAL,4J,KS-MO,630,64746,HARRISONVILLE,305 E MECHANIC ST,HARRISONVILLE,MO,64701,9998,,W16706,P
CENTRAL,4J,KS-MO,630,64747,GARDEN CITY,201 N 3RD ST,GARDEN CITY,MO,64747,9998,,W16559,P
CENTRAL,4J,KS-MO,630,64748,GOLDEN CITY,519 MAIN ST,GOLDEN CITY,MO,64748,9998,,W16600,P
CENTRAL,4J,KS-MO,630,64750,HARWOOD,211 E COATES AVE,HARWOOD,MO,64750,9998,,W16721,P
CENTRAL,4J,KS-MO,630,64752,HUME,101 MAIN ST,HUME,MO,64752,9998,,W16816,P
CENTRAL,4J,KS-MO,630,64755,JASPER,122 W GRAND ST,JASPER,MO,64755,9998,,W16861,P
CENTRAL,4J,KS-MO,630,64755,LAMAR,131 W 11TH ST,LAMAR,MO,64759,9998,,W16983,P
CENTRAL,4J,KS-MO,630,64756,EL DORADO SPRINGS,407 S MAIN ST,EL DORADO SPRINGS,MO,64744,9998,,W16404,P
CENTRAL,4J,KS-MO,630,64759,LAMAR,131 W 11TH ST,LAMAR,MO,64759,9998,,W16983,P
CENTRAL,4J,KS-MO,630,64761,LEETON,103 N MAIN ST,LEETON,MO,64761,9998,,W17020,P
CENTRAL,4J,KS-MO,630,64762,LIBERAL,128 S MAIN ST,LIBERAL,MO,64762,9998,,W17036,P
CENTRAL,4J,KS-MO,630,64763,LOWRY CITY,204 S MAIN ST,LOWRY CITY,MO,64763,9998,,W17112,P
CENTRAL,4J,KS-MO,630,64765,METZ,117 S MAIN ST,METZ,MO,64765,9998,P,W17238,P
CENTRAL,4J,KS-MO,630,64767,MILO,162 E MAIN ST,MILO,MO,64767,9998,,W17262,P
CENTRAL,4J,KS-MO,630,64769,MINDENMINES,604 MAIN ST,MINDENMINES,MO,64769,9998,,W17266,P
CENTRAL,4J,KS-MO,630,64770,APPLETON CITY,119 W 4TH ST,APPLETON CITY,MO,64724,9998,,W15728,P
CENTRAL,4J,KS-MO,630,64770,MONTROSE,307 ILLINOIS AVE,MONTROSE,MO,64770,9998,,W17299,P
CENTRAL,4J,KS-MO,630,64771,BRONAUGH,101 W 4TH ST,BRONAUGH,MO,64728,9998,,W15969,P
CENTRAL,4J,KS-MO,630,64771,MOUNDVILLE CARRIERS,101 S MAIN ST,BRONAUGH,MO,64728,9990,,021352,Z
CENTRAL,4J,KS-MO,630,64772,NEVADA,104 S OAK ST,NEVADA,MO,64772,9998,,W17359,P
CENTRAL,4J,KS-MO,630,64776,OSCEOLA,565 3RD ST,OSCEOLA,MO,64776,9998,,W17461,P
CENTRAL,4J,KS-MO,630,64778,RICHARDS,12309 S MAIN ST,RICHARDS,MO,64778,9998,,W17663,P
CENTRAL,4J,KS-MO,630,64779,RICH HILL,114 N 6TH ST,RICH HILL,MO,64779,9998,,W17661,P
CENTRAL,4J,KS-MO,630,64780,APPLETON CITY,119 W 4TH ST,APPLETON CITY,MO,64724,9998,,W15728,P
CENTRAL,4J,KS-MO,630,64781,ROSCOE,100 PECAN ST,ROSCOE,MO,64781,9998,P,W17721,P
CENTRAL,4J,KS-MO,630,64783,SCHELL CITY,101 W 1ST ST,SCHELL CITY,MO,64783,9998,,W17879,P
CENTRAL,4J,KS-MO,630,64784,SHELDON,300 W MAIN ST,SHELDON,MO,64784,9998,,W17913,P
CENTRAL,4J,KS-MO,630,64788,URICH,310 N MAIN ST,URICH,MO,64788,9998,,W18512,P
CENTRAL,4J,KS-MO,630,64790,WALKER,116 E MARVIN AVE,WALKER,MO,64790,9998,,W18565,P
CENTRAL,4J,KS-MO,630,64801,JOPLIN,101 N MAIN ST,JOPLIN,MO,64801,9998,,W16875,P
CENTRAL,4J,KS-MO,630,64802,JOPLIN,101 N MAIN ST,JOPLIN,MO,64801,9998,P,W16875,P
CENTRAL,4J,KS-MO,630,64803,JOPLIN STA A,3115 S MAIN ST,JOPLIN,MO,64804,9998,P,W15648,S
CENTRAL,4J,KS-MO,630,64804,JOPLIN STA A,3115 S MAIN ST,JOPLIN,MO,64804,9998,,W15648,S
CENTRAL,4J,KS-MO,630,64830,ALBA,210 N MAIN ST,ALBA,MO,64830,9998,P,W15690,P
CENTRAL,4J,KS-MO,630,64831,ANDERSON,200 E MAIN ST,ANDERSON,MO,64831,9998,,W15715,P
CENTRAL,4J,KS-MO,630,64832,ASBURY,497 MAIN ST,ASBURY,MO,64832,9998,,W15744,P
CENTRAL,4J,KS-MO,630,64832,CARL JUNCTION,111 S MAIN ST,CARL JUNCTION,MO,64834,9998,,W16089,P
CENTRAL,4J,KS-MO,630,64833,AVILLA,205 GREENFIELD ST,AVILLA,MO,64833,9998,P,W15768,P
CENTRAL,4J,KS-MO,630,64834,CARL JUNCTION,111 S MAIN ST,CARL JUNCTION,MO,64834,9998,,W16089,P
CENTRAL,4J,KS-MO,630,64835,CARTERVILLE,121 E MAIN ST,CARTERVILLE,MO,64835,9998,,W16099,P
CENTRAL,4J,KS-MO,630,64835,WEBB CITY,220 W DAUGHERTY ST,WEBB CITY,MO,64870,9998,,W18594,P
CENTRAL,4J,KS-MO,630,64836,CARTHAGE,226 W 3RD ST,CARTHAGE,MO,64836,9998,,W16102,P
CENTRAL,4J,KS-MO,630,64840,CARTHAGE,226 W 3RD ST,CARTHAGE,MO,64836,9998,,W16102,P
CENTRAL,4J,KS-MO,630,64840,DIAMOND,103 E MARKET ST,DIAMOND,MO,64840,9998,,W16345,P
CENTRAL,4J,KS-MO,630,64841,DUENWEG,201 WOLFE DR,DUENWEG,MO,64841,9998,P,W16370,P
CENTRAL,4J,KS-MO,630,64842,FAIRVIEW,101 W MAIN ST,FAIRVIEW,MO,64842,9998,,W16469,P
CENTRAL,4J,KS-MO,630,64842,WHEATON,300 S GILMAN ST,WHEATON,MO,64874,9998,,W18637,P
CENTRAL,4J,KS-MO,630,64843,GOODMAN,103 W SPLITLOG ST,GOODMAN,MO,64843,9998,,W16608,P
CENTRAL,4J,KS-MO,630,64843,NEOSHO,101 E HICKORY ST,NEOSHO,MO,64850,9998,,W17355,P
CENTRAL,4J,KS-MO,630,64844,GRANBY,126 S MAIN ST,GRANBY,MO,64844,9998,,W16621,P
CENTRAL,4J,KS-MO,630,64844,NEOSHO,101 E HICKORY ST,NEOSHO,MO,64850,9998,,W17355,P
CENTRAL,4J,KS-MO,630,64847,ANDERSON,200 E MAIN ST,ANDERSON,MO,64831,9998,,W15715,P
CENTRAL,4J,KS-MO,630,64847,LANAGAN,117 N MAIN ST,LANAGAN,MO,64847,9998,,W17000,P
CENTRAL,4J,KS-MO,630,64848,LA RUSSELL,311 S MAIN ST,LA RUSSELL,MO,64848,9998,,W16949,P
CENTRAL,4J,KS-MO,630,64848,SARCOXIE,216 N 5TH ST,SARCOXIE,MO,64862,9998,,W17876,P
CENTRAL,4J,KS-MO,630,64849,PURCELL,104 W 4TH ST,PURCELL,MO,64857,9998,P,W17619,P
CENTRAL,4J,KS-MO,630,64850,NEOSHO,101 E HICKORY ST,NEOSHO,MO,64850,9998,,W17355,P
CENTRAL,4J,KS-MO,630,64854,NOEL,318 MAIN ST,NOEL,MO,64854,9998,,W17391,P
CENTRAL,4J,KS-MO,630,64855,ORONOGO,101 S 2ND ST,ORONOGO,MO,64855,9998,,W17453,P
CENTRAL,4J,KS-MO,630,64855,WEBB CITY,220 W DAUGHERTY ST,WEBB CITY,MO,64870,9998,,W18594,P
CENTRAL,4J,KS-MO,630,64856,ANDERSON,200 E MAIN ST,ANDERSON,MO,64831,9998,,W15715,P
CENTRAL,4J,KS-MO,630,64856,PINEVILLE,304 HARMON ST,PINEVILLE,MO,64856,9998,,W17549,P
CENTRAL,4J,KS-MO,630,64857,PURCELL,104 W 4TH ST,PURCELL,MO,64857,9998,P,W17619,P
CENTRAL,4J,KS-MO,630,64858,RACINE,11945 W HIGHWAY 86,RACINE,MO,64858,9998,P,W17630,P
CENTRAL,4J,KS-MO,630,64859,REEDS,5970 5TH ST,REEDS,MO,64859,9998,,W17649,P
CENTRAL,4J,KS-MO,630,64859,SARCOXIE,216 N 5TH ST,SARCOXIE,MO,64862,9998,,W17876,P
CENTRAL,4J,KS-MO,630,64861,ROCKY COMFORT,121 MAIN ST,ROCKY COMFORT,MO,64861,9998,,W17709,P
CENTRAL,4J,KS-MO,630,64861,WHEATON,300 S GILMAN ST,WHEATON,MO,64874,9998,,W18637,P
CENTRAL,4J,KS-MO,630,64862,SARCOXIE,216 N 5TH ST,SARCOXIE,MO,64862,9998,,W17876,P
CENTRAL,4J,KS-MO,630,64863,NOEL,318 MAIN ST,NOEL,MO,64854,9998,,W17391,P
CENTRAL,4J,KS-MO,630,64863,SOUTH WEST CITY,214 S MAIN ST,SOUTH WEST CITY,MO,64863,9998,,W17969,P
CENTRAL,4J,KS-MO,630,64864,SAGINAW,5301 S RANGE LINE RD,SAGINAW,MO,64864,9998,P,W17747,P
CENTRAL,4J,KS-MO,630,64865,SENECA,1205 CHEROKEE AVE,SENECA,MO,64865,9998,,W17905,P
CENTRAL,4J,KS-MO,630,64866,STARK CITY,302 KENT ST,STARK CITY,MO,64866,9998,,W18282,P
CENTRAL,4J,KS-MO,630,64866,WHEATON,300 S GILMAN ST,WHEATON,MO,64874,9998,,W18637,P
CENTRAL,4J,KS-MO,630,64867,STELLA,774 OZARK ST,STELLA,MO,64867,9998,,W18330,P
CENTRAL,4J,KS-MO,630,64867,WHEATON,300 S GILMAN ST,WHEATON,MO,64874,9998,,W18637,P
CENTRAL,4J,KS-MO,630,64868,TIFF CITY,10703 W STATE HIGHWAY 76,TIFF CITY,MO,64868,9998,P,W18447,P
CENTRAL,4J,KS-MO,630,64870,WEBB CITY,220 W DAUGHERTY ST,WEBB CITY,MO,64870,9998,,W18594,P
CENTRAL,4J,KS-MO,630,64873,SARCOXIE,216 N 5TH ST,SARCOXIE,MO,64862,9998,,W17876,P
CENTRAL,4J,KS-MO,630,64874,WHEATON,300 S GILMAN ST,WHEATON,MO,64874,9998,P,W18637,P
CENTRAL,4J,KS-MO,630,65001,ARGYLE,3 2ND ST,ARGYLE,MO,65001,9998,,W15739,P
CENTRAL,4J,KS-MO,630,65010,ASHLAND,131 E BROADWAY,ASHLAND,MO,65010,9998,,W15750,P
CENTRAL,4J,KS-MO,630,65011,ELDON,202 E 1ST ST,ELDON,MO,65026,9998,,W16405,P
CENTRAL,4J,KS-MO,630,65013,BELLE,203 E 3RD ST,BELLE,MO,65013,9998,,W15805,P
CENTRAL,4J,KS-MO,630,65014,BLAND,208 W COLORADO AVE,BLAND,MO,65014,9998,,W15869,P
CENTRAL,4J,KS-MO,630,65014,OWENSVILLE,201 W LINCOLN AVE,OWENSVILLE,MO,65066,9998,,W17471,P
CENTRAL,4J,KS-MO,630,65016,BONNOTS MILL,110 RIVERVIEW DR,BONNOTS MILL,MO,65016,9998,,W15891,P
CENTRAL,4J,KS-MO,630,65016,LOOSE CREEK,162 COUNTY ROAD 402 STE 1,LOOSE CREEK,MO,65054,9998,,W17073,P
CENTRAL,4J,KS-MO,630,65017,BRUMLEY,859 HIGHWAY C,BRUMLEY,MO,65017,9998,,W15982,P
CENTRAL,4J,KS-MO,630,65018,CALIFORNIA,200 N HIGH ST,CALIFORNIA,MO,65018,9998,,W16056,P
CENTRAL,4J,KS-MO,630,65020,CAMDENTON,625 W US HIGHWAY 54,CAMDENTON,MO,65020,9998,,W16066,P
CENTRAL,4J,KS-MO,630,65023,CENTERTOWN,11917 MAIN ST,CENTERTOWN,MO,65023,9998,,W16143,P
CENTRAL,4J,KS-MO,630,65024,CHAMOIS,102 MAIN ST,CHAMOIS,MO,65024,9998,,W16154,P
CENTRAL,4J,KS-MO,630,65025,CALIFORNIA,200 N HIGH ST,CALIFORNIA,MO,65018,9998,,W16056,P
CENTRAL,4J,KS-MO,630,65025,CLARKSBURG,112 W STATE ST,CLARKSBURG,MO,65025,9998,,W16184,P
CENTRAL,4J,KS-MO,630,65026,ELDON,202 E 1ST ST,ELDON,MO,65026,9998,,W16405,P
CENTRAL,4J,KS-MO,630,65032,EUGENE,16106 BERRY ST,EUGENE,MO,65032,9998,,W16447,P
CENTRAL,4J,KS-MO,630,65034,FORTUNA,72456 WEBER ST,FORTUNA,MO,65034,9998,,W16523,P
CENTRAL,4J,KS-MO,630,65035,FREEBURG,100 HARRISON ST,FREEBURG,MO,65035,9998,,W16534,P
CENTRAL,4J,KS-MO,630,65037,GRAVOIS MILLS,25707 HIGHWAY 5,GRAVOIS MILLS,MO,65037,9998,,W16636,P
CENTRAL,4J,KS-MO,630,65038,GRAVOIS MILLS,25707 HIGHWAY 5,GRAVOIS MILLS,MO,65037,9998,P,W16636,P
CENTRAL,4J,KS-MO,630,65039,HARTSBURG,11 N 2ND ST,HARTSBURG,MO,65039,9998,,W16712,P
CENTRAL,4J,KS-MO,630,65040,HENLEY,16503 PIT RD,HENLEY,MO,65040,9998,,W16739,P
CENTRAL,4J,KS-MO,630,65041,HERMANN,412 W 16TH ST,HERMANN,MO,65041,9998,,W16744,P
CENTRAL,4J,KS-MO,630,65042,HIGH POINT,61241 HIGHWAY C,HIGH POINT,MO,65042,9998,P,W16755,C
CENTRAL,4J,KS-MO,630,65043,HOLTS SUMMIT,357 S SUMMIT DR,HOLTS SUMMIT,MO,65043,9998,,W16781,P
CENTRAL,4J,KS-MO,630,65046,JAMESTOWN,100 W ROW ST,JAMESTOWN,MO,65046,9998,,W16857,P
CENTRAL,4J,KS-MO,630,65047,KAISER,405 HIGHWAY 42,KAISER,MO,65047,9998,,W16881,P
CENTRAL,4J,KS-MO,630,65049,LAKE OZARK,2111 BAGNELL DAM BLVD,LAKE OZARK,MO,65049,9998,,W16968,P
CENTRAL,4J,KS-MO,630,65050,CALIFORNIA,200 N HIGH ST,CALIFORNIA,MO,65018,9998,,W16056,P
CENTRAL,4J,KS-MO,630,65051,LINN,1009 E MAIN ST,LINN,MO,65051,9998,,W17046,P
CENTRAL,4J,KS-MO,630,65052,LINN CREEK,199 BUSINESS PARK RD,LINN CREEK,MO,65052,9998,,W17047,P
CENTRAL,4J,KS-MO,630,65053,LOHMAN,2922 MAIN ST,LOHMAN,MO,65053,9998,,W17062,P
CENTRAL,4J,KS-MO,630,65054,LOOSE CREEK,162 COUNTY ROAD 402 STE 1,LOOSE CREEK,MO,65054,9998,,W17073,P
CENTRAL,4J,KS-MO,630,65055,MC GIRK,31461 EAST ST,MC GIRK,MO,65055,9998,P,W17210,P
CENTRAL,4J,KS-MO,630,65058,META,201 3RD ST,META,MO,65058,9998,,W17237,P
CENTRAL,4J,KS-MO,630,65059,MOKANE,212 FULTON AVE,MOKANE,MO,65059,9998,,W17284,P
CENTRAL,4J,KS-MO,630,65061,MORRISON,155 MAIN ST,MORRISON,MO,65061,9998,,W17309,P
CENTRAL,4J,KS-MO,630,65062,MOUNT STERLING,2718 HIGHWAY A,BLAND,MO,65014,2017,,W17328,C
CENTRAL,4J,KS-MO,630,65063,HOLTS SUMMIT,357 S SUMMIT DR,HOLTS SUMMIT,MO,65043,9998,,W16781,P
CENTRAL,4J,KS-MO,630,65063,NEW BLOOMFIELD,150 CHESTNUT ST,NEW BLOOMFIELD,MO,65063,9998,,W17361,P
CENTRAL,4J,KS-MO,630,65064,OLEAN,252 MAIN ST,OLEAN,MO,65064,9998,,W17445,P
CENTRAL,4J,KS-MO,630,65065,OSAGE BEACH,5545 OSAGE BEACH PKWY,OSAGE BEACH,MO,65065,9998,,W17456,P
CENTRAL,4J,KS-MO,630,65066,OWENSVILLE,201 W LINCOLN AVE,OWENSVILLE,MO,65066,9998,,W17471,P
CENTRAL,4J,KS-MO,630,65067,PORTLAND,10452 STATE ROUTE 94,PORTLAND,MO,65067,9998,,W17593,P
CENTRAL,4J,KS-MO,630,65068,PRAIRIE HOME,484 MAIN ST,PRAIRIE HOME,MO,65068,9998,,W17608,P
CENTRAL,4J,KS-MO,630,65069,HERMANN,412 W 16TH ST,HERMANN,MO,65041,9998,,W16744,P
CENTRAL,4J,KS-MO,630,65069,RHINELAND,102 BLUFF ST,RHINELAND,MO,65069,9998,,W17659,P
CENTRAL,4J,KS-MO,630,65072,ELDON,202 E 1ST ST,ELDON,MO,65026,9998,,W16405,P
CENTRAL,4J,KS-MO,630,65072,ROCKY MOUNT,19554 WONDERLAND RD,ROCKY MOUNT,MO,65072,9096,,W17711,C
CENTRAL,4J,KS-MO,630,65074,RUSSELLVILLE,5103 SIMPSON ST,RUSSELLVILLE,MO,65074,9998,,W17738,P
CENTRAL,4J,KS-MO,630,65075,SAINT ELIZABETH,140 S WALNUT ST,SAINT ELIZABETH,MO,65075,9998,,W17759,P
CENTRAL,4J,KS-MO,630,65076,SAINT THOMAS,14807 ROUTE B,SAINT THOMAS,MO,65076,9998,,W17851,P
CENTRAL,4J,KS-MO,630,65077,STEEDMAN,9635 STATE ROAD CC,STEEDMAN,MO,65077,9998,,W18325,P
CENTRAL,4J,KS-MO,630,65078,STOVER,300 W 2ND ST,STOVER,MO,65078,9998,,W18353,P
CENTRAL,4J,KS-MO,630,65079,SUNRISE BEACH,14190 N STATE HIGHWAY 5,SUNRISE BEACH,MO,65079,9998,,W18378,P
CENTRAL,4J,KS-MO,630,65080,TEBBETTS,5599 COUNTY ROAD 4011,TEBBETTS,MO,65080,9998,,W18436,P
CENTRAL,4J,KS-MO,630,65081,TIPTON,235 S OSAGE AVE,TIPTON,MO,65081,9998,,W18455,P
CENTRAL,4J,KS-MO,630,65082,TUSCUMBIA,1972 HIGHWAY 52,TUSCUMBIA,MO,65082,9998,,W18473,P
CENTRAL,4J,KS-MO,630,65083,ULMAN,357 HIGHWAY C,ULMAN,MO,65083,9998,,W18487,P
CENTRAL,4J,KS-MO,630,65084,VERSAILLES,205 S MONROE ST,VERSAILLES,MO,65084,9998,,W18537,P
CENTRAL,4J,KS-MO,630,65085,WESTPHALIA,126 E MAIN ST,WESTPHALIA,MO,65085,9998,,W18634,P
CENTRAL,4J,KS-MO,630,65101,CAPITOL VIEW,1750 JEFFERSON ST,JEFFERSON CITY,MO,65109,9998,,W16082,S
CENTRAL,4J,KS-MO,630,65102,JEFFERSON CITY,131 W HIGH ST RM 104,JEFFERSON CITY,MO,65101,9998,P,W16863,P
CENTRAL,4J,KS-MO,630,65109,CAPITOL VIEW,1750 JEFFERSON ST,JEFFERSON CITY,MO,65109,9998,,W16082,S
CENTRAL,4J,KS-MO,630,65110,CAPITOL VIEW,1750 JEFFERSON ST,JEFFERSON CITY,MO,65109,9998,P,W16082,S
CENTRAL,4J,KS-MO,630,65201,TIGER,3212B LEMONE INDUSTRIAL BLVD,COLUMBIA,MO,65201,9997,,W1C567,4
CENTRAL,4J,KS-MO,630,65202,TIGER,3212B LEMONE INDUSTRIAL BLVD,COLUMBIA,MO,65201,9997,,W1C567,4
CENTRAL,4J,KS-MO,630,65203,COLUMBIA,511 E WALNUT ST,COLUMBIA,MO,65201,9998,,W16226,P
CENTRAL,4J,KS-MO,630,65205,COLUMBIA MALL STA,2300 BERNADETTE DR STE 200,COLUMBIA,MO,65203,9998,P,W1B854,S
CENTRAL,4J,KS-MO,630,65205,COLUMBIA,511 E WALNUT ST,COLUMBIA,MO,65201,9998,P,W16226,P
CENTRAL,4J,KS-MO,630,65230,ARMSTRONG,104 S CENTRAL ST,ARMSTRONG,MO,65230,9998,,W15740,P
CENTRAL,4J,KS-MO,630,65230,GLASGOW,404 1ST ST,GLASGOW,MO,65254,9998,,W16583,P
CENTRAL,4J,KS-MO,630,65231,AUXVASSE,207 S MAIN ST,AUXVASSE,MO,65231,9998,,W15765,P
CENTRAL,4J,KS-MO,630,65232,BENTON CITY,203 FRONT ST,BENTON CITY,MO,65232,9998,,W15825,P
CENTRAL,4J,KS-MO,630,65233,BOONVILLE,526 E SPRING ST,BOONVILLE,MO,65233,9998,,W15894,P
CENTRAL,4J,KS-MO,630,65236,BRUNSWICK,101 W BROADWAY ST,BRUNSWICK,MO,65236,9998,,W15984,P
CENTRAL,4J,KS-MO,630,65237,BUNCETON,112 W MAIN ST,BUNCETON,MO,65237,9998,,W16026,P
CENTRAL,4J,KS-MO,630,65239,CAIRO,105 S MAIN ST,CAIRO,MO,65239,9998,,W16053,P
CENTRAL,4J,KS-MO,630,65240,CENTRALIA,104 W SNEED ST,CENTRALIA,MO,65240,9998,,W16149,P
CENTRAL,4J,KS-MO,630,65243,CLARK,104 HUBBARD ST,CLARK,MO,65243,9998,,W16181,P
CENTRAL,4J,KS-MO,630,65244,CLIFTON HILL,639 HARLAN ST,CLIFTON HILL,MO,65244,9998,,W16204,P
CENTRAL,4J,KS-MO,630,65247,EXCELLO,38129 KAYAK AVE,EXCELLO,MO,65247,9998,,W16454,P
CENTRAL,4J,KS-MO,630,65248,FAYETTE,103 W MORRISON ST,FAYETTE,MO,65248,9998,,W16477,P
CENTRAL,4J,KS-MO,630,65250,FRANKLIN,107 2ND ST,FRANKLIN,MO,65250,9998,,W16529,P
CENTRAL,4J,KS-MO,630,65251,FULTON,301 COURT ST,FULTON,MO,65251,9998,,W16550,P
CENTRAL,4J,KS-MO,630,65254,GLASGOW,404 1ST ST,GLASGOW,MO,65254,9998,,W16583,P
CENTRAL,4J,KS-MO,630,65255,HALLSVILLE,319 HWY 124 E,HALLSVILLE,MO,65255,9998,,W16685,P
CENTRAL,4J,KS-MO,630,65256,HARRISBURG,181 W SEXTON ST,HARRISBURG,MO,65256,9998,,W16704,P
CENTRAL,4J,KS-MO,630,65257,HIGBEE,503 DIVISION ST,HIGBEE,MO,65257,9998,,W16748,P
CENTRAL,4J,KS-MO,630,65258,HOLLIDAY,305 MAIN ST,HOLLIDAY,MO,65258,9998,,W16777,P
CENTRAL,4J,KS-MO,630,65259,HUNTSVILLE,121 S MAIN ST,HUNTSVILLE,MO,65259,9998,,W16823,P
CENTRAL,4J,KS-MO,630,65260,JACKSONVILLE,124 W RANDOLPH ST,JACKSONVILLE,MO,65260,9998,,W16851,P
CENTRAL,4J,KS-MO,630,65261,KEYTESVILLE,418 W BRIDGE ST,KEYTESVILLE,MO,65261,9998,,W16902,P
CENTRAL,4J,KS-MO,630,65262,KINGDOM CITY,5500 OLD US HIGHWAY 40,KINGDOM CITY,MO,65262,9998,,W16912,P
CENTRAL,4J,KS-MO,630,65263,MADISON,101 N MAIN ST,MADISON,MO,65263,9998,,W17136,P
CENTRAL,4J,KS-MO,630,65264,MARTINSBURG,208 E JEFFERSON ST,MARTINSBURG,MO,65264,9998,,W17178,P
CENTRAL,4J,KS-MO,630,65265,MEXICO,420 W JACKSON ST,MEXICO,MO,65265,9998,,W17239,P
CENTRAL,4J,KS-MO,630,65270,MOBERLY,121 JOHNSON ST,MOBERLY,MO,65270,9998,,W17283,P
CENTRAL,4J,KS-MO,630,65274,NEW FRANKLIN,128 E BROADWAY,NEW FRANKLIN,MO,65274,9998,,W17366,P
CENTRAL,4J,KS-MO,630,65275,PARIS,307 N WASHINGTON ST,PARIS,MO,65275,9998,,W17489,P
CENTRAL,4J,KS-MO,630,65276,PILOT GROVE,206 ROE ST,PILOT GROVE,MO,65276,9998,,W17544,P
CENTRAL,4J,KS-MO,630,65278,RENICK,200 ROBINSON ST,RENICK,MO,65278,9998,P,W17654,P
CENTRAL,4J,KS-MO,630,65279,ROCHEPORT,200 CENTRAL ST,ROCHEPORT,MO,65279,9998,,W17698,P
CENTRAL,4J,KS-MO,630,65280,RUSH HILL,301 N CENTER ST,RUSH HILL,MO,65280,9998,,W17733,P
CENTRAL,4J,KS-MO,630,65281,SALISBURY,110 E 4TH ST,SALISBURY,MO,65281,9998,,W17865,P
CENTRAL,4J,KS-MO,630,65282,PARIS,307 N WASHINGTON ST,PARIS,MO,65275,9998,,W17489,P
CENTRAL,4J,KS-MO,630,65282,SANTA FE,35595 ROUTE D,SANTA FE,MO,65282,9998,,W17870,P
CENTRAL,4J,KS-MO,630,65283,STOUTSVILLE,24599 MONROE ROAD 473,STOUTSVILLE,MO,65283,9998,,W18350,P
CENTRAL,4J,KS-MO,630,65284,STURGEON,111 N WENTZ ST,STURGEON,MO,65284,9998,,W18361,P
CENTRAL,4J,KS-MO,630,65285,THOMPSON,10339 AUDRAIN ROAD 945,THOMPSON,MO,65285,9998,,W18444,P
CENTRAL,4J,KS-MO,630,65287,WOOLDRIDGE,103 W MAIN ST,WOOLDRIDGE,MO,65287,9998,,W18683,P
CENTRAL,4J,KS-MO,630,65301,SEDALIA,405 E 5TH ST,SEDALIA,MO,65301,9998,,W17895,P
CENTRAL,4J,KS-MO,630,65302,SEDALIA,405 E 5TH ST,SEDALIA,MO,65301,9998,P,W17895,P
CENTRAL,4J,KS-MO,630,65305,KNOB NOSTER,505 W MCPHERSON ST,KNOB NOSTER,MO,65336,9998,,W16933,P
CENTRAL,4J,KS-MO,630,65305,WHITEMAN AIR FORCE BASE,750 ARNOLD AVE RM 184,WHITEMAN AIR FORCE BASE,MO,65305,5305,,018937,B
CENTRAL,4J,KS-MO,630,65320,ARROW ROCK,304 MAIN ST,ARROW ROCK,MO,65320,9998,P,W15743,P
CENTRAL,4J,KS-MO,630,65321,BLACKBURN,210 N MAIN ST,BLACKBURN,MO,65321,9998,,W15864,P
CENTRAL,4J,KS-MO,630,65322,BLACKWATER,100 MAIN ST,BLACKWATER,MO,65322,9998,,W15865,P
CENTRAL,4J,KS-MO,630,65323,CALHOUN,200 E 5TH ST,CALHOUN,MO,65323,9998,,W16055,P
CENTRAL,4J,KS-MO,630,65324,CLIMAX SPRINGS,14389 N STATE HIGHWAY 7,CLIMAX SPRINGS,MO,65324,9998,,W16207,P
CENTRAL,4J,KS-MO,630,65325,COLE CAMP,201 W MAIN ST,COLE CAMP,MO,65325,9998,,W16219,P
CENTRAL,4J,KS-MO,630,65326,EDWARDS,29184 HIGHWAY 7,EDWARDS,MO,65326,9998,,W16402,P
CENTRAL,4J,KS-MO,630,65327,EMMA,204 N ELM ST,EMMA,MO,65327,9998,P,W16429,P
CENTRAL,4J,KS-MO,630,65329,FLORENCE,6628 HIGHWAY JJ,FLORENCE,MO,65329,9998,,W16505,P
CENTRAL,4J,KS-MO,630,65330,GILLIAM,103 N BARTLETT ST,GILLIAM,MO,65330,9998,,W16574,P
CENTRAL,4J,KS-MO,630,65332,GREEN RIDGE,106 N MAIN ST,GREEN RIDGE,MO,65332,9998,,W16651,P
CENTRAL,4J,KS-MO,630,65333,HOUSTONIA,103 N WALNUT ST,HOUSTONIA,MO,65333,9998,,W16801,P
CENTRAL,4J,KS-MO,630,65334,HUGHESVILLE,102 MOCKBEE ST,HUGHESVILLE,MO,65334,9998,,W16809,P
CENTRAL,4J,KS-MO,630,65335,IONIA,206 N MAIN ST,IONIA,MO,65335,9998,,W16840,P
CENTRAL,4J,KS-MO,630,65336,KNOB NOSTER,505 W MCPHERSON ST,KNOB NOSTER,MO,65336,9998,,W16933,P
CENTRAL,4J,KS-MO,630,65337,LA MONTE,111 S MAIN ST,LA MONTE,MO,65337,9998,,W16947,P
CENTRAL,4J,KS-MO,630,65338,LINCOLN,214 E MAIN ST,LINCOLN,MO,65338,9998,,W17043,P
CENTRAL,4J,KS-MO,630,65339,MALTA BEND,106 N LINN ST,MALTA BEND,MO,65339,9998,,W17141,P
CENTRAL,4J,KS-MO,630,65340,MARSHALL,205 N LAFAYETTE AVE,MARSHALL,MO,65340,9998,,W17167,P
CENTRAL,4J,KS-MO,630,65344,MIAMI,212 N HIGH ST,MIAMI,MO,65344,9998,,W17240,P
CENTRAL,4J,KS-MO,630,65347,BLACKWATER,100 MAIN ST,BLACKWATER,MO,65322,9998,,W15865,P
CENTRAL,4J,KS-MO,630,65348,OTTERVILLE,204 E GROVER ST,OTTERVILLE,MO,65348,9998,,W17462,P
CENTRAL,4J,KS-MO,630,65349,SLATER,159 W MAPLE ST,SLATER,MO,65349,9998,,W17936,P
CENTRAL,4J,KS-MO,630,65350,SMITHTON,104 S WALNUT AVE,SMITHTON,MO,65350,9998,,W17939,P
CENTRAL,4J,KS-MO,630,65351,SWEET SPRINGS,311 SPRING ST,SWEET SPRINGS,MO,65351,9998,,W18385,P
CENTRAL,4J,KS-MO,630,65354,SYRACUSE,214 E FRONT ST,SYRACUSE,MO,65354,9998,,W18392,P
CENTRAL,4J,KS-MO,630,65355,WARSAW,406 BENTON ST,WARSAW,MO,65355,9998,,W18576,P
CENTRAL,4J,KS-MO,630,65360,WINDSOR,107 N MAIN ST,WINDSOR,MO,65360,9998,,W18660,P
CENTRAL,4J,KS-MO,630,65401,ROLLA,501 W 8TH ST,ROLLA,MO,65401,9998,,W17717,P
CENTRAL,4J,KS-MO,630,65402,ROLLA,501 W 8TH ST,ROLLA,MO,65401,9998,P,W17717,P
CENTRAL,4J,KS-MO,630,65436,EDGAR SPRINGS,579 BROADWAY ST,EDGAR SPRINGS,MO,65462,9998,,W16398,P
CENTRAL,4J,KS-MO,630,65438,BIRCH TREE,7274 OAK ST,BIRCH TREE,MO,65438,9055,,W15854,P
CENTRAL,4J,KS-MO,630,65439,BIXBY,2573 STATE ROUTE 32,BIXBY,MO,65439,9998,,W15859,P
CENTRAL,4J,KS-MO,630,65439,SALEM,303 N JACKSON ST,SALEM,MO,65560,9998,,W17862,P
CENTRAL,4J,KS-MO,630,65440,BOSS,22333 E HIGHWAY 32,BOSS,MO,65440,9998,,W15898,P
CENTRAL,4J,KS-MO,630,65440,SALEM,303 N JACKSON ST,SALEM,MO,65560,9998,,W17862,P
CENTRAL,4J,KS-MO,630,65441,BOURBON,218 E PINE ST,BOURBON,MO,65441,9998,,W15901,P
CENTRAL,4J,KS-MO,630,65441,CUBA,703 W WASHINGTON ST,CUBA,MO,65453,9998,,W16296,P
CENTRAL,4J,KS-MO,630,65444,BUCYRUS,7866 HIGHWAY 17,BUCYRUS,MO,65444,9998,,W16023,P
CENTRAL,4J,KS-MO,630,65444,HOUSTON,203 N 1ST ST,HOUSTON,MO,65483,9998,,W16800,P
CENTRAL,4J,KS-MO,630,65446,CHERRYVILLE,20376 HIGHWAY 19,CHERRYVILLE,MO,65446,9998,,W16163,P
CENTRAL,4J,KS-MO,630,65449,SALEM,303 N JACKSON ST,SALEM,MO,65560,9998,,W17862,P
CENTRAL,4J,KS-MO,630,65452,CROCKER,109 10TH ST,CROCKER,MO,65452,9998,,W16284,P
CENTRAL,4J,KS-MO,630,65452,WAYNESVILLE,301 NORTH ST,WAYNESVILLE,MO,65583,9998,,W18588,P
CENTRAL,4J,KS-MO,630,65453,CUBA,703 W WASHINGTON ST,CUBA,MO,65453,9998,,W16296,P
CENTRAL,4J,KS-MO,630,65456,CHERRYVILLE,20376 HIGHWAY 19,CHERRYVILLE,MO,65446,9998,,W16163,P
CENTRAL,4J,KS-MO,630,65457,NEWBURG,71 E 1ST ST,NEWBURG,MO,65550,9998,,W17382,P
CENTRAL,4J,KS-MO,630,65459,DIXON,102 W 2ND ST,DIXON,MO,65459,9998,,W16356,P
CENTRAL,4J,KS-MO,630,65462,EDGAR SPRINGS,579 BROADWAY ST,EDGAR SPRINGS,MO,65462,9998,,W16398,P
CENTRAL,4J,KS-MO,630,65463,ELDRIDGE,15964 HIGHWAY E,ELDRIDGE,MO,65463,9998,,W16408,P
CENTRAL,4J,KS-MO,630,65463,LEBANON CARRIER ANNEX,701 E COPELAND ST,LEBANON,MO,65536,7706,,001450,4
CENTRAL,4J,KS-MO,630,65464,ELK CREEK,15668 STATE ROUTE H,ELK CREEK,MO,65464,9998,,W16409,P
CENTRAL,4J,KS-MO,630,65464,HOUSTON,203 N 1ST ST,HOUSTON,MO,65483,9998,,W16800,P
CENTRAL,4J,KS-MO,630,65466,EMINENCE,18253 MAIN ST,EMINENCE,MO,65466,9998,,W16428,P
CENTRAL,4J,KS-MO,630,65468,HOUSTON,203 N 1ST ST,HOUSTON,MO,65483,9998,,W16800,P
CENTRAL,4J,KS-MO,630,65470,FALCON,18906 VINTAGE DR,FALCON,MO,65470,9998,,W16470,P
CENTRAL,4J,KS-MO,630,65470,LEBANON CARRIER ANNEX,701 E COPELAND ST,LEBANON,MO,65536,7706,,001450,4
CENTRAL,4J,KS-MO,630,65473,FORT LEONARD WOOD,233 ILLINOIS AVE STE 1,FORT LEONARD WOOD,MO,65473,9998,,W16520,P
CENTRAL,4J,KS-MO,630,65479,HARTSHORN,6041 STATE ROUTE KK,HARTSHORN,MO,65479,9998,,W16713,P
CENTRAL,4J,KS-MO,630,65479,MOUNTAIN VIEW,110 W 2ND ST,MOUNTAIN VIEW,MO,65548,9998,,W17332,P
CENTRAL,4J,KS-MO,630,65483,HOUSTON,203 N 1ST ST,HOUSTON,MO,65483,9998,,W16800,P
CENTRAL,4J,KS-MO,630,65484,HUGGINS,7394 HIGHWAY M,HUGGINS,MO,65484,9998,,W16808,P
CENTRAL,4J,KS-MO,630,65486,IBERIA,836 HIGHWAY 42,IBERIA,MO,65486,9998,,W16830,P
CENTRAL,4J,KS-MO,630,65501,JADWIN,9326 HIGHWAY K,JADWIN,MO,65501,9998,,W16853,P
CENTRAL,4J,KS-MO,630,65501,SALEM,303 N JACKSON ST,SALEM,MO,65560,9998,,W17862,P
CENTRAL,4J,KS-MO,630,65532,LAKE SPRING,100 STATE ROUTE 72,LAKE SPRING,MO,65532,9998,P,W16971,P
CENTRAL,4J,KS-MO,630,65534,LAQUEY,28125 HIGHWAY AA,LAQUEY,MO,65534,9998,,W17005,P
CENTRAL,4J,KS-MO,630,65535,CUBA,703 W WASHINGTON ST,CUBA,MO,65453,9998,,W16296,P
CENTRAL,4J,KS-MO,630,65535,LEASBURG,2302 HIGHWAY H,LEASBURG,MO,65535,9998,,W17014,P
CENTRAL,4J,KS-MO,630,65536,LEBANON,121 E COMMERCIAL ST,LEBANON,MO,65536,9998,,W17015,P
CENTRAL,4J,KS-MO,630,65536,LEBANON CARRIER ANNEX,701 E COPELAND ST,LEBANON,MO,65536,7706,,001450,4
CENTRAL,4J,KS-MO,630,65542,LICKING,133 S MAIN ST,LICKING,MO,65542,9998,,W17039,P
CENTRAL,4J,KS-MO,630,65543,ROBY,12445 CASS LN,ROBY,MO,65557,9998,,W17697,P
CENTRAL,4J,KS-MO,630,65548,MOUNTAIN VIEW,110 W 2ND ST,MOUNTAIN VIEW,MO,65548,9998,,W17332,P
CENTRAL,4J,KS-MO,630,65550,NEWBURG,71 E 1ST ST,NEWBURG,MO,65550,9998,,W17382,P
CENTRAL,4J,KS-MO,630,65550,ROLLA,501 W 8TH ST,ROLLA,MO,65401,9998,,W17717,P
CENTRAL,4J,KS-MO,630,65552,ROBY,12445 CASS LN,ROBY,MO,65557,9998,,W17697,P
CENTRAL,4J,KS-MO,630,65555,HOUSTON,203 N 1ST ST,HOUSTON,MO,65483,9998,,W16800,P
CENTRAL,4J,KS-MO,630,65555,RAYMONDVILLE,174 N HIGHWAY 137,RAYMONDVILLE,MO,65555,9998,,W17636,P
CENTRAL,4J,KS-MO,630,65556,RICHLAND,114 W MCCLURG AVE,RICHLAND,MO,65556,9998,,W17666,P
CENTRAL,4J,KS-MO,630,65557,ROBY,12445 CASS LN,ROBY,MO,65557,9998,,W17697,P
CENTRAL,4J,KS-MO,630,65559,SAINT JAMES,201 N BOURBEUSE ST,SAINT JAMES,MO,65559,9998,,W17763,P
CENTRAL,4J,KS-MO,630,65560,SALEM,303 N JACKSON ST,SALEM,MO,65560,9998,,W17862,P
CENTRAL,4J,KS-MO,630,65564,HOUSTON,203 N 1ST ST,HOUSTON,MO,65483,9998,,W16800,P
CENTRAL,4J,KS-MO,630,65565,CUBA,703 W WASHINGTON ST,CUBA,MO,65453,9998,,W16296,P
CENTRAL,4J,KS-MO,630,65565,STEELVILLE,204 S 1ST ST,STEELVILLE,MO,65565,9998,,W18327,P
CENTRAL,4J,KS-MO,630,65566,VPO VIBURNUM,10 VIBURNUM CENTER RD,VIBURNUM,MO,65566,7802,,016224,5
CENTRAL,4J,KS-MO,630,65567,STOUTLAND,40 E STATE ROAD H,STOUTLAND,MO,65567,9998,,W18349,P
CENTRAL,4J,KS-MO,630,65567,LEBANON CARRIER ANNEX,701 E COPELAND ST,LEBANON,MO,65536,7706,,001450,4
CENTRAL,4J,KS-MO,630,65570,HOUSTON,203 N 1ST ST,HOUSTON,MO,65483,9998,,W16800,P
CENTRAL,4J,KS-MO,630,65570,SUCCESS,10798 HIGHWAY 17,SUCCESS,MO,65570,9998,,W18363,P
CENTRAL,4J,KS-MO,630,65571,MOUNTAIN VIEW,110 W 2ND ST,MOUNTAIN VIEW,MO,65548,9998,,W17332,P
CENTRAL,4J,KS-MO,630,65571,SUMMERSVILLE,485 2ND ST,SUMMERSVILLE,MO,65571,9998,,W18372,P
CENTRAL,4J,KS-MO,630,65580,VICHY,14788 HIGHWAY 63 S,VICHY,MO,65580,9998,,W18540,P
CENTRAL,4J,KS-MO,630,65580,VIENNA,202 S MAIN ST,VIENNA,MO,65582,9998,,W18541,P
CENTRAL,4J,KS-MO,630,65582,VIENNA,202 S MAIN ST,VIENNA,MO,65582,9998,,W18541,P
CENTRAL,4J,KS-MO,630,65583,WAYNESVILLE,301 NORTH ST,WAYNESVILLE,MO,65583,9998,,W18588,P
CENTRAL,4J,KS-MO,630,65584,FORT LEONARD WOOD,233 ILLINOIS AVE STE 1,FORT LEONARD WOOD,MO,65473,9998,,W16520,P
CENTRAL,4J,KS-MO,630,65584,SAINT ROBERT FINANCE,194 EASTLAWN AVE STE B,SAINT ROBERT,MO,65584,3758,,009430,S
CENTRAL,4J,KS-MO,630,65586,WESCO,494 WESCO RD,WESCO,MO,65586,9998,P,W18624,P
CENTRAL,4J,KS-MO,630,65588,WINONA,102 E 1ST ST,WINONA,MO,65588,9998,,W18667,P
CENTRAL,4J,KS-MO,630,65589,HOUSTON,203 N 1ST ST,HOUSTON,MO,65483,9998,,W16800,P
CENTRAL,4J,KS-MO,630,65590,LONG LANE,1668 STATE HIGHWAY 32,LONG LANE,MO,65590,9998,,W17067,P
CENTRAL,4J,KS-MO,630,65590,LEBANON CARRIER ANNEX,701 E COPELAND ST,LEBANON,MO,65536,7706,,001450,4
CENTRAL,4J,KS-MO,630,65591,MONTREAL,4000 STATE RD E,MONTREAL,MO,65591,9998,,W17298,P
CENTRAL,4J,KS-MO,630,65601,ALDRICH,470 COMMERCIAL ST,ALDRICH,MO,65601,9998,,W15692,P
CENTRAL,4J,KS-MO,630,65601,BOLIVAR,328 S MAIN AVE,BOLIVAR,MO,65613,9998,,W15887,P
CENTRAL,4J,KS-MO,630,65603,ARCOLA,102 CHURCH ST,ARCOLA,MO,65603,9998,,W15737,P
CENTRAL,4J,KS-MO,630,65604,ASH GROVE,102 N TOWER ST,ASH GROVE,MO,65604,9998,,W15746,P
CENTRAL,4J,KS-MO,630,65605,AURORA,102 E OLIVE ST,AURORA,MO,65605,9998,,W15761,P
CENTRAL,4J,KS-MO,630,65606,ALTON,198 MAIN ST,ALTON,MO,65606,9998,,W15707,P
CENTRAL,4J,KS-MO,630,65606,THAYER,118 N 2ND ST,THAYER,MO,65791,9998,,W18440,P
CENTRAL,4J,KS-MO,630,65608,AVA,499 W WASHINGTON AVE,AVA,MO,65608,9998,,W15766,P
CENTRAL,4J,KS-MO,630,65609,BAKERSFIELD,56 MAIN ST,BAKERSFIELD,MO,65609,9998,,W15779,P
CENTRAL,4J,KS-MO,630,65609,CAULFIELD,377 US HIGHWAY 160,CAULFIELD,MO,65626,9998,,W16121,P
CENTRAL,4J,KS-MO,630,65610,BILLINGS,109 NE US HIGHWAY 60,BILLINGS,MO,65610,9998,,W15852,P
CENTRAL,4J,KS-MO,630,65610,REPUBLIC,660 E HARRISON ST,REPUBLIC,MO,65738,9998,,W17656,P
CENTRAL,4J,KS-MO,630,65611,BLUE EYE,112 STATE HIGHWAY 13,BLUE EYE,MO,65611,9998,,W15875,P
CENTRAL,4J,KS-MO,630,65612,BOIS D ARC,10507 W STATE HIGHWAY T,BOIS D ARC,MO,65612,9998,,W15884,P
CENTRAL,4J,KS-MO,630,65612,WILLARD,107 WILLEY ST,WILLARD,MO,65781,9998,,W18648,P
CENTRAL,4J,KS-MO,630,65613,BOLIVAR,328 S MAIN AVE,BOLIVAR,MO,65613,9998,,W15887,P
CENTRAL,4J,KS-MO,630,65614,BRADLEYVILLE,25856 STATE HIGHWAY 76,BRADLEYVILLE,MO,65614,9998,,W15920,P
CENTRAL,4J,KS-MO,630,65614,SPARTA,7060 STATE HIGHWAY 14 E,SPARTA,MO,65753,9998,,W17977,P
CENTRAL,4J,KS-MO,630,65615,BRANSON,320 S COMMERCIAL ST,BRANSON,MO,65616,9998,P,W15931,P
CENTRAL,4J,KS-MO,630,65616,BRANSON  CARRIER ANNEX,141 INDUSTRIAL PARK DR,HOLLISTER,MO,65672,5392,,013214,4
CENTRAL,4J,KS-MO,630,65617,BRIGHTON,1584 HIGHWAY 215,BRIGHTON,MO,65617,9998,,W15959,P
CENTRAL,4J,KS-MO,630,65619,BROOKLINE,2874 N BROOKLINE AVE,BROOKLINE,MO,65619,9998,,W15974,P
CENTRAL,4J,KS-MO,630,65619,REPUBLIC,660 E HARRISON ST,REPUBLIC,MO,65738,9998,,W17656,P
CENTRAL,4J,KS-MO,630,65620,BRUNER,13547 STATE HIGHWAY 14 E,BRUNER,MO,65620,9998,,W15983,P
CENTRAL,4J,KS-MO,630,65622,BUFFALO,215 S PINE ST,BUFFALO,MO,65622,9998,,W16025,P
CENTRAL,4J,KS-MO,630,65624,CAPE FAIR,8089 W STATE HIGHWAY 76 UNIT D,CAPE FAIR,MO,65624,4618,,W16078,P
CENTRAL,4J,KS-MO,630,65624,REEDS SPRING,22153 MAIN ST,REEDS SPRING,MO,65737,9998,,W17651,P
CENTRAL,4J,KS-MO,630,65625,CASSVILLE,800 WEST ST,CASSVILLE,MO,65625,9998,,W16112,P
CENTRAL,4J,KS-MO,630,65626,CAULFIELD,377 US HIGHWAY 160,CAULFIELD,MO,65626,9998,,W16121,P
CENTRAL,4J,KS-MO,630,65627,CEDARCREEK,6589 STATE HIGHWAY M,CEDARCREEK,MO,65627,9998,,W16136,P
CENTRAL,4J,KS-MO,630,65627,FORSYTH,215 SHADOWROCK DR,FORSYTH,MO,65653,9998,,W16519,P
CENTRAL,4J,KS-MO,630,65629,CHADWICK,6409 STATE HIGHWAY 125 S,CHADWICK,MO,65629,9998,,W16151,P
CENTRAL,4J,KS-MO,630,65629,SPARTA,7060 STATE HIGHWAY 14 E,SPARTA,MO,65753,9998,,W17977,P
CENTRAL,4J,KS-MO,630,65631,CLEVER,209 CLARKE AVE,CLEVER,MO,65631,9998,,W16203,P
CENTRAL,4J,KS-MO,630,65631,REPUBLIC,660 E HARRISON ST,REPUBLIC,MO,65738,9998,,W17656,P
CENTRAL,4J,KS-MO,630,65632,CONWAY,601 W JEFFERSON AVE STE D,CONWAY,MO,65632,9998,,W16238,P
CENTRAL,4J,KS-MO,630,65633,CRANE,118 MAIN ST,CRANE,MO,65633,9998,,W16266,P
CENTRAL,4J,KS-MO,630,65633,GALENA,30691 STATE HIGHWAY 413,GALENA,MO,65656,9998,,W16554,P
CENTRAL,4J,KS-MO,630,65634,CROSS TIMBERS,12808 PARK ST,CROSS TIMBERS,MO,65634,9998,,W16286,P
CENTRAL,4J,KS-MO,630,65634,HERMITAGE,18704 SPRING ST,HERMITAGE,MO,65668,9998,,W16745,P
CENTRAL,4J,KS-MO,630,65635,WALNUT GROVE,412 S WASHINGTON AVE,WALNUT GROVE,MO,65770,9998,,W18566,P
CENTRAL,4J,KS-MO,630,65636,DIGGINS,505 PLAZA DR,DIGGINS,MO,65636,9998,P,W16347,P
CENTRAL,4J,KS-MO,630,65637,DORA,100 COUNTY ROAD 379,DORA,MO,65637,9998,,W16360,P
CENTRAL,4J,KS-MO,630,65640,DUNNEGAN,3777 S 28TH RD,DUNNEGAN,MO,65640,9998,,W16375,P
CENTRAL,4J,KS-MO,630,65640,STOCKTON,406 EAST ST,STOCKTON,MO,65785,9998,,W18337,P
CENTRAL,4J,KS-MO,630,65641,CASSVILLE,800 WEST ST,CASSVILLE,MO,65625,9998,,W16112,P
CENTRAL,4J,KS-MO,630,65641,EAGLE ROCK,28815 STATE HIGHWAY 86,EAGLE ROCK,MO,65641,9998,,W16384,P
CENTRAL,4J,KS-MO,630,65644,ELKLAND,3550 STATE HIGHWAY 38,ELKLAND,MO,65644,9998,,W16413,P
CENTRAL,4J,KS-MO,630,65644,MARSHFIELD,203 N CLAY ST,MARSHFIELD,MO,65706,9998,,W17169,P
CENTRAL,4J,KS-MO,630,65646,ASH GROVE,102 N TOWER ST,ASH GROVE,MO,65604,9998,,W15746,P
CENTRAL,4J,KS-MO,630,65646,EVERTON,102 W COMMERCIAL ST,EVERTON,MO,65646,9998,,W16452,P
CENTRAL,4J,KS-MO,630,65647,CASSVILLE,800 WEST ST,CASSVILLE,MO,65625,9998,,W16112,P
CENTRAL,4J,KS-MO,630,65647,EXETER,100 S FRONT ST,EXETER,MO,65647,9998,,W16458,P
CENTRAL,4J,KS-MO,630,65648,FAIR GROVE,210 E OLD MILL RD,FAIR GROVE,MO,65648,9998,,W16460,P
CENTRAL,4J,KS-MO,630,65649,FAIR PLAY,103 S TROOST AVE,FAIR PLAY,MO,65649,9998,,W16462,P
CENTRAL,4J,KS-MO,630,65649,STOCKTON,406 EAST ST,STOCKTON,MO,65785,9998,,W18337,P
CENTRAL,4J,KS-MO,630,65650,FLEMINGTON,691 MAIN ST,FLEMINGTON,MO,65650,9998,,W16497,P
CENTRAL,4J,KS-MO,630,65650,HUMANSVILLE,200 W TILDEN ST,HUMANSVILLE,MO,65674,9998,,W16813,P
CENTRAL,4J,KS-MO,630,65652,FORDLAND,132 MAIN ST,FORDLAND,MO,65652,9998,,W16512,P
CENTRAL,4J,KS-MO,630,65652,ROGERSVILLE,226 W CENTER ST,ROGERSVILLE,MO,65742,9998,,W17714,P
CENTRAL,4J,KS-MO,630,65653,FORSYTH,215 SHADOWROCK DR,FORSYTH,MO,65653,9998,,W16519,P
CENTRAL,4J,KS-MO,630,65655,GAINESVILLE,203 ELM ST,GAINESVILLE,MO,65655,9998,,W16551,P
CENTRAL,4J,KS-MO,630,65656,GALENA,30691 STATE HIGHWAY 413,GALENA,MO,65656,9998,,W16554,P
CENTRAL,4J,KS-MO,630,65657,SPARTA,7060 STATE HIGHWAY 14 E,SPARTA,MO,65753,9998,,W17977,P
CENTRAL,4J,KS-MO,630,65658,GOLDEN,28667 STATE HIGHWAY J,GOLDEN,MO,65658,9998,,W16599,P
CENTRAL,4J,KS-MO,630,65658,SHELL KNOB,24847 STATE HIGHWAY 39,SHELL KNOB,MO,65747,9998,,W17914,P
CENTRAL,4J,KS-MO,630,65660,GRAFF,9335 HIGHWAY 38,GRAFF,MO,65660,9998,,W16617,P
CENTRAL,4J,KS-MO,630,65660,MOUNTAIN GROVE,111 S UNION ST,MOUNTAIN GROVE,MO,65711,9998,,W17330,P
CENTRAL,4J,KS-MO,630,65661,GREENFIELD,114 S MAIN ST,GREENFIELD,MO,65661,9998,,W16655,P
CENTRAL,4J,KS-MO,630,65662,GROVESPRING,2123 HIGHWAY M,GROVESPRING,MO,65662,9998,,W16672,P
CENTRAL,4J,KS-MO,630,65662,HARTVILLE,130 COURT SQ,HARTVILLE,MO,65667,9998,,W16714,P
CENTRAL,4J,KS-MO,630,65663,BUFFALO,215 S PINE ST,BUFFALO,MO,65622,9998,,W16025,P
CENTRAL,4J,KS-MO,630,65663,HALF WAY,2132 HIGHWAY 32,HALF WAY,MO,65663,9998,,W16684,P
CENTRAL,4J,KS-MO,630,65664,HALLTOWN,224 MAIN ST,HALLTOWN,MO,65664,9998,P,W16688,P
CENTRAL,4J,KS-MO,630,65666,GAINESVILLE,203 ELM ST,GAINESVILLE,MO,65655,9998,,W16551,P
CENTRAL,4J,KS-MO,630,65667,HARTVILLE,130 COURT SQ,HARTVILLE,MO,65667,9998,,W16714,P
CENTRAL,4J,KS-MO,630,65668,HERMITAGE,18704 SPRING ST,HERMITAGE,MO,65668,9998,,W16745,P
CENTRAL,4J,KS-MO,630,65669,HIGHLANDVILLE,299 KENTLING AVE,HIGHLANDVILLE,MO,65669,9998,,W16760,P
CENTRAL,4J,KS-MO,630,65669,OZARK,1450 W JACKSON ST,OZARK,MO,65721,9998,,W17476,P
CENTRAL,4J,KS-MO,630,65672,BRANSON  CARRIER ANNEX,141 INDUSTRIAL PARK DR,HOLLISTER,MO,65672,5392,,013214,4
CENTRAL,4J,KS-MO,630,65673,HOLLISTER,1980 S BUSINESS 65,HOLLISTER,MO,65673,9998,P,W16778,P
CENTRAL,4J,KS-MO,630,65674,HUMANSVILLE,200 W TILDEN ST,HUMANSVILLE,MO,65674,9998,,W16813,P
CENTRAL,4J,KS-MO,630,65675,HURLEY,103 S RAIL ST,HURLEY,MO,65675,9998,P,W16827,P
CENTRAL,4J,KS-MO,630,65676,ISABELLA,9614 US HIGHWAY 160,ISABELLA,MO,65676,9998,,W16848,P
CENTRAL,4J,KS-MO,630,65676,THEODOSIA,5625 US HIGHWAY 160,THEODOSIA,MO,65761,9998,,W18441,P
CENTRAL,4J,KS-MO,630,65679,KIRBYVILLE,4202 E STATE HIGHWAY 76,KIRBYVILLE,MO,65679,9998,,W16922,P
CENTRAL,4J,KS-MO,630,65679,BRANSON  CARRIER ANNEX,141 INDUSTRIAL PARK DR,HOLLISTER,MO,65672,5392,,013214,4
CENTRAL,4J,KS-MO,630,65680,FORSYTH,215 SHADOWROCK DR,FORSYTH,MO,65653,9998,,W16519,P
CENTRAL,4J,KS-MO,630,65680,KISSEE MILLS,13044 E STATE HIGHWAY 76,KISSEE MILLS,MO,65680,9998,,W16928,P
CENTRAL,4J,KS-MO,630,65681,KIMBERLING CITY,38A KIMBERLING CTR LN,KIMBERLING CITY,MO,65686,9998,,W16906,P
CENTRAL,4J,KS-MO,630,65681,LAMPE,99 STATE ROUTE H,LAMPE,MO,65681,9998,,W16999,P
CENTRAL,4J,KS-MO,630,65682,GREENFIELD,114 S MAIN ST,GREENFIELD,MO,65661,9998,,W16655,P
CENTRAL,4J,KS-MO,630,65682,LOCKWOOD,800 MAIN ST,LOCKWOOD,MO,65682,9998,,W17058,P
CENTRAL,4J,KS-MO,630,65685,LOUISBURG,274 STATE HIGHWAY 64,LOUISBURG,MO,65685,9998,,W17108,P
CENTRAL,4J,KS-MO,630,65686,KIMBERLING CITY,38A KIMBERLING CTR LN,KIMBERLING CITY,MO,65686,9998,,W16906,P
CENTRAL,4J,KS-MO,630,65688,BRANDSVILLE,212 E MAIN ST,BRANDSVILLE,MO,65688,9998,P,W15928,P
CENTRAL,4J,KS-MO,630,65689,CABOOL,519 CEDAR AVE,CABOOL,MO,65689,9998,,W16048,P
CENTRAL,4J,KS-MO,630,65689,WILLOW SPRINGS,111 E 3RD ST,WILLOW SPRINGS,MO,65793,9998,,W18657,P
CENTRAL,4J,KS-MO,630,65690,THAYER,118 N 2ND ST,THAYER,MO,65791,9998,,W18440,P
CENTRAL,4J,KS-MO,630,65692,KOSHKONONG,303 DIGGINS ST,KOSHKONONG,MO,65692,9998,,W16943,P
CENTRAL,4J,KS-MO,630,65702,MACOMB,4880 HIGHWAY A,MACOMB,MO,65702,9998,,W17134,P
CENTRAL,4J,KS-MO,630,65702,SEYMOUR,218 W WASHINGTON ST,SEYMOUR,MO,65746,9998,,W17907,P
CENTRAL,4J,KS-MO,630,65704,MANSFIELD,310 E COMMERCIAL ST,MANSFIELD,MO,65704,9998,,W17148,P
CENTRAL,4J,KS-MO,630,65704,SEYMOUR,218 W WASHINGTON ST,SEYMOUR,MO,65746,9998,,W17907,P
CENTRAL,4J,KS-MO,630,65705,AURORA,102 E OLIVE ST,AURORA,MO,65605,9998,,W15761,P
CENTRAL,4J,KS-MO,630,65705,MARIONVILLE,201 W WASHINGTON,MARIONVILLE,MO,65705,9998,,W17161,P
CENTRAL,4J,KS-MO,630,65706,MARSHFIELD,203 N CLAY ST,MARSHFIELD,MO,65706,9998,,W17169,P
CENTRAL,4J,KS-MO,630,65707,MILLER,210 E MAIN ST,MILLER,MO,65707,9998,,W17258,P
CENTRAL,4J,KS-MO,630,65707,MOUNT VERNON,205 E SOUTH ST,MOUNT VERNON,MO,65712,9998,,W17329,P
CENTRAL,4J,KS-MO,630,65708,MONETT,300 4TH ST,MONETT,MO,65708,9998,,W17286,P
CENTRAL,4J,KS-MO,630,65710,BOLIVAR,328 S MAIN AVE,BOLIVAR,MO,65613,9998,,W15887,P
CENTRAL,4J,KS-MO,630,65710,MORRISVILLE,100 N MAIN ST,MORRISVILLE,MO,65710,9998,,W17310,P
CENTRAL,4J,KS-MO,630,65711,MOUNTAIN GROVE,111 S UNION ST,MOUNTAIN GROVE,MO,65711,9998,,W17330,P
CENTRAL,4J,KS-MO,630,65712,MOUNT VERNON,205 E SOUTH ST,MOUNT VERNON,MO,65712,9998,,W17329,P
CENTRAL,4J,KS-MO,630,65713,MARSHFIELD,203 N CLAY ST,MARSHFIELD,MO,65706,9998,,W17169,P
CENTRAL,4J,KS-MO,630,65713,NIANGUA,113 S MAIN ST,NIANGUA,MO,65713,9998,,W17386,P
CENTRAL,4J,KS-MO,630,65714,NIXA,404 W SOUTH ST,NIXA,MO,65714,9998,,W17388,P
CENTRAL,4J,KS-MO,630,65717,MOUNTAIN GROVE,111 S UNION ST,MOUNTAIN GROVE,MO,65711,9998,,W17330,P
CENTRAL,4J,KS-MO,630,65717,NORWOOD,100 E MAIN ST,NORWOOD,MO,65717,9998,,W17406,P
CENTRAL,4J,KS-MO,630,65720,OLDFIELD,2838 STATE HIGHWAY 125 S,OLDFIELD,MO,65720,9998,,W17444,P
CENTRAL,4J,KS-MO,630,65720,SPARTA,7060 STATE HIGHWAY 14 E,SPARTA,MO,65753,9998,,W17977,P
CENTRAL,4J,KS-MO,630,65721,OZARK,1450 W JACKSON ST,OZARK,MO,65721,9998,,W17476,P
CENTRAL,4J,KS-MO,630,65722,CONWAY,601 W JEFFERSON AVE STE D,CONWAY,MO,65632,9998,,W16238,P
CENTRAL,4J,KS-MO,630,65722,PHILLIPSBURG,100 S FRONT ST,PHILLIPSBURG,MO,65722,9998,,W17535,P
CENTRAL,4J,KS-MO,630,65723,MONETT,300 4TH ST,MONETT,MO,65708,9998,,W17286,P
CENTRAL,4J,KS-MO,630,65723,PIERCE CITY,114 E COMMERCIAL ST,PIERCE CITY,MO,65723,9998,,W17539,P
CENTRAL,4J,KS-MO,630,65724,HERMITAGE,18704 SPRING ST,HERMITAGE,MO,65668,9998,,W16745,P
CENTRAL,4J,KS-MO,630,65724,PITTSBURG,25397 STATE HIGHWAY 64,PITTSBURG,MO,65724,9998,,W17554,P
CENTRAL,4J,KS-MO,630,65725,FAIR GROVE,210 E OLD MILL RD,FAIR GROVE,MO,65648,9998,,W16460,P
CENTRAL,4J,KS-MO,630,65725,PLEASANT HOPE,120 MAIN ST,PLEASANT HOPE,MO,65725,9998,,W17565,P
CENTRAL,4J,KS-MO,630,65726,POINT LOOKOUT,9998 ACADEMIC AVE,POINT LOOKOUT,MO,65726,9998,P,W17576,P
CENTRAL,4J,KS-MO,630,65728,HIGHLANDVILLE,299 KENTLING AVE,HIGHLANDVILLE,MO,65669,9998,,W16760,P
CENTRAL,4J,KS-MO,630,65729,GAINESVILLE,203 ELM ST,GAINESVILLE,MO,65655,9998,,W16551,P
CENTRAL,4J,KS-MO,630,65729,PONTIAC,8180 STATE HWY W,PONTIAC,MO,65729,7141,,W17586,P
CENTRAL,4J,KS-MO,630,65730,POWELL,98 ALBERT E BRUMLEY PKWY,POWELL,MO,65730,9998,,W17599,P
CENTRAL,4J,KS-MO,630,65731,POWERSITE,1885 STATE HIGHWAY VV,POWERSITE,MO,65731,9998,,W17600,P
CENTRAL,4J,KS-MO,630,65731,BRANSON  CARRIER ANNEX,141 INDUSTRIAL PARK DR,HOLLISTER,MO,65672,5392,,013214,4
CENTRAL,4J,KS-MO,630,65732,HERMITAGE,18704 SPRING ST,HERMITAGE,MO,65668,9998,,W16745,P
CENTRAL,4J,KS-MO,630,65732,PRESTON,29024 US HIGHWAY 54,PRESTON,MO,65732,9998,,W17611,P
CENTRAL,4J,KS-MO,630,65733,PROTEM,5242 S STATE HIGHWAY 125,PROTEM,MO,65733,9998,,W17617,P
CENTRAL,4J,KS-MO,630,65733,THEODOSIA,5625 US HIGHWAY 160,THEODOSIA,MO,65761,9998,,W18441,P
CENTRAL,4J,KS-MO,630,65734,PURDY,100 E WASHINGTON ST,PURDY,MO,65734,9998,,W17621,P
CENTRAL,4J,KS-MO,630,65737,BRANSON WEST,18128 BUSINESS 13,REEDS SPRING,MO,65737,8637,,W15937,C
CENTRAL,4J,KS-MO,630,65737,REEDS SPRING,22153 MAIN ST,REEDS SPRING,MO,65737,9998,,W17651,P
CENTRAL,4J,KS-MO,630,65738,REPUBLIC,660 E HARRISON ST,REPUBLIC,MO,65738,9998,,W17656,P
CENTRAL,4J,KS-MO,630,65739,RIDGEDALE,3234 RIDGEDALE RD,RIDGEDALE,MO,65739,9998,,W17674,P
CENTRAL,4J,KS-MO,630,65739,BRANSON  CARRIER ANNEX,141 INDUSTRIAL PARK DR,HOLLISTER,MO,65672,5392,,013214,4
CENTRAL,4J,KS-MO,630,65740,FORSYTH,215 SHADOWROCK DR,FORSYTH,MO,65653,9998,,W16519,P
CENTRAL,4J,KS-MO,630,65740,ROCKAWAY BEACH,2578 STATE HIGHWAY 176,ROCKAWAY BEACH,MO,65740,9998,,W17703,P
CENTRAL,4J,KS-MO,630,65742,ROGERSVILLE,226 W CENTER ST,ROGERSVILLE,MO,65742,9998,,W17714,P
CENTRAL,4J,KS-MO,630,65744,FORSYTH,215 SHADOWROCK DR,FORSYTH,MO,65653,9998,,W16519,P
CENTRAL,4J,KS-MO,630,65745,SELIGMAN,28048 N HICKORY ST,SELIGMAN,MO,65745,9998,,W17901,P
CENTRAL,4J,KS-MO,630,65746,SEYMOUR,218 W WASHINGTON ST,SEYMOUR,MO,65746,9998,,W17907,P
CENTRAL,4J,KS-MO,630,65747,SHELL KNOB,24847 STATE HIGHWAY 39,SHELL KNOB,MO,65747,9998,,W17914,P
CENTRAL,4J,KS-MO,630,65752,GREENFIELD,114 S MAIN ST,GREENFIELD,MO,65661,9998,,W16655,P
CENTRAL,4J,KS-MO,630,65753,SPARTA,7060 STATE HIGHWAY 14 E,SPARTA,MO,65753,9998,,W17977,P
CENTRAL,4J,KS-MO,630,65754,OZARK,1450 W JACKSON ST,OZARK,MO,65721,9998,,W17476,P
CENTRAL,4J,KS-MO,630,65754,SPOKANE,745 SPOKANE RD,SPOKANE,MO,65754,9998,,W17983,P
CENTRAL,4J,KS-MO,630,65755,AVA,499 W WASHINGTON AVE,AVA,MO,65608,9998,,W15766,P
CENTRAL,4J,KS-MO,630,65755,SQUIRES,1 MAIN ST,SQUIRES,MO,65755,9998,,W18011,P
CENTRAL,4J,KS-MO,630,65756,STOTTS CITY,107 E MOUNT VERNON ST,STOTTS CITY,MO,65756,9998,,W18346,P
CENTRAL,4J,KS-MO,630,65757,STRAFFORD,125 S WASHINGTON ST,STRAFFORD,MO,65757,9998,,W18354,P
CENTRAL,4J,KS-MO,630,65759,FORSYTH,215 SHADOWROCK DR,FORSYTH,MO,65653,9998,,W16519,P
CENTRAL,4J,KS-MO,630,65759,TANEYVILLE,310 GRAND AVE,TANEYVILLE,MO,65759,9998,,W18428,P
CENTRAL,4J,KS-MO,630,65760,GAINESVILLE,203 ELM ST,GAINESVILLE,MO,65655,9998,,W16551,P
CENTRAL,4J,KS-MO,630,65760,TECUMSEH,33256 US HIGHWAY 160,TECUMSEH,MO,65760,9998,,W18437,P
CENTRAL,4J,KS-MO,630,65761,THEODOSIA,5625 US HIGHWAY 160,THEODOSIA,MO,65761,9998,,W18441,P
CENTRAL,4J,KS-MO,630,65762,THEODOSIA,5625 US HIGHWAY 160,THEODOSIA,MO,65761,9998,,W18441,P
CENTRAL,4J,KS-MO,630,65762,THORNFIELD,13 COUNTY ROAD 916,THORNFIELD,MO,65762,9998,,W18445,P
CENTRAL,4J,KS-MO,630,65764,URBANA,200 N MAIN ST,URBANA,MO,65767,9998,,W18510,P
CENTRAL,4J,KS-MO,630,65765,TURNERS,6480 E FARM ROAD 148,TURNERS,MO,65765,9998,P,W18471,P
CENTRAL,4J,KS-MO,630,65766,CAULFIELD,377 US HIGHWAY 160,CAULFIELD,MO,65626,9998,,W16121,P
CENTRAL,4J,KS-MO,630,65767,URBANA,200 N MAIN ST,URBANA,MO,65767,9998,,W18510,P
CENTRAL,4J,KS-MO,630,65769,AURORA,102 E OLIVE ST,AURORA,MO,65605,9998,,W15761,P
CENTRAL,4J,KS-MO,630,65769,VERONA,170 S 3RD ST,VERONA,MO,65769,9998,,W18536,P
CENTRAL,4J,KS-MO,630,65770,ASH GROVE,102 N TOWER ST,ASH GROVE,MO,65604,9998,,W15746,P
CENTRAL,4J,KS-MO,630,65770,WALNUT GROVE,412 S WASHINGTON AVE,WALNUT GROVE,MO,65770,9998,,W18566,P
CENTRAL,4J,KS-MO,630,65771,FORSYTH,215 SHADOWROCK DR,FORSYTH,MO,65653,9998,,W16519,P
CENTRAL,4J,KS-MO,630,65771,ROCKAWAY BEACH,2578 STATE HIGHWAY 176,ROCKAWAY BEACH,MO,65740,9998,,W17703,P
CENTRAL,4J,KS-MO,630,65772,SELIGMAN,28048 N HICKORY ST,SELIGMAN,MO,65745,9998,,W17901,P
CENTRAL,4J,KS-MO,630,65772,WASHBURN,303 MAIN ST,WASHBURN,MO,65772,9998,,W18580,P
CENTRAL,4J,KS-MO,630,65773,AVA,499 W WASHINGTON AVE,AVA,MO,65608,9998,,W15766,P
CENTRAL,4J,KS-MO,630,65773,WASOLA,1652 COUNTY ROAD 129,WASOLA,MO,65773,9998,,W18584,P
CENTRAL,4J,KS-MO,630,65774,WEAUBLEAU,144 E US HIGHWAY 54,WEAUBLEAU,MO,65774,9998,,W18592,P
CENTRAL,4J,KS-MO,630,65775,WEST PLAINS,212 WASHINGTON AVE,WEST PLAINS,MO,65775,9998,,W18629,P
CENTRAL,4J,KS-MO,630,65778,MYRTLE,100 MAIN ST,MYRTLE,MO,65778,9998,,W17342,P
CENTRAL,4J,KS-MO,630,65778,THAYER,118 N 2ND ST,THAYER,MO,65791,9998,,W18440,P
CENTRAL,4J,KS-MO,630,65779,HERMITAGE,18704 SPRING ST,HERMITAGE,MO,65668,9998,,W16745,P
CENTRAL,4J,KS-MO,630,65779,WHEATLAND,18545 N MAIN ST,WHEATLAND,MO,65779,9998,,W18636,P
CENTRAL,4J,KS-MO,630,65781,WILLARD,107 WILLEY ST,WILLARD,MO,65781,9998,,W18648,P
CENTRAL,4J,KS-MO,630,65783,BUFFALO,215 S PINE ST,BUFFALO,MO,65622,9998,,W16025,P
CENTRAL,4J,KS-MO,630,65785,STOCKTON,406 EAST ST,STOCKTON,MO,65785,9998,,W18337,P
CENTRAL,4J,KS-MO,630,65786,PITTSBURG,25397 STATE HIGHWAY 64,PITTSBURG,MO,65724,9998,,W17554,P
CENTRAL,4J,KS-MO,630,65787,PITTSBURG,25397 STATE HIGHWAY 64,PITTSBURG,MO,65724,9998,,W17554,P
CENTRAL,4J,KS-MO,630,65787,ROACH,353 STATE ROAD AA,ROACH,MO,65787,9998,,W17691,P
CENTRAL,4J,KS-MO,630,65788,PEACE VALLEY,7120 STATE RTE W,PEACE VALLEY,MO,65788,9998,,W17512,P
CENTRAL,4J,KS-MO,630,65788,WEST PLAINS,212 WASHINGTON AVE,WEST PLAINS,MO,65775,9998,,W18629,P
CENTRAL,4J,KS-MO,630,65789,POMONA,4279 COUNTY ROAD 4860,POMONA,MO,65789,9998,,W17581,P
CENTRAL,4J,KS-MO,630,65789,WEST PLAINS,212 WASHINGTON AVE,WEST PLAINS,MO,65775,9998,,W18629,P
CENTRAL,4J,KS-MO,630,65790,POTTERSVILLE,1783 STATE ROUTE K,POTTERSVILLE,MO,65790,9998,,W17596,P
CENTRAL,4J,KS-MO,630,65790,WEST PLAINS,212 WASHINGTON AVE,WEST PLAINS,MO,65775,9998,,W18629,P
CENTRAL,4J,KS-MO,630,65791,THAYER,118 N 2ND ST,THAYER,MO,65791,9998,,W18440,P
CENTRAL,4J,KS-MO,630,65793,WILLOW SPRINGS,111 E 3RD ST,WILLOW SPRINGS,MO,65793,9998,,W18657,P
CENTRAL,4J,KS-MO,630,65801,SPRINGFIELD,500 W CHESTNUT EXPY,SPRINGFIELD,MO,65801,9998,P,W17989,P
CENTRAL,4J,KS-MO,630,65802,SPFD GRIESEMER ANNEX,1919 W BENNETT ST,SPRINGFIELD,MO,65807,9997,,W1C585,4
CENTRAL,4J,KS-MO,630,65803,SPFD GRIESEMER ANNEX,1919 W BENNETT ST,SPRINGFIELD,MO,65807,9997,,W1C585,4
CENTRAL,4J,KS-MO,630,65804,GLENSTONE,1442 S GLENSTONE AVE,SPRINGFIELD,MO,65804,9998,,W16593,S
CENTRAL,4J,KS-MO,630,65805,SPRINGFIELD,500 W CHESTNUT EXPY,SPRINGFIELD,MO,65801,9998,P,W17989,P
CENTRAL,4J,KS-MO,630,65806,SPFD GRIESEMER ANNEX,1919 W BENNETT ST,SPRINGFIELD,MO,65807,9997,,W1C585,4
CENTRAL,4J,KS-MO,630,65807,SPRINGFIELD MO CAMPBELL SDC,3951 S CAMPBELL AVE,SPRINGFIELD,MO,65807,9902,,021154,4
CENTRAL,4J,KS-MO,630,65808,GLENSTONE,1442 S GLENSTONE AVE,SPRINGFIELD,MO,65804,9998,P,W16593,S
CENTRAL,4J,KS-MO,630,65809,GLENSTONE,1442 S GLENSTONE AVE,SPRINGFIELD,MO,65804,9998,,W16593,S
CENTRAL,4J,KS-MO,630,65810,SPRINGFIELD MO CAMPBELL SDC,3951 S CAMPBELL AVE,SPRINGFIELD,MO,65807,9902,,021154,4
CENTRAL,4J,KS-MO,630,65814,SPFD JAMES RIVER POSTAL STOR,1839H E INDEPENDENCE ST,SPRINGFIELD,MO,65804,3984,P,W1C090,S
