area_name,area_code,district_name,district_no,delivery_zipcode,locale_name,physical_delivery_address,physical_city,physical_state,physical_zip,physical_zip4,zip_class_code,locale_key,locale_type
ATLANTIC,4B,NORTH CAROLINA,270,27006,ADVANCE,1860 NC HIGHWAY 801 S,ADVANCE,NC,27006,9998,,Y14681,P
ATLANTIC,4B,NORTH CAROLINA,270,27007,ARARAT,1354 ARARAT RD,ARARAT,NC,27007,9998,,Y14715,P
ATLANTIC,4B,NORTH CAROLINA,270,27007,PILOT MOUNTAIN,647K S KEY ST,PILOT MOUNTAIN,NC,27041,9998,,Y16164,P
ATLANTIC,4B,NORTH CAROLINA,270,27009,BELEWS CREEK,8540 BELEWS CREEK RD,BELEWS CREEK,NC,27009,9998,,Y14802,P
ATLANTIC,4B,NORTH CAROLINA,270,27010,BETHANIA,5670 MAIN ST,BETHANIA,NC,27010,9800,P,Y14821,P
ATLANTIC,4B,NORTH CAROLINA,270,27011,BOONVILLE,202 S CAROLINA AVE,BOONVILLE,NC,27011,9998,,Y14868,P
ATLANTIC,4B,NORTH CAROLINA,270,27012,CLEMMONS,3630 CLEMMONS RD,CLEMMONS,NC,27012,9998,,Y15021,P
ATLANTIC,4B,NORTH CAROLINA,270,27013,CLEVELAND,105 W MAIN ST,CLEVELAND,NC,27013,9998,,Y15022,P
ATLANTIC,4B,NORTH CAROLINA,270,27014,COOLEEMEE,7814 NC HWY 801 S,COOLEEMEE,NC,27014,9800,P,Y15062,P
ATLANTIC,4B,NORTH CAROLINA,270,27016,DANBURY,303 N MAIN ST,DANBURY,NC,27016,7654,,Y15115,P
ATLANTIC,4B,NORTH CAROLINA,270,27016,WALNUT COVE,217 N MAIN ST,WALNUT COVE,NC,27052,9998,,Y16720,P
ATLANTIC,4B,NORTH CAROLINA,270,27017,DOBSON,214 W KAPP ST,DOBSON,NC,27017,8826,,Y15139,P
ATLANTIC,4B,NORTH CAROLINA,270,27018,EAST BEND,448 E MAIN ST,EAST BEND,NC,27018,7487,,Y15198,P
ATLANTIC,4B,NORTH CAROLINA,270,27019,GERMANTON,3188 NC 65 HWY W,GERMANTON,NC,27019,8321,,Y15398,P
ATLANTIC,4B,NORTH CAROLINA,270,27020,HAMPTONVILLE,2943 ROCKY BRANCH RD,HAMPTONVILLE,NC,27020,8392,,Y15493,P
ATLANTIC,4B,NORTH CAROLINA,270,27021,KING,603 S MAIN ST,KING,NC,27021,9998,,Y15680,P
ATLANTIC,4B,NORTH CAROLINA,270,27022,LAWSONVILLE,3471 PINEY GROVE CHURCH RD,LAWSONVILLE,NC,27022,9998,,Y15721,P
ATLANTIC,4B,NORTH CAROLINA,270,27022,SANDY RIDGE,4918 NC 704 HWY E,SANDY RIDGE,NC,27046,9998,,Y16383,P
ATLANTIC,4B,NORTH CAROLINA,270,27023,LEWISVILLE,7011 GREAT WAGON RD,LEWISVILLE,NC,27023,9997,,Y15743,P
ATLANTIC,4B,NORTH CAROLINA,270,27024,LOWGAP,8855 W PINE ST,LOWGAP,NC,27024,9998,,Y15802,P
ATLANTIC,4B,NORTH CAROLINA,270,27025,MADISON,302 HIGHWAY ST STE 195,MADISON,NC,27025,1673,,Y15817,P
ATLANTIC,4B,NORTH CAROLINA,270,27027,MAYODAN,1000 W MAIN ST,MAYODAN,NC,27027,2532,,Y15859,P
ATLANTIC,4B,NORTH CAROLINA,270,27028,MOCKSVILLE,1119 YADKINVILLE RD,MOCKSVILLE,NC,27028,2565,,Y15926,P
ATLANTIC,4B,NORTH CAROLINA,270,27030,MOUNT AIRY,111 S MAIN ST,MOUNT AIRY,NC,27030,3840,,Y15954,P
ATLANTIC,4B,NORTH CAROLINA,270,27030,MOUNT AIRY ANNEX,510 N RENFRO ST,MOUNT AIRY,NC,27030,3728,,Y19135,4
ATLANTIC,4B,NORTH CAROLINA,270,27040,PFAFFTOWN,4715 YADKINVILLE RD,PFAFFTOWN,NC,27040,9901,,Y16157,P
ATLANTIC,4B,NORTH CAROLINA,270,27040,WINSTON SALEM NC SDC,1500 N PATTERSON AVE,WINSTON SALEM,NC,27105,9900,,021025,4
ATLANTIC,4B,NORTH CAROLINA,270,27041,PILOT MOUNTAIN,647K S KEY ST,PILOT MOUNTAIN,NC,27041,9998,,Y16164,P
ATLANTIC,4B,NORTH CAROLINA,270,27042,PINE HALL,1716 PINE HALL RD,PINE HALL,NC,27042,9998,,Y16168,P
ATLANTIC,4B,NORTH CAROLINA,270,27043,PINNACLE,2870 N OLD 52 RD,PINNACLE,NC,27043,9998,,Y16186,P
ATLANTIC,4B,NORTH CAROLINA,270,27045,RURAL HALL,8201 BROAD ST,RURAL HALL,NC,27045,9400,,Y16356,P
ATLANTIC,4B,NORTH CAROLINA,270,27045,WINSTON SALEM NC SDC,1500 N PATTERSON AVE,WINSTON SALEM,NC,27105,9900,,021025,4
ATLANTIC,4B,NORTH CAROLINA,270,27046,SANDY RIDGE,4918 NC 704 HWY E,SANDY RIDGE,NC,27046,9998,,Y16383,P
ATLANTIC,4B,NORTH CAROLINA,270,27047,EAST BEND,448 E MAIN ST,EAST BEND,NC,27018,7487,,Y15198,P
ATLANTIC,4B,NORTH CAROLINA,270,27047,SILOAM,7051 SILOAM RD,SILOAM,NC,27047,9275,,Y16445,P
ATLANTIC,4B,NORTH CAROLINA,270,27048,STONEVILLE,106 E MAIN ST,STONEVILLE,NC,27048,8715,,Y16535,P
ATLANTIC,4B,NORTH CAROLINA,270,27049,TOAST,1110 W PINE ST,TOAST,NC,27049,9997,P,Y16617,P
ATLANTIC,4B,NORTH CAROLINA,270,27050,TOBACCOVILLE,6900 DORAL DR,TOBACCOVILLE,NC,27050,9998,,Y16618,P
ATLANTIC,4B,NORTH CAROLINA,270,27051,WALKERTOWN,4970 US HIGHWAY 311 N,WALKERTOWN,NC,27051,8700,,Y16716,P
ATLANTIC,4B,NORTH CAROLINA,270,27051,WINSTON SALEM NC SDC,1500 N PATTERSON AVE,WINSTON SALEM,NC,27105,9900,,021025,4
ATLANTIC,4B,NORTH CAROLINA,270,27052,WALNUT COVE,217 N MAIN ST,WALNUT COVE,NC,27052,9998,,Y16720,P
ATLANTIC,4B,NORTH CAROLINA,270,27053,WESTFIELD,6648 WESTFIELD RD,WESTFIELD,NC,27053,8169,,Y16781,P
ATLANTIC,4B,NORTH CAROLINA,270,27054,WOODLEAF,4220 POTNECK RD,WOODLEAF,NC,27054,9998,,Y16846,P
ATLANTIC,4B,NORTH CAROLINA,270,27055,YADKINVILLE,315 W MAIN ST,YADKINVILLE,NC,27055,7878,,Y16860,P
ATLANTIC,4B,NORTH CAROLINA,270,27101,WINSTON SALEM NC SDC,1500 N PATTERSON AVE,WINSTON SALEM,NC,27105,9900,,021025,4
ATLANTIC,4B,NORTH CAROLINA,270,27102,WINSTON SALEM NC SDC,1500 N PATTERSON AVE,WINSTON SALEM,NC,27105,9900,P,021025,4
ATLANTIC,4B,NORTH CAROLINA,270,27103,MANOR,3331 HEALY DR,WINSTON SALEM,NC,27103,9998,,Y15827,S
ATLANTIC,4B,NORTH CAROLINA,270,27104,MANOR,3331 HEALY DR,WINSTON SALEM,NC,27103,9998,,Y15827,S
ATLANTIC,4B,NORTH CAROLINA,270,27105,WINSTON SALEM NC SDC,1500 N PATTERSON AVE,WINSTON SALEM,NC,27105,9900,,021025,4
ATLANTIC,4B,NORTH CAROLINA,270,27106,NORTH POINT,7840 N POINT BLVD STE 110,WINSTON SALEM,NC,27106,3290,,Y14820,S
ATLANTIC,4B,NORTH CAROLINA,270,27107,WINSTON SALEM NC SDC,1500 N PATTERSON AVE,WINSTON SALEM,NC,27105,9900,,021025,4
ATLANTIC,4B,NORTH CAROLINA,270,27113,CENTER CITY,200 TOWN RUN LN,WINSTON SALEM,NC,27101,9998,P,Y14982,S
ATLANTIC,4B,NORTH CAROLINA,270,27114,MANOR,3331 HEALY DR,WINSTON SALEM,NC,27103,9998,P,Y15827,S
ATLANTIC,4B,NORTH CAROLINA,270,27115,WINSTON SALEM NC SDC,1500 N PATTERSON AVE,WINSTON SALEM,NC,27105,9900,P,021025,4
ATLANTIC,4B,NORTH CAROLINA,270,27116,NORTH POINT,7840 N POINT BLVD STE 110,WINSTON SALEM,NC,27106,3290,P,Y14820,S
ATLANTIC,4B,NORTH CAROLINA,270,27117,WAUGHTOWN,1995 PLEASANT ST,WINSTON SALEM,NC,27107,9998,P,Y16743,S
ATLANTIC,4B,NORTH CAROLINA,270,27120,CENTER CITY,200 TOWN RUN LN,WINSTON SALEM,NC,27101,9998,P,Y14982,S
ATLANTIC,4B,NORTH CAROLINA,270,27127,WINSTON SALEM NC SDC,1500 N PATTERSON AVE,WINSTON SALEM,NC,27105,9900,,021025,4
ATLANTIC,4B,NORTH CAROLINA,270,27130,HANES MALL,3320 SILAS CREEK PKWY STE AU-502,WINSTON SALEM,NC,27103,3025,P,Y15499,S
ATLANTIC,4B,NORTH CAROLINA,270,27201,ALAMANCE,4205 S NC HIGHWAY 62,ALAMANCE,NC,27201,0018,P,Y14685,P
ATLANTIC,4B,NORTH CAROLINA,270,27202,GIBSONVILLE,221 E MAIN ST,GIBSONVILLE,NC,27249,2418,P,Y15402,P
ATLANTIC,4B,NORTH CAROLINA,270,27203,ASHEBORO,1030 S CHURCH ST,ASHEBORO,NC,27203,6499,,Y14728,P
ATLANTIC,4B,NORTH CAROLINA,270,27204,ASHEBORO,1030 S CHURCH ST,ASHEBORO,NC,27203,6499,P,Y14728,P
ATLANTIC,4B,NORTH CAROLINA,270,27205,ASHEBORO,1030 S CHURCH ST,ASHEBORO,NC,27203,6499,,Y14728,P
ATLANTIC,4B,NORTH CAROLINA,270,27207,BEAR CREEK,14525 NC 902 HWY,BEAR CREEK,NC,27207,8400,,Y14792,P
ATLANTIC,4B,NORTH CAROLINA,270,27208,BENNETT,3859 CHATHAM ST,BENNETT,NC,27208,9412,,Y14811,P
ATLANTIC,4B,NORTH CAROLINA,270,27209,BISCOE,303 S MAIN ST,BISCOE,NC,27209,8091,,Y14833,P
ATLANTIC,4B,NORTH CAROLINA,270,27212,YANCEYVILLE,146 MAIN ST W,YANCEYVILLE,NC,27379,8780,,Y16863,P
ATLANTIC,4B,NORTH CAROLINA,270,27213,BONLEE,1010 ELMER MOORE RD,BONLEE,NC,27213,9997,P,Y14862,P
ATLANTIC,4B,NORTH CAROLINA,270,27214,BROWNS SUMMIT,7222 BROWNS SUMMIT RD,BROWNS SUMMIT,NC,27214,9763,,Y14894,P
ATLANTIC,4B,NORTH CAROLINA,270,27215,BURLINGTON,405 MAPLE AVE,BURLINGTON,NC,27215,5993,,Y14914,P
ATLANTIC,4B,NORTH CAROLINA,270,27215,NORTH BURLINGTON,2212 N CHURCH ST,BURLINGTON,NC,27217,3179,,Y16050,S
ATLANTIC,4B,NORTH CAROLINA,270,27216,BURLINGTON,405 MAPLE AVE,BURLINGTON,NC,27215,5993,P,Y14914,P
ATLANTIC,4B,NORTH CAROLINA,270,27217,BURLINGTON,405 MAPLE AVE,BURLINGTON,NC,27215,5993,,Y14914,P
ATLANTIC,4B,NORTH CAROLINA,270,27228,BYNUM,916 EAST ST,PITTSBORO,NC,27312,0015,P,014420,6
ATLANTIC,4B,NORTH CAROLINA,270,27229,CANDOR,405 N MAIN ST,CANDOR,NC,27229,9034,,Y14943,P
ATLANTIC,4B,NORTH CAROLINA,270,27230,CEDAR FALLS,370 LOFLIN POND RD,CEDAR FALLS,NC,27230,9996,P,Y14972,P
ATLANTIC,4B,NORTH CAROLINA,270,27231,CEDAR GROVE,5206 EFLAND CEDAR GROVE RD,CEDAR GROVE,NC,27231,9400,,Y14974,P
ATLANTIC,4B,NORTH CAROLINA,270,27233,CLIMAX,1319 NC HIGHWAY 62 E,CLIMAX,NC,27233,9153,,Y15029,P
ATLANTIC,4B,NORTH CAROLINA,270,27235,COLFAX,9052 W MARKET ST,COLFAX,NC,27235,9622,,Y15041,P
ATLANTIC,4B,NORTH CAROLINA,270,27239,DENTON,110 W SALISBURY ST,DENTON,NC,27239,7295,,Y15130,P
ATLANTIC,4B,NORTH CAROLINA,270,27242,CANDOR,405 N MAIN ST,CANDOR,NC,27229,9034,,Y14943,P
ATLANTIC,4B,NORTH CAROLINA,270,27242,EAGLE SPRINGS,1984 NC HIGHWAY 211,EAGLE SPRINGS,NC,27242,7930,,Y15196,P
ATLANTIC,4B,NORTH CAROLINA,270,27243,EFLAND,3522 US HIGHWAY 70 W,EFLAND,NC,27243,8409,,Y15228,P
ATLANTIC,4B,NORTH CAROLINA,270,27244,ELON,105 S WILLIAMSON AVE,ELON,NC,27244,9204,,Y15255,P
ATLANTIC,4B,NORTH CAROLINA,270,27247,ETHER,105 HOGAN FARM RD,ETHER,NC,27247,9800,P,Y15276,P
ATLANTIC,4B,NORTH CAROLINA,270,27248,FRANKLINVILLE,221 PINE ST,FRANKLINVILLE,NC,27248,9997,,Y15365,P
ATLANTIC,4B,NORTH CAROLINA,270,27249,GIBSONVILLE,221 E MAIN ST,GIBSONVILLE,NC,27249,2418,,Y15402,P
ATLANTIC,4B,NORTH CAROLINA,270,27252,GOLDSTON,50 E GOLDBAR AVE,GOLDSTON,NC,27252,9503,,Y15432,P
ATLANTIC,4B,NORTH CAROLINA,270,27253,GRAHAM,112 S MARSHALL ST,GRAHAM,NC,27253,3074,,Y15439,P
ATLANTIC,4B,NORTH CAROLINA,270,27256,GULF,833 THRIFT RD,GULF,NC,27256,9800,P,Y15481,P
ATLANTIC,4B,NORTH CAROLINA,270,27258,HAW RIVER,105 ROXBORO ST,HAW RIVER,NC,27258,9808,,Y15524,P
ATLANTIC,4B,NORTH CAROLINA,270,27259,HIGHFALLS,1368 NC HIGHWAY 22,HIGHFALLS,NC,27259,9800,P,Y15565,P
ATLANTIC,4B,NORTH CAROLINA,270,27260,HIGH POINT NC S&DC,315 E GREEN DR,HIGH POINT,NC,27260,9908,,020697,4
ATLANTIC,4B,NORTH CAROLINA,270,27261,HIGH POINT NC S&DC,315 E GREEN DR,HIGH POINT,NC,27260,9908,P,020697,4
ATLANTIC,4B,NORTH CAROLINA,270,27262,EMERYWOOD,116 ROCKSPRING RD,HIGH POINT,NC,27262,2598,,Y15259,S
ATLANTIC,4B,NORTH CAROLINA,270,27262,HIGH POINT NC S&DC,315 E GREEN DR,HIGH POINT,NC,27260,9908,,020697,4
ATLANTIC,4B,NORTH CAROLINA,270,27263,ARCHDALE,10193 N MAIN ST,ARCHDALE,NC,27263,3410,,Y14718,B
ATLANTIC,4B,NORTH CAROLINA,270,27263,HIGH POINT NC S&DC,315 E GREEN DR,HIGH POINT,NC,27260,9908,,020697,4
ATLANTIC,4B,NORTH CAROLINA,270,27264,ARCHDALE,10193 N MAIN ST,ARCHDALE,NC,27263,3410,P,Y14718,B
ATLANTIC,4B,NORTH CAROLINA,270,27265,HIGH POINT NC S&DC,315 E GREEN DR,HIGH POINT,NC,27260,9908,,020697,4
ATLANTIC,4B,NORTH CAROLINA,270,27278,HILLSBOROUGH,144 E KING ST,HILLSBOROUGH,NC,27278,2686,,Y15572,P
ATLANTIC,4B,NORTH CAROLINA,270,27281,JACKSON SPRINGS,2411 JACKSON SPRINGS RD,JACKSON SPRINGS,NC,27281,8223,,Y15631,P
ATLANTIC,4B,NORTH CAROLINA,270,27281,WEST END,5161 NC HIGHWAY 211,WEST END,NC,27376,9044,,Y16768,P
ATLANTIC,4B,NORTH CAROLINA,270,27282,JAMESTOWN,203 E MAIN ST,JAMESTOWN,NC,27282,9828,,Y15640,P
ATLANTIC,4B,NORTH CAROLINA,270,27283,LIBERTY,416 W SWANNANOA AVE,LIBERTY,NC,27298,3133,,Y15750,P
ATLANTIC,4B,NORTH CAROLINA,270,27284,KERNERSVILLE,325 W MOUNTAIN ST,KERNERSVILLE,NC,27284,3490,,Y15672,P
ATLANTIC,4B,NORTH CAROLINA,270,27285,KERNERSVILLE,325 W MOUNTAIN ST,KERNERSVILLE,NC,27284,3490,P,Y15672,P
ATLANTIC,4B,NORTH CAROLINA,270,27288,EDEN,332 N PIERCE ST,EDEN,NC,27288,3462,,Y15220,P
ATLANTIC,4B,NORTH CAROLINA,270,27289,EDEN,332 N PIERCE ST,EDEN,NC,27288,3462,P,Y15220,P
ATLANTIC,4B,NORTH CAROLINA,270,27291,LEASBURG,7330 US HIGHWAY 158 E,LEASBURG,NC,27291,9277,,Y15728,P
ATLANTIC,4B,NORTH CAROLINA,270,27291,YANCEYVILLE,146 MAIN ST W,YANCEYVILLE,NC,27379,8780,,Y16863,P
ATLANTIC,4B,NORTH CAROLINA,270,27292,LEXINGTON,716 S MAIN ST,LEXINGTON,NC,27292,9998,,Y15748,P
ATLANTIC,4B,NORTH CAROLINA,270,27293,LEXINGTON,716 S MAIN ST,LEXINGTON,NC,27292,9998,P,Y15748,P
ATLANTIC,4B,NORTH CAROLINA,270,27295,LEXINGTON,716 S MAIN ST,LEXINGTON,NC,27292,9998,,Y15748,P
ATLANTIC,4B,NORTH CAROLINA,270,27298,LIBERTY,416 W SWANNANOA AVE,LIBERTY,NC,27298,3133,,Y15750,P
ATLANTIC,4B,NORTH CAROLINA,270,27299,LINWOOD,4276 OLD LINWOOD RD,LINWOOD,NC,27299,9800,,Y15770,P
ATLANTIC,4B,NORTH CAROLINA,270,27301,MC LEANSVILLE,5711 MCLEANSVILLE RD,MC LEANSVILLE,NC,27301,9998,,Y15873,P
ATLANTIC,4B,NORTH CAROLINA,270,27302,MEBANE,100 VILLAGE DR,MEBANE,NC,27302,9760,,Y15889,P
ATLANTIC,4B,NORTH CAROLINA,270,27305,MILTON,19 BRIDGE ST N,MILTON,NC,27305,9996,,Y15918,P
ATLANTIC,4B,NORTH CAROLINA,270,27305,YANCEYVILLE,146 MAIN ST W,YANCEYVILLE,NC,27379,8780,,Y16863,P
ATLANTIC,4B,NORTH CAROLINA,270,27306,MOUNT GILEAD,106 N SCHOOL ST,MOUNT GILEAD,NC,27306,9270,,Y15955,P
ATLANTIC,4B,NORTH CAROLINA,270,27310,OAK RIDGE,8323 LINVILLE RD,OAK RIDGE,NC,27310,9405,,Y16085,P
ATLANTIC,4B,NORTH CAROLINA,270,27311,PELHAM,6331 OLD US HIGHWAY 29,PELHAM,NC,27311,9210,,Y16147,P
ATLANTIC,4B,NORTH CAROLINA,270,27312,PITTSBORO,916 EAST ST,PITTSBORO,NC,27312,0015,,Y16189,P
ATLANTIC,4B,NORTH CAROLINA,270,27313,PLEASANT GARDEN,4621 PLEASANT GARDEN RD,PLEASANT GARDEN,NC,27313,9528,,Y16194,P
ATLANTIC,4B,NORTH CAROLINA,270,27314,PROSPECT HILL,17 MAIN ST,PROSPECT HILL,NC,27314,9898,,Y16241,P
ATLANTIC,4B,NORTH CAROLINA,270,27315,PELHAM,6331 OLD US HIGHWAY 29,PELHAM,NC,27311,9210,,Y16147,P
ATLANTIC,4B,NORTH CAROLINA,270,27315,PROVIDENCE,48 PARK SPRINGS RD,PROVIDENCE,NC,27315,9581,,Y16244,P
ATLANTIC,4B,NORTH CAROLINA,270,27316,ASHEBORO,1030 S CHURCH ST,ASHEBORO,NC,27203,6499,,Y14728,P
ATLANTIC,4B,NORTH CAROLINA,270,27316,RAMSEUR,1514 MAIN ST,RAMSEUR,NC,27316,8329,,Y16263,P
ATLANTIC,4B,NORTH CAROLINA,270,27317,RANDLEMAN,611 W ACADEMY ST,RANDLEMAN,NC,27317,9719,,Y16264,P
ATLANTIC,4B,NORTH CAROLINA,270,27320,REIDSVILLE,201 PIEDMONT ST,REIDSVILLE,NC,27320,3890,,Y16281,P
ATLANTIC,4B,NORTH CAROLINA,270,27323,REIDSVILLE,201 PIEDMONT ST,REIDSVILLE,NC,27320,3890,P,Y16281,P
ATLANTIC,4B,NORTH CAROLINA,270,27325,ROBBINS,181 N MIDDLETON ST,ROBBINS,NC,27325,8416,,Y16318,P
ATLANTIC,4B,NORTH CAROLINA,270,27326,PELHAM,6331 OLD US HIGHWAY 29,PELHAM,NC,27311,9210,,Y16147,P
ATLANTIC,4B,NORTH CAROLINA,270,27326,RUFFIN,9682 US HIGHWAY 29 BUSINESS,RUFFIN,NC,27326,9453,,Y16355,P
ATLANTIC,4B,NORTH CAROLINA,270,27330,SANFORD,1200 S HORNER BLVD,SANFORD,NC,27330,9998,,Y16384,P
ATLANTIC,4B,NORTH CAROLINA,270,27331,SANFORD,1200 S HORNER BLVD,SANFORD,NC,27330,9998,P,Y16384,P
ATLANTIC,4B,NORTH CAROLINA,270,27332,SANFORD,1200 S HORNER BLVD,SANFORD,NC,27330,9998,,Y16384,P
ATLANTIC,4B,NORTH CAROLINA,270,27340,SAXAPAHAW,1612 JORDAN DR,SAXAPAHAW,NC,27340,9800,P,Y16389,P
ATLANTIC,4B,NORTH CAROLINA,270,27341,ROBBINS,181 N MIDDLETON ST,ROBBINS,NC,27325,8416,,Y16318,P
ATLANTIC,4B,NORTH CAROLINA,270,27341,SEAGROVE,231 N BROAD ST,SEAGROVE,NC,27341,9200,,Y16401,P
ATLANTIC,4B,NORTH CAROLINA,270,27342,SEDALIA,6147 BURLINGTON RD,SEDALIA,NC,27342,9900,P,Y16404,P
ATLANTIC,4B,NORTH CAROLINA,270,27343,SEMORA,14757 NC HIGHWAY 119 N,SEMORA,NC,27343,9515,,Y16409,P
ATLANTIC,4B,NORTH CAROLINA,270,27343,YANCEYVILLE,146 MAIN ST W,YANCEYVILLE,NC,27379,8780,,Y16863,P
ATLANTIC,4B,NORTH CAROLINA,270,27344,SILER CITY,116 E RALEIGH ST,SILER CITY,NC,27344,9907,,Y16442,P
ATLANTIC,4B,NORTH CAROLINA,270,27349,SNOW CAMP,130 W GREENSBORO CHAPEL HILL RD,SNOW CAMP,NC,27349,9262,,Y16458,P
ATLANTIC,4B,NORTH CAROLINA,270,27350,RANDLEMAN,611 W ACADEMY ST,RANDLEMAN,NC,27317,9719,,Y16264,P
ATLANTIC,4B,NORTH CAROLINA,270,27350,SOPHIA,5814 US HIGHWAY 311,SOPHIA,NC,27350,8997,,Y16463,P
ATLANTIC,4B,NORTH CAROLINA,270,27351,SOUTHMONT,10584 NC HIGHWAY 8 S,SOUTHMONT,NC,27351,9998,P,Y16479,P
ATLANTIC,4B,NORTH CAROLINA,270,27355,LIBERTY,416 W SWANNANOA AVE,LIBERTY,NC,27298,3133,,Y15750,P
ATLANTIC,4B,NORTH CAROLINA,270,27355,STALEY,229 W FRANKLINVILLE ST,STALEY,NC,27355,8348,,Y16509,P
ATLANTIC,4B,NORTH CAROLINA,270,27356,STAR,202 S MAIN ST,STAR,NC,27356,7720,,Y16517,P
ATLANTIC,4B,NORTH CAROLINA,270,27357,STOKESDALE,8210 US HIGHWAY 158,STOKESDALE,NC,27357,9245,,Y16534,P
ATLANTIC,4B,NORTH CAROLINA,270,27358,SUMMERFIELD,7412 SUMMERFIELD RD,SUMMERFIELD,NC,27358,9160,,Y16555,P
ATLANTIC,4B,NORTH CAROLINA,270,27359,GRAHAM,112 S MARSHALL ST,GRAHAM,NC,27253,3074,P,Y15439,P
ATLANTIC,4B,NORTH CAROLINA,270,27360,THOMASVILLE,101 W MAIN ST,THOMASVILLE,NC,27360,3967,,Y16609,P
ATLANTIC,4B,NORTH CAROLINA,270,27361,THOMASVILLE,101 W MAIN ST,THOMASVILLE,NC,27360,3967,P,Y16609,P
ATLANTIC,4B,NORTH CAROLINA,270,27370,TRINITY,7259 NC HIGHWAY 62,TRINITY,NC,27370,8675,,Y16638,P
ATLANTIC,4B,NORTH CAROLINA,270,27371,TROY,601 N MAIN ST,TROY,NC,27371,2745,,Y16641,P
ATLANTIC,4B,NORTH CAROLINA,270,27373,WALLBURG,8590 N NC HIGHWAY 109,WALLBURG,NC,27373,9997,P,Y16718,P
ATLANTIC,4B,NORTH CAROLINA,270,27374,WELCOME,6325 OLD US HIGHWAY 52,WELCOME,NC,27374,9800,P,Y16758,P
ATLANTIC,4B,NORTH CAROLINA,270,27375,WENTWORTH,200 COUNTY HOME RD,WENTWORTH,NC,27375,9998,P,Y16762,P
ATLANTIC,4B,NORTH CAROLINA,270,27376,WEST END,5161 NC HIGHWAY 211,WEST END,NC,27376,9044,,Y16768,P
ATLANTIC,4B,NORTH CAROLINA,270,27377,WHITSETT,1001 NC HIGHWAY 61,WHITSETT,NC,27377,9125,,Y16801,P
ATLANTIC,4B,NORTH CAROLINA,270,27379,YANCEYVILLE,146 MAIN ST W,YANCEYVILLE,NC,27379,8780,,Y16863,P
ATLANTIC,4B,NORTH CAROLINA,270,27401,GREENSBORO NC DOWNTOWN SDC,201 N MURROW BLVD,GREENSBORO,NC,27401,9800,,021597,4
ATLANTIC,4B,NORTH CAROLINA,270,27402,GREENSBORO NC DOWNTOWN SDC,201 N MURROW BLVD,GREENSBORO,NC,27401,9800,P,021597,4
ATLANTIC,4B,NORTH CAROLINA,270,27403,GREENSBORO NC DOWNTOWN SDC,201 N MURROW BLVD,GREENSBORO,NC,27401,9800,,021597,4
ATLANTIC,4B,NORTH CAROLINA,270,27404,FRIENDLY,3116 NORTHLINE AVE,GREENSBORO,NC,27408,9800,P,020567,S
ATLANTIC,4B,NORTH CAROLINA,270,27405,SUMMIT,1585 YANCEYVILLE ST,GREENSBORO,NC,27405,6940,,Y16558,S
ATLANTIC,4B,NORTH CAROLINA,270,27406,SPRING VALLEY,2300 SOABAR ST,GREENSBORO,NC,27406,3650,,Y16500,S
ATLANTIC,4B,NORTH CAROLINA,270,27407,WESTSIDE ANNEX,4528 W MARKET ST,GREENSBORO,NC,27407,1286,,Y18689,4
ATLANTIC,4B,NORTH CAROLINA,270,27408,GREENSBORO NC DOWNTOWN SDC,201 N MURROW BLVD,GREENSBORO,NC,27401,9800,,021597,4
ATLANTIC,4B,NORTH CAROLINA,270,27409,PLEASANT RIDGE ANNEX,1120 PLEASANT RIDGE RD,GREENSBORO,NC,27498,9708,,020207,4
ATLANTIC,4B,NORTH CAROLINA,270,27410,WESTSIDE ANNEX,4528 W MARKET ST,GREENSBORO,NC,27407,1286,,Y18689,4
ATLANTIC,4B,NORTH CAROLINA,270,27415,SUMMIT,1585 YANCEYVILLE ST,GREENSBORO,NC,27405,6940,P,Y16558,S
ATLANTIC,4B,NORTH CAROLINA,270,27416,SPRING VALLEY,2300 SOABAR ST,GREENSBORO,NC,27406,3650,P,Y16500,S
ATLANTIC,4B,NORTH CAROLINA,270,27417,HILLTOP FINANCE,4615 W GATE CITY BLVD,GREENSBORO,NC,27407,0100,P,Y15576,S
ATLANTIC,4B,NORTH CAROLINA,270,27419,GUILFORD,5704 W MARKET ST,GREENSBORO,NC,27409,2213,P,Y15478,S
ATLANTIC,4B,NORTH CAROLINA,270,27420,GREENSBORO NC DOWNTOWN SDC,201 N MURROW BLVD,GREENSBORO,NC,27401,9800,P,021597,4
ATLANTIC,4B,NORTH CAROLINA,270,27425,GUILFORD,5704 W MARKET ST,GREENSBORO,NC,27409,2213,P,Y15478,S
ATLANTIC,4B,NORTH CAROLINA,270,27427,FOUR SEASONS,301 FOUR SEASONS TOWN CTR,GREENSBORO,NC,27407,4710,P,Y15356,S
ATLANTIC,4B,NORTH CAROLINA,270,27429,GREENSBORO NC DOWNTOWN SDC,201 N MURROW BLVD,GREENSBORO,NC,27401,9800,P,021597,4
ATLANTIC,4B,NORTH CAROLINA,270,27435,GREENSBORO NC DOWNTOWN SDC,201 N MURROW BLVD,GREENSBORO,NC,27401,9800,P,021597,4
ATLANTIC,4B,NORTH CAROLINA,270,27438,BATTLEGROUND,2941 BATTLEGROUND AVE,GREENSBORO,NC,27408,2700,P,Y14789,S
ATLANTIC,4B,NORTH CAROLINA,270,27455,GREENSBORO NC DOWNTOWN SDC,201 N MURROW BLVD,GREENSBORO,NC,27401,9800,,021597,4
ATLANTIC,4B,NORTH CAROLINA,270,27501,ANGIER,31 W DUPREE ST,ANGIER,NC,27501,9998,,Y14705,P
ATLANTIC,4B,NORTH CAROLINA,270,27502,APEX,501 W WILLIAMS ST,APEX,NC,27502,9998,,Y14709,P
ATLANTIC,4B,NORTH CAROLINA,270,27503,ROUGEMONT,12311 ROXBORO RD,ROUGEMONT,NC,27572,9998,,Y16346,P
ATLANTIC,4B,NORTH CAROLINA,270,27504,BENSON,402 S MARKET ST,BENSON,NC,27504,9998,,Y14812,P
ATLANTIC,4B,NORTH CAROLINA,270,27505,BROADWAY,101 S MAIN ST,BROADWAY,NC,27505,9998,,Y14888,P
ATLANTIC,4B,NORTH CAROLINA,270,27506,BUIES CREEK,254 MAIN ST,BUIES CREEK,NC,27506,9998,P,Y14905,P
ATLANTIC,4B,NORTH CAROLINA,270,27507,BULLOCK,8682 US HIGHWAY 15,BULLOCK,NC,27507,9998,,Y14906,P
ATLANTIC,4B,NORTH CAROLINA,270,27508,BUNN,313 MAIN ST,BUNN,NC,27508,9998,,Y14907,P
ATLANTIC,4B,NORTH CAROLINA,270,27509,BUTNER,331 CENTRAL AVE,BUTNER,NC,27509,9998,,Y14923,P
ATLANTIC,4B,NORTH CAROLINA,270,27510,CARRBORO,1500 W MAIN ST,CARRBORO,NC,27510,5514,,Y14960,P
ATLANTIC,4B,NORTH CAROLINA,270,27511,CARY NC SDC,150 WRENN DR,CARY,NC,27511,9700,,021491,4
ATLANTIC,4B,NORTH CAROLINA,270,27512,CARY NC SDC,150 WRENN DR,CARY,NC,27511,9700,P,021491,4
ATLANTIC,4B,NORTH CAROLINA,270,27513,CARY NC SDC,150 WRENN DR,CARY,NC,27511,9700,,021491,4
ATLANTIC,4B,NORTH CAROLINA,270,27514,CHAPEL HILL,125 S ESTES DR,CHAPEL HILL,NC,27514,9998,,Y14990,P
ATLANTIC,4B,NORTH CAROLINA,270,27514,FRANKLIN STREET,179 E FRANKLIN ST,CHAPEL HILL,NC,27514,3647,,Y15363,S
ATLANTIC,4B,NORTH CAROLINA,270,27515,CHAPEL HILL,125 S ESTES DR,CHAPEL HILL,NC,27514,9998,P,Y14990,P
ATLANTIC,4B,NORTH CAROLINA,270,27516,CARRBORO,1500 W MAIN ST,CARRBORO,NC,27510,5514,,Y14960,P
ATLANTIC,4B,NORTH CAROLINA,270,27516,TIMBERLYNE,1129 WEAVER DAIRY RD STE T,CHAPEL HILL,NC,27514,9993,,Y16616,S
ATLANTIC,4B,NORTH CAROLINA,270,27517,CHAPEL HILL,125 S ESTES DR,CHAPEL HILL,NC,27514,9998,,Y14990,P
ATLANTIC,4B,NORTH CAROLINA,270,27518,CARY NC SDC,150 WRENN DR,CARY,NC,27511,9700,,021491,4
ATLANTIC,4B,NORTH CAROLINA,270,27519,ACADEMY ST,205 S ACADEMY ST,CARY,NC,27519,9998,,Y14678,S
ATLANTIC,4B,NORTH CAROLINA,270,27519,CARY NC SDC,150 WRENN DR,CARY,NC,27511,9700,,021491,4
ATLANTIC,4B,NORTH CAROLINA,270,27520,CLAYTON,604 E FRONT ST,CLAYTON,NC,27520,9998,,Y15020,P
ATLANTIC,4B,NORTH CAROLINA,270,27521,COATS,43 W MAIN ST,COATS,NC,27521,9998,,Y15035,P
ATLANTIC,4B,NORTH CAROLINA,270,27522,CREEDMOOR,2157 WILTON AVE,CREEDMOOR,NC,27522,9998,,Y15091,P
ATLANTIC,4B,NORTH CAROLINA,270,27523,APEX,501 W WILLIAMS ST,APEX,NC,27502,9998,,Y14709,P
ATLANTIC,4B,NORTH CAROLINA,270,27524,FOUR OAKS,107 N RAILROAD ST,FOUR OAKS,NC,27524,9998,,Y15355,P
ATLANTIC,4B,NORTH CAROLINA,270,27525,FRANKLINTON,320 S MAIN ST,FRANKLINTON,NC,27525,9998,,Y15364,P
ATLANTIC,4B,NORTH CAROLINA,270,27526,FUQUAY VARINA,131 N JUDD PKWY NE,FUQUAY VARINA,NC,27526,2368,,Y15379,P
ATLANTIC,4B,NORTH CAROLINA,270,27527,CLAYTON,604 E FRONT ST,CLAYTON,NC,27520,9998,,Y15020,P
ATLANTIC,4B,NORTH CAROLINA,270,27528,CLAYTON,604 E FRONT ST,CLAYTON,NC,27520,9998,,Y15020,P
ATLANTIC,4B,NORTH CAROLINA,270,27529,GARNER,267 TIMBER DR,GARNER,NC,27529,9998,,Y15388,P
ATLANTIC,4B,NORTH CAROLINA,270,27530,GOLDSBORO,200 N WILLIAM ST,GOLDSBORO,NC,27530,9998,,Y15430,P
ATLANTIC,4B,NORTH CAROLINA,270,27532,BERKELEY,3100 CASHWELL DR,GOLDSBORO,NC,27534,9998,P,Y14814,S
ATLANTIC,4B,NORTH CAROLINA,270,27533,GOLDSBORO,200 N WILLIAM ST,GOLDSBORO,NC,27530,9998,P,Y15430,P
ATLANTIC,4B,NORTH CAROLINA,270,27534,BERKELEY,3100 CASHWELL DR,GOLDSBORO,NC,27534,9998,,Y14814,S
ATLANTIC,4B,NORTH CAROLINA,270,27536,HENDERSON,905 S GARNETT ST,HENDERSON,NC,27536,9998,,Y15541,P
ATLANTIC,4B,NORTH CAROLINA,270,27537,HENDERSON,905 S GARNETT ST,HENDERSON,NC,27536,9998,,Y15541,P
ATLANTIC,4B,NORTH CAROLINA,270,27539,APEX ANNEX,112 3RD ST STE A,HOLLY SPRINGS,NC,27540,2102,,019066,4
ATLANTIC,4B,NORTH CAROLINA,270,27540,FUQUAY VARINA,131 N JUDD PKWY NE,FUQUAY VARINA,NC,27526,2368,,Y15379,P
ATLANTIC,4B,NORTH CAROLINA,270,27540,HOLLY SPRINGS,112 3RD ST,HOLLY SPRINGS,NC,27540,9998,,Y15591,P
ATLANTIC,4B,NORTH CAROLINA,270,27541,HURDLE MILLS,9581 HURDLE MILLS RD,HURDLE MILLS,NC,27541,9998,,Y15607,P
ATLANTIC,4B,NORTH CAROLINA,270,27541,TIMBERLAKE,545 HELENA MORIAH RD,TIMBERLAKE,NC,27583,9998,,Y16615,P
ATLANTIC,4B,NORTH CAROLINA,270,27542,KENLY,102 N GARDNER AVE,KENLY,NC,27542,9998,,Y15669,P
ATLANTIC,4B,NORTH CAROLINA,270,27543,KIPLING,34 NEILL SMITH RD,KIPLING,NC,27543,9998,P,Y15688,P
ATLANTIC,4B,NORTH CAROLINA,270,27544,KITTRELL,1400 US HIGHWAY 1 S,KITTRELL,NC,27544,9998,,Y15689,P
ATLANTIC,4B,NORTH CAROLINA,270,27545,KNIGHTDALE,1003 MULFORD CT,KNIGHTDALE,NC,27545,9998,,Y15691,P
ATLANTIC,4B,NORTH CAROLINA,270,27546,LILLINGTON,901 S 8TH ST,LILLINGTON,NC,27546,9998,,Y15755,P
ATLANTIC,4B,NORTH CAROLINA,270,27549,LOUISBURG,125 N MAIN ST,LOUISBURG,NC,27549,9998,,Y15795,P
ATLANTIC,4B,NORTH CAROLINA,270,27549,LOUISBURG CARRIER ANNEX,497 RETAIL WAY,LOUISBURG,NC,27549,9916,,020570,4
ATLANTIC,4B,NORTH CAROLINA,270,27551,MACON,1608 US HIGHWAY 158 E,MACON,NC,27551,9998,,Y15816,P
ATLANTIC,4B,NORTH CAROLINA,270,27551,WARRENTON,143 N MAIN ST,WARRENTON,NC,27589,9998,,Y16732,P
ATLANTIC,4B,NORTH CAROLINA,270,27552,MAMERS,61 MAMERS RD,MAMERS,NC,27552,9998,P,Y15824,P
ATLANTIC,4B,NORTH CAROLINA,270,27553,MANSON,1402 US HIGHWAY 1 S,MANSON,NC,27553,9998,,Y15828,P
ATLANTIC,4B,NORTH CAROLINA,270,27553,NORLINA,306 LIBERTY ST,NORLINA,NC,27563,9998,,Y16045,P
ATLANTIC,4B,NORTH CAROLINA,270,27555,MICRO,101 S RAILROAD ST,MICRO,NC,27555,9998,P,Y15899,P
ATLANTIC,4B,NORTH CAROLINA,270,27556,MIDDLEBURG,69 N HAWKINS AVE,MIDDLEBURG,NC,27556,9998,P,Y15900,P
ATLANTIC,4B,NORTH CAROLINA,270,27557,MIDDLESEX,10286 S NASH ST,MIDDLESEX,NC,27557,9998,,Y15901,P
ATLANTIC,4B,NORTH CAROLINA,270,27559,MONCURE,213 POST OFFICE RD,MONCURE,NC,27559,9998,,Y15929,P
ATLANTIC,4B,NORTH CAROLINA,270,27560,MORRISVILLE,10520 CHAPEL HILL RD,MORRISVILLE,NC,27560,9998,,Y15951,P
ATLANTIC,4B,NORTH CAROLINA,270,27562,NEW HILL,3525 OLD US 1 HWY,NEW HILL,NC,27562,9998,,Y16025,P
ATLANTIC,4B,NORTH CAROLINA,270,27563,NORLINA,306 LIBERTY ST,NORLINA,NC,27563,9998,,Y16045,P
ATLANTIC,4B,NORTH CAROLINA,270,27565,OXFORD,144 MAIN ST,OXFORD,NC,27565,9998,,Y16121,P
ATLANTIC,4B,NORTH CAROLINA,270,27568,PINE LEVEL,2180 US HIGHWAY 70A E,SELMA,NC,27576,9880,P,Y16171,P
ATLANTIC,4B,NORTH CAROLINA,270,27569,PRINCETON,107 W EDWARDS ST,PRINCETON,NC,27569,9998,,Y16235,P
ATLANTIC,4B,NORTH CAROLINA,270,27570,RIDGEWAY,686 US HIGHWAY 1 S,RIDGEWAY,NC,27570,9998,P,Y16305,P
ATLANTIC,4B,NORTH CAROLINA,270,27571,ROLESVILLE,6470 ROGERS RD,ROLESVILLE,NC,27571,9998,,Y16337,P
ATLANTIC,4B,NORTH CAROLINA,270,27572,ROUGEMONT,12311 ROXBORO RD,ROUGEMONT,NC,27572,9998,,Y16346,P
ATLANTIC,4B,NORTH CAROLINA,270,27573,ROXBORO,223 S MAIN ST,ROXBORO,NC,27573,9998,,Y16349,P
ATLANTIC,4B,NORTH CAROLINA,270,27574,ROXBORO,223 S MAIN ST,ROXBORO,NC,27573,9998,,Y16349,P
ATLANTIC,4B,NORTH CAROLINA,270,27576,SELMA,308 N RAIFORD ST,SELMA,NC,27576,9998,,Y16408,P
ATLANTIC,4B,NORTH CAROLINA,270,27577,SMITHFIELD,201 N 3RD ST,SMITHFIELD,NC,27577,9998,,Y16452,P
ATLANTIC,4B,NORTH CAROLINA,270,27581,STEM,104 E TALLY HO RD,STEM,NC,27581,9998,,Y16531,P
ATLANTIC,4B,NORTH CAROLINA,270,27582,STOVALL,102 MAIN ST,STOVALL,NC,27582,9998,P,Y16546,P
ATLANTIC,4B,NORTH CAROLINA,270,27583,TIMBERLAKE,545 HELENA MORIAH RD,TIMBERLAKE,NC,27583,9998,,Y16615,P
ATLANTIC,4B,NORTH CAROLINA,270,27584,TOWNSVILLE,12525 NC HIGHWAY 39 N,TOWNSVILLE,NC,27584,9998,P,Y16631,P
ATLANTIC,4B,NORTH CAROLINA,270,27586,MACON,1608 US HIGHWAY 158 E,MACON,NC,27551,9998,P,Y15816,P
ATLANTIC,4B,NORTH CAROLINA,270,27587,WAKE FOREST,224 E HOLDING AVE,WAKE FOREST,NC,27587,9998,,Y16714,P
ATLANTIC,4B,NORTH CAROLINA,270,27588,WAKE FOREST,224 E HOLDING AVE,WAKE FOREST,NC,27587,9998,P,Y16714,P
ATLANTIC,4B,NORTH CAROLINA,270,27589,WARRENTON,143 N MAIN ST,WARRENTON,NC,27589,9998,,Y16732,P
ATLANTIC,4B,NORTH CAROLINA,270,27591,WENDELL,40 HANOR LN,WENDELL,NC,27591,9998,,Y16761,P
ATLANTIC,4B,NORTH CAROLINA,270,27592,WILLOW SPRING,6805 DWIGHT ROWLAND RD,WILLOW SPRING,NC,27592,9998,,Y16816,P
ATLANTIC,4B,NORTH CAROLINA,270,27593,WILSONS MILLS,71 FIRE DEPARTMENT RD,WILSONS MILLS,NC,27593,9998,P,Y16823,P
ATLANTIC,4B,NORTH CAROLINA,270,27594,WISE,1728 US 1 HWY N,WISE,NC,27594,9998,P,Y16840,P
ATLANTIC,4B,NORTH CAROLINA,270,27596,YOUNGSVILLE,112 E PERSIMMON ST,YOUNGSVILLE,NC,27596,0810,,Y16867,P
ATLANTIC,4B,NORTH CAROLINA,270,27597,ZEBULON,139 E VANCE ST,ZEBULON,NC,27597,9998,,Y16868,P
ATLANTIC,4B,NORTH CAROLINA,270,27601,SUNNYBROOK,236 SUNNYBROOK RD,RALEIGH,NC,27610,9998,,Y16562,S
ATLANTIC,4B,NORTH CAROLINA,270,27602,CENTURY,300 FAYETTEVILLE ST,RALEIGH,NC,27601,9995,P,Y14986,S
ATLANTIC,4B,NORTH CAROLINA,270,27603,AVENT FERRY RALEIGH,2100 LAKE DAM RD,RALEIGH,NC,27606,9981,,015145,S
ATLANTIC,4B,NORTH CAROLINA,270,27604,BRENTWOOD,2777 BRENTWOOD RD,RALEIGH,NC,27604,9998,,Y14881,S
ATLANTIC,4B,NORTH CAROLINA,270,27605,CAPITOL,311 NEW BERN AVE,RALEIGH,NC,27601,1417,,Y18436,S
ATLANTIC,4B,NORTH CAROLINA,270,27605,OBERLIN VILLAGE,806 OBERLIN RD,RALEIGH,NC,27605,1131,,019061,S
ATLANTIC,4B,NORTH CAROLINA,270,27606,AVENT FERRY RALEIGH,2100 LAKE DAM RD,RALEIGH,NC,27606,9981,,015145,S
ATLANTIC,4B,NORTH CAROLINA,270,27607,AVENT FERRY RALEIGH,2100 LAKE DAM RD,RALEIGH,NC,27606,9981,,015145,S
ATLANTIC,4B,NORTH CAROLINA,270,27608,CAPITOL,311 NEW BERN AVE,RALEIGH,NC,27601,1417,,Y18436,S
ATLANTIC,4B,NORTH CAROLINA,270,27609,NORTH RIDGE,7800 FALLS OF NEUSE RD,RALEIGH,NC,27615,9998,,Y16061,S
ATLANTIC,4B,NORTH CAROLINA,270,27610,SUNNYBROOK,236 SUNNYBROOK RD,RALEIGH,NC,27610,9998,,Y16562,S
ATLANTIC,4B,NORTH CAROLINA,270,27611,CAPITOL,311 NEW BERN AVE,RALEIGH,NC,27601,1417,P,Y18436,S
ATLANTIC,4B,NORTH CAROLINA,270,27612,WESTGATE,1 FLORETTA PL RM 208,RALEIGH,NC,27676,9902,,Y18387,B
ATLANTIC,4B,NORTH CAROLINA,270,27612,HILBURN ANNEX,6508 HILBURN DR,RALEIGH,NC,27613,1907,,Y18442,4
ATLANTIC,4B,NORTH CAROLINA,270,27613,HILBURN ANNEX,6508 HILBURN DR,RALEIGH,NC,27613,1907,,Y18442,4
ATLANTIC,4B,NORTH CAROLINA,270,27614,NORTH RIDGE,7800 FALLS OF NEUSE RD,RALEIGH,NC,27615,9998,,Y16061,S
ATLANTIC,4B,NORTH CAROLINA,270,27615,NORTH RIDGE,7800 FALLS OF NEUSE RD,RALEIGH,NC,27615,9998,,Y16061,S
ATLANTIC,4B,NORTH CAROLINA,270,27616,BRENTWOOD,2777 BRENTWOOD RD,RALEIGH,NC,27604,9998,,Y14881,S
ATLANTIC,4B,NORTH CAROLINA,270,27617,WESTGATE,1 FLORETTA PL RM 208,RALEIGH,NC,27676,9902,,Y18387,B
ATLANTIC,4B,NORTH CAROLINA,270,27619,NORTH HILLS,3016 WAKE FOREST RD,RALEIGH,NC,27609,9800,P,020566,S
ATLANTIC,4B,NORTH CAROLINA,270,27620,SUNNYBROOK,236 SUNNYBROOK RD,RALEIGH,NC,27610,9998,P,Y16562,S
ATLANTIC,4B,NORTH CAROLINA,270,27622,NORTH HILLS,3016 WAKE FOREST RD,RALEIGH,NC,27609,9800,P,020566,S
ATLANTIC,4B,NORTH CAROLINA,270,27623,WESTGATE,1 FLORETTA PL RM 208,RALEIGH,NC,27676,9902,P,Y18387,B
ATLANTIC,4B,NORTH CAROLINA,270,27624,NORTH RIDGE,7800 FALLS OF NEUSE RD,RALEIGH,NC,27615,9998,P,Y16061,S
ATLANTIC,4B,NORTH CAROLINA,270,27626,CAPITOL,311 NEW BERN AVE,RALEIGH,NC,27601,1417,P,Y18436,S
ATLANTIC,4B,NORTH CAROLINA,270,27627,AVENT FERRY RALEIGH,2100 LAKE DAM RD,RALEIGH,NC,27606,9981,P,015145,S
ATLANTIC,4B,NORTH CAROLINA,270,27628,FIVE POINTS,2009 FAIRVIEW RD,RALEIGH,NC,27628,9800,P,Y15325,S
ATLANTIC,4B,NORTH CAROLINA,270,27629,BRENTWOOD,2777 BRENTWOOD RD,RALEIGH,NC,27604,9998,P,Y14881,S
ATLANTIC,4B,NORTH CAROLINA,270,27636,METHOD,3919 BERYL RD,RALEIGH,NC,27607,9996,P,Y15893,S
ATLANTIC,4B,NORTH CAROLINA,270,27650,OBERLIN VILLAGE,806 OBERLIN RD,RALEIGH,NC,27605,1131,P,019061,S
ATLANTIC,4B,NORTH CAROLINA,270,27658,MILLBROOK,4901 DEPARTURE DR,RALEIGH,NC,27616,9997,P,Y15912,S
ATLANTIC,4B,NORTH CAROLINA,270,27661,NEUSE,6320 CAPITAL BLVD STE 120,RALEIGH,NC,27616,3017,P,Y16019,B
ATLANTIC,4B,NORTH CAROLINA,270,27675,WESTGATE,1 FLORETTA PL RM 208,RALEIGH,NC,27676,9902,P,Y18387,B
ATLANTIC,4B,NORTH CAROLINA,270,27701,EAST DURHAM,1100 N MIAMI BLVD,DURHAM,NC,27703,9998,,Y15201,S
ATLANTIC,4B,NORTH CAROLINA,270,27702,DURHAM,323 E CHAPEL HILL ST,DURHAM,NC,27701,9998,P,Y15179,P
ATLANTIC,4B,NORTH CAROLINA,270,27703,EAST DURHAM,1100 N MIAMI BLVD,DURHAM,NC,27703,9998,,Y15201,S
ATLANTIC,4B,NORTH CAROLINA,270,27704,ENO VALLEY,311 MILTON RD,DURHAM,NC,27712,9998,,Y15266,S
ATLANTIC,4B,NORTH CAROLINA,270,27704,NORTH DURHAM,3500 N ROXBORO ST STE 30,DURHAM,NC,27704,2765,,Y16056,S
ATLANTIC,4B,NORTH CAROLINA,270,27705,WEST DURHAM,3520 KANGAROO DR,DURHAM,NC,27705,4595,,Y16767,S
ATLANTIC,4B,NORTH CAROLINA,270,27707,SHANNON PLAZA,3710 SHANNON RD,DURHAM,NC,27707,9996,,Y16425,S
ATLANTIC,4B,NORTH CAROLINA,270,27707,CPU SHEPARD STATION,1801 FAYETTEVILLE ST,DURHAM,NC,27707,3198,,Y16432,5
ATLANTIC,4B,NORTH CAROLINA,270,27709,RESEARCH TRIANGLE PARK,65 TW ALEXANDER DR,DURHAM,NC,27709,0962,P,Y16288,B
ATLANTIC,4B,NORTH CAROLINA,270,27712,ENO VALLEY,311 MILTON RD,DURHAM,NC,27712,9998,,Y15266,S
ATLANTIC,4B,NORTH CAROLINA,270,27713,RESEARCH TRIANGLE PARK,65 TW ALEXANDER DR,DURHAM,NC,27709,0962,,Y16288,B
ATLANTIC,4B,NORTH CAROLINA,270,27715,WEST DURHAM,3520 KANGAROO DR,DURHAM,NC,27705,4595,P,Y16767,S
ATLANTIC,4B,NORTH CAROLINA,270,27717,SHANNON PLAZA,3710 SHANNON RD,DURHAM,NC,27707,9996,P,Y16425,S
ATLANTIC,4B,NORTH CAROLINA,270,27722,ENO VALLEY,311 MILTON RD,DURHAM,NC,27712,9998,P,Y15266,S
ATLANTIC,4B,NORTH CAROLINA,270,27801,ROCKY MOUNT ANNEX,2451 POSTAL DR,ROCKY MOUNT,NC,27804,9996,,Y18473,4
ATLANTIC,4B,NORTH CAROLINA,270,27802,ROCKY MOUNT,327 E RALEIGH BLVD,ROCKY MOUNT,NC,27801,9998,P,Y16331,P
ATLANTIC,4B,NORTH CAROLINA,270,27803,ROCKY MOUNT,327 E RALEIGH BLVD,ROCKY MOUNT,NC,27801,9998,,Y16331,P
ATLANTIC,4B,NORTH CAROLINA,270,27803,ROCKY MOUNT ANNEX,2451 POSTAL DR,ROCKY MOUNT,NC,27804,9996,,Y18473,4
ATLANTIC,4B,NORTH CAROLINA,270,27804,WESTRIDGE,3695 SUNSET AVE,ROCKY MOUNT,NC,27804,9995,,Y16783,S
ATLANTIC,4B,NORTH CAROLINA,270,27804,ROCKY MOUNT ANNEX,2451 POSTAL DR,ROCKY MOUNT,NC,27804,9996,,Y18473,4
ATLANTIC,4B,NORTH CAROLINA,270,27805,AULANDER,107 W MAIN ST,AULANDER,NC,27805,9998,,Y14741,P
ATLANTIC,4B,NORTH CAROLINA,270,27806,AURORA,186 N 5TH ST,AURORA,NC,27806,9998,,Y14742,P
ATLANTIC,4B,NORTH CAROLINA,270,27807,BAILEY,6171 DEANS ST,BAILEY,NC,27807,9998,,Y14759,P
ATLANTIC,4B,NORTH CAROLINA,270,27808,BATH,415 CARTERET ST,BATH,NC,27808,9998,,Y14786,P
ATLANTIC,4B,NORTH CAROLINA,270,27809,BATTLEBORO,241 W BATTLEBORO AVE,BATTLEBORO,NC,27809,9659,,Y14788,P
ATLANTIC,4B,NORTH CAROLINA,270,27810,BELHAVEN,614 W OLD COUNTY RD,BELHAVEN,NC,27810,9998,,Y14804,P
ATLANTIC,4B,NORTH CAROLINA,270,27811,BELLARTHUR,2643B FIREHOUSE RD,BELLARTHUR,NC,27811,9998,P,Y14805,P
ATLANTIC,4B,NORTH CAROLINA,270,27812,BETHEL,3858 EAST ST,BETHEL,NC,27812,9998,,Y14822,P
ATLANTIC,4B,NORTH CAROLINA,270,27813,BLACK CREEK,101 CENTRAL AVE,BLACK CREEK,NC,27813,9998,P,Y14835,P
ATLANTIC,4B,NORTH CAROLINA,270,27814,BLOUNTS CREEK,13746 NC HIGHWAY 33 E,BLOUNTS CREEK,NC,27814,9206,,Y14848,P
ATLANTIC,4B,NORTH CAROLINA,270,27816,CASTALIA,9512 MAIN ST,CASTALIA,NC,27816,9560,,Y14966,P
ATLANTIC,4B,NORTH CAROLINA,270,27817,CHOCOWINITY,100 PATRICK LN,CHOCOWINITY,NC,27817,9998,,Y15014,P
ATLANTIC,4B,NORTH CAROLINA,270,27818,COMO,1226 US HIGHWAY 258 N,COMO,NC,27818,9998,,Y15053,P
ATLANTIC,4B,NORTH CAROLINA,270,27818,MURFREESBORO,115 N WYNN ST,MURFREESBORO,NC,27855,9998,,Y15987,P
ATLANTIC,4B,NORTH CAROLINA,270,27819,CONETOE,206 W CHURCH ST,CONETOE,NC,27819,9700,P,Y15055,P
ATLANTIC,4B,NORTH CAROLINA,270,27820,CONWAY,205 S CHURCH ST,CONWAY,NC,27820,9509,,Y15060,P
ATLANTIC,4B,NORTH CAROLINA,270,27821,EDWARD,19160 NC HIGHWAY 33 E,EDWARD,NC,27821,9998,,Y15226,P
ATLANTIC,4B,NORTH CAROLINA,270,27822,ELM CITY,409 W MAIN ST,ELM CITY,NC,27822,9998,,Y15250,P
ATLANTIC,4B,NORTH CAROLINA,270,27823,ENFIELD,114 S DENNIS ST,ENFIELD,NC,27823,9998,,Y15261,P
ATLANTIC,4B,NORTH CAROLINA,270,27824,ENGELHARD,34668 US HIGHWAY 264,ENGELHARD,NC,27824,9998,,Y15262,P
ATLANTIC,4B,NORTH CAROLINA,270,27825,EVERETTS,106 N BROAD ST,EVERETTS,NC,27825,9998,P,Y15283,P
ATLANTIC,4B,NORTH CAROLINA,270,27826,ENGELHARD,34668 US HIGHWAY 264,ENGELHARD,NC,27824,9998,,Y15262,P
ATLANTIC,4B,NORTH CAROLINA,270,27826,FAIRFIELD,7089 NC HIGHWAY 94,FAIRFIELD,NC,27826,9998,,Y15287,P
ATLANTIC,4B,NORTH CAROLINA,270,27827,FALKLAND,6063 NC HIGHWAY 43 N,FALKLAND,NC,27827,9700,P,Y15296,P
ATLANTIC,4B,NORTH CAROLINA,270,27828,FARMVILLE,3703 N MAIN ST,FARMVILLE,NC,27828,9998,,Y15302,P
ATLANTIC,4B,NORTH CAROLINA,270,27829,FARMVILLE,3703 N MAIN ST,FARMVILLE,NC,27828,9998,,Y15302,P
ATLANTIC,4B,NORTH CAROLINA,270,27829,FOUNTAIN,6738 E WILSON ST,FOUNTAIN,NC,27829,9998,,Y15353,P
ATLANTIC,4B,NORTH CAROLINA,270,27830,FREMONT,115 E MAIN ST,FREMONT,NC,27830,9998,,Y15370,P
ATLANTIC,4B,NORTH CAROLINA,270,27831,GARYSBURG,213 OLD HIGHWAY RD,GARYSBURG,NC,27831,9998,,Y15389,P
ATLANTIC,4B,NORTH CAROLINA,270,27832,GASTON,108 ROANOKE RAPIDS RD,GASTON,NC,27832,9728,,Y15390,P
ATLANTIC,4B,NORTH CAROLINA,270,27832,ROANOKE RAPIDS,725 ROANOKE AVE,ROANOKE RAPIDS,NC,27870,9998,,Y16311,P
ATLANTIC,4B,NORTH CAROLINA,270,27833,SOUTH MEMORIAL,2728 S MEMORIAL DR,GREENVILLE,NC,27834,9997,P,Y18484,S
ATLANTIC,4B,NORTH CAROLINA,270,27834,SOUTH MEMORIAL,2728 S MEMORIAL DR,GREENVILLE,NC,27834,9997,,Y18484,S
ATLANTIC,4B,NORTH CAROLINA,270,27835,GREENVILLE,300 W 2ND ST,GREENVILLE,NC,27834,9998,P,Y15465,P
ATLANTIC,4B,NORTH CAROLINA,270,27836,ECU STATION,806 E 10TH ST,GREENVILLE,NC,27858,9997,P,Y15219,S
ATLANTIC,4B,NORTH CAROLINA,270,27837,GRIMESLAND,7607 PITT ST,GRIMESLAND,NC,27837,9998,,Y15470,P
ATLANTIC,4B,NORTH CAROLINA,270,27839,HALIFAX,28 S KING ST,HALIFAX,NC,27839,9998,,Y15486,P
ATLANTIC,4B,NORTH CAROLINA,270,27840,HAMILTON,104 E MAIN ST,HAMILTON,NC,27840,9998,,Y15490,P
ATLANTIC,4B,NORTH CAROLINA,270,27840,ROBERSONVILLE,113 SW RAILROAD ST,ROBERSONVILLE,NC,27871,9200,,Y16322,P
ATLANTIC,4B,NORTH CAROLINA,270,27841,HASSELL,1524 E COMMERCE ST,HASSELL,NC,27841,9700,P,Y15520,P
ATLANTIC,4B,NORTH CAROLINA,270,27842,HENRICO,1458 RIVER RD,HENRICO,NC,27842,9998,,Y15547,P
ATLANTIC,4B,NORTH CAROLINA,270,27843,HOBGOOD,218 COMMERCE ST,HOBGOOD,NC,27843,9800,,Y15580,P
ATLANTIC,4B,NORTH CAROLINA,270,27843,SCOTLAND NECK,1015 MAIN ST,SCOTLAND NECK,NC,27874,9998,,Y16393,P
ATLANTIC,4B,NORTH CAROLINA,270,27844,HOLLISTER,231 GIBBS AVE,HOLLISTER,NC,27844,9998,,Y15587,P
ATLANTIC,4B,NORTH CAROLINA,270,27845,JACKSON,104 ATHERTON ST,JACKSON,NC,27845,9998,,Y15627,P
ATLANTIC,4B,NORTH CAROLINA,270,27846,JAMESVILLE,1840 MAIN ST,JAMESVILLE,NC,27846,9998,,Y15642,P
ATLANTIC,4B,NORTH CAROLINA,270,27847,KELFORD,108 S MAIN ST,KELFORD,NC,27847,9414,,Y15663,P
ATLANTIC,4B,NORTH CAROLINA,270,27847,RICH SQUARE,113 W JACKSON ST,RICH SQUARE,NC,27869,9998,,Y16297,P
ATLANTIC,4B,NORTH CAROLINA,270,27849,LEWISTON WOODVILLE,125 MAIN ST,LEWISTON WOODVILLE,NC,27849,9588,,Y15742,P
ATLANTIC,4B,NORTH CAROLINA,270,27850,LITTLETON,109 MOSBY AVE,LITTLETON,NC,27850,9998,,Y15775,P
ATLANTIC,4B,NORTH CAROLINA,270,27851,LUCAMA,101 S MAIN ST,LUCAMA,NC,27851,9998,,Y15805,P
ATLANTIC,4B,NORTH CAROLINA,270,27852,MACCLESFIELD,115 W EDGECOMBE ST,MACCLESFIELD,NC,27852,9998,,Y15814,P
ATLANTIC,4B,NORTH CAROLINA,270,27853,JACKSON,104 ATHERTON ST,JACKSON,NC,27845,9998,,Y15627,P
ATLANTIC,4B,NORTH CAROLINA,270,27853,MARGARETTSVILLE,2717 TOWER RD,MARGARETTSVILLE,NC,27853,9693,,Y15837,P
ATLANTIC,4B,NORTH CAROLINA,270,27855,MURFREESBORO,115 N WYNN ST,MURFREESBORO,NC,27855,9998,,Y15987,P
ATLANTIC,4B,NORTH CAROLINA,270,27856,NASHVILLE,504 S BARNES ST,NASHVILLE,NC,27856,9998,,Y16003,P
ATLANTIC,4B,NORTH CAROLINA,270,27857,OAK CITY,100 E COMMERCE ST,OAK CITY,NC,27857,9684,,Y16075,P
ATLANTIC,4B,NORTH CAROLINA,270,27857,ROBERSONVILLE,113 SW RAILROAD ST,ROBERSONVILLE,NC,27871,9200,,Y16322,P
ATLANTIC,4B,NORTH CAROLINA,270,27858,GREENVILLE,300 W 2ND ST,GREENVILLE,NC,27834,9998,,Y15465,P
ATLANTIC,4B,NORTH CAROLINA,270,27858,SOUTH MEMORIAL,2728 S MEMORIAL DR,GREENVILLE,NC,27834,9997,,Y18484,S
ATLANTIC,4B,NORTH CAROLINA,270,27860,BELHAVEN,614 W OLD COUNTY RD,BELHAVEN,NC,27810,9998,,Y14804,P
ATLANTIC,4B,NORTH CAROLINA,270,27860,PANTEGO,26022 US HIGHWAY 264 E,PANTEGO,NC,27860,9222,,Y16128,P
ATLANTIC,4B,NORTH CAROLINA,270,27861,PARMELE,1063 JAMES RD,ROBERSONVILLE,NC,27871,8913,P,Y18639,C
ATLANTIC,4B,NORTH CAROLINA,270,27862,PENDLETON,7488 NC HIGHWAY 35,PENDLETON,NC,27862,9998,,Y16149,P
ATLANTIC,4B,NORTH CAROLINA,270,27863,PIKEVILLE,214 BIG DADDYS RD,PIKEVILLE,NC,27863,9998,,Y16160,P
ATLANTIC,4B,NORTH CAROLINA,270,27864,PINETOPS,108 SW 1ST ST,PINETOPS,NC,27864,9998,,Y16176,P
ATLANTIC,4B,NORTH CAROLINA,270,27865,PINETOWN,378 MAIN ST,PINETOWN,NC,27865,9998,,Y16177,P
ATLANTIC,4B,NORTH CAROLINA,270,27866,JACKSON,104 ATHERTON ST,JACKSON,NC,27845,9998,,Y15627,P
ATLANTIC,4B,NORTH CAROLINA,270,27866,PLEASANT HILL,4366 US HIGHWAY 301,PLEASANT HILL,NC,27866,9998,,Y16200,P
ATLANTIC,4B,NORTH CAROLINA,270,27867,POTECASI,3185 NC HIGHWAY 35,POTECASI,NC,27867,9995,P,Y16225,P
ATLANTIC,4B,NORTH CAROLINA,270,27868,RED OAK,8382 RED OAK BLVD,RED OAK,NC,27868,9800,P,Y16272,P
ATLANTIC,4B,NORTH CAROLINA,270,27869,RICH SQUARE,113 W JACKSON ST,RICH SQUARE,NC,27869,9998,,Y16297,P
ATLANTIC,4B,NORTH CAROLINA,270,27870,ROANOKE RAPIDS,725 ROANOKE AVE,ROANOKE RAPIDS,NC,27870,9998,,Y16311,P
ATLANTIC,4B,NORTH CAROLINA,270,27871,ROBERSONVILLE,113 SW RAILROAD ST,ROBERSONVILLE,NC,27871,9200,,Y16322,P
ATLANTIC,4B,NORTH CAROLINA,270,27872,ROXOBEL,106 W CHURCH ST,ROXOBEL,NC,27872,9998,,Y16350,P
ATLANTIC,4B,NORTH CAROLINA,270,27873,SARATOGA,6744 MAIN ST,SARATOGA,NC,27873,9700,P,Y16386,P
ATLANTIC,4B,NORTH CAROLINA,270,27874,SCOTLAND NECK,1015 MAIN ST,SCOTLAND NECK,NC,27874,9998,,Y16393,P
ATLANTIC,4B,NORTH CAROLINA,270,27875,SCRANTON,500 OLD US HIGHWAY 264,SCRANTON,NC,27875,9513,,Y16399,P
ATLANTIC,4B,NORTH CAROLINA,270,27876,SEABOARD,204 S MAIN ST,SEABOARD,NC,27876,9998,,Y16400,P
ATLANTIC,4B,NORTH CAROLINA,270,27877,SEVERN,410 MAIN ST,SEVERN,NC,27877,9900,P,Y16415,P
ATLANTIC,4B,NORTH CAROLINA,270,27878,SHARPSBURG,4241 S HATHAWAY BLVD,SHARPSBURG,NC,27878,9998,P,Y16428,P
ATLANTIC,4B,NORTH CAROLINA,270,27879,SIMPSON,2806 EDWARDS DR,SIMPSON,NC,27879,9998,P,Y16448,P
ATLANTIC,4B,NORTH CAROLINA,270,27880,BAILEY,6171 DEANS ST,BAILEY,NC,27807,9998,,Y14759,P
ATLANTIC,4B,NORTH CAROLINA,270,27880,SIMS,6404 MAIN ST,SIMS,NC,27880,9800,,Y16449,P
ATLANTIC,4B,NORTH CAROLINA,270,27881,SPEED,100 MAIN ST,SPEED,NC,27881,9998,P,Y16485,P
ATLANTIC,4B,NORTH CAROLINA,270,27882,SPRING HOPE,107 E BRANCH ST,SPRING HOPE,NC,27882,9708,,Y16495,P
ATLANTIC,4B,NORTH CAROLINA,270,27883,STANTONSBURG,200 S MAIN ST,STANTONSBURG,NC,27883,9998,,Y16516,P
ATLANTIC,4B,NORTH CAROLINA,270,27884,STOKES,2817 NC HIGHWAY 903 N,STOKES,NC,27884,9998,,Y16533,P
ATLANTIC,4B,NORTH CAROLINA,270,27885,ENGELHARD,34668 US HIGHWAY 264,ENGELHARD,NC,27824,9998,,Y15262,P
ATLANTIC,4B,NORTH CAROLINA,270,27885,SWANQUARTER,1271 MAIN ST,SWANQUARTER,NC,27885,9998,,Y16580,P
ATLANTIC,4B,NORTH CAROLINA,270,27886,TARBORO,525 N MAIN ST,TARBORO,NC,27886,4489,,Y16599,P
ATLANTIC,4B,NORTH CAROLINA,270,27887,TILLERY,45 NC HIGHWAY 481,TILLERY,NC,27887,9998,P,Y16614,P
ATLANTIC,4B,NORTH CAROLINA,270,27888,WALSTONBURG,108 N WILSON ST,WALSTONBURG,NC,27888,9998,,Y16725,P
ATLANTIC,4B,NORTH CAROLINA,270,27889,WASHINGTON,222 W 2ND ST,WASHINGTON,NC,27889,9998,,Y16738,P
ATLANTIC,4B,NORTH CAROLINA,270,27890,ROANOKE RAPIDS,725 ROANOKE AVE,ROANOKE RAPIDS,NC,27870,9998,,Y16311,P
ATLANTIC,4B,NORTH CAROLINA,270,27890,WELDON,401 WASHINGTON AVE,WELDON,NC,27890,9998,,Y16759,P
ATLANTIC,4B,NORTH CAROLINA,270,27891,WHITAKERS,102 NW RAILROAD ST,WHITAKERS,NC,27891,9998,,Y16786,P
ATLANTIC,4B,NORTH CAROLINA,270,27892,WILLIAMSTON,121 E MAIN ST,WILLIAMSTON,NC,27892,9998,,Y16813,P
ATLANTIC,4B,NORTH CAROLINA,270,27893,CPU BRENTWOOD BUNN ASSOC.,2801 WARD BLVD STE 2D,WILSON,NC,27893,1735,,Y14882,5
ATLANTIC,4B,NORTH CAROLINA,270,27893,WILSON,501 MERCER ST SW,WILSON,NC,27893,9998,,Y16821,P
ATLANTIC,4B,NORTH CAROLINA,270,27894,WILSON,501 MERCER ST SW,WILSON,NC,27893,9998,P,Y16821,P
ATLANTIC,4B,NORTH CAROLINA,270,27895,PARKWOOD,1470 TARBORO ST W,WILSON,NC,27893,1548,P,Y16135,S
ATLANTIC,4B,NORTH CAROLINA,270,27896,WILSON,501 MERCER ST SW,WILSON,NC,27893,9998,,Y16821,P
ATLANTIC,4B,NORTH CAROLINA,270,27897,RICH SQUARE,113 W JACKSON ST,RICH SQUARE,NC,27869,9998,,Y16297,P
ATLANTIC,4B,NORTH CAROLINA,270,27897,WOODLAND,106 W MAIN ST,WOODLAND,NC,27897,9782,,Y16844,P
ATLANTIC,4B,NORTH CAROLINA,270,27906,ELIZABETH CITY,1001 W EHRINGHAUS ST,ELIZABETH CITY,NC,27909,9998,P,Y15233,P
ATLANTIC,4B,NORTH CAROLINA,270,27907,ELIZABETH CITY,1001 W EHRINGHAUS ST,ELIZABETH CITY,NC,27909,9998,P,Y15233,P
ATLANTIC,4B,NORTH CAROLINA,270,27909,ELIZABETH CITY,1001 W EHRINGHAUS ST,ELIZABETH CITY,NC,27909,9998,,Y15233,P
ATLANTIC,4B,NORTH CAROLINA,270,27910,AHOSKIE,115 CHURCH ST W,AHOSKIE,NC,27910,9998,,Y14683,P
ATLANTIC,4B,NORTH CAROLINA,270,27915,AVON,41196 NC HIGHWAY 12,AVON,NC,27915,8000,P,Y14750,P
ATLANTIC,4B,NORTH CAROLINA,270,27916,AYDLETT,523 AYDLETT RD,AYDLETT,NC,27916,9998,,Y14752,P
ATLANTIC,4B,NORTH CAROLINA,270,27917,BARCO,3929 CARATOKE HWY,BARCO,NC,27917,9998,,Y14773,P
ATLANTIC,4B,NORTH CAROLINA,270,27917,MOYOCK,574 CARATOKE HWY,MOYOCK,NC,27958,9998,,Y15974,P
ATLANTIC,4B,NORTH CAROLINA,270,27919,BELVIDERE,1517 BELVIDERE RD,BELVIDERE,NC,27919,9804,,Y14808,P
ATLANTIC,4B,NORTH CAROLINA,270,27919,HERTFORD,115 W GRUBB ST,HERTFORD,NC,27944,9998,,Y15551,P
ATLANTIC,4B,NORTH CAROLINA,270,27920,BUXTON,48042 NC 12 HWY,BUXTON,NC,27920,9700,P,Y14925,P
ATLANTIC,4B,NORTH CAROLINA,270,27921,CAMDEN,107 US HIGHWAY 158 E,CAMDEN,NC,27921,9998,,Y14934,P
ATLANTIC,4B,NORTH CAROLINA,270,27922,COFIELD,1240 AHOSKIE COFIELD RD,COFIELD,NC,27922,9542,,Y15036,P
ATLANTIC,4B,NORTH CAROLINA,270,27923,COINJOCK,183 WORTH GUARD RD,COINJOCK,NC,27923,9998,,Y15037,P
ATLANTIC,4B,NORTH CAROLINA,270,27924,COLERAIN,107 W RIVER ST,COLERAIN,NC,27924,9006,,Y15039,P
ATLANTIC,4B,NORTH CAROLINA,270,27925,COLUMBIA,114 S BROAD ST,COLUMBIA,NC,27925,9998,,Y15049,P
ATLANTIC,4B,NORTH CAROLINA,270,27926,CORAPEAKE,1398 NC HIGHWAY 32 N,CORAPEAKE,NC,27926,9998,,Y15064,P
ATLANTIC,4B,NORTH CAROLINA,270,27927,COROLLA,1150 OCEAN TRL,COROLLA,NC,27927,9703,,Y15070,P
ATLANTIC,4B,NORTH CAROLINA,270,27928,CRESWELL,201 W MAIN ST,CRESWELL,NC,27928,9998,,Y15094,P
ATLANTIC,4B,NORTH CAROLINA,270,27929,BARCO,3929 CARATOKE HWY,BARCO,NC,27917,9998,,Y14773,P
ATLANTIC,4B,NORTH CAROLINA,270,27929,MOYOCK,574 CARATOKE HWY,MOYOCK,NC,27958,9998,,Y15974,P
ATLANTIC,4B,NORTH CAROLINA,270,27932,EDENTON,100 N BROAD ST,EDENTON,NC,27932,9998,,Y15221,P
ATLANTIC,4B,NORTH CAROLINA,270,27935,EURE,1203 NC 137,EURE,NC,27935,9998,,Y15279,P
ATLANTIC,4B,NORTH CAROLINA,270,27936,FRISCO,53590 NC HIGHWAY 12,FRISCO,NC,27936,9998,P,Y15373,P
ATLANTIC,4B,NORTH CAROLINA,270,27937,GATES,958 NC HIGHWAY 37 N,GATES,NC,27937,9901,,Y15392,P
ATLANTIC,4B,NORTH CAROLINA,270,27938,GATESVILLE,106 COURT ST,GATESVILLE,NC,27938,9998,,Y15393,P
ATLANTIC,4B,NORTH CAROLINA,270,27939,GRANDY,123 FORBES LOOP UNIT C,GRANDY,NC,27939,9998,,Y15442,P
ATLANTIC,4B,NORTH CAROLINA,270,27941,HARBINGER,8732 CARATOKE HWY,HARBINGER,NC,27941,9780,,Y15503,P
ATLANTIC,4B,NORTH CAROLINA,270,27941,KITTY HAWK,3841 N CROATAN HWY,KITTY HAWK,NC,27949,9238,,Y15690,P
ATLANTIC,4B,NORTH CAROLINA,270,27942,HARRELLSVILLE,116 E MAIN ST,HARRELLSVILLE,NC,27942,9998,,Y15510,P
ATLANTIC,4B,NORTH CAROLINA,270,27943,HATTERAS,57689 NC HIGHWAY 12,HATTERAS,NC,27943,9998,P,Y15521,P
ATLANTIC,4B,NORTH CAROLINA,270,27944,HERTFORD,115 W GRUBB ST,HERTFORD,NC,27944,9998,,Y15551,P
ATLANTIC,4B,NORTH CAROLINA,270,27946,HERTFORD,115 W GRUBB ST,HERTFORD,NC,27944,9998,,Y15551,P
ATLANTIC,4B,NORTH CAROLINA,270,27946,HOBBSVILLE,385 HOBBSVILLE RD,HOBBSVILLE,NC,27946,9544,,Y15577,P
ATLANTIC,4B,NORTH CAROLINA,270,27947,JARVISBURG,7066 CARATOKE HWY,JARVISBURG,NC,27947,9726,,Y15645,P
ATLANTIC,4B,NORTH CAROLINA,270,27948,KILL DEVIL HILLS,302 S CROATAN HWY,KILL DEVIL HILLS,NC,27948,9998,,Y15677,P
ATLANTIC,4B,NORTH CAROLINA,270,27948,KITTY HAWK,3841 N CROATAN HWY,KITTY HAWK,NC,27949,9238,,Y15690,P
ATLANTIC,4B,NORTH CAROLINA,270,27949,KITTY HAWK,3841 N CROATAN HWY,KITTY HAWK,NC,27949,9238,,Y15690,P
ATLANTIC,4B,NORTH CAROLINA,270,27949,CPU DUCK,1187 DUCK RD STE 3,KITTY HAWK,NC,27949,4570,,Y19237,5
ATLANTIC,4B,NORTH CAROLINA,270,27950,KNOTTS ISLAND,407 KNOTTS ISLAND RD,KNOTTS ISLAND,NC,27950,9998,,Y15693,P
ATLANTIC,4B,NORTH CAROLINA,270,27953,MANNS HARBOR,6941 US HIGHWAY 64,MANNS HARBOR,NC,27953,9998,,Y15825,P
ATLANTIC,4B,NORTH CAROLINA,270,27953,MANTEO,212B US HIGHWAY 64 AND 264,MANTEO,NC,27954,9998,,Y15829,P
ATLANTIC,4B,NORTH CAROLINA,270,27954,MANTEO,212B US HIGHWAY 64 AND 264,MANTEO,NC,27954,9998,,Y15829,P
ATLANTIC,4B,NORTH CAROLINA,270,27956,MAPLE,3452 CARATOKE HWY,MAPLE,NC,27956,9998,,Y15830,P
ATLANTIC,4B,NORTH CAROLINA,270,27957,MERRY HILL,335 OLD MERRY HILL RD,MERRY HILL,NC,27957,9998,,Y15891,P
ATLANTIC,4B,NORTH CAROLINA,270,27958,MOYOCK,574 CARATOKE HWY,MOYOCK,NC,27958,9998,,Y15974,P
ATLANTIC,4B,NORTH CAROLINA,270,27959,NAGS HEAD,100 DEERING ST,NAGS HEAD,NC,27959,9998,,Y16000,P
ATLANTIC,4B,NORTH CAROLINA,270,27960,OCRACOKE,1122 IRVIN GARRISH HWY,OCRACOKE,NC,27960,9997,P,Y16093,P
ATLANTIC,4B,NORTH CAROLINA,270,27962,PLYMOUTH,113 W MAIN ST,PLYMOUTH,NC,27962,9998,,Y16205,P
ATLANTIC,4B,NORTH CAROLINA,270,27964,POINT HARBOR,9142 CARATOKE HWY,POINT HARBOR,NC,27964,9609,,Y16206,P
ATLANTIC,4B,NORTH CAROLINA,270,27965,GRANDY,123 FORBES LOOP UNIT C,GRANDY,NC,27939,9998,,Y15442,P
ATLANTIC,4B,NORTH CAROLINA,270,27965,POPLAR BRANCH,227 POPLAR BRANCH RD,POPLAR BRANCH,NC,27965,9998,,Y16222,P
ATLANTIC,4B,NORTH CAROLINA,270,27966,GRANDY,123 FORBES LOOP UNIT C,GRANDY,NC,27939,9998,,Y15442,P
ATLANTIC,4B,NORTH CAROLINA,270,27966,POWELLS POINT,7664 CARATOKE HWY,POWELLS POINT,NC,27966,9998,,Y16226,P
ATLANTIC,4B,NORTH CAROLINA,270,27967,POWELLSVILLE,103 BETHLEHEM CHURCH RD,POWELLSVILLE,NC,27967,9700,P,Y16229,P
ATLANTIC,4B,NORTH CAROLINA,270,27968,RODANTHE,25969 NC HIGHWAY 12,RODANTHE,NC,27968,9998,P,Y16335,P
ATLANTIC,4B,NORTH CAROLINA,270,27969,RODUCO,1453 US HIGHWAY 158 W,RODUCO,NC,27969,9900,P,Y16336,P
ATLANTIC,4B,NORTH CAROLINA,270,27970,CRESWELL,201 W MAIN ST,CRESWELL,NC,27928,9998,,Y15094,P
ATLANTIC,4B,NORTH CAROLINA,270,27970,ROPER,101 W HIGHWAY 64 BYP,ROPER,NC,27970,9998,,Y16340,P
ATLANTIC,4B,NORTH CAROLINA,270,27972,RODANTHE,25969 NC HIGHWAY 12,RODANTHE,NC,27968,9998,P,Y16335,P
ATLANTIC,4B,NORTH CAROLINA,270,27973,CAMDEN,107 US HIGHWAY 158 E,CAMDEN,NC,27921,9998,,Y14934,P
ATLANTIC,4B,NORTH CAROLINA,270,27973,SHAWBORO,814 SHAWBORO RD,SHAWBORO,NC,27973,9711,,Y16430,P
ATLANTIC,4B,NORTH CAROLINA,270,27974,CAMDEN,107 US HIGHWAY 158 E,CAMDEN,NC,27921,9998,,Y14934,P
ATLANTIC,4B,NORTH CAROLINA,270,27974,SHILOH,928 NC HIGHWAY 343 S,SHILOH,NC,27974,9998,,Y16436,P
ATLANTIC,4B,NORTH CAROLINA,270,27976,SOUTH MILLS,215 MAIN ST,SOUTH MILLS,NC,27976,9551,,Y16472,P
ATLANTIC,4B,NORTH CAROLINA,270,27978,MANNS HARBOR,6941 US HIGHWAY 64,MANNS HARBOR,NC,27953,9998,,Y15825,P
ATLANTIC,4B,NORTH CAROLINA,270,27979,SUNBURY,990 US HIGHWAY 158 E,SUNBURY,NC,27979,9998,,Y16560,P
ATLANTIC,4B,NORTH CAROLINA,270,27980,HERTFORD,115 W GRUBB ST,HERTFORD,NC,27944,9998,,Y15551,P
ATLANTIC,4B,NORTH CAROLINA,270,27980,TYNER,630 CENTER HILL RD,TYNER,NC,27980,9998,,Y16652,P
ATLANTIC,4B,NORTH CAROLINA,270,27981,WANCHESE,3525 MILL LANDING RD,WANCHESE,NC,27981,9632,,Y16726,P
ATLANTIC,4B,NORTH CAROLINA,270,27982,RODANTHE,25969 NC HIGHWAY 12,RODANTHE,NC,27968,9998,P,Y16335,P
ATLANTIC,4B,NORTH CAROLINA,270,27983,WINDSOR,130 N KING ST,WINDSOR,NC,27983,9998,,Y16826,P
ATLANTIC,4B,NORTH CAROLINA,270,27985,WINFALL,317 MAIN ST,WINFALL,NC,27985,9998,P,Y16828,P
ATLANTIC,4B,NORTH CAROLINA,270,27986,WINTON,406 N MAIN ST,WINTON,NC,27986,9997,,Y16839,P
ATLANTIC,4B,NORTH CAROLINA,270,28001,ALBEMARLE,320 S 2ND ST,ALBEMARLE,NC,28001,5704,,Y14688,P
ATLANTIC,4B,NORTH CAROLINA,270,28002,ALBEMARLE,320 S 2ND ST,ALBEMARLE,NC,28001,5704,P,Y14688,P
ATLANTIC,4B,NORTH CAROLINA,270,28006,ALEXIS,4226 CHARLES RAPER JONAS HWY,ALEXIS,NC,28006,9766,,Y14692,P
ATLANTIC,4B,NORTH CAROLINA,270,28007,ANSONVILLE,8795 HIGHWAY 52 N,ANSONVILLE,NC,28007,9798,P,Y14706,P
ATLANTIC,4B,NORTH CAROLINA,270,28009,BADIN,1 BOYDEN ST,BADIN,NC,28009,9798,P,Y14755,P
ATLANTIC,4B,NORTH CAROLINA,270,28010,NORTH LAKE,172 WILLIAMSON RD,MOORESVILLE,NC,28117,6827,P,Y19230,S
ATLANTIC,4B,NORTH CAROLINA,270,28012,BELMONT,208 GLENWAY ST,BELMONT,NC,28012,3181,,Y14807,P
ATLANTIC,4B,NORTH CAROLINA,270,28016,BESSEMER CITY,124 E ALABAMA AVE,BESSEMER CITY,NC,28016,2603,,Y14817,P
ATLANTIC,4B,NORTH CAROLINA,270,28017,BOILING SPRINGS,101 N MAIN ST,BOILING SPRINGS,NC,28017,9798,P,Y14859,P
ATLANTIC,4B,NORTH CAROLINA,270,28018,BOSTIC,1521 BOSTIC SUNSHINE HWY,BOSTIC,NC,28018,9525,,Y14871,P
ATLANTIC,4B,NORTH CAROLINA,270,28018,FOREST CITY,133 S POWELL ST,FOREST CITY,NC,28043,3622,,Y15338,P
ATLANTIC,4B,NORTH CAROLINA,270,28019,CAROLEEN,2201 HIGHWAY 221A,CAROLEEN,NC,28019,9798,P,Y14952,P
ATLANTIC,4B,NORTH CAROLINA,270,28020,CASAR,5801 CASAR RD,CASAR,NC,28020,8700,,Y14964,P
ATLANTIC,4B,NORTH CAROLINA,270,28020,SHELBY,405 S DEKALB ST,SHELBY,NC,28150,5977,,Y16431,P
ATLANTIC,4B,NORTH CAROLINA,270,28021,CHERRYVILLE,107 N MULBERRY ST,CHERRYVILLE,NC,28021,2853,,Y15003,P
ATLANTIC,4B,NORTH CAROLINA,270,28023,CHINA GROVE,200 S BOSTIAN ST,CHINA GROVE,NC,28023,2438,,Y15011,P
ATLANTIC,4B,NORTH CAROLINA,270,28024,CLIFFSIDE,244 N MAIN ST,CLIFFSIDE,NC,28024,9798,P,Y15027,P
ATLANTIC,4B,NORTH CAROLINA,270,28025,CONCORD,66 MCCACHERN BLVD SE,CONCORD,NC,28025,9998,,Y15054,P
ATLANTIC,4B,NORTH CAROLINA,270,28026,CONCORD,66 MCCACHERN BLVD SE,CONCORD,NC,28025,9998,P,Y15054,P
ATLANTIC,4B,NORTH CAROLINA,270,28027,CONCORD PKWY,455 CONCORD PKWY N,CONCORD,NC,28027,6705,,Y19203,S
ATLANTIC,4B,NORTH CAROLINA,270,28031,CORNELIUS,20311 CHARTWELL CENTER DR,CORNELIUS,NC,28031,5271,,Y15067,P
ATLANTIC,4B,NORTH CAROLINA,270,28032,BELMONT,208 GLENWAY ST,BELMONT,NC,28012,3181,,Y14807,P
ATLANTIC,4B,NORTH CAROLINA,270,28032,CRAMERTON,111 CENTER ST,CRAMERTON,NC,28032,1400,,Y15088,P
ATLANTIC,4B,NORTH CAROLINA,270,28033,CROUSE,2715 W OLD NC 150 HWY,CROUSE,NC,28033,4506,,Y15099,P
ATLANTIC,4B,NORTH CAROLINA,270,28033,LINCOLNTON,326 E MAIN ST,LINCOLNTON,NC,28092,3335,,Y15757,P
ATLANTIC,4B,NORTH CAROLINA,270,28034,DALLAS,3151 DALLAS HGH SHLS HWY,DALLAS,NC,28034,1307,,Y15112,P
ATLANTIC,4B,NORTH CAROLINA,270,28036,DAVIDSON,99 JACKSON ST,DAVIDSON,NC,28036,9721,,Y15119,P
ATLANTIC,4B,NORTH CAROLINA,270,28037,DENVER,3593 DENVER DR,DENVER,NC,28037,7228,,Y15131,P
ATLANTIC,4B,NORTH CAROLINA,270,28038,EARL,2719 BLACKSBURG RD,EARL,NC,28038,9798,P,Y15197,P
ATLANTIC,4B,NORTH CAROLINA,270,28039,EAST SPENCER,209 S LONG ST,EAST SPENCER,NC,28039,9700,P,Y15212,P
ATLANTIC,4B,NORTH CAROLINA,270,28040,ELLENBORO,131 DEPOT ST,ELLENBORO,NC,28040,7784,,Y15243,P
ATLANTIC,4B,NORTH CAROLINA,270,28041,FAITH,1027 GANTT ST,FAITH,NC,28041,9700,P,Y15294,P
ATLANTIC,4B,NORTH CAROLINA,270,28042,FALLSTON,771 E STAGECOACH TRL,FALLSTON,NC,28042,9700,P,Y15298,P
ATLANTIC,4B,NORTH CAROLINA,270,28043,FOREST CITY,133 S POWELL ST,FOREST CITY,NC,28043,3622,,Y15338,P
ATLANTIC,4B,NORTH CAROLINA,270,28052,GASTONIA,301 W MAIN AVE,GASTONIA,NC,28052,4185,,Y15391,P
ATLANTIC,4B,NORTH CAROLINA,270,28052,NEW HOPE,1882 S NEW HOPE RD,GASTONIA,NC,28054,9998,,Y18567,S
ATLANTIC,4B,NORTH CAROLINA,270,28053,GASTONIA,301 W MAIN AVE,GASTONIA,NC,28052,4185,P,Y15391,P
ATLANTIC,4B,NORTH CAROLINA,270,28054,NEW HOPE,1882 S NEW HOPE RD,GASTONIA,NC,28054,9998,,Y18567,S
ATLANTIC,4B,NORTH CAROLINA,270,28055,NEW HOPE,1882 S NEW HOPE RD,GASTONIA,NC,28054,9998,P,Y18567,S
ATLANTIC,4B,NORTH CAROLINA,270,28056,NEW HOPE,1882 S NEW HOPE RD,GASTONIA,NC,28054,9998,,Y18567,S
ATLANTIC,4B,NORTH CAROLINA,270,28070,HUNTERSVILLE,400 GILEAD RD,HUNTERSVILLE,NC,28078,6899,P,Y15603,P
ATLANTIC,4B,NORTH CAROLINA,270,28071,GOLD HILL,14125 HIGHWAY 52,GOLD HILL,NC,28071,8612,,Y15426,P
ATLANTIC,4B,NORTH CAROLINA,270,28071,ROCKWELL,100 BROAD ST,ROCKWELL,NC,28138,8888,,Y16329,P
ATLANTIC,4B,NORTH CAROLINA,270,28072,GRANITE QUARRY,222 E BANK ST,GRANITE QUARRY,NC,28072,9700,P,Y15445,P
ATLANTIC,4B,NORTH CAROLINA,270,28073,GROVER,102 MULBERRY RD,GROVER,NC,28073,9533,,Y15475,P
ATLANTIC,4B,NORTH CAROLINA,270,28074,HARRIS,173 HOGAN RD,HARRIS,NC,28074,9700,P,Y15513,P
ATLANTIC,4B,NORTH CAROLINA,270,28075,HARRISBURG,4258 NC HIGHWAY 49 S,HARRISBURG,NC,28075,9702,,Y15515,P
ATLANTIC,4B,NORTH CAROLINA,270,28076,HENRIETTA,2946 HARRIS HENRIETTA RD,HENRIETTA,NC,28076,9700,P,Y15548,P
ATLANTIC,4B,NORTH CAROLINA,270,28077,HIGH SHOALS,511 N LINCOLN ST,HIGH SHOALS,NC,28077,9700,P,Y15564,P
ATLANTIC,4B,NORTH CAROLINA,270,28078,HUNTERSVILLE,400 GILEAD RD,HUNTERSVILLE,NC,28078,6899,,Y15603,P
ATLANTIC,4B,NORTH CAROLINA,270,28079,INDIAN TRAIL,210 POSTAGE WAY,INDIAN TRAIL,NC,28079,9701,,Y15616,P
ATLANTIC,4B,NORTH CAROLINA,270,28079,MONROE ANNEX,1639 DICKERSON BLVD,MONROE,NC,28110,2765,,012716,4
ATLANTIC,4B,NORTH CAROLINA,270,28080,IRON STATION,4832 E HIGHWAY 27,IRON STATION,NC,28080,9333,,Y15623,P
ATLANTIC,4B,NORTH CAROLINA,270,28081,KANNAPOLIS,1040 DALE EARNHARDT BLVD,KANNAPOLIS,NC,28083,4476,,Y15660,P
ATLANTIC,4B,NORTH CAROLINA,270,28082,KANNAPOLIS,1040 DALE EARNHARDT BLVD,KANNAPOLIS,NC,28083,4476,P,Y15660,P
ATLANTIC,4B,NORTH CAROLINA,270,28083,KANNAPOLIS,1040 DALE EARNHARDT BLVD,KANNAPOLIS,NC,28083,4476,,Y15660,P
ATLANTIC,4B,NORTH CAROLINA,270,28086,KINGS MOUNTAIN,115 E GOLD ST,KINGS MOUNTAIN,NC,28086,3431,,Y15682,P
ATLANTIC,4B,NORTH CAROLINA,270,28088,LANDIS,230 E RYDER AVE,LANDIS,NC,28088,1440,,Y15708,P
ATLANTIC,4B,NORTH CAROLINA,270,28089,LATTIMORE,306 E MAIN ST,LATTIMORE,NC,28089,9700,P,Y15712,P
ATLANTIC,4B,NORTH CAROLINA,270,28090,LAWNDALE,241 E MAIN ST,LAWNDALE,NC,28090,9644,,Y15720,P
ATLANTIC,4B,NORTH CAROLINA,270,28091,LILESVILLE,103 E WALL ST,LILESVILLE,NC,28091,9776,,Y15752,P
ATLANTIC,4B,NORTH CAROLINA,270,28092,LINCOLNTON,326 E MAIN ST,LINCOLNTON,NC,28092,3335,,Y15757,P
ATLANTIC,4B,NORTH CAROLINA,270,28093,LINCOLNTON,326 E MAIN ST,LINCOLNTON,NC,28092,3335,P,Y15757,P
ATLANTIC,4B,NORTH CAROLINA,270,28097,LOCUST,206 MAIN ST W,LOCUST,NC,28097,9703,,Y15780,P
ATLANTIC,4B,NORTH CAROLINA,270,28098,LOWELL,206 E 1ST ST,LOWELL,NC,28098,1575,,Y15798,P
ATLANTIC,4B,NORTH CAROLINA,270,28101,MC ADENVILLE,111 MAIN ST,MC ADENVILLE,NC,28101,9701,,Y15865,P
ATLANTIC,4B,NORTH CAROLINA,270,28102,MC FARLAN,12005 US HIGHWAY 52 S,MC FARLAN,NC,28102,9800,P,Y15871,P
ATLANTIC,4B,NORTH CAROLINA,270,28103,MARSHVILLE,322 E UNION ST,MARSHVILLE,NC,28103,1153,,Y15847,P
ATLANTIC,4B,NORTH CAROLINA,270,28104,MATTHEWS,301 E JOHN ST,MATTHEWS,NC,28105,4837,,Y15853,P
ATLANTIC,4B,NORTH CAROLINA,270,28105,MATTHEWS,301 E JOHN ST,MATTHEWS,NC,28105,4837,,Y15853,P
ATLANTIC,4B,NORTH CAROLINA,270,28106,MATTHEWS,301 E JOHN ST,MATTHEWS,NC,28105,4837,P,Y15853,P
ATLANTIC,4B,NORTH CAROLINA,270,28107,MIDLAND,13379 HIGHWAY 601,MIDLAND,NC,28107,9321,,Y15903,P
ATLANTIC,4B,NORTH CAROLINA,270,28108,MINERAL SPRINGS,5912 WAXHAW HWY,MINERAL SPRINGS,NC,28108,6760,P,Y15921,P
ATLANTIC,4B,NORTH CAROLINA,270,28109,MISENHEIMER,48456 US HWY 52 N,MISENHEIMER,NC,28109,7965,P,Y15925,P
ATLANTIC,4B,NORTH CAROLINA,270,28110,MONROE ANNEX,1639 DICKERSON BLVD,MONROE,NC,28110,2765,,012716,4
ATLANTIC,4B,NORTH CAROLINA,270,28111,MONROE,101 S CHARLOTTE AVE,MONROE,NC,28112,5501,P,Y15930,P
ATLANTIC,4B,NORTH CAROLINA,270,28112,MONROE ANNEX,1639 DICKERSON BLVD,MONROE,NC,28110,2765,,012716,4
ATLANTIC,4B,NORTH CAROLINA,270,28114,MOORESBORO,104 W CHURCH ST,MOORESBORO,NC,28114,9505,,Y15936,P
ATLANTIC,4B,NORTH CAROLINA,270,28115,MOORESVILLE,123 INSTITUTE ST,MOORESVILLE,NC,28115,4980,,Y15938,P
ATLANTIC,4B,NORTH CAROLINA,270,28117,NORTH LAKE,172 WILLIAMSON RD,MOORESVILLE,NC,28117,6827,,Y19230,S
ATLANTIC,4B,NORTH CAROLINA,270,28119,MORVEN,108 E MAIN ST,MORVEN,NC,28119,9730,,Y15953,P
ATLANTIC,4B,NORTH CAROLINA,270,28119,WADESBORO,105 E MARTIN ST,WADESBORO,NC,28170,2216,,Y16708,P
ATLANTIC,4B,NORTH CAROLINA,270,28120,MOUNT HOLLY,806 W CENTRAL AVE,MOUNT HOLLY,NC,28120,3491,,Y15957,P
ATLANTIC,4B,NORTH CAROLINA,270,28123,MOUNT MOURNE,1519 MECKLENBURG HWY,MOORESVILLE,NC,28115,6104,P,Y15958,P
ATLANTIC,4B,NORTH CAROLINA,270,28124,MOUNT PLEASANT,1498 S MAIN ST,MOUNT PLEASANT,NC,28124,7699,,Y15962,P
ATLANTIC,4B,NORTH CAROLINA,270,28125,MOORESVILLE,123 INSTITUTE ST,MOORESVILLE,NC,28115,4980,,Y15938,P
ATLANTIC,4B,NORTH CAROLINA,270,28125,MOUNT ULLA,775 GRAMPIAN RD,MOUNT ULLA,NC,28125,9627,,Y15966,P
ATLANTIC,4B,NORTH CAROLINA,270,28126,NEWELL,8105 OLD CONCORD RD,NEWELL,NC,28126,9997,P,Y16034,P
ATLANTIC,4B,NORTH CAROLINA,270,28127,NEW LONDON,212 S MAIN ST,NEW LONDON,NC,28127,9515,,Y16029,P
ATLANTIC,4B,NORTH CAROLINA,270,28127,RICHFIELD,212 NC HWY 49 N,RICHFIELD,NC,28137,7970,,Y16298,P
ATLANTIC,4B,NORTH CAROLINA,270,28128,NORWOOD,243 S MAIN ST,NORWOOD,NC,28128,6435,,Y16072,P
ATLANTIC,4B,NORTH CAROLINA,270,28129,OAKBORO,302 N MAIN ST,OAKBORO,NC,28129,9019,,Y16086,P
ATLANTIC,4B,NORTH CAROLINA,270,28130,PAW CREEK,7400 OLD MOUNT HOLLY RD,PAW CREEK,NC,28130,9700,P,Y16141,P
ATLANTIC,4B,NORTH CAROLINA,270,28133,PEACHLAND,14 W PASSAIC ST,PEACHLAND,NC,28133,8739,,Y16145,P
ATLANTIC,4B,NORTH CAROLINA,270,28134,PINEVILLE,9835 PINEVILLE MATTHEWS RD,PINEVILLE,NC,28134,9903,,Y16178,P
ATLANTIC,4B,NORTH CAROLINA,270,28135,POLKTON,45 W POLK ST,POLKTON,NC,28135,9663,,Y16208,P
ATLANTIC,4B,NORTH CAROLINA,270,28136,POLKVILLE,4418 POLKVILLE RD,SHELBY,NC,28150,4580,P,Y16209,P
ATLANTIC,4B,NORTH CAROLINA,270,28137,RICHFIELD,212 NC HWY 49 N,RICHFIELD,NC,28137,7970,,Y16298,P
ATLANTIC,4B,NORTH CAROLINA,270,28138,ROCKWELL,100 BROAD ST,ROCKWELL,NC,28138,8888,,Y16329,P
ATLANTIC,4B,NORTH CAROLINA,270,28139,RUTHERFORDTON,130 E COURT ST,RUTHERFORDTON,NC,28139,9702,,Y16363,P
ATLANTIC,4B,NORTH CAROLINA,270,28144,SALISBURY,605 E INNES ST,SALISBURY,NC,28144,5113,,Y16375,P
ATLANTIC,4B,NORTH CAROLINA,270,28145,SALISBURY,605 E INNES ST,SALISBURY,NC,28144,5113,P,Y16375,P
ATLANTIC,4B,NORTH CAROLINA,270,28146,SALISBURY,605 E INNES ST,SALISBURY,NC,28144,5113,,Y16375,P
ATLANTIC,4B,NORTH CAROLINA,270,28147,SALISBURY,605 E INNES ST,SALISBURY,NC,28144,5113,,Y16375,P
ATLANTIC,4B,NORTH CAROLINA,270,28150,SHELBY,405 S DEKALB ST,SHELBY,NC,28150,5977,,Y16431,P
ATLANTIC,4B,NORTH CAROLINA,270,28151,SHELBY,405 S DEKALB ST,SHELBY,NC,28150,5977,P,Y16431,P
ATLANTIC,4B,NORTH CAROLINA,270,28152,SHELBY,405 S DEKALB ST,SHELBY,NC,28150,5977,,Y16431,P
ATLANTIC,4B,NORTH CAROLINA,270,28159,SPENCER,110 4TH ST,SPENCER,NC,28159,2214,,Y16487,P
ATLANTIC,4B,NORTH CAROLINA,270,28160,RUTHERFORDTON,130 E COURT ST,RUTHERFORDTON,NC,28139,9702,,Y16363,P
ATLANTIC,4B,NORTH CAROLINA,270,28160,SPINDALE,124 TANNER ST,SPINDALE,NC,28160,1564,,Y16491,P
ATLANTIC,4B,NORTH CAROLINA,270,28163,STANFIELD,213 W STANLY ST,STANFIELD,NC,28163,9701,,Y16512,P
ATLANTIC,4B,NORTH CAROLINA,270,28164,MOUNT HOLLY,806 W CENTRAL AVE,MOUNT HOLLY,NC,28120,3491,,Y15957,P
ATLANTIC,4B,NORTH CAROLINA,270,28164,STANLEY,301 OLD MOUNT HOLLY RD,STANLEY,NC,28164,2168,,Y16513,P
ATLANTIC,4B,NORTH CAROLINA,270,28166,TROUTMAN,189 WAGNER ST,TROUTMAN,NC,28166,9604,,Y16640,P
ATLANTIC,4B,NORTH CAROLINA,270,28167,RUTHERFORDTON,130 E COURT ST,RUTHERFORDTON,NC,28139,9702,,Y16363,P
ATLANTIC,4B,NORTH CAROLINA,270,28167,UNION MILLS,3733 US 221 HWY N,UNION MILLS,NC,28167,8545,,Y16663,P
ATLANTIC,4B,NORTH CAROLINA,270,28168,VALE,6070 REEPSVILLE RD,VALE,NC,28168,9651,,Y16674,P
ATLANTIC,4B,NORTH CAROLINA,270,28169,CHERRYVILLE,107 N MULBERRY ST,CHERRYVILLE,NC,28021,2853,P,Y15003,P
ATLANTIC,4B,NORTH CAROLINA,270,28170,WADESBORO,105 E MARTIN ST,WADESBORO,NC,28170,2216,,Y16708,P
ATLANTIC,4B,NORTH CAROLINA,270,28173,WAXHAW,100 WAXHAW PKWY,WAXHAW,NC,28173,9026,,Y16745,P
ATLANTIC,4B,NORTH CAROLINA,270,28174,WINGATE,212 N MAIN ST,WINGATE,NC,28174,8289,,Y16829,P
ATLANTIC,4B,NORTH CAROLINA,270,28201,CHARLOTTE NC LPC,1820 W POINTE DR STE A,CHARLOTTE,NC,28214,9106,P,008903,E
ATLANTIC,4B,NORTH CAROLINA,270,28202,DOWNTOWN CHARLOTTE,201 N MCDOWELL ST,CHARLOTTE,NC,28204,9700,,Y15153,S
ATLANTIC,4B,NORTH CAROLINA,270,28203,DOWNTOWN CHARLOTTE,201 N MCDOWELL ST,CHARLOTTE,NC,28204,9700,,Y15153,S
ATLANTIC,4B,NORTH CAROLINA,270,28204,DOWNTOWN CHARLOTTE,201 N MCDOWELL ST,CHARLOTTE,NC,28204,9700,,Y15153,S
ATLANTIC,4B,NORTH CAROLINA,270,28205,INDEPENDENCE ANNEX,3717 EASTWAY DR,CHARLOTTE,NC,28205,6216,,Y18478,4
ATLANTIC,4B,NORTH CAROLINA,270,28206,NORTH TRYON,6700 N TRYON ST,CHARLOTTE,NC,28213,9798,,Y16063,S
ATLANTIC,4B,NORTH CAROLINA,270,28206,30TH STREET,3720 N TRYON ST STE 113,CHARLOTTE,NC,28206,2073,,017521,S
ATLANTIC,4B,NORTH CAROLINA,270,28207,INDEPENDENCE ANNEX,3717 EASTWAY DR,CHARLOTTE,NC,28205,6216,,Y18478,4
ATLANTIC,4B,NORTH CAROLINA,270,28207,MIDWOOD,1233 THE PLZ,CHARLOTTE,NC,28205,9917,,Y19132,S
ATLANTIC,4B,NORTH CAROLINA,270,28208,CHARLOTTE NC WESTSIDE SDC,2901 SCOTT FUTRELL DR,CHARLOTTE,NC,28228,9911,,020869,4
ATLANTIC,4B,NORTH CAROLINA,270,28209,MINUET ANNEX,430 MINUET LN,CHARLOTTE,NC,28217,9700,,014531,4
ATLANTIC,4B,NORTH CAROLINA,270,28210,MINUET ANNEX,430 MINUET LN,CHARLOTTE,NC,28217,9700,,014531,4
ATLANTIC,4B,NORTH CAROLINA,270,28211,INDEPENDENCE ANNEX,3717 EASTWAY DR,CHARLOTTE,NC,28205,6216,,Y18478,4
ATLANTIC,4B,NORTH CAROLINA,270,28212,IDLEWILD,6501 ALBEMARLE RD,CHARLOTTE,NC,28212,9798,,Y15612,S
ATLANTIC,4B,NORTH CAROLINA,270,28213,NORTH TRYON,6700 N TRYON ST,CHARLOTTE,NC,28213,9798,,Y16063,S
ATLANTIC,4B,NORTH CAROLINA,270,28214,CHARLOTTE NC WESTSIDE SDC,2901 SCOTT FUTRELL DR,CHARLOTTE,NC,28228,9911,,020869,4
ATLANTIC,4B,NORTH CAROLINA,270,28215,PLAZA CHARLOTTE,4325 E W T HARRIS BLVD,CHARLOTTE,NC,28215,1985,,001581,S
ATLANTIC,4B,NORTH CAROLINA,270,28216,OAKDALE,1101 SUNSET RD,CHARLOTTE,NC,28216,9598,,Y18706,S
ATLANTIC,4B,NORTH CAROLINA,270,28217,CHARLOTTE NC WESTSIDE SDC,2901 SCOTT FUTRELL DR,CHARLOTTE,NC,28228,9911,,020869,4
ATLANTIC,4B,NORTH CAROLINA,270,28218,MIDWOOD,1233 THE PLZ,CHARLOTTE,NC,28205,9917,P,Y19132,S
ATLANTIC,4B,NORTH CAROLINA,270,28219,CHARLOTTE NC WESTSIDE SDC,2901 SCOTT FUTRELL DR,CHARLOTTE,NC,28228,9911,P,020869,4
ATLANTIC,4B,NORTH CAROLINA,270,28220,PARK ROAD,4117 PARK RD,CHARLOTTE,NC,28209,2214,P,Y16129,S
ATLANTIC,4B,NORTH CAROLINA,270,28221,DERITA,2505 DERITA AVE,CHARLOTTE,NC,28269,9698,P,Y15132,S
ATLANTIC,4B,NORTH CAROLINA,270,28222,RANDOLPH,819 N WENDOVER RD,CHARLOTTE,NC,28211,1120,P,017520,S
ATLANTIC,4B,NORTH CAROLINA,270,28224,STARMOUNT,6241 SOUTH BLVD,CHARLOTTE,NC,28217,4157,P,Y16518,S
ATLANTIC,4B,NORTH CAROLINA,270,28226,BALLANTYNE,8240 BALLANTYNE COMMONS PKWY,CHARLOTTE,NC,28277,2466,,Y19166,S
ATLANTIC,4B,NORTH CAROLINA,270,28227,MINT HILL,8920 LAWYERS RD,MINT HILL,NC,28227,9498,,Y18707,S
ATLANTIC,4B,NORTH CAROLINA,270,28229,IDLEWILD,6501 ALBEMARLE RD,CHARLOTTE,NC,28212,9798,P,Y15612,S
ATLANTIC,4B,NORTH CAROLINA,270,28230,DOWNTOWN CHARLOTTE,201 N MCDOWELL ST,CHARLOTTE,NC,28204,9700,P,Y15153,S
ATLANTIC,4B,NORTH CAROLINA,270,28231,DOWNTOWN CHARLOTTE,201 N MCDOWELL ST,CHARLOTTE,NC,28204,9700,P,Y15153,S
ATLANTIC,4B,NORTH CAROLINA,270,28232,DOWNTOWN CHARLOTTE,201 N MCDOWELL ST,CHARLOTTE,NC,28204,9700,P,Y15153,S
ATLANTIC,4B,NORTH CAROLINA,270,28233,DOWNTOWN CHARLOTTE,201 N MCDOWELL ST,CHARLOTTE,NC,28204,9700,P,Y15153,S
ATLANTIC,4B,NORTH CAROLINA,270,28234,DOWNTOWN CHARLOTTE,201 N MCDOWELL ST,CHARLOTTE,NC,28204,9700,P,Y15153,S
ATLANTIC,4B,NORTH CAROLINA,270,28235,DOWNTOWN CHARLOTTE,201 N MCDOWELL ST,CHARLOTTE,NC,28204,9700,P,Y15153,S
ATLANTIC,4B,NORTH CAROLINA,270,28236,DOWNTOWN CHARLOTTE,201 N MCDOWELL ST,CHARLOTTE,NC,28204,9700,P,Y15153,S
ATLANTIC,4B,NORTH CAROLINA,270,28237,DOWNTOWN CHARLOTTE,201 N MCDOWELL ST,CHARLOTTE,NC,28204,9700,P,Y15153,S
ATLANTIC,4B,NORTH CAROLINA,270,28241,STEELE CREEK,10926 QUALITY DR,CHARLOTTE,NC,28278,8932,P,Y16529,S
ATLANTIC,4B,NORTH CAROLINA,270,28247,CARMEL ROAD,8326 PINEVILLE MATTHEWS RD STE 407,CHARLOTTE,NC,28226,4722,P,017503,S
ATLANTIC,4B,NORTH CAROLINA,270,28256,NORTH TRYON,6700 N TRYON ST,CHARLOTTE,NC,28213,9798,P,Y16063,S
ATLANTIC,4B,NORTH CAROLINA,270,28262,NORTHEAST,1820 HARRIS HOUSTON RD,CHARLOTTE,NC,28262,9191,,001889,S
ATLANTIC,4B,NORTH CAROLINA,270,28266,FREEDOM,3202 WILKINSON BLVD UNIT C3B,CHARLOTTE,NC,28208,5676,P,017504,S
ATLANTIC,4B,NORTH CAROLINA,270,28269,WT HARRIS,3515 DAVID COX RD,CHARLOTTE,NC,28269,9598,,Y19165,S
ATLANTIC,4B,NORTH CAROLINA,270,28270,BALLANTYNE CARRIERS,301 E JOHN ST,MATTHEWS,NC,28105,9917,,020470,Z
ATLANTIC,4B,NORTH CAROLINA,270,28271,SOUTH PROVIDENCE NEW,6416 REA RD STE B7,CHARLOTTE,NC,28277,9761,P,020919,S
ATLANTIC,4B,NORTH CAROLINA,270,28272,CHARLOTTE NC LPC,1820 W POINTE DR STE A,CHARLOTTE,NC,28214,9106,P,008903,E
ATLANTIC,4B,NORTH CAROLINA,270,28273,STEELE CREEK,10926 QUALITY DR,CHARLOTTE,NC,28278,8932,,Y16529,S
ATLANTIC,4B,NORTH CAROLINA,270,28277,BALLANTYNE,8240 BALLANTYNE COMMONS PKWY,CHARLOTTE,NC,28277,2466,,Y19166,S
ATLANTIC,4B,NORTH CAROLINA,270,28278,STEELE CREEK,10926 QUALITY DR,CHARLOTTE,NC,28278,8932,,Y16529,S
ATLANTIC,4B,NORTH CAROLINA,270,28297,JIM RICHARDSON,2127 BEATTIES FORD RD STE B,CHARLOTTE,NC,28216,9903,P,Y16668,S
ATLANTIC,4B,NORTH CAROLINA,270,28299,MIDWOOD,1233 THE PLZ,CHARLOTTE,NC,28205,9917,P,Y19132,S
ATLANTIC,4B,NORTH CAROLINA,270,28301,CPU EAST FAYETTEVILLE,804 CEDAR CREEK RD,FAYETTEVILLE,NC,28312,6508,,Y15202,5
ATLANTIC,4B,NORTH CAROLINA,270,28301,TOKAY ANNEX,2812 RAMSEY ST,FAYETTEVILLE,NC,28301,3110,,Y19185,S
ATLANTIC,4B,NORTH CAROLINA,270,28302,FAYETTEVILLE,301 GREEN ST STE 200,FAYETTEVILLE,NC,28301,5053,P,Y15309,P
ATLANTIC,4B,NORTH CAROLINA,270,28303,EUTAW,816 ELM ST,FAYETTEVILLE,NC,28303,0060,,Y15282,S
ATLANTIC,4B,NORTH CAROLINA,270,28304,LAFAYETTE,907 BRIGHTON RD,FAYETTEVILLE,NC,28314,2511,,Y15700,S
ATLANTIC,4B,NORTH CAROLINA,270,28304,HIGHLAND,2800 RAEFORD RD STE 2,FAYETTEVILLE,NC,28303,9716,,Y19200,S
ATLANTIC,4B,NORTH CAROLINA,270,28305,HAYMOUNT,106 OAKRIDGE AVE,FAYETTEVILLE,NC,28305,4835,,Y15530,S
ATLANTIC,4B,NORTH CAROLINA,270,28305,LAFAYETTE,907 BRIGHTON RD,FAYETTEVILLE,NC,28314,2511,,Y15700,S
ATLANTIC,4B,NORTH CAROLINA,270,28306,LAKEDALE,2503 SOUTHERN AVE,FAYETTEVILLE,NC,28306,2948,,Y15706,S
ATLANTIC,4B,NORTH CAROLINA,270,28306,LAKEDALE CARRIERS,2800 RAEFORD RD STE 2,FAYETTEVILLE,NC,28303,9716,,020212,Z
ATLANTIC,4B,NORTH CAROLINA,270,28307,FORT BRAGG,1605 ROCK MERRITT AVE,FORT BRAGG,NC,28307,5001,,Y15343,B
ATLANTIC,4B,NORTH CAROLINA,270,28309,LAFAYETTE,907 BRIGHTON RD,FAYETTEVILLE,NC,28314,2511,P,Y15700,S
ATLANTIC,4B,NORTH CAROLINA,270,28311,TOKAY ANNEX,2812 RAMSEY ST,FAYETTEVILLE,NC,28301,3110,,Y19185,S
ATLANTIC,4B,NORTH CAROLINA,270,28312,TOKAY ANNEX,2812 RAMSEY ST,FAYETTEVILLE,NC,28301,3110,,Y19185,S
ATLANTIC,4B,NORTH CAROLINA,270,28314,CLIFFDALE,6380 CLIFFDALE RD,FAYETTEVILLE,NC,28314,2967,,000291,S
ATLANTIC,4B,NORTH CAROLINA,270,28315,ABERDEEN,111 S POPLAR ST,ABERDEEN,NC,28315,2763,,Y14675,P
ATLANTIC,4B,NORTH CAROLINA,270,28318,AUTRYVILLE,100 W WILLIAMS ST,AUTRYVILLE,NC,28318,8980,,Y14744,P
ATLANTIC,4B,NORTH CAROLINA,270,28318,STEDMAN,7519 CLINTON RD,STEDMAN,NC,28391,9065,,Y16528,P
ATLANTIC,4B,NORTH CAROLINA,270,28320,BLADENBORO,223 MARTIN LUTHER KING JR DR,BLADENBORO,NC,28320,8682,,Y14842,P
ATLANTIC,4B,NORTH CAROLINA,270,28323,BUNNLEVEL,6904 US 401 S,BUNNLEVEL,NC,28323,8470,,Y14908,P
ATLANTIC,4B,NORTH CAROLINA,270,28325,CALYPSO,108 W TRADE ST,CALYPSO,NC,28325,8900,P,Y14933,P
ATLANTIC,4B,NORTH CAROLINA,270,28326,CAMERON,450 CARTHAGE ST,CAMERON,NC,28326,8904,,Y14935,P
ATLANTIC,4B,NORTH CAROLINA,270,28326,SPOUT SPRINGS CARRIER ANNEX,196 H M CAGLE DR,CAMERON,NC,28326,7655,,018879,4
ATLANTIC,4B,NORTH CAROLINA,270,28327,CARTHAGE,105 S RAY ST,CARTHAGE,NC,28327,8794,,Y14961,P
ATLANTIC,4B,NORTH CAROLINA,270,28328,CLINTON,1011 SUNSET AVE,CLINTON,NC,28328,3817,,Y15032,P
ATLANTIC,4B,NORTH CAROLINA,270,28329,CLINTON,1011 SUNSET AVE,CLINTON,NC,28328,3817,P,Y15032,P
ATLANTIC,4B,NORTH CAROLINA,270,28330,CORDOVA,232 LEDBETTER ST,CORDOVA,NC,28330,8900,P,Y15065,P
ATLANTIC,4B,NORTH CAROLINA,270,28331,CUMBERLAND,2304 WINGATE RD,CUMBERLAND,NC,28331,8916,P,Y15105,P
ATLANTIC,4B,NORTH CAROLINA,270,28332,DUBLIN,86 3RD ST,DUBLIN,NC,28332,8903,P,Y15162,P
ATLANTIC,4B,NORTH CAROLINA,270,28333,DUDLEY,4219 US 117 ALT,DUDLEY,NC,28333,7243,,Y15164,P
ATLANTIC,4B,NORTH CAROLINA,270,28334,DUNN,1115 S CLINTON AVE,DUNN,NC,28334,6314,,Y15174,P
ATLANTIC,4B,NORTH CAROLINA,270,28335,DUNN,1115 S CLINTON AVE,DUNN,NC,28334,6314,P,Y15174,P
ATLANTIC,4B,NORTH CAROLINA,270,28337,ELIZABETHTOWN,209 S POPLAR ST,ELIZABETHTOWN,NC,28337,9313,,Y15237,P
ATLANTIC,4B,NORTH CAROLINA,270,28338,ELLERBE,268 2ND ST,ELLERBE,NC,28338,9000,,Y15247,P
ATLANTIC,4B,NORTH CAROLINA,270,28339,DUNN,1115 S CLINTON AVE,DUNN,NC,28334,6314,,Y15174,P
ATLANTIC,4B,NORTH CAROLINA,270,28339,ERWIN,904 S 13TH ST,ERWIN,NC,28339,8700,,Y15272,P
ATLANTIC,4B,NORTH CAROLINA,270,28340,FAIRMONT,100 N WALNUT ST,FAIRMONT,NC,28340,1952,,Y15289,P
ATLANTIC,4B,NORTH CAROLINA,270,28341,FAISON,110 E MAIN ST,FAISON,NC,28341,8901,,Y15293,P
ATLANTIC,4B,NORTH CAROLINA,270,28342,FALCON,7175 S WEST ST,FALCON,NC,28342,8903,P,Y15295,P
ATLANTIC,4B,NORTH CAROLINA,270,28343,GIBSON,4580 MAIN ST,GIBSON,NC,28343,8853,,Y15401,P
ATLANTIC,4B,NORTH CAROLINA,270,28343,LAURINBURG,109 S GILL ST,LAURINBURG,NC,28352,3613,,Y15719,P
ATLANTIC,4B,NORTH CAROLINA,270,28344,DUNN,1115 S CLINTON AVE,DUNN,NC,28334,6314,,Y15174,P
ATLANTIC,4B,NORTH CAROLINA,270,28344,GODWIN,8817 MAIN ST,GODWIN,NC,28344,9095,,Y15425,P
ATLANTIC,4B,NORTH CAROLINA,270,28345,HAMLET,105 W MAIN ST,HAMLET,NC,28345,3215,,Y15491,P
ATLANTIC,4B,NORTH CAROLINA,270,28347,HOFFMAN,2717 N US 1 HWY,MARSTON,NC,28363,8619,,Y15583,P
ATLANTIC,4B,NORTH CAROLINA,270,28348,HOPE MILLS,3215 N MAIN ST,HOPE MILLS,NC,28348,1830,,Y15593,P
ATLANTIC,4B,NORTH CAROLINA,270,28349,KENANSVILLE,106 N MAIN ST,KENANSVILLE,NC,28349,8966,,Y15666,P
ATLANTIC,4B,NORTH CAROLINA,270,28349,WARSAW,116 W HILL ST,WARSAW,NC,28398,1816,,Y16734,P
ATLANTIC,4B,NORTH CAROLINA,270,28350,LAKEVIEW,278 CAMP EASTER RD,LAKEVIEW,NC,28350,8900,P,Y15707,P
ATLANTIC,4B,NORTH CAROLINA,270,28351,LAUREL HILL,9140 MORGAN ST,LAUREL HILL,NC,28351,9304,,Y15714,P
ATLANTIC,4B,NORTH CAROLINA,270,28351,LAURINBURG,109 S GILL ST,LAURINBURG,NC,28352,3613,,Y15719,P
ATLANTIC,4B,NORTH CAROLINA,270,28352,LAURINBURG,109 S GILL ST,LAURINBURG,NC,28352,3613,,Y15719,P
ATLANTIC,4B,NORTH CAROLINA,270,28353,LAURINBURG,109 S GILL ST,LAURINBURG,NC,28352,3613,P,Y15719,P
ATLANTIC,4B,NORTH CAROLINA,270,28355,LEMON SPRINGS,7246 LEMON SPRINGS RD,LEMON SPRINGS,NC,28355,8902,P,Y15735,P
ATLANTIC,4B,NORTH CAROLINA,270,28356,LINDEN,4764 MAIN ST,LINDEN,NC,28356,9701,,Y15759,P
ATLANTIC,4B,NORTH CAROLINA,270,28357,HOPE MILLS,3215 N MAIN ST,HOPE MILLS,NC,28348,1830,,Y15593,P
ATLANTIC,4B,NORTH CAROLINA,270,28357,LUMBER BRIDGE,104 S FAYETTEVILLE ST,LUMBER BRIDGE,NC,28357,8778,,Y15809,P
ATLANTIC,4B,NORTH CAROLINA,270,28358,LUMBERTON,301 E 7TH ST,LUMBERTON,NC,28358,4837,,Y15810,P
ATLANTIC,4B,NORTH CAROLINA,270,28359,LUMBERTON,301 E 7TH ST,LUMBERTON,NC,28358,4837,P,Y15810,P
ATLANTIC,4B,NORTH CAROLINA,270,28360,LUMBERTON,301 E 7TH ST,LUMBERTON,NC,28358,4837,,Y15810,P
ATLANTIC,4B,NORTH CAROLINA,270,28362,MARIETTA,2733 MARIETTA RD,MARIETTA,NC,28362,8901,P,Y15840,P
ATLANTIC,4B,NORTH CAROLINA,270,28363,HOFFMAN,2717 N US 1 HWY,MARSTON,NC,28363,8619,,Y15583,P
ATLANTIC,4B,NORTH CAROLINA,270,28364,MAXTON,215 MCCASKILL AVE,MAXTON,NC,28364,1827,,Y15856,P
ATLANTIC,4B,NORTH CAROLINA,270,28365,MOUNT OLIVE,611 N BREAZEALE AVE,MOUNT OLIVE,NC,28365,1203,,Y15959,P
ATLANTIC,4B,NORTH CAROLINA,270,28366,NEWTON GROVE,208 FAYETTEVILLE ST,NEWTON GROVE,NC,28366,8992,,Y16040,P
ATLANTIC,4B,NORTH CAROLINA,270,28367,NORMAN,3664 NC HIGHWAY 220 N,NORMAN,NC,28367,8900,P,Y16046,P
ATLANTIC,4B,NORTH CAROLINA,270,28368,OLIVIA,480 SEAWELL ROSSER RD,OLIVIA,NC,28368,8900,P,Y16105,P
ATLANTIC,4B,NORTH CAROLINA,270,28369,FAIRMONT,100 N WALNUT ST,FAIRMONT,NC,28340,1952,,Y15289,P
ATLANTIC,4B,NORTH CAROLINA,270,28369,ORRUM,1545 S CREEK RD,ORRUM,NC,28369,9275,,Y16110,P
ATLANTIC,4B,NORTH CAROLINA,270,28370,PINEHURST,80 BLAKE BLVD,PINEHURST,NC,28374,8449,P,Y16174,P
ATLANTIC,4B,NORTH CAROLINA,270,28371,HOPE MILLS,3215 N MAIN ST,HOPE MILLS,NC,28348,1830,,Y15593,P
ATLANTIC,4B,NORTH CAROLINA,270,28371,PARKTON,29 S FAYETTEVILLE ST,PARKTON,NC,28371,9006,,Y16132,P
ATLANTIC,4B,NORTH CAROLINA,270,28372,PEMBROKE,404 E 3RD ST,PEMBROKE,NC,28372,8801,,Y16148,P
ATLANTIC,4B,NORTH CAROLINA,270,28373,PINEBLUFF,125 N WALNUT ST,PINEBLUFF,NC,28373,8901,,Y16173,P
ATLANTIC,4B,NORTH CAROLINA,270,28374,PINEHURST,80 BLAKE BLVD,PINEHURST,NC,28374,8449,,Y16174,P
ATLANTIC,4B,NORTH CAROLINA,270,28375,PROCTORVILLE,101 W MAIN ST,PROCTORVILLE,NC,28375,8901,P,Y16237,P
ATLANTIC,4B,NORTH CAROLINA,270,28376,RAEFORD,122 W ELWOOD AVE STE 102,RAEFORD,NC,28376,2800,,Y16257,P
ATLANTIC,4B,NORTH CAROLINA,270,28377,RED SPRINGS,230 S MAIN ST,RED SPRINGS,NC,28377,1622,,Y16275,P
ATLANTIC,4B,NORTH CAROLINA,270,28378,REX,1045 REX RD,REX,NC,28378,8901,P,Y16291,P
ATLANTIC,4B,NORTH CAROLINA,270,28379,ROCKINGHAM,119 W WASHINGTON ST,ROCKINGHAM,NC,28379,3583,,Y16327,P
ATLANTIC,4B,NORTH CAROLINA,270,28380,ROCKINGHAM,119 W WASHINGTON ST,ROCKINGHAM,NC,28379,3583,P,Y16327,P
ATLANTIC,4B,NORTH CAROLINA,270,28382,ROSEBORO,201 W PLEASANT ST,ROSEBORO,NC,28382,8910,,Y16343,P
ATLANTIC,4B,NORTH CAROLINA,270,28383,ROWLAND,202 N BOND ST,ROWLAND,NC,28383,9770,,Y16348,P
ATLANTIC,4B,NORTH CAROLINA,270,28384,SAINT PAULS,320 W BROAD ST,SAINT PAULS,NC,28384,1536,,Y16370,P
ATLANTIC,4B,NORTH CAROLINA,270,28385,SALEMBURG,108 W CLINTON ST,SALEMBURG,NC,28385,8688,,Y16373,P
ATLANTIC,4B,NORTH CAROLINA,270,28386,RED SPRINGS,230 S MAIN ST,RED SPRINGS,NC,28377,1622,,Y16275,P
ATLANTIC,4B,NORTH CAROLINA,270,28386,SHANNON,14654 NC HIGHWAY 71 N,SHANNON,NC,28386,8905,,Y16424,P
ATLANTIC,4B,NORTH CAROLINA,270,28387,SOUTHERN PINES,190 SW BROAD ST,SOUTHERN PINES,NC,28387,5452,,Y16477,P
ATLANTIC,4B,NORTH CAROLINA,270,28388,SOUTHERN PINES,190 SW BROAD ST,SOUTHERN PINES,NC,28387,5452,P,Y16477,P
ATLANTIC,4B,NORTH CAROLINA,270,28390,SPRING LAKE,225 N MAIN ST,SPRING LAKE,NC,28390,3847,,Y16496,P
ATLANTIC,4B,NORTH CAROLINA,270,28391,STEDMAN,7519 CLINTON RD,STEDMAN,NC,28391,9065,,Y16528,P
ATLANTIC,4B,NORTH CAROLINA,270,28392,SAINT PAULS,320 W BROAD ST,SAINT PAULS,NC,28384,1536,,Y16370,P
ATLANTIC,4B,NORTH CAROLINA,270,28392,TAR HEEL,14548 NC HIGHWAY 87 W,TAR HEEL,NC,28392,8900,,Y16594,P
ATLANTIC,4B,NORTH CAROLINA,270,28393,TURKEY,54 UNION RD,TURKEY,NC,28393,8467,,Y16646,P
ATLANTIC,4B,NORTH CAROLINA,270,28393,WARSAW,116 W HILL ST,WARSAW,NC,28398,1816,,Y16734,P
ATLANTIC,4B,NORTH CAROLINA,270,28394,VASS,120 SEABOARD ST,VASS,NC,28394,8919,,Y16687,P
ATLANTIC,4B,NORTH CAROLINA,270,28395,WADE,6927 WADE STEDMAN RD,WADE,NC,28395,9019,,Y16707,P
ATLANTIC,4B,NORTH CAROLINA,270,28396,WAGRAM,24100 N MAIN ST,WAGRAM,NC,28396,8939,,Y16712,P
ATLANTIC,4B,NORTH CAROLINA,270,28398,WARSAW,116 W HILL ST,WARSAW,NC,28398,1816,,Y16734,P
ATLANTIC,4B,NORTH CAROLINA,270,28399,ELIZABETHTOWN,209 S POPLAR ST,ELIZABETHTOWN,NC,28337,9313,,Y15237,P
ATLANTIC,4B,NORTH CAROLINA,270,28399,WHITE OAK,10384 NC HIGHWAY 53 W,WHITE OAK,NC,28399,9710,,Y16789,P
ATLANTIC,4B,NORTH CAROLINA,270,28401,WILMINGTON,152 N FRONT ST,WILMINGTON,NC,28401,3925,,Y16820,P
ATLANTIC,4B,NORTH CAROLINA,270,28402,WILMINGTON,152 N FRONT ST,WILMINGTON,NC,28401,3925,P,Y16820,P
ATLANTIC,4B,NORTH CAROLINA,270,28403,AZALEA,3916 OLEANDER DR,WILMINGTON,NC,28403,6758,,Y14754,S
ATLANTIC,4B,NORTH CAROLINA,270,28404,MAGNOLIA,8207 MARKET ST STE P,WILMINGTON,NC,28411,9192,P,Y19131,S
ATLANTIC,4B,NORTH CAROLINA,270,28405,DOGWOOD,314 LENNON DR,WILMINGTON,NC,28405,2383,,Y18779,S
ATLANTIC,4B,NORTH CAROLINA,270,28406,AZALEA,3916 OLEANDER DR,WILMINGTON,NC,28403,6758,P,Y14754,S
ATLANTIC,4B,NORTH CAROLINA,270,28408,MYRTLE GROVE,5637 CAROLINA BEACH RD,WILMINGTON,NC,28412,2609,P,Y18623,S
ATLANTIC,4B,NORTH CAROLINA,270,28409,MYRTLE GROVE,5637 CAROLINA BEACH RD,WILMINGTON,NC,28412,2609,,Y18623,S
ATLANTIC,4B,NORTH CAROLINA,270,28411,MAGNOLIA,8207 MARKET ST STE P,WILMINGTON,NC,28411,9192,,Y19131,S
ATLANTIC,4B,NORTH CAROLINA,270,28412,MYRTLE GROVE,5637 CAROLINA BEACH RD,WILMINGTON,NC,28412,2609,,Y18623,S
ATLANTIC,4B,NORTH CAROLINA,270,28420,ASH,3882 WHITEVILLE RD NW,ASH,NC,28420,3800,,Y14726,P
ATLANTIC,4B,NORTH CAROLINA,270,28421,ATKINSON,105 W CHURCH ST,ATKINSON,NC,28421,9230,,Y14737,P
ATLANTIC,4B,NORTH CAROLINA,270,28421,RIEGELWOOD,208 RIEGELWOOD SHOPPING CTR,RIEGELWOOD,NC,28456,8689,,Y16306,P
ATLANTIC,4B,NORTH CAROLINA,270,28422,BOLIVIA,3890 BUSINESS 17 E,BOLIVIA,NC,28422,8665,,Y14860,P
ATLANTIC,4B,NORTH CAROLINA,270,28422,BOLIVIA CARRIERS,206 E NASH ST,SOUTHPORT,NC,28461,9743,,021763,Z
ATLANTIC,4B,NORTH CAROLINA,270,28423,BOLTON,15315 SAM POTTS HWY,BOLTON,NC,28423,8407,,Y14861,P
ATLANTIC,4B,NORTH CAROLINA,270,28423,LAKE WACCAMAW,103 CHAUNCEY TOWN RD,LAKE WACCAMAW,NC,28450,2001,,Y15704,P
ATLANTIC,4B,NORTH CAROLINA,270,28424,BRUNSWICK,1424 VINSON BLVD,BRUNSWICK,NC,28424,8900,P,Y14897,P
ATLANTIC,4B,NORTH CAROLINA,270,28425,BURGAW,100 E SATCHWELL ST,BURGAW,NC,28425,5064,,Y14910,P
ATLANTIC,4B,NORTH CAROLINA,270,28428,CAROLINA BEACH,1323 BRIDGE BARRIER RD,CAROLINA BEACH,NC,28428,3931,,Y14954,P
ATLANTIC,4B,NORTH CAROLINA,270,28429,CASTLE HAYNE,4024 HOLLY SHELTER RD,CASTLE HAYNE,NC,28429,5536,,Y14967,P
ATLANTIC,4B,NORTH CAROLINA,270,28430,CERRO GORDO,76 PINE ST,CERRO GORDO,NC,28430,9268,,Y14987,P
ATLANTIC,4B,NORTH CAROLINA,270,28431,CHADBOURN,601 N BROWN ST,CHADBOURN,NC,28431,1305,,Y14988,P
ATLANTIC,4B,NORTH CAROLINA,270,28432,CLARENDON,6337 TEN MILE RD,CLARENDON,NC,28432,6000,,Y15018,P
ATLANTIC,4B,NORTH CAROLINA,270,28432,TABOR CITY,200 E 5TH ST,TABOR CITY,NC,28463,2102,,Y16588,P
ATLANTIC,4B,NORTH CAROLINA,270,28433,CLARKTON,31 E GREEN ST,CLARKTON,NC,28433,2300,,Y15019,P
ATLANTIC,4B,NORTH CAROLINA,270,28434,COUNCIL,11740 NC HIGHWAY 211 E,COUNCIL,NC,28434,9162,,Y15075,P
ATLANTIC,4B,NORTH CAROLINA,270,28434,LAKE WACCAMAW,103 CHAUNCEY TOWN RD,LAKE WACCAMAW,NC,28450,2001,,Y15704,P
ATLANTIC,4B,NORTH CAROLINA,270,28435,CURRIE,28480 NC HWY 210,CURRIE,NC,28435,9364,,Y15108,P
ATLANTIC,4B,NORTH CAROLINA,270,28436,DELCO,30 DELCO PROSPER RD,DELCO,NC,28436,9804,,Y15127,P
ATLANTIC,4B,NORTH CAROLINA,270,28438,EVERGREEN,7553 OLD HIGHWAY 74,EVERGREEN,NC,28438,9635,,Y15284,P
ATLANTIC,4B,NORTH CAROLINA,270,28438,FAIRMONT,100 N WALNUT ST,FAIRMONT,NC,28340,1952,,Y15289,P
ATLANTIC,4B,NORTH CAROLINA,270,28439,FAIR BLUFF,1115 MAIN ST,FAIR BLUFF,NC,28439,7000,,Y15286,P
ATLANTIC,4B,NORTH CAROLINA,270,28439,TABOR CITY,200 E 5TH ST,TABOR CITY,NC,28463,2102,,Y16588,P
ATLANTIC,4B,NORTH CAROLINA,270,28441,GARLAND,107 S BLADEN AVE,GARLAND,NC,28441,9716,,Y15386,P
ATLANTIC,4B,NORTH CAROLINA,270,28442,HALLSBORO,4161 SAM POTTS HWY,HALLSBORO,NC,28442,8912,,Y15488,P
ATLANTIC,4B,NORTH CAROLINA,270,28442,LAKE WACCAMAW,103 CHAUNCEY TOWN RD,LAKE WACCAMAW,NC,28450,2001,,Y15704,P
ATLANTIC,4B,NORTH CAROLINA,270,28443,HAMPSTEAD,121 DAN OWEN DR,HAMPSTEAD,NC,28443,2174,,Y15492,P
ATLANTIC,4B,NORTH CAROLINA,270,28444,HARRELLS,218 TOMAHAWK HWY,HARRELLS,NC,28444,6000,,Y15509,P
ATLANTIC,4B,NORTH CAROLINA,270,28445,HOLLY RIDGE,213 HOLLY ST,HOLLY RIDGE,NC,28445,7879,,Y15590,P
ATLANTIC,4B,NORTH CAROLINA,270,28445,SURF CITY,13567 NC HIGHWAY 50 STE D,HOLLY RIDGE,NC,28445,6572,,010941,B
ATLANTIC,4B,NORTH CAROLINA,270,28447,IVANHOE,4109 IVANHOE RD,IVANHOE,NC,28447,9147,,Y15624,P
ATLANTIC,4B,NORTH CAROLINA,270,28447,WILLARD,130 WILLARD RAILROAD ST,WILLARD,NC,28478,7842,,Y16809,P
ATLANTIC,4B,NORTH CAROLINA,270,28448,KELLY,18529 NC HIGHWAY 53 E,KELLY,NC,28448,8407,,Y15665,P
ATLANTIC,4B,NORTH CAROLINA,270,28449,KURE BEACH,237 FORT FISHER BLVD N,KURE BEACH,NC,28449,4876,,Y15695,P
ATLANTIC,4B,NORTH CAROLINA,270,28450,LAKE WACCAMAW,103 CHAUNCEY TOWN RD,LAKE WACCAMAW,NC,28450,2001,,Y15704,P
ATLANTIC,4B,NORTH CAROLINA,270,28451,LELAND,1123 VILLAGE RD NE,LELAND,NC,28451,8479,,Y15732,P
ATLANTIC,4B,NORTH CAROLINA,270,28451,LELAND ANNEX,5744 MARKET ST,WILMINGTON,NC,28405,3956,,021655,4
ATLANTIC,4B,NORTH CAROLINA,270,28452,LONGWOOD,2165 LONGWOOD RD NW,LONGWOOD,NC,28452,9763,,Y15793,P
ATLANTIC,4B,NORTH CAROLINA,270,28453,MAGNOLIA,215 E MAIN ST,MAGNOLIA,NC,28453,5000,,Y15820,P
ATLANTIC,4B,NORTH CAROLINA,270,28454,BURGAW,100 E SATCHWELL ST,BURGAW,NC,28425,5064,,Y14910,P
ATLANTIC,4B,NORTH CAROLINA,270,28454,MAPLE HILL,545 MAPLE HILL SCHOOL RD,MAPLE HILL,NC,28454,7617,,Y15831,P
ATLANTIC,4B,NORTH CAROLINA,270,28455,NAKINA,7731 SEVEN CREEKS HWY,NAKINA,NC,28455,8908,,Y16001,P
ATLANTIC,4B,NORTH CAROLINA,270,28456,RIEGELWOOD,208 RIEGELWOOD SHOPPING CTR,RIEGELWOOD,NC,28456,8689,,Y16306,P
ATLANTIC,4B,NORTH CAROLINA,270,28457,ROCKY POINT,7974 US HWY 117 S,ROCKY POINT,NC,28457,8410,,Y16333,P
ATLANTIC,4B,NORTH CAROLINA,270,28458,ROSE HILL,128 E CHURCH ST,ROSE HILL,NC,28458,7412,,Y16341,P
ATLANTIC,4B,NORTH CAROLINA,270,28459,SHALLOTTE,209 SMITH AVE,SHALLOTTE,NC,28470,4732,P,Y16421,P
ATLANTIC,4B,NORTH CAROLINA,270,28460,SNEADS FERRY,2001 NC HIGHWAY 172,SNEADS FERRY,NC,28460,6624,,Y16456,P
ATLANTIC,4B,NORTH CAROLINA,270,28461,CPU BALD HEAD ISLAND,104 LIGHTHOUSE WYND,BALD HEAD ISLAND,NC,28461,3982,,Y14763,5
ATLANTIC,4B,NORTH CAROLINA,270,28461,SOUTHPORT,206 E NASH ST,SOUTHPORT,NC,28461,3987,,Y16480,P
ATLANTIC,4B,NORTH CAROLINA,270,28461,SOUTHPORT ANNEX NEW,5260 DOSHER CUTOFF SE,SOUTHPORT,NC,28461,8906,,020158,4
ATLANTIC,4B,NORTH CAROLINA,270,28462,SUPPLY,25 BLANTON RD SE,SUPPLY,NC,28462,3590,,Y16570,P
ATLANTIC,4B,NORTH CAROLINA,270,28463,TABOR CITY,200 E 5TH ST,TABOR CITY,NC,28463,2102,,Y16588,P
ATLANTIC,4B,NORTH CAROLINA,270,28464,TEACHEY,103 N WEST AVE,TEACHEY,NC,28464,9311,,Y16605,P
ATLANTIC,4B,NORTH CAROLINA,270,28464,WALLACE,202 E SOUTHERLAND ST,WALLACE,NC,28466,2329,,Y16717,P
ATLANTIC,4B,NORTH CAROLINA,270,28465,CPU OAK ISLAND,5703 E OAK ISLAND DR,OAK ISLAND,NC,28465,5068,,Y16081,5
ATLANTIC,4B,NORTH CAROLINA,270,28465,SOUTHPORT ANNEX NEW,5260 DOSHER CUTOFF SE,SOUTHPORT,NC,28461,8906,,020158,4
ATLANTIC,4B,NORTH CAROLINA,270,28466,WALLACE,202 E SOUTHERLAND ST,WALLACE,NC,28466,2329,,Y16717,P
ATLANTIC,4B,NORTH CAROLINA,270,28467,SOUTH BRUNSWICK,1587 SEASIDE RD SW,OCEAN ISLE BEACH,NC,28469,1029,,Y16466,B
ATLANTIC,4B,NORTH CAROLINA,270,28468,SOUTH BRUNSWICK,1587 SEASIDE RD SW,OCEAN ISLE BEACH,NC,28469,1029,,Y16466,B
ATLANTIC,4B,NORTH CAROLINA,270,28469,SOUTH BRUNSWICK,1587 SEASIDE RD SW,OCEAN ISLE BEACH,NC,28469,1029,,Y16466,B
ATLANTIC,4B,NORTH CAROLINA,270,28470,SHALLOTTE,209 SMITH AVE,SHALLOTTE,NC,28470,4732,,Y16421,P
ATLANTIC,4B,NORTH CAROLINA,270,28472,WHITEVILLE,107 S LEE ST,WHITEVILLE,NC,28472,4027,,Y16795,P
ATLANTIC,4B,NORTH CAROLINA,270,28478,WILLARD,130 WILLARD RAILROAD ST,WILLARD,NC,28478,7842,,Y16809,P
ATLANTIC,4B,NORTH CAROLINA,270,28479,WINNABOW,6351 OCEAN HWY E,WINNABOW,NC,28479,5770,,Y16830,P
ATLANTIC,4B,NORTH CAROLINA,270,28480,WRIGHTSVILLE BEACH,206 CAUSEWAY DR,WRIGHTSVILLE BEACH,NC,28480,1748,,Y16852,P
ATLANTIC,4B,NORTH CAROLINA,270,28501,KINSTON,208 E CASWELL ST,KINSTON,NC,28501,4995,,Y15687,P
ATLANTIC,4B,NORTH CAROLINA,270,28502,KINSTON,208 E CASWELL ST,KINSTON,NC,28501,4995,P,Y15687,P
ATLANTIC,4B,NORTH CAROLINA,270,28503,PLAZA KINSTON,2433 N HERRITAGE ST,KINSTON,NC,28501,1613,P,Y16134,S
ATLANTIC,4B,NORTH CAROLINA,270,28504,KINSTON,208 E CASWELL ST,KINSTON,NC,28501,4995,,Y15687,P
ATLANTIC,4B,NORTH CAROLINA,270,28508,ALBERTSON,3714 N NC 903 HWY,ALBERTSON,NC,28508,9534,,Y14689,P
ATLANTIC,4B,NORTH CAROLINA,270,28508,PINK HILL,5951 HWY 11 S,PINK HILL,NC,28572,9554,,Y16183,P
ATLANTIC,4B,NORTH CAROLINA,270,28509,ALLIANCE,13144 NC 55 HWY,ALLIANCE,NC,28509,5000,P,Y14695,P
ATLANTIC,4B,NORTH CAROLINA,270,28510,ARAPAHOE,7706 KERSHAW RD,ARAPAHOE,NC,28510,9709,,Y14714,P
ATLANTIC,4B,NORTH CAROLINA,270,28511,ATLANTIC,755 SEASHORE DR,ATLANTIC,NC,28511,9796,,Y14738,P
ATLANTIC,4B,NORTH CAROLINA,270,28512,ATLANTIC BEACH,1516 W FORT MACON RD,ATLANTIC BEACH,NC,28512,5328,,Y14740,P
ATLANTIC,4B,NORTH CAROLINA,270,28513,AYDEN,452 SECOND ST,AYDEN,NC,28513,7179,,Y14751,P
ATLANTIC,4B,NORTH CAROLINA,270,28515,BAYBORO,107 MAIN ST,BAYBORO,NC,28515,9685,,Y14790,P
ATLANTIC,4B,NORTH CAROLINA,270,28516,BEAUFORT,1903 LIVE OAK ST,BEAUFORT,NC,28516,7925,,Y14794,P
ATLANTIC,4B,NORTH CAROLINA,270,28518,BEULAVILLE,807 E MAIN ST,BEULAVILLE,NC,28518,8715,,Y14826,P
ATLANTIC,4B,NORTH CAROLINA,270,28519,BRIDGETON,601 N D ST,BRIDGETON,NC,28519,5000,P,Y14884,P
ATLANTIC,4B,NORTH CAROLINA,270,28520,CEDAR ISLAND,3553 CEDAR ISLAND RD,CEDAR ISLAND,NC,28520,9632,,Y14977,P
ATLANTIC,4B,NORTH CAROLINA,270,28521,BEULAVILLE,807 E MAIN ST,BEULAVILLE,NC,28518,8715,,Y14826,P
ATLANTIC,4B,NORTH CAROLINA,270,28521,CHINQUAPIN,2758 S NC 41 50 HWY,CHINQUAPIN,NC,28521,8502,,Y15013,P
ATLANTIC,4B,NORTH CAROLINA,270,28522,COMFORT,4262 HIGHWAY 41 W,COMFORT,NC,28522,5001,P,Y15052,P
ATLANTIC,4B,NORTH CAROLINA,270,28523,COVE CITY,201 E SUNSET BLVD,COVE CITY,NC,28523,9603,,Y15079,P
ATLANTIC,4B,NORTH CAROLINA,270,28523,TRENTON,115 S MARKET ST,TRENTON,NC,28585,5000,,Y16637,P
ATLANTIC,4B,NORTH CAROLINA,270,28524,DAVIS,272 HORSESHOE RD,DAVIS,NC,28524,5000,,Y15121,P
ATLANTIC,4B,NORTH CAROLINA,270,28525,DEEP RUN,3466 OLD HWY 11,DEEP RUN,NC,28525,9304,,Y15124,P
ATLANTIC,4B,NORTH CAROLINA,270,28525,PINK HILL,5951 HWY 11 S,PINK HILL,NC,28572,9554,,Y16183,P
ATLANTIC,4B,NORTH CAROLINA,270,28526,DOVER,115 W KORNEGAY ST,DOVER,NC,28526,9427,,Y15149,P
ATLANTIC,4B,NORTH CAROLINA,270,28526,KINSTON,208 E CASWELL ST,KINSTON,NC,28501,4995,,Y15687,P
ATLANTIC,4B,NORTH CAROLINA,270,28527,ERNUL,1000 HILLS NECK RD,ERNUL,NC,28527,9720,,Y15271,P
ATLANTIC,4B,NORTH CAROLINA,270,28527,VANCEBORO,8134 MAIN ST,VANCEBORO,NC,28586,9154,,Y16678,P
ATLANTIC,4B,NORTH CAROLINA,270,28528,GLOUCESTER,310 PIGOTT RD,GLOUCESTER,NC,28528,9344,,Y15424,P
ATLANTIC,4B,NORTH CAROLINA,270,28528,HARKERS ISLAND,823 ISLAND RD,HARKERS ISLAND,NC,28531,9525,,Y15506,P
ATLANTIC,4B,NORTH CAROLINA,270,28529,GRANTSBORO,10644 NC 55 HWY,GRANTSBORO,NC,28529,5000,,Y15447,P
ATLANTIC,4B,NORTH CAROLINA,270,28530,GRIFTON,466 QUEEN ST,GRIFTON,NC,28530,9731,,Y15469,P
ATLANTIC,4B,NORTH CAROLINA,270,28531,HARKERS ISLAND,823 ISLAND RD,HARKERS ISLAND,NC,28531,9525,,Y15506,P
ATLANTIC,4B,NORTH CAROLINA,270,28532,CHERRY POINT,153 E ST,HAVELOCK,NC,28532,5000,,Y14999,S
ATLANTIC,4B,NORTH CAROLINA,270,28532,HAVELOCK,133 US HIGHWAY 70 W,HAVELOCK,NC,28532,9431,,Y15522,P
ATLANTIC,4B,NORTH CAROLINA,270,28537,HOBUCKEN,51 SCHOOL HOUSE LOOP,HOBUCKEN,NC,28537,5000,,Y15581,P
ATLANTIC,4B,NORTH CAROLINA,270,28538,HOOKERTON,116 S THIRD ST,HOOKERTON,NC,28538,9997,,Y15592,P
ATLANTIC,4B,NORTH CAROLINA,270,28539,HUBERT,382 HUBERT BLVD,HUBERT,NC,28539,4266,,Y15600,P
ATLANTIC,4B,NORTH CAROLINA,270,28540,JACKSONVILLE,719 NEW BRIDGE ST,JACKSONVILLE,NC,28540,5447,,Y15633,P
ATLANTIC,4B,NORTH CAROLINA,270,28540,MCCUTCHEON FIELD,234 CURTIS RD,MCAS NEW RIVER,NC,28545,5002,,Y15879,B
ATLANTIC,4B,NORTH CAROLINA,270,28540,NORTHWOODS,2501 ONSLOW DR UNIT 100,JACKSONVILLE,NC,28540,5751,,Y16070,S
ATLANTIC,4B,NORTH CAROLINA,270,28541,JACKSONVILLE,719 NEW BRIDGE ST,JACKSONVILLE,NC,28540,5447,P,Y15633,P
ATLANTIC,4B,NORTH CAROLINA,270,28543,JACKSONVILLE,719 NEW BRIDGE ST,JACKSONVILLE,NC,28540,5447,,Y15633,P
ATLANTIC,4B,NORTH CAROLINA,270,28544,BRYNN MARR,279 HUFF DR,JACKSONVILLE,NC,28546,7494,,Y14898,S
ATLANTIC,4B,NORTH CAROLINA,270,28546,BRYNN MARR,279 HUFF DR,JACKSONVILLE,NC,28546,7494,,Y14898,S
ATLANTIC,4B,NORTH CAROLINA,270,28547,BRYNN MARR,279 HUFF DR,JACKSONVILLE,NC,28546,7494,,Y14898,S
ATLANTIC,4B,NORTH CAROLINA,270,28547,CAMP LEJEUNE,1770 MCHUGH BLVD,CAMP LEJEUNE,NC,28547,5000,,Y14939,B
ATLANTIC,4B,NORTH CAROLINA,270,28551,LA GRANGE,209 S CASWELL ST,LA GRANGE,NC,28551,1709,,Y15696,P
ATLANTIC,4B,NORTH CAROLINA,270,28552,HOBUCKEN,51 SCHOOL HOUSE LOOP,HOBUCKEN,NC,28537,5000,,Y15581,P
ATLANTIC,4B,NORTH CAROLINA,270,28553,MARSHALLBERG,1160 MARSHALLBERG RD,MARSHALLBERG,NC,28553,9723,,Y15846,P
ATLANTIC,4B,NORTH CAROLINA,270,28554,MAURY,3413 HIGHWAY 903 N,MAURY,NC,28554,9800,P,Y15855,P
ATLANTIC,4B,NORTH CAROLINA,270,28555,MAYSVILLE,1004 MAIN ST,MAYSVILLE,NC,28555,5000,,Y15860,P
ATLANTIC,4B,NORTH CAROLINA,270,28556,MERRITT,19686 NC HIGHWAY 55,MERRITT,NC,28556,5000,,Y15890,P
ATLANTIC,4B,NORTH CAROLINA,270,28557,MOREHEAD CITY,3500 BRIDGES ST,MOREHEAD CITY,NC,28557,3095,,Y15946,P
ATLANTIC,4B,NORTH CAROLINA,270,28560,NEW BERN,1851 S GLENBURNIE RD,NEW BERN,NC,28562,5268,,Y16023,P
ATLANTIC,4B,NORTH CAROLINA,270,28561,NEW BERN,1851 S GLENBURNIE RD,NEW BERN,NC,28562,5268,P,Y16023,P
ATLANTIC,4B,NORTH CAROLINA,270,28562,NEW BERN,1851 S GLENBURNIE RD,NEW BERN,NC,28562,5268,,Y16023,P
ATLANTIC,4B,NORTH CAROLINA,270,28563,DOWNTOWN NEW BERN,233 MIDDLE ST STE 101,NEW BERN,NC,28560,2101,P,Y15155,S
ATLANTIC,4B,NORTH CAROLINA,270,28564,NEUSE FOREST,1620 OLD CHERRY POINT RD,NEW BERN,NC,28560,9702,P,Y16020,B
ATLANTIC,4B,NORTH CAROLINA,270,28570,NEWPORT,337 HOWARD BLVD,NEWPORT,NC,28570,7929,,Y16037,P
ATLANTIC,4B,NORTH CAROLINA,270,28571,ORIENTAL,809 BROAD ST,ORIENTAL,NC,28571,9781,,Y16108,P
ATLANTIC,4B,NORTH CAROLINA,270,28572,PINK HILL,5951 HWY 11 S,PINK HILL,NC,28572,9554,,Y16183,P
ATLANTIC,4B,NORTH CAROLINA,270,28573,POLLOCKSVILLE,125 MAIN ST,POLLOCKSVILLE,NC,28573,5000,,Y16212,P
ATLANTIC,4B,NORTH CAROLINA,270,28574,RICHLANDS,8201 RICHLANDS HWY,RICHLANDS,NC,28574,7403,,Y16300,P
ATLANTIC,4B,NORTH CAROLINA,270,28575,ATLANTIC BEACH,1516 W FORT MACON RD,ATLANTIC BEACH,NC,28512,5328,P,Y14740,P
ATLANTIC,4B,NORTH CAROLINA,270,28577,SEALEVEL,751 HWY 70 SEA LEVEL,SEALEVEL,NC,28577,9609,,Y16402,P
ATLANTIC,4B,NORTH CAROLINA,270,28578,LA GRANGE,209 S CASWELL ST,LA GRANGE,NC,28551,1709,,Y15696,P
ATLANTIC,4B,NORTH CAROLINA,270,28578,SEVEN SPRINGS,301 MAIN ST,SEVEN SPRINGS,NC,28578,8591,,Y16414,P
ATLANTIC,4B,NORTH CAROLINA,270,28579,SMYRNA,467 HWY 70 SMYRNA,SMYRNA,NC,28579,9502,,Y16455,P
ATLANTIC,4B,NORTH CAROLINA,270,28580,SNOW HILL,911 SE SECOND ST,SNOW HILL,NC,28580,1634,,Y16459,P
ATLANTIC,4B,NORTH CAROLINA,270,28581,SEALEVEL,751 HWY 70 SEA LEVEL,SEALEVEL,NC,28577,9609,,Y16402,P
ATLANTIC,4B,NORTH CAROLINA,270,28582,SWANSBORO,664 W CORBETT AVE,SWANSBORO,NC,28584,8572,,Y16581,P
ATLANTIC,4B,NORTH CAROLINA,270,28583,STONEWALL,16375 NC 55 HWY,STONEWALL,NC,28583,5000,P,Y16538,P
ATLANTIC,4B,NORTH CAROLINA,270,28584,SWANSBORO,664 W CORBETT AVE,SWANSBORO,NC,28584,8572,,Y16581,P
ATLANTIC,4B,NORTH CAROLINA,270,28585,TRENTON,115 S MARKET ST,TRENTON,NC,28585,5000,,Y16637,P
ATLANTIC,4B,NORTH CAROLINA,270,28586,VANCEBORO,8134 MAIN ST,VANCEBORO,NC,28586,9154,,Y16678,P
ATLANTIC,4B,NORTH CAROLINA,270,28587,BAYBORO,107 MAIN ST,BAYBORO,NC,28515,9685,,Y14790,P
ATLANTIC,4B,NORTH CAROLINA,270,28589,SMYRNA,467 HWY 70 SMYRNA,SMYRNA,NC,28579,9502,P,Y16455,P
ATLANTIC,4B,NORTH CAROLINA,270,28590,WINTERVILLE,467 MAIN ST,WINTERVILLE,NC,28590,9748,,Y16836,P
ATLANTIC,4B,NORTH CAROLINA,270,28594,EMERALD ISLE,142 EASTVIEW DR,EMERALD ISLE,NC,28594,1911,,000155,P
ATLANTIC,4B,NORTH CAROLINA,270,28601,HICKORY,231 GOVERNMENT AVE SW STE 99,HICKORY,NC,28602,2958,,Y15554,P
ATLANTIC,4B,NORTH CAROLINA,270,28602,HICKORY,231 GOVERNMENT AVE SW STE 99,HICKORY,NC,28602,2958,,Y15554,P
ATLANTIC,4B,NORTH CAROLINA,270,28603,CPU BETHLEHEM REALTY,75 RINK DAM RD,HICKORY,NC,28601,9303,P,Y14825,5
ATLANTIC,4B,NORTH CAROLINA,270,28603,HICKORY,231 GOVERNMENT AVE SW STE 99,HICKORY,NC,28602,2958,P,Y15554,P
ATLANTIC,4B,NORTH CAROLINA,270,28603,CPU LENOIR RHYNE COLLEGE,625 7TH AVE NE,HICKORY,NC,28601,3986,P,Y15738,5
ATLANTIC,4B,NORTH CAROLINA,270,28603,CPU SPRINGS ROAD,1269 16TH ST NE STE E,HICKORY,NC,28601,4271,P,Y16498,5
ATLANTIC,4B,NORTH CAROLINA,270,28604,BANNER ELK,155 CENTRAL WAY SW,BANNER ELK,NC,28604,9901,,Y14771,P
ATLANTIC,4B,NORTH CAROLINA,270,28605,BLOWING ROCK,977 MAIN ST,BLOWING ROCK,NC,28605,9932,,Y14851,P
ATLANTIC,4B,NORTH CAROLINA,270,28606,BOOMER,2716 BOOMER RD,BOOMER,NC,28606,8201,,Y14865,P
ATLANTIC,4B,NORTH CAROLINA,270,28606,MORAVIAN FALLS,1933 MORAVIAN FALLS RD,MORAVIAN FALLS,NC,28654,9603,,Y15942,P
ATLANTIC,4B,NORTH CAROLINA,270,28607,BOONE,1544 BLOWING ROCK RD,BOONE,NC,28607,1000,,Y14866,P
ATLANTIC,4B,NORTH CAROLINA,270,28607,DOWNTOWN BOONE,680 W KING ST,BOONE,NC,28607,1017,,Y15152,S
ATLANTIC,4B,NORTH CAROLINA,270,28609,CATAWBA,100 E CENTRAL AVE,CATAWBA,NC,28609,9518,,Y14970,P
ATLANTIC,4B,NORTH CAROLINA,270,28610,CLAREMONT,3327 E MAIN ST,CLAREMONT,NC,28610,8699,,Y15017,P
ATLANTIC,4B,NORTH CAROLINA,270,28611,COLLETTSVILLE,4323 COLLETTSVILLE RD,COLLETTSVILLE,NC,28611,9104,,Y15044,P
ATLANTIC,4B,NORTH CAROLINA,270,28612,CONNELLY SPRINGS,1015 US HIGHWAY 70,CONNELLY SPRINGS,NC,28612,7607,,Y15057,P
ATLANTIC,4B,NORTH CAROLINA,270,28613,CONOVER,201 1ST ST E,CONOVER,NC,28613,2130,,Y15059,P
ATLANTIC,4B,NORTH CAROLINA,270,28613,NEWTON,218 S MAIN AVE,NEWTON,NC,28658,3357,,Y16039,P
ATLANTIC,4B,NORTH CAROLINA,270,28615,CRESTON,636 THREE TOP RD,CRESTON,NC,28615,9997,,Y15093,P
ATLANTIC,4B,NORTH CAROLINA,270,28615,JEFFERSON,410 E MAIN ST,JEFFERSON,NC,28640,8985,,Y15647,P
ATLANTIC,4B,NORTH CAROLINA,270,28616,CROSSNORE,3 FOUNTAIN CIR,CROSSNORE,NC,28616,9800,P,Y15098,P
ATLANTIC,4B,NORTH CAROLINA,270,28617,CRUMPLER,9247 OLD HIGHWAY 16,CRUMPLER,NC,28617,9757,,Y15101,P
ATLANTIC,4B,NORTH CAROLINA,270,28618,DEEP GAP,7378 OLD 421 S,DEEP GAP,NC,28618,8934,,Y15122,P
ATLANTIC,4B,NORTH CAROLINA,270,28619,DREXEL,200 CHURCH ST,DREXEL,NC,28619,9800,P,Y15159,P
ATLANTIC,4B,NORTH CAROLINA,270,28621,ELKIN,213 W MAIN ST,ELKIN,NC,28621,3489,,Y15242,P
ATLANTIC,4B,NORTH CAROLINA,270,28622,ELK PARK,153 MAIN ST,ELK PARK,NC,28622,9186,,Y15239,P
ATLANTIC,4B,NORTH CAROLINA,270,28623,ENNICE,2529 BARRETT RD,ENNICE,NC,28623,9064,,Y15265,P
ATLANTIC,4B,NORTH CAROLINA,270,28623,SPARTA,79 S GRAYSON ST,SPARTA,NC,28675,9598,,Y16483,P
ATLANTIC,4B,NORTH CAROLINA,270,28624,FERGUSON,12650 W NC HIGHWAY 268,FERGUSON,NC,28624,9033,,Y15317,P
ATLANTIC,4B,NORTH CAROLINA,270,28624,MORAVIAN FALLS,1933 MORAVIAN FALLS RD,MORAVIAN FALLS,NC,28654,9603,,Y15942,P
ATLANTIC,4B,NORTH CAROLINA,270,28625,STATESVILLE,301 S OAKLAND AVE,STATESVILLE,NC,28677,9998,,Y16524,P
ATLANTIC,4B,NORTH CAROLINA,270,28626,BOONE,1544 BLOWING ROCK RD,BOONE,NC,28607,1000,,Y14866,P
ATLANTIC,4B,NORTH CAROLINA,270,28626,TODD,4021 TODD RAILROAD GRADE RD,TODD,NC,28684,9380,,Y16621,P
ATLANTIC,4B,NORTH CAROLINA,270,28627,GLADE VALLEY,18 GLADE VALLEY CHURCH RD,GLADE VALLEY,NC,28627,9100,,Y15406,P
ATLANTIC,4B,NORTH CAROLINA,270,28627,SPARTA,79 S GRAYSON ST,SPARTA,NC,28675,9598,,Y16483,P
ATLANTIC,4B,NORTH CAROLINA,270,28628,GLEN ALPINE,102 CATAWBA ST,GLEN ALPINE,NC,28628,9800,P,Y15409,P
ATLANTIC,4B,NORTH CAROLINA,270,28629,GLENDALE SPRINGS,7471 NC HIGHWAY 16,GLENDALE SPRINGS,NC,28629,9800,,Y15414,P
ATLANTIC,4B,NORTH CAROLINA,270,28630,GRANITE FALLS,1 LAKESIDE AVE,GRANITE FALLS,NC,28630,1701,,Y15443,P
ATLANTIC,4B,NORTH CAROLINA,270,28631,GRASSY CREEK,15500 OLD NC HIGHWAY 16,GRASSY CREEK,NC,28631,9361,,Y15449,P
ATLANTIC,4B,NORTH CAROLINA,270,28631,LANSING,9294 NC HIGHWAY 194 N,LANSING,NC,28643,9550,,Y15709,P
ATLANTIC,4B,NORTH CAROLINA,270,28634,HARMONY,3348 HARMONY HWY,HARMONY,NC,28634,9366,,Y15507,P
ATLANTIC,4B,NORTH CAROLINA,270,28635,HAYS,5465 MOUNTAIN VIEW RD,HAYS,NC,28635,9674,,Y15531,P
ATLANTIC,4B,NORTH CAROLINA,270,28636,HIDDENITE,5181 NC HIGHWAY 90 E,HIDDENITE,NC,28636,9399,,Y15557,P
ATLANTIC,4B,NORTH CAROLINA,270,28637,HILDEBRAN,511 US HIGHWAY 70 W STE D,HILDEBRAN,NC,28637,8398,,Y15569,P
ATLANTIC,4B,NORTH CAROLINA,270,28638,HUDSON,101 FAIRWAY AVE,HUDSON,NC,28638,2490,,Y15601,P
ATLANTIC,4B,NORTH CAROLINA,270,28640,JEFFERSON,410 E MAIN ST,JEFFERSON,NC,28640,8985,,Y15647,P
ATLANTIC,4B,NORTH CAROLINA,270,28641,JONAS RIDGE,9042 NC HWY 181,JONAS RIDGE,NC,28641,9801,P,Y15651,P
ATLANTIC,4B,NORTH CAROLINA,270,28642,JONESVILLE,127 N BRIDGE ST,JONESVILLE,NC,28642,2260,,Y15653,P
ATLANTIC,4B,NORTH CAROLINA,270,28643,LANSING,9294 NC HIGHWAY 194 N,LANSING,NC,28643,9550,,Y15709,P
ATLANTIC,4B,NORTH CAROLINA,270,28644,LAUREL SPRINGS,12533 NC HIGHWAY 18 S,LAUREL SPRINGS,NC,28644,9276,,Y15718,P
ATLANTIC,4B,NORTH CAROLINA,270,28644,SPARTA,79 S GRAYSON ST,SPARTA,NC,28675,9598,,Y16483,P
ATLANTIC,4B,NORTH CAROLINA,270,28645,LENOIR,114 RIDGE ST NW,LENOIR,NC,28645,5200,,Y15736,P
ATLANTIC,4B,NORTH CAROLINA,270,28646,LINVILLE,4235 MITCHELL AVE,LINVILLE,NC,28646,9800,P,Y15760,P
ATLANTIC,4B,NORTH CAROLINA,270,28647,LINVILLE FALLS,8890 NC HIGHWAY 183,LINVILLE FALLS,NC,28647,9800,P,Y15761,P
ATLANTIC,4B,NORTH CAROLINA,270,28649,MC GRADY,11532 SPARTA RD,MC GRADY,NC,28649,9432,,Y15872,P
ATLANTIC,4B,NORTH CAROLINA,270,28650,MAIDEN,512 ISLAND FORD RD,MAIDEN,NC,28650,8799,,Y15823,P
ATLANTIC,4B,NORTH CAROLINA,270,28651,MILLERS CREEK,148 POST OFFICE DR,MILLERS CREEK,NC,28651,9501,,Y15913,P
ATLANTIC,4B,NORTH CAROLINA,270,28652,MINNEAPOLIS,2751 US HIGHWAY 19 E,MINNEAPOLIS,NC,28652,9800,P,Y15922,P
ATLANTIC,4B,NORTH CAROLINA,270,28653,MONTEZUMA,380 OLD NC HIGHWAY 181,MONTEZUMA,NC,28653,9800,P,Y15932,P
ATLANTIC,4B,NORTH CAROLINA,270,28654,MORAVIAN FALLS,1933 MORAVIAN FALLS RD,MORAVIAN FALLS,NC,28654,9603,,Y15942,P
ATLANTIC,4B,NORTH CAROLINA,270,28655,MORGANTON,320 SANFORD DR,MORGANTON,NC,28655,2574,,Y15949,P
ATLANTIC,4B,NORTH CAROLINA,270,28657,NEWLAND,124 ELK ST,NEWLAND,NC,28657,9311,,Y16035,P
ATLANTIC,4B,NORTH CAROLINA,270,28658,NEWTON,218 S MAIN AVE,NEWTON,NC,28658,3357,,Y16039,P
ATLANTIC,4B,NORTH CAROLINA,270,28659,NORTH WILKESBORO,300 8TH ST,NORTH WILKESBORO,NC,28659,4163,,Y16064,P
ATLANTIC,4B,NORTH CAROLINA,270,28660,HARMONY,3348 HARMONY HWY,HARMONY,NC,28634,9366,,Y15507,P
ATLANTIC,4B,NORTH CAROLINA,270,28660,OLIN,583 OLIN LOOP,OLIN,NC,28660,9516,,Y16101,P
ATLANTIC,4B,NORTH CAROLINA,270,28661,PATTERSON,2008 ROBY MARTIN RD,PATTERSON,NC,28661,9800,P,Y16139,P
ATLANTIC,4B,NORTH CAROLINA,270,28662,PINEOLA,2884 LINVILLE FALLS HWY,PINEOLA,NC,28662,9800,P,Y16175,P
ATLANTIC,4B,NORTH CAROLINA,270,28663,PINEY CREEK,4216 PINEY POST OFFICE RD,PINEY CREEK,NC,28663,9112,,Y16181,P
ATLANTIC,4B,NORTH CAROLINA,270,28663,SPARTA,79 S GRAYSON ST,SPARTA,NC,28675,9598,,Y16483,P
ATLANTIC,4B,NORTH CAROLINA,270,28664,MINNEAPOLIS,2751 US HIGHWAY 19 E,MINNEAPOLIS,NC,28652,9800,P,Y15922,P
ATLANTIC,4B,NORTH CAROLINA,270,28665,PURLEAR,226 PURLEAR RD,PURLEAR,NC,28665,9246,,Y16249,P
ATLANTIC,4B,NORTH CAROLINA,270,28666,ICARD,3462 MILLER BRIDGE RD,ICARD,NC,28666,9800,P,Y15611,P
ATLANTIC,4B,NORTH CAROLINA,270,28667,RHODHISS,206 CHURCH ST,RHODHISS,NC,28667,9800,P,Y16294,P
ATLANTIC,4B,NORTH CAROLINA,270,28668,ROARING GAP,11370 US HIGHWAY 21 S,ROARING GAP,NC,28668,9998,,Y16315,P
ATLANTIC,4B,NORTH CAROLINA,270,28669,ROARING RIVER,7953 ELKIN HIGHWAY 268,ROARING RIVER,NC,28669,9800,,Y16317,P
ATLANTIC,4B,NORTH CAROLINA,270,28669,RONDA,383 3RD ST,RONDA,NC,28670,9998,,Y16339,P
ATLANTIC,4B,NORTH CAROLINA,270,28670,RONDA,383 3RD ST,RONDA,NC,28670,9998,,Y16339,P
ATLANTIC,4B,NORTH CAROLINA,270,28671,RUTHERFORD COLLEGE,721C MALCOLM BLVD,RUTHERFORD COLLEGE,NC,28671,9995,P,Y16361,P
ATLANTIC,4B,NORTH CAROLINA,270,28672,SPARTA,79 S GRAYSON ST,SPARTA,NC,28675,9598,,Y16483,P
ATLANTIC,4B,NORTH CAROLINA,270,28673,SHERRILLS FORD,8220 SHERRILLS FORD RD,SHERRILLS FORD,NC,28673,7311,,Y16433,P
ATLANTIC,4B,NORTH CAROLINA,270,28675,SPARTA,79 S GRAYSON ST,SPARTA,NC,28675,9598,,Y16483,P
ATLANTIC,4B,NORTH CAROLINA,270,28676,STATE ROAD,950 KLONDIKE RD,STATE ROAD,NC,28676,8878,,Y16521,P
ATLANTIC,4B,NORTH CAROLINA,270,28677,STATESVILLE,301 S OAKLAND AVE,STATESVILLE,NC,28677,9998,,Y16524,P
ATLANTIC,4B,NORTH CAROLINA,270,28678,STONY POINT,8814 NC HWY 90 E,STONY POINT,NC,28678,9301,,Y16543,P
ATLANTIC,4B,NORTH CAROLINA,270,28679,ZIONVILLE,12416 US HIGHWAY 421 N,ZIONVILLE,NC,28698,9998,,Y16870,P
ATLANTIC,4B,NORTH CAROLINA,270,28679,SUGAR GROVE CARRIERS,12416 US HIGHWAY 421 N,ZIONVILLE,NC,28698,9611,,021492,Z
ATLANTIC,4B,NORTH CAROLINA,270,28680,MORGANTON,320 SANFORD DR,MORGANTON,NC,28655,2574,P,Y15949,P
ATLANTIC,4B,NORTH CAROLINA,270,28681,TAYLORSVILLE,220 1ST AVE SW,TAYLORSVILLE,NC,28681,9998,,Y16602,P
ATLANTIC,4B,NORTH CAROLINA,270,28682,SHERRILLS FORD,8220 SHERRILLS FORD RD,SHERRILLS FORD,NC,28673,7311,,Y16433,P
ATLANTIC,4B,NORTH CAROLINA,270,28682,TERRELL,7985 NC HIGHWAY 150 E,TERRELL,NC,28682,9998,,Y16607,P
ATLANTIC,4B,NORTH CAROLINA,270,28683,STATE ROAD,950 KLONDIKE RD,STATE ROAD,NC,28676,8878,,Y16521,P
ATLANTIC,4B,NORTH CAROLINA,270,28683,THURMOND,2301 THURMOND RD,THURMOND,NC,28683,9997,,Y16613,P
ATLANTIC,4B,NORTH CAROLINA,270,28684,BOONE,1544 BLOWING ROCK RD,BOONE,NC,28607,1000,,Y14866,P
ATLANTIC,4B,NORTH CAROLINA,270,28684,TODD,4021 TODD RAILROAD GRADE RD,TODD,NC,28684,9380,,Y16621,P
ATLANTIC,4B,NORTH CAROLINA,270,28685,HAYS,5465 MOUNTAIN VIEW RD,HAYS,NC,28635,9674,,Y15531,P
ATLANTIC,4B,NORTH CAROLINA,270,28685,TRAPHILL,9550 TRAPHILL RD,TRAPHILL,NC,28685,9245,,Y16634,P
ATLANTIC,4B,NORTH CAROLINA,270,28687,STATESVILLE,301 S OAKLAND AVE,STATESVILLE,NC,28677,9998,P,Y16524,P
ATLANTIC,4B,NORTH CAROLINA,270,28687,CPU DOWNTOWN POSTAL UNIT,205 W FRONT ST,STATESVILLE,NC,28677,5862,P,009971,5
ATLANTIC,4B,NORTH CAROLINA,270,28688,TURNERSBURG,2223 TURNERSBURG HWY,TURNERSBURG,NC,28688,9800,P,Y16648,P
ATLANTIC,4B,NORTH CAROLINA,270,28689,HARMONY,3348 HARMONY HWY,HARMONY,NC,28634,9366,,Y15507,P
ATLANTIC,4B,NORTH CAROLINA,270,28689,UNION GROVE,1501 UNION GROVE RD,UNION GROVE,NC,28689,9800,,Y16661,P
ATLANTIC,4B,NORTH CAROLINA,270,28690,VALDESE,300 RODORET ST S,VALDESE,NC,28690,2869,,Y16673,P
ATLANTIC,4B,NORTH CAROLINA,270,28691,VALLE CRUCIS,3565 NC HIGHWAY 194 S,BANNER ELK,NC,28604,7877,P,Y16675,C
ATLANTIC,4B,NORTH CAROLINA,270,28692,VILAS,6141 US HIGHWAY 421 N,VILAS,NC,28692,8463,,Y16696,P
ATLANTIC,4B,NORTH CAROLINA,270,28693,LANSING,9294 NC HIGHWAY 194 N,LANSING,NC,28643,9550,,Y15709,P
ATLANTIC,4B,NORTH CAROLINA,270,28693,WARRENSVILLE,122 NW SCHOOL RD,WARRENSVILLE,NC,28693,9579,,Y16729,P
ATLANTIC,4B,NORTH CAROLINA,270,28694,WEST JEFFERSON,419 E 2ND ST,WEST JEFFERSON,NC,28694,9641,,Y16772,P
ATLANTIC,4B,NORTH CAROLINA,270,28697,WILKESBORO,207 W MAIN ST STE 102,WILKESBORO,NC,28697,2465,,Y16807,P
ATLANTIC,4B,NORTH CAROLINA,270,28698,ZIONVILLE,12416 US HIGHWAY 421 N,ZIONVILLE,NC,28698,9998,,Y16870,P
ATLANTIC,4B,NORTH CAROLINA,270,28699,SCOTTS,4700 TAYLORSVILLE RD,SCOTTS,NC,28699,9998,P,Y16395,P
ATLANTIC,4B,NORTH CAROLINA,270,28701,ALEXANDER,2350 OLD MARSHALL HWY,ALEXANDER,NC,28701,9679,,Y14690,P
ATLANTIC,4B,NORTH CAROLINA,270,28702,ALMOND,1940 NC HIGHWAY 28 N,ALMOND,NC,28702,9603,,Y14697,P
ATLANTIC,4B,NORTH CAROLINA,270,28702,ROBBINSVILLE,74 SWEETWATER RD,ROBBINSVILLE,NC,28771,9401,,Y16319,P
ATLANTIC,4B,NORTH CAROLINA,270,28704,ARDEN,2385 HENDERSONVILLE RD,ARDEN,NC,28704,4506,,Y14720,P
ATLANTIC,4B,NORTH CAROLINA,270,28705,BAKERSVILLE,130 HEMLOCK DR,BAKERSVILLE,NC,28705,7491,,Y14760,P
ATLANTIC,4B,NORTH CAROLINA,270,28707,BALSAM,103 CABIN FLATS RD,BALSAM,NC,28707,9798,P,Y14767,P
ATLANTIC,4B,NORTH CAROLINA,270,28708,BALSAM GROVE,8125 PARKWAY RD,BALSAM GROVE,NC,28708,9725,,Y14768,P
ATLANTIC,4B,NORTH CAROLINA,270,28709,BARNARDSVILLE,1664 BARNARDSVILLE HWY,BARNARDSVILLE,NC,28709,9700,,Y14776,P
ATLANTIC,4B,NORTH CAROLINA,270,28710,BAT CAVE,89 LAKE LURE HWY,BAT CAVE,NC,28710,9700,P,Y14785,P
ATLANTIC,4B,NORTH CAROLINA,270,28711,BLACK MOUNTAIN,104 RICHARDSON BLVD,BLACK MOUNTAIN,NC,28711,3527,,Y14837,P
ATLANTIC,4B,NORTH CAROLINA,270,28712,BREVARD,159 W MAIN ST,BREVARD,NC,28712,0019,,Y14883,P
ATLANTIC,4B,NORTH CAROLINA,270,28713,BRYSON CITY,130 SLOPE ST,BRYSON CITY,NC,28713,6835,,Y14899,P
ATLANTIC,4B,NORTH CAROLINA,270,28714,BURNSVILLE,670 W MAIN ST,BURNSVILLE,NC,28714,2748,,Y14918,P
ATLANTIC,4B,NORTH CAROLINA,270,28715,CANDLER,99 RUTHERFORD RD,CANDLER,NC,28715,3000,,Y14942,P
ATLANTIC,4B,NORTH CAROLINA,270,28716,CANTON,183 PARK ST,CANTON,NC,28716,4230,,Y14944,P
ATLANTIC,4B,NORTH CAROLINA,270,28717,CASHIERS,230 FRANK ALLEN RD,CASHIERS,NC,28717,9561,,Y14965,P
ATLANTIC,4B,NORTH CAROLINA,270,28718,CEDAR MOUNTAIN,9515 GREENVILLE HWY,CEDAR MOUNTAIN,NC,28718,8023,,Y14978,P
ATLANTIC,4B,NORTH CAROLINA,270,28719,CHEROKEE,671 TSALI BLVD,CHEROKEE,NC,28719,9213,,Y14996,P
ATLANTIC,4B,NORTH CAROLINA,270,28720,CHIMNEY ROCK,366 MAIN ST,CHIMNEY ROCK,NC,28720,9700,P,Y15010,P
ATLANTIC,4B,NORTH CAROLINA,270,28721,CLYDE,8639 CAROLINA BLVD,CLYDE,NC,28721,7460,,Y15033,P
ATLANTIC,4B,NORTH CAROLINA,270,28722,COLUMBUS,126 WARD ST,COLUMBUS,NC,28722,9401,,Y15050,P
ATLANTIC,4B,NORTH CAROLINA,270,28723,CULLOWHEE,4710 LITTLE SAVANNAH RD,CULLOWHEE,NC,28723,5200,,Y15104,P
ATLANTIC,4B,NORTH CAROLINA,270,28724,DANA,10 RIDGE RD,DANA,NC,28724,2000,P,Y15114,P
ATLANTIC,4B,NORTH CAROLINA,270,28725,DILLSBORO,385 HAYWOOD RD,DILLSBORO,NC,28725,8000,P,Y15134,P
ATLANTIC,4B,NORTH CAROLINA,270,28726,EAST FLAT ROCK,125 W BLUE RIDGE RD,EAST FLAT ROCK,NC,28726,0210,,Y15203,P
ATLANTIC,4B,NORTH CAROLINA,270,28727,EDNEYVILLE,3979 CHIMNEY ROCK RD,EDNEYVILLE,NC,28727,2000,P,Y15223,P
ATLANTIC,4B,NORTH CAROLINA,270,28728,ENKA,1572 SAND HILL RD,ENKA,NC,28728,7500,P,Y15263,P
ATLANTIC,4B,NORTH CAROLINA,270,28729,ETOWAH,123 ETOWAH CENTER DR,ETOWAH,NC,28729,8764,,Y15277,P
ATLANTIC,4B,NORTH CAROLINA,270,28730,FAIRVIEW,1352 CHARLOTTE HWY,FAIRVIEW,NC,28730,8798,,Y15291,P
ATLANTIC,4B,NORTH CAROLINA,270,28731,EAST FLAT ROCK,125 W BLUE RIDGE RD,EAST FLAT ROCK,NC,28726,0210,,Y15203,P
ATLANTIC,4B,NORTH CAROLINA,270,28731,FLAT ROCK,2687 GREENVILLE HWY,FLAT ROCK,NC,28731,9607,,Y15327,P
ATLANTIC,4B,NORTH CAROLINA,270,28732,FLETCHER,3616 HENDERSONVILLE RD,FLETCHER,NC,28732,4517,,Y15332,P
ATLANTIC,4B,NORTH CAROLINA,270,28733,FONTANA DAM,50 FONTANA RD,FONTANA DAM,NC,28733,6105,,Y15335,P
ATLANTIC,4B,NORTH CAROLINA,270,28733,ROBBINSVILLE,74 SWEETWATER RD,ROBBINSVILLE,NC,28771,9401,,Y16319,P
ATLANTIC,4B,NORTH CAROLINA,270,28734,FRANKLIN,250 DEPOT ST,FRANKLIN,NC,28734,3002,,Y15362,P
ATLANTIC,4B,NORTH CAROLINA,270,28735,FAIRVIEW,1352 CHARLOTTE HWY,FAIRVIEW,NC,28730,8798,,Y15291,P
ATLANTIC,4B,NORTH CAROLINA,270,28736,GLENVILLE,4907 HWY 107 N,GLENVILLE,NC,28736,6479,,Y15417,P
ATLANTIC,4B,NORTH CAROLINA,270,28737,MARION,215 S MAIN ST,MARION,NC,28752,4524,P,Y15841,P
ATLANTIC,4B,NORTH CAROLINA,270,28738,HAZELWOOD,369 HAZELWOOD AVE,WAYNESVILLE,NC,28786,1945,P,Y18646,S
ATLANTIC,4B,NORTH CAROLINA,270,28739,HENDERSONVILLE ANNEX,90 LAKEWOOD RD,HENDERSONVILLE,NC,28792,9105,,000168,4
ATLANTIC,4B,NORTH CAROLINA,270,28740,BURNSVILLE,670 W MAIN ST,BURNSVILLE,NC,28714,2748,,Y14918,P
ATLANTIC,4B,NORTH CAROLINA,270,28740,GREEN MOUNTAIN CARRIERS,670 W MAIN ST,BURNSVILLE,NC,28714,9718,,021278,Z
ATLANTIC,4B,NORTH CAROLINA,270,28741,HIGHLANDS,43 DILLARD RD,HIGHLANDS,NC,28741,4517,,Y15566,P
ATLANTIC,4B,NORTH CAROLINA,270,28742,HORSE SHOE,3740 BREVARD RD,HORSE SHOE,NC,28742,8615,,Y15596,P
ATLANTIC,4B,NORTH CAROLINA,270,28743,HOT SPRINGS,111 BRIDGE ST,HOT SPRINGS,NC,28743,9231,,Y15598,P
ATLANTIC,4B,NORTH CAROLINA,270,28744,FRANKLIN,250 DEPOT ST,FRANKLIN,NC,28734,3002,P,Y15362,P
ATLANTIC,4B,NORTH CAROLINA,270,28745,LAKE JUNALUSKA,60 OLD CLYDE RD,LAKE JUNALUSKA,NC,28745,8764,,Y15701,P
ATLANTIC,4B,NORTH CAROLINA,270,28746,LAKE LURE,2432 MEMORIAL HWY,LAKE LURE,NC,28746,9005,,Y15702,P
ATLANTIC,4B,NORTH CAROLINA,270,28747,LAKE TOXAWAY,1320 BLUE RIDGE RD,LAKE TOXAWAY,NC,28747,8732,,Y15703,P
ATLANTIC,4B,NORTH CAROLINA,270,28748,LEICESTER,2520 NEW LEICESTER HWY,LEICESTER,NC,28748,5179,,Y15730,P
ATLANTIC,4B,NORTH CAROLINA,270,28749,LITTLE SWITZERLAND,9455 HIGHWAY 226A,LITTLE SWITZERLAND,NC,28749,9100,P,Y15773,P
ATLANTIC,4B,NORTH CAROLINA,270,28750,LYNN,2633 LYNN RD,LYNN,NC,28750,5001,P,Y15812,P
ATLANTIC,4B,NORTH CAROLINA,270,28751,MAGGIE VALLEY,4280 SOCO RD,MAGGIE VALLEY,NC,28751,9599,,Y15818,P
ATLANTIC,4B,NORTH CAROLINA,270,28752,MARION,215 S MAIN ST,MARION,NC,28752,4524,,Y15841,P
ATLANTIC,4B,NORTH CAROLINA,270,28753,MARSHALL CARRIERS,270 N MAIN ST,WEAVERVILLE,NC,28787,9906,,021257,Z
ATLANTIC,4B,NORTH CAROLINA,270,28753,MARSHALL DPOBU,5707 US 25/70 HWY SIDE,MARSHALL,NC,28753,6343,,021258,6
ATLANTIC,4B,NORTH CAROLINA,270,28754,MARS HILL,65 S MAIN ST,MARS HILL,NC,28754,6608,,Y15843,P
ATLANTIC,4B,NORTH CAROLINA,270,28755,BURNSVILLE,670 W MAIN ST,BURNSVILLE,NC,28714,2748,P,Y14918,P
ATLANTIC,4B,NORTH CAROLINA,270,28756,COLUMBUS,126 WARD ST,COLUMBUS,NC,28722,9401,,Y15050,P
ATLANTIC,4B,NORTH CAROLINA,270,28756,MILL SPRING,50 SCHOOL RD,MILL SPRING,NC,28756,9745,,Y15909,P
ATLANTIC,4B,NORTH CAROLINA,270,28757,MONTREAT,301 ASSEMBLY DR,MONTREAT,NC,28757,8000,P,Y15934,P
ATLANTIC,4B,NORTH CAROLINA,270,28758,MOUNTAIN HOME,524 COURTLAND BLVD,MOUNTAIN HOME,NC,28758,0658,P,Y15969,P
ATLANTIC,4B,NORTH CAROLINA,270,28759,HORSE SHOE,3740 BREVARD RD,HORSE SHOE,NC,28742,8615,,Y15596,P
ATLANTIC,4B,NORTH CAROLINA,270,28760,NAPLES,121 S NAPLES RD,NAPLES,NC,28760,9700,P,Y16002,P
ATLANTIC,4B,NORTH CAROLINA,270,28761,NEBO,229 NEBO SCHOOL RD,NEBO,NC,28761,6847,,Y16017,P
ATLANTIC,4B,NORTH CAROLINA,270,28762,OLD FORT,180 E MAIN ST,OLD FORT,NC,28762,9805,,Y16096,P
ATLANTIC,4B,NORTH CAROLINA,270,28763,OTTO,8491 GEORGIA RD,OTTO,NC,28763,6105,,Y16118,P
ATLANTIC,4B,NORTH CAROLINA,270,28765,PENLAND,1162 PENLAND RD,PENLAND,NC,28765,8000,P,Y16150,P
ATLANTIC,4B,NORTH CAROLINA,270,28766,PENROSE,5858 OLD HENDERSONVILLE HWY,PENROSE,NC,28766,5000,,Y16151,P
ATLANTIC,4B,NORTH CAROLINA,270,28768,BREVARD,159 W MAIN ST,BREVARD,NC,28712,0019,,Y14883,P
ATLANTIC,4B,NORTH CAROLINA,270,28768,PISGAH FOREST,1 OLD HENDERSONVILLE HWY,PISGAH FOREST,NC,28768,9703,,Y16187,P
ATLANTIC,4B,NORTH CAROLINA,270,28770,RIDGECREST,2 TUCKER RD,RIDGECREST,NC,28770,8000,P,Y16303,P
ATLANTIC,4B,NORTH CAROLINA,270,28771,ROBBINSVILLE,74 SWEETWATER RD,ROBBINSVILLE,NC,28771,9401,,Y16319,P
ATLANTIC,4B,NORTH CAROLINA,270,28772,ROSMAN,272 MAIN ST,ROSMAN,NC,28772,9769,,Y16345,P
ATLANTIC,4B,NORTH CAROLINA,270,28773,SALUDA,102 E MAIN ST,SALUDA,NC,28773,7812,,Y16377,P
ATLANTIC,4B,NORTH CAROLINA,270,28774,SAPPHIRE,17740 ROSMAN HWY,SAPPHIRE,NC,28774,7908,,Y16385,P
ATLANTIC,4B,NORTH CAROLINA,270,28775,HIGHLANDS,43 DILLARD RD,HIGHLANDS,NC,28741,4517,,Y15566,P
ATLANTIC,4B,NORTH CAROLINA,270,28775,SCALY MOUNTAIN,7312 DILLARD RD,SCALY MOUNTAIN,NC,28775,9612,,Y16390,P
ATLANTIC,4B,NORTH CAROLINA,270,28776,SKYLAND,1950 HENDERSONVILLE RD,SKYLAND,NC,28776,8000,P,Y16450,P
ATLANTIC,4B,NORTH CAROLINA,270,28777,SPRUCE PINE,899 OAK AVE,SPRUCE PINE,NC,28777,2829,,Y16503,P
ATLANTIC,4B,NORTH CAROLINA,270,28778,SWANNANOA,2311 US 70 HWY,SWANNANOA,NC,28778,0015,,Y16579,P
ATLANTIC,4B,NORTH CAROLINA,270,28779,SYLVA,271 JACKSON PLZ,SYLVA,NC,28779,2553,,Y16586,P
ATLANTIC,4B,NORTH CAROLINA,270,28781,ANDREWS,12 CHESTNUT ST,ANDREWS,NC,28901,9748,,Y14704,P
ATLANTIC,4B,NORTH CAROLINA,270,28781,TOPTON,23979 US HIGHWAY 19,TOPTON,NC,28781,7527,,Y16628,P
ATLANTIC,4B,NORTH CAROLINA,270,28782,TRYON,95 PACOLET ST,TRYON,NC,28782,3364,,Y16643,P
ATLANTIC,4B,NORTH CAROLINA,270,28783,CULLOWHEE,4710 LITTLE SAVANNAH RD,CULLOWHEE,NC,28723,5200,,Y15104,P
ATLANTIC,4B,NORTH CAROLINA,270,28783,TUCKASEGEE,26 CANADA RD,TUCKASEGEE,NC,28783,8865,,Y16644,P
ATLANTIC,4B,NORTH CAROLINA,270,28784,ZIRCONIA,5576 GREENVILLE HWY,ZIRCONIA,NC,28790,7879,P,Y16873,P
ATLANTIC,4B,NORTH CAROLINA,270,28785,WAYNESVILLE,523 S HAYWOOD ST,WAYNESVILLE,NC,28786,3743,,Y16746,P
ATLANTIC,4B,NORTH CAROLINA,270,28786,WAYNESVILLE,523 S HAYWOOD ST,WAYNESVILLE,NC,28786,3743,,Y16746,P
ATLANTIC,4B,NORTH CAROLINA,270,28787,WEAVERVILLE,270 N MAIN ST,WEAVERVILLE,NC,28787,3000,,Y16751,P
ATLANTIC,4B,NORTH CAROLINA,270,28788,SYLVA,271 JACKSON PLZ,SYLVA,NC,28779,2553,P,Y16586,P
ATLANTIC,4B,NORTH CAROLINA,270,28789,WHITTIER,22 MAIN ST,WHITTIER,NC,28789,6158,,Y16802,P
ATLANTIC,4B,NORTH CAROLINA,270,28790,SALUDA,102 E MAIN ST,SALUDA,NC,28773,7812,,Y16377,P
ATLANTIC,4B,NORTH CAROLINA,270,28790,ZIRCONIA,5576 GREENVILLE HWY,ZIRCONIA,NC,28790,7879,,Y16873,P
ATLANTIC,4B,NORTH CAROLINA,270,28791,HENDERSONVILLE ANNEX,90 LAKEWOOD RD,HENDERSONVILLE,NC,28792,9105,,000168,4
ATLANTIC,4B,NORTH CAROLINA,270,28792,HENDERSONVILLE ANNEX,90 LAKEWOOD RD,HENDERSONVILLE,NC,28792,9105,,000168,4
ATLANTIC,4B,NORTH CAROLINA,270,28793,CPU FOUR SEASONS,129 FOUR SEASONS MALL,HENDERSONVILLE,NC,28792,2878,P,Y15357,5
ATLANTIC,4B,NORTH CAROLINA,270,28793,HENDERSONVILLE,1800 FOUR SEASONS BLVD STE 11,HENDERSONVILLE,NC,28792,2894,P,Y15542,P
ATLANTIC,4B,NORTH CAROLINA,270,28801,ASHEVILLE NC S&DC,591 BREVARD RD,ASHEVILLE,NC,28810,9900,,020645,4
ATLANTIC,4B,NORTH CAROLINA,270,28802,DOWNTOWN ASHEVILLE,33 COXE AVE,ASHEVILLE,NC,28801,3305,P,Y15151,S
ATLANTIC,4B,NORTH CAROLINA,270,28803,LONDON RD ANNEX,37 LONDON RD,ASHEVILLE,NC,28803,2706,,Y18604,4
ATLANTIC,4B,NORTH CAROLINA,270,28804,ASHEVILLE NC S&DC,591 BREVARD RD,ASHEVILLE,NC,28810,9900,,020645,4
ATLANTIC,4B,NORTH CAROLINA,270,28805,LONDON RD ANNEX,37 LONDON RD,ASHEVILLE,NC,28803,2706,,Y18604,4
ATLANTIC,4B,NORTH CAROLINA,270,28806,ASHEVILLE NC S&DC,591 BREVARD RD,ASHEVILLE,NC,28810,9900,,020645,4
ATLANTIC,4B,NORTH CAROLINA,270,28813,BILTMORE,780 HENDERSONVILLE RD STE 7,ASHEVILLE,NC,28803,2926,P,Y14832,S
ATLANTIC,4B,NORTH CAROLINA,270,28814,GRACE,725 MERRIMON AVE,ASHEVILLE,NC,28804,2447,P,Y15436,S
ATLANTIC,4B,NORTH CAROLINA,270,28815,OTEEN,1141 TUNNEL RD STE C,ASHEVILLE,NC,28805,2053,P,Y16117,S
ATLANTIC,4B,NORTH CAROLINA,270,28816,WEST ASHEVILLE,1302 PATTON AVE,ASHEVILLE,NC,28806,2711,P,Y16765,S
ATLANTIC,4B,NORTH CAROLINA,270,28901,ANDREWS,12 CHESTNUT ST,ANDREWS,NC,28901,9748,,Y14704,P
ATLANTIC,4B,NORTH CAROLINA,270,28902,BRASSTOWN,98 SETTAWIG RD,BRASSTOWN,NC,28902,9758,,Y14880,P
ATLANTIC,4B,NORTH CAROLINA,270,28902,HAYESVILLE,136 SANDERSON ST,HAYESVILLE,NC,28904,9202,,Y15526,P
ATLANTIC,4B,NORTH CAROLINA,270,28903,CULBERSON,2400 NC HWY 60,CULBERSON,NC,28903,8001,P,Y15102,P
ATLANTIC,4B,NORTH CAROLINA,270,28904,HAYESVILLE,136 SANDERSON ST,HAYESVILLE,NC,28904,9202,,Y15526,P
ATLANTIC,4B,NORTH CAROLINA,270,28905,MARBLE,189 MARBLE RD,MARBLE,NC,28905,8732,,Y15834,P
ATLANTIC,4B,NORTH CAROLINA,270,28906,MURPHY,388 VALLEY RIVER AVE,MURPHY,NC,28906,2923,,Y15989,P
ATLANTIC,4B,NORTH CAROLINA,270,28909,HAYESVILLE,136 SANDERSON ST,HAYESVILLE,NC,28904,9202,,Y15526,P
ATLANTIC,4B,NORTH CAROLINA,270,28909,WARNE,4731 OLD HWY 64 W,WARNE,NC,28909,7730,,Y16727,P
