area_name,area_code,district_name,district_no,delivery_zipcode,locale_name,physical_delivery_address,physical_city,physical_state,physical_zip,physical_zip4,zip_class_code,locale_key,locale_type
ATLANTIC,4B,CONNECTICUT,060,06390,FISHERS ISLAND,1 ORIENTAL AVE,FISHERS ISLAND,NY,06390,9992,P,V25832,P
ATLANTIC,4B,NEW YORK 1,100,10001,JAMES A FARLEY,421 8TH AVE,NEW YORK,NY,10001,9998,,V14060,S
ATLANTIC,4B,NEW YORK 1,100,10001,GREELEY SQUARE,4 E 27TH ST,NEW YORK,NY,10001,9994,,015756,S
ATLANTIC,4B,NEW YORK 1,100,10002,KNICKERBOCKER,128 E BROADWAY,NEW YORK,NY,10002,9998,,V14186,S
ATLANTIC,4B,NEW YORK 1,100,10003,COOPER,93 4TH AVE,NEW YORK,NY,10003,9998,,V12745,S
ATLANTIC,4B,NEW YORK 1,100,10004,BOWLING GREEN ANNEX,90 CHURCH ST STE 200,NEW YORK,NY,10007,9997,,013065,Z
ATLANTIC,4B,NEW YORK 1,100,10005,WALL STREET ANNEX,90 CHURCH ST STE 208,NEW YORK,NY,10007,9994,,013063,Z
ATLANTIC,4B,NEW YORK 1,100,10006,TRINITY CARRIER ANNEX,90 CHURCH ST STE 200,NEW YORK,NY,10007,9996,,013070,Z
ATLANTIC,4B,NEW YORK 1,100,10007,CHURCH STREET,90 CHURCH ST FL 1,NEW YORK,NY,10007,9998,,V12586,S
ATLANTIC,4B,NEW YORK 1,100,10008,CHURCH STREET,90 CHURCH ST FL 1,NEW YORK,NY,10007,9998,P,V12586,S
ATLANTIC,4B,NEW YORK 1,100,10009,TOMPKINS SQUARE,244 E 3RD ST,NEW YORK,NY,10009,9991,,V16543,S
ATLANTIC,4B,NEW YORK 1,100,10009,PETER STUYVESANT ANNEX,149 E 23RD ST STE 201,NEW YORK,NY,10010,9995,,016204,Z
ATLANTIC,4B,NEW YORK 1,100,10009,PETER STUYVESANT,335 E 14TH ST,NEW YORK,NY,10009,9997,,016521,S
ATLANTIC,4B,NEW YORK 1,100,10010,MADISON SQUARE,149 E 23RD ST,NEW YORK,NY,10010,9998,,V14469,S
ATLANTIC,4B,NEW YORK 1,100,10011,LONDON TERRACE,234 10TH AVE,NEW YORK,NY,10011,9993,,V14414,S
ATLANTIC,4B,NEW YORK 1,100,10011,OLD CHELSEA,217 W 18TH ST,NEW YORK,NY,10011,9998,,V15197,S
ATLANTIC,4B,NEW YORK 1,100,10011,PORT AUTHORITY HIGH LINE,426A W 14TH ST,NEW YORK,NY,10014,9805,,019094,S
ATLANTIC,4B,NEW YORK 1,100,10012,CANAL STREET,350 CANAL ST STE 2A,NEW YORK,NY,10013,9998,,V12411,S
ATLANTIC,4B,NEW YORK 1,100,10013,CANAL STREET,350 CANAL ST STE 2A,NEW YORK,NY,10013,9998,,V12411,S
ATLANTIC,4B,NEW YORK 1,100,10013,CHINATOWN,6 DOYERS ST,NEW YORK,NY,10013,9991,,V12578,S
ATLANTIC,4B,NEW YORK 1,100,10014,VILLAGE,201 VARICK ST FRNT 1,NEW YORK,NY,10014,9998,,V16703,S
ATLANTIC,4B,NEW YORK 1,100,10014,WEST VILLAGE,527 HUDSON ST FRNT A,NEW YORK,NY,10014,9992,,001779,S
ATLANTIC,4B,NEW YORK 1,100,10016,MURRAY HILL ANNEX,205 E 36TH ST,NEW YORK,NY,10016,9998,,V14818,4
ATLANTIC,4B,NEW YORK 1,100,10017,GRAND CENTRAL,450 LEXINGTON AVE FL 2,NEW YORK,NY,10017,9998,,V13599,S
ATLANTIC,4B,NEW YORK 1,100,10018,MIDTOWN,223 W 38TH ST,NEW YORK,NY,10018,9998,,V14678,S
ATLANTIC,4B,NEW YORK 1,100,10019,RADIO CITY,322 W 52ND ST,NEW YORK,NY,10019,9998,,V15618,S
ATLANTIC,4B,NEW YORK 1,100,10020,RCU ANNEX,340 W 42ND ST FL 3,NEW YORK,NY,10036,9992,,001736,4
ATLANTIC,4B,NEW YORK 1,100,10021,CHEROKEE,1483 YORK AVE FRNT 1,NEW YORK,NY,10075,9991,,V12558,S
ATLANTIC,4B,NEW YORK 1,100,10021,LENOX HILL,217 E 70TH ST,NEW YORK,NY,10021,9998,,V14333,S
ATLANTIC,4B,NEW YORK 1,100,10022,FDR STATION,909 3RD AVE OFC,NEW YORK,NY,10022,9998,,V13429,S
ATLANTIC,4B,NEW YORK 1,100,10023,ANSONIA,178 COLUMBUS AVE,NEW YORK,NY,10023,9998,,V11923,S
ATLANTIC,4B,NEW YORK 1,100,10023,COLUMBUS CIRCLE,27 W 60TH ST,NEW YORK,NY,10023,9991,,V12711,S
ATLANTIC,4B,NEW YORK 1,100,10024,PLANETARIUM,127 W 83RD ST,NEW YORK,NY,10024,9998,,V15446,S
ATLANTIC,4B,NEW YORK 1,100,10025,CATHEDRAL,215 W 104TH ST,NEW YORK,NY,10025,9998,,V12460,S
ATLANTIC,4B,NEW YORK 1,100,10025,COLUMBIA UNIVERSITY,534 W 112TH ST,NEW YORK,NY,10025,9991,,V12707,S
ATLANTIC,4B,NEW YORK 1,100,10025,PARK WEST,700 COLUMBUS AVE FRNT 4,NEW YORK,NY,10025,9992,,V15315,S
ATLANTIC,4B,NEW YORK 1,100,10026,MANHATTANVILLE,365 W 125TH ST STE 2A,NEW YORK,NY,10027,9998,,V14509,S
ATLANTIC,4B,NEW YORK 1,100,10026,MORNINGSIDE,232 W 116TH ST,NEW YORK,NY,10026,9998,,V14751,S
ATLANTIC,4B,NEW YORK 1,100,10027,MANHATTANVILLE,365 W 125TH ST STE 2A,NEW YORK,NY,10027,9998,,V14509,S
ATLANTIC,4B,NEW YORK 1,100,10028,GRACIE,229 E 85TH ST,NEW YORK,NY,10028,9998,,V13593,S
ATLANTIC,4B,NEW YORK 1,100,10029,HELLGATE STATION,153 E 110TH ST,NEW YORK,NY,10029,9998,,V13819,S
ATLANTIC,4B,NEW YORK 1,100,10030,COLLEGE STATION,217 W 140TH ST,NEW YORK,NY,10030,9998,,V12684,S
ATLANTIC,4B,NEW YORK 1,100,10031,HAMILTON GRANGE STATION,521 W 146TH ST,NEW YORK,NY,10031,9998,,V13730,S
ATLANTIC,4B,NEW YORK 1,100,10031,LINCOLNTON,2266 5TH AVE,NEW YORK,NY,10037,9998,,V14361,S
ATLANTIC,4B,NEW YORK 1,100,10032,FORT WASHINGTON,556 W 158TH ST FRNT 1,NEW YORK,NY,10032,7222,,V1A616,S
ATLANTIC,4B,NEW YORK 1,100,10032,AUDUBON,511 W 165TH ST,NEW YORK,NY,10032,9998,,V11990,S
ATLANTIC,4B,NEW YORK 1,100,10033,FORT GEORGE,4558 BROADWAY,NEW YORK,NY,10040,9998,,V13396,S
ATLANTIC,4B,NEW YORK 1,100,10033,WASHINGTON BRIDGE,518 W 181ST ST,NEW YORK,NY,10033,9997,,015314,S
ATLANTIC,4B,NEW YORK 1,100,10034,INWOOD,90 VERMILYEA AVE,NEW YORK,NY,10034,9998,,V14014,S
ATLANTIC,4B,NEW YORK 1,100,10035,LINCOLNTON,2266 5TH AVE,NEW YORK,NY,10037,9998,,V14361,S
ATLANTIC,4B,NEW YORK 1,100,10035,TRIBOROUGH,118 E 124TH ST,NEW YORK,NY,10035,9997,,017978,S
ATLANTIC,4B,NEW YORK 1,100,10036,TIMES SQUARE,340 W 42ND ST FL 2,NEW YORK,NY,10036,9998,,V16531,S
ATLANTIC,4B,NEW YORK 1,100,10037,LINCOLNTON,2266 5TH AVE,NEW YORK,NY,10037,9998,,V14361,S
ATLANTIC,4B,NEW YORK 1,100,10038,PECK SLIP ANNEX,90 CHURCH ST STE 201,NEW YORK,NY,10007,9993,,014918,Z
ATLANTIC,4B,NEW YORK 1,100,10039,COLONIAL PARK,99 MACOMBS PL,NEW YORK,NY,10039,9998,,V12698,S
ATLANTIC,4B,NEW YORK 1,100,10040,FORT GEORGE,4558 BROADWAY,NEW YORK,NY,10040,9998,,V13396,S
ATLANTIC,4B,NEW YORK 1,100,10044,ROOSEVELT ISLAND,694 MAIN ST,NEW YORK,NY,10044,9998,,V14030,S
ATLANTIC,4B,NEW YORK 1,100,10065,LENOX HILL SOUTH,909 3RD AVE STE 401,NEW YORK,NY,10022,9992,,010782,4
ATLANTIC,4B,NEW YORK 1,100,10069,ANSONIA,178 COLUMBUS AVE,NEW YORK,NY,10023,9998,,V11923,S
ATLANTIC,4B,NEW YORK 1,100,10075,LENOX HILL NORTH,909 3RD AVE STE 400,NEW YORK,NY,10022,9991,,010781,4
ATLANTIC,4B,NEW YORK 1,100,10101,RADIO CITY,322 W 52ND ST,NEW YORK,NY,10019,9998,P,V15618,S
ATLANTIC,4B,NEW YORK 1,100,10104,RADIO CITY,322 W 52ND ST,NEW YORK,NY,10019,9998,,V15618,S
ATLANTIC,4B,NEW YORK 1,100,10106,RADIO CITY,322 W 52ND ST,NEW YORK,NY,10019,9998,,V15618,S
ATLANTIC,4B,NEW YORK 1,100,10107,RADIO CITY,322 W 52ND ST,NEW YORK,NY,10019,9998,,V15618,S
ATLANTIC,4B,NEW YORK 1,100,10108,TIMES SQUARE,340 W 42ND ST FL 2,NEW YORK,NY,10036,9998,P,V16531,S
ATLANTIC,4B,NEW YORK 1,100,10111,RCU ANNEX,340 W 42ND ST FL 3,NEW YORK,NY,10036,9992,,001736,4
ATLANTIC,4B,NEW YORK 1,100,10112,RCU ANNEX,340 W 42ND ST FL 3,NEW YORK,NY,10036,9992,,001736,4
ATLANTIC,4B,NEW YORK 1,100,10113,OLD CHELSEA,217 W 18TH ST,NEW YORK,NY,10011,9998,P,V15197,S
ATLANTIC,4B,NEW YORK 1,100,10116,JAMES A FARLEY,421 8TH AVE,NEW YORK,NY,10001,9998,P,V14060,S
ATLANTIC,4B,NEW YORK 1,100,10118,JAMES A FARLEY,421 8TH AVE,NEW YORK,NY,10001,9998,,V14060,S
ATLANTIC,4B,NEW YORK 1,100,10119,JAMES A FARLEY,421 8TH AVE,NEW YORK,NY,10001,9998,,V14060,S
ATLANTIC,4B,NEW YORK 1,100,10128,GRACIE,229 E 85TH ST,NEW YORK,NY,10028,9998,,V13593,S
ATLANTIC,4B,NEW YORK 1,100,10128,YORKVILLE,1617 3RD AVE,NEW YORK,NY,10128,9991,,V17125,S
ATLANTIC,4B,NEW YORK 1,100,10129,TIMES SQUARE,340 W 42ND ST FL 2,NEW YORK,NY,10036,9998,P,V16531,S
ATLANTIC,4B,NEW YORK 1,100,10150,FDR STATION,909 3RD AVE OFC,NEW YORK,NY,10022,9998,P,V13429,S
ATLANTIC,4B,NEW YORK 1,100,10151,FDR STATION,909 3RD AVE OFC,NEW YORK,NY,10022,9998,,V13429,S
ATLANTIC,4B,NEW YORK 1,100,10153,FDR STATION,909 3RD AVE OFC,NEW YORK,NY,10022,9998,,V13429,S
ATLANTIC,4B,NEW YORK 1,100,10156,MURRAY HILL,115 E 34TH ST FRNT 1,NEW YORK,NY,10016,9991,P,V19391,S
ATLANTIC,4B,NEW YORK 1,100,10159,MADISON SQUARE,149 E 23RD ST,NEW YORK,NY,10010,9998,P,V14469,S
ATLANTIC,4B,NEW YORK 1,100,10162,LENOX HILL,217 E 70TH ST,NEW YORK,NY,10021,9998,,V14333,S
ATLANTIC,4B,NEW YORK 1,100,10163,GRAND CENTRAL,450 LEXINGTON AVE FL 2,NEW YORK,NY,10017,9998,P,V13599,S
ATLANTIC,4B,NEW YORK 1,100,10165,GRAND CENTRAL,450 LEXINGTON AVE FL 2,NEW YORK,NY,10017,9998,,V13599,S
ATLANTIC,4B,NEW YORK 1,100,10168,GRAND CENTRAL,450 LEXINGTON AVE FL 2,NEW YORK,NY,10017,9998,,V13599,S
ATLANTIC,4B,NEW YORK 1,100,10169,GRAND CENTRAL,450 LEXINGTON AVE FL 2,NEW YORK,NY,10017,9998,,V13599,S
ATLANTIC,4B,NEW YORK 1,100,10170,GRAND CENTRAL,450 LEXINGTON AVE FL 2,NEW YORK,NY,10017,9998,,V13599,S
ATLANTIC,4B,NEW YORK 1,100,10174,GRAND CENTRAL,450 LEXINGTON AVE FL 2,NEW YORK,NY,10017,9998,,V13599,S
ATLANTIC,4B,NEW YORK 1,100,10175,GRAND CENTRAL,450 LEXINGTON AVE FL 2,NEW YORK,NY,10017,9998,,V13599,S
ATLANTIC,4B,NEW YORK 1,100,10176,GRAND CENTRAL,450 LEXINGTON AVE FL 2,NEW YORK,NY,10017,9998,,V13599,S
ATLANTIC,4B,NEW YORK 1,100,10178,GRAND CENTRAL,450 LEXINGTON AVE FL 2,NEW YORK,NY,10017,9998,,V13599,S
ATLANTIC,4B,NEW YORK 1,100,10185,ROCKEFELLER CENTER,40 W 51ST ST,NEW YORK,NY,10020,9993,P,020018,S
ATLANTIC,4B,NEW YORK 1,100,10268,WALL STREET ANNEX,90 CHURCH ST STE 208,NEW YORK,NY,10007,9994,P,013063,Z
ATLANTIC,4B,NEW YORK 1,100,10272,PECK SLIP,114 JOHN ST,NEW YORK,NY,10038,9991,P,014873,S
ATLANTIC,4B,NEW YORK 1,100,10274,BOWLING GREEN ANNEX,90 CHURCH ST STE 200,NEW YORK,NY,10007,9997,P,013065,Z
ATLANTIC,4B,NEW YORK 1,100,10276,COOPER,93 4TH AVE,NEW YORK,NY,10003,9998,P,V12745,S
ATLANTIC,4B,NEW YORK 1,100,10280,TRINITY CARRIER ANNEX,90 CHURCH ST STE 200,NEW YORK,NY,10007,9996,,013070,Z
ATLANTIC,4B,NEW YORK 1,100,10282,CHURCH STREET,90 CHURCH ST FL 1,NEW YORK,NY,10007,9998,,V12586,S
ATLANTIC,4B,NEW YORK 1,100,10301,SAINT GEORGE,45 BAY ST STE 2,STATEN ISLAND,NY,10301,9997,,V15895,S
ATLANTIC,4B,NEW YORK 1,100,10302,PORT RICHMOND,364 PORT RICHMOND AVE,STATEN ISLAND,NY,10302,9997,,V15510,S
ATLANTIC,4B,NEW YORK 1,100,10303,STATEN ISLAND,550 MANOR RD STE 1,STATEN ISLAND,NY,10314,9996,,V16367,P
ATLANTIC,4B,NEW YORK 1,100,10303,MARINERS HARBOR FINANCE,2079 FOREST AVE STE 1,STATEN ISLAND,NY,10303,9993,,003718,S
ATLANTIC,4B,NEW YORK 1,100,10304,STAPLETON,160 TOMPKINS AVE,STATEN ISLAND,NY,10304,9997,,V16355,S
ATLANTIC,4B,NEW YORK 1,100,10305,ROSEBANK,567 TOMPKINS AVE,STATEN ISLAND,NY,10305,9997,,V15792,S
ATLANTIC,4B,NEW YORK 1,100,10306,NEW DORP,2562 HYLAN BLVD,STATEN ISLAND,NY,10306,9997,,V14935,S
ATLANTIC,4B,NEW YORK 1,100,10307,TOTTENVILLE,228 MAIN ST,STATEN ISLAND,NY,10307,9997,,V16548,S
ATLANTIC,4B,NEW YORK 1,100,10308,ELTINGVILLE,4455 AMBOY RD,STATEN ISLAND,NY,10312,9993,,V13226,S
ATLANTIC,4B,NEW YORK 1,100,10308,GREAT KILLS,1 NELSON AVE,STATEN ISLAND,NY,10308,9992,,V13627,S
ATLANTIC,4B,NEW YORK 1,100,10309,SOUTH SHORE ANNEX,3031 VETERANS RD W,STATEN ISLAND,NY,10309,9997,,000359,4
ATLANTIC,4B,NEW YORK 1,100,10309,PRINCES BAY,645 ROSSVILLE AVE STE 3,STATEN ISLAND,NY,10309,9993,,017434,S
ATLANTIC,4B,NEW YORK 1,100,10310,WEST NEW BRIGHTON,1015 CASTLETON AVE,STATEN ISLAND,NY,10310,9997,,V16919,S
ATLANTIC,4B,NEW YORK 1,100,10312,ELTINGVILLE,4455 AMBOY RD,STATEN ISLAND,NY,10312,9993,,V13226,S
ATLANTIC,4B,NEW YORK 1,100,10312,SOUTH SHORE ANNEX,3031 VETERANS RD W,STATEN ISLAND,NY,10309,9997,,000359,4
ATLANTIC,4B,NEW YORK 1,100,10313,NEW SPRINGVILLE,2845 RICHMOND AVE STE 15,STATEN ISLAND,NY,10314,9993,P,V14959,S
ATLANTIC,4B,NEW YORK 1,100,10314,STATEN ISLAND,550 MANOR RD STE 1,STATEN ISLAND,NY,10314,9996,,V16367,P
ATLANTIC,4B,NEW YORK 1,100,10451,BRONX,558 GRAND CONCOURSE,BRONX,NY,10451,9998,,V12306,P
ATLANTIC,4B,NEW YORK 1,100,10451,BRONX GPO ANNEX,1313 INWOOD AVE,BRONX,NY,10452,9997,,001804,4
ATLANTIC,4B,NEW YORK 1,100,10452,HIGHBRIDGE,1315 INWOOD AVE,BRONX,NY,10452,9998,,V13862,S
ATLANTIC,4B,NEW YORK 1,100,10452,STADIUM,901 GERARD AVE FRNT 1,BRONX,NY,10452,9992,,V16343,S
ATLANTIC,4B,NEW YORK 1,100,10452,UNIVERSITY HEIGHTS,1541 SHAKESPEARE AVE FRNT 1,BRONX,NY,10452,9993,,V16622,S
ATLANTIC,4B,NEW YORK 1,100,10453,MORRIS HEIGHTS,2024 JEROME AVE,BRONX,NY,10453,9998,,V14754,S
ATLANTIC,4B,NEW YORK 1,100,10454,MOTT HAVEN,517 E 139TH ST,BRONX,NY,10454,9998,,V14771,S
ATLANTIC,4B,NEW YORK 1,100,10455,HUB,633 SAINT ANNS AVE,BRONX,NY,10455,9998,,V13956,S
ATLANTIC,4B,NEW YORK 1,100,10456,MORRISANIA,442 E 167TH ST,BRONX,NY,10456,9998,,V14758,S
ATLANTIC,4B,NEW YORK 1,100,10457,TREMONT,575 E TREMONT AVE,BRONX,NY,10457,9998,,V16560,S
ATLANTIC,4B,NEW YORK 1,100,10458,FORDHAM,465 E 188TH ST,BRONX,NY,10458,9998,,V13372,S
ATLANTIC,4B,NEW YORK 1,100,10458,MOUNT CARMEL,652 E 187TH ST FRNT 1,BRONX,NY,10458,9992,,V14777,S
ATLANTIC,4B,NEW YORK 1,100,10459,BOULEVARD,1132 SOUTHERN BLVD,BRONX,NY,10459,9998,,V12221,S
ATLANTIC,4B,NEW YORK 1,100,10460,WEST FARMS,362 DEVOE AVE,BRONX,NY,10460,9998,,V16888,S
ATLANTIC,4B,NEW YORK 1,100,10461,PILGRIM,1545 CROSBY AVE FRNT 1,BRONX,NY,10461,9992,,V15397,S
ATLANTIC,4B,NEW YORK 1,100,10461,WESTCHESTER,2619 PONTON AVE,BRONX,NY,10461,9998,,V16964,S
ATLANTIC,4B,NEW YORK 1,100,10462,PARKCHESTER,1449 WEST AVE,BRONX,NY,10462,9998,,V15317,S
ATLANTIC,4B,NEW YORK 1,100,10462,PARKWAY,2100 WHITE PLAINS RD FRNT 3,BRONX,NY,10462,9992,,V15323,S
ATLANTIC,4B,NEW YORK 1,100,10463,KINGSBRIDGE,5517 BROADWAY,BRONX,NY,10463,9998,,V14165,S
ATLANTIC,4B,NEW YORK 1,100,10463,SPUYTEN DUYVIL,562 KAPPOCK ST,BRONX,NY,10463,9993,,V16280,S
ATLANTIC,4B,NEW YORK 1,100,10464,CITY ISLAND,199 CITY ISLAND AVE,BRONX,NY,10464,9998,,V12600,S
ATLANTIC,4B,NEW YORK 1,100,10465,THROGGS NECK,3630 E TREMONT AVE,BRONX,NY,10465,9998,,V16516,S
ATLANTIC,4B,NEW YORK 1,100,10466,WAKEFIELD,4165 WHITE PLAINS RD,BRONX,NY,10466,9998,,V16774,S
ATLANTIC,4B,NEW YORK 1,100,10467,ALLERTON,2815 WHITE PLAINS RD,BRONX,NY,10467,9991,,V11871,S
ATLANTIC,4B,NEW YORK 1,100,10467,MOSHOLU,3464 JEROME AVE,BRONX,NY,10467,9992,,V14767,S
ATLANTIC,4B,NEW YORK 1,100,10467,VAN COTT,3102 DECATUR AVE,BRONX,NY,10467,9993,,V16665,S
ATLANTIC,4B,NEW YORK 1,100,10467,WILLIAMSBRIDGE,711 E GUN HILL RD,BRONX,NY,10467,9998,,V17036,S
ATLANTIC,4B,NEW YORK 1,100,10468,JEROME STATION,2549 JEROME AVE,BRONX,NY,10468,9998,,V14085,S
ATLANTIC,4B,NEW YORK 1,100,10469,BAYCHESTER,1525 E GUN HILL RD,BRONX,NY,10469,9998,,V12085,S
ATLANTIC,4B,NEW YORK 1,100,10469,HILLSIDE,3482 BOSTON RD,BRONX,NY,10469,9992,,V13882,S
ATLANTIC,4B,NEW YORK 1,100,10470,WOODLAWN,4364 KATONAH AVE,BRONX,NY,10470,9998,,V17083,S
ATLANTIC,4B,NEW YORK 1,100,10471,RIVERDALE,5951 RIVERDALE AVE,BRONX,NY,10471,9998,,V15709,S
ATLANTIC,4B,NEW YORK 1,100,10472,SOUNDVIEW,1687 GLEASON AVE,BRONX,NY,10472,9998,,V16156,S
ATLANTIC,4B,NEW YORK 1,100,10473,CORNELL,1950 LAFAYETTE AVE,BRONX,NY,10473,9998,,V12766,S
ATLANTIC,4B,NEW YORK 1,100,10474,HUNTS POINT,800 MANIDA ST,BRONX,NY,10474,9998,,002072,S
ATLANTIC,4B,NEW YORK 1,100,10474,HUNTS POINT CARRIER SECTION,1132 SOUTHERN BLVD,BRONX,NY,10459,9998,,017147,Z
ATLANTIC,4B,NEW YORK 1,100,10475,CO OP CITY,3300 CONNER ST,BRONX,NY,10475,9998,,V12654,S
ATLANTIC,4B,NEW YORK 1,100,10475,EINSTEIN,127 EINSTEIN LOOP,BRONX,NY,10475,9991,,V13176,S
ATLANTIC,4B,NEW YORK 3,120,10501,AMAWALK,3 MAHOPAC AVE,AMAWALK,NY,10501,9998,,V11886,P
ATLANTIC,4B,NEW YORK 3,120,10502,ARDSLEY,875 SAW MILL RIVER RD STE 4,ARDSLEY,NY,10502,9998,,V11937,P
ATLANTIC,4B,NEW YORK 3,120,10503,ARDSLEY ON HUDSON,110 ARDSLEY AVE W,ARDSLEY ON HUDSON,NY,10503,9800,P,V11938,P
ATLANTIC,4B,NEW YORK 3,120,10504,ARMONK,403 MAIN ST,ARMONK,NY,10504,9998,,V11954,P
ATLANTIC,4B,NEW YORK 3,120,10505,BALDWIN PLACE,167 ROUTE 6,MAHOPAC,NY,10541,2204,,V12019,P
ATLANTIC,4B,NEW YORK 3,120,10505,YORKTOWN HEIGHTS,2020 MAPLE HILL ST,YORKTOWN HEIGHTS,NY,10598,9998,,V17122,P
ATLANTIC,4B,NEW YORK 3,120,10506,BEDFORD,40 VILLAGE GRN,BEDFORD,NY,10506,9998,,V12109,P
ATLANTIC,4B,NEW YORK 3,120,10507,BEDFORD HILLS,60 ADAMS ST,BEDFORD HILLS,NY,10507,9998,,V12110,P
ATLANTIC,4B,NEW YORK 3,120,10509,BREWSTER,3 MOUNT EBO RD N,BREWSTER,NY,10509,9998,,V12265,P
ATLANTIC,4B,NEW YORK 3,120,10510,BRIARCLIFF MANOR,1077 PLEASANTVILLE RD,BRIARCLIFF MANOR,NY,10510,9998,,V12271,P
ATLANTIC,4B,NEW YORK 3,120,10510,SCARBOROUGH,200 SCARBOROUGH STA RD,BRIARCLIFF MANOR,NY,10510,2044,,V15953,S
ATLANTIC,4B,NEW YORK 3,120,10511,BUCHANAN,252 TATE AVE,BUCHANAN,NY,10511,9998,,V12336,P
ATLANTIC,4B,NEW YORK 3,120,10512,CARMEL,29 FAIR ST,CARMEL,NY,10512,9998,,V12431,P
ATLANTIC,4B,NEW YORK 3,120,10514,CHAPPAQUA,107 N GREELEY AVE,CHAPPAQUA,NY,10514,9998,,V12512,P
ATLANTIC,4B,NEW YORK 3,120,10516,COLD SPRING,20 JULIA LN,COLD SPRING,NY,10516,2507,,V12671,P
ATLANTIC,4B,NEW YORK 3,120,10516,MOHEGAN LAKE,3147 E MAIN ST,MOHEGAN LAKE,NY,10547,9998,,V14717,P
ATLANTIC,4B,NEW YORK 3,120,10517,CROMPOND,60 BARON DE HIRSCH RD,CROMPOND,NY,10517,9800,P,V12828,P
ATLANTIC,4B,NEW YORK 3,120,10518,CROSS RIVER,20 CROSS RIVER SHOPPING CTR STE H,CROSS RIVER,NY,10518,9998,,V12831,P
ATLANTIC,4B,NEW YORK 3,120,10518,SOUTH SALEM ANNEX,210 OAKRIDGE CMNS,SOUTH SALEM,NY,10590,2437,,001805,4
ATLANTIC,4B,NEW YORK 3,120,10519,CROTON FALLS,8 FRONT ST,CROTON FALLS,NY,10519,9800,P,V12834,P
ATLANTIC,4B,NEW YORK 3,120,10520,CROTON ON HUDSON,50 MAPLE ST,CROTON ON HUDSON,NY,10520,9998,,V12838,P
ATLANTIC,4B,NEW YORK 3,120,10521,CRUGERS,2042 ALBANY POST RD STE 3,CROTON ON HUDSON,NY,10520,1128,P,V12845,B
ATLANTIC,4B,NEW YORK 3,120,10522,DOBBS FERRY,120 MAIN ST,DOBBS FERRY,NY,10522,9998,,V12942,P
ATLANTIC,4B,NEW YORK 3,120,10523,ELMSFORD,2 E MAIN ST,ELMSFORD,NY,10523,2600,,V13220,P
ATLANTIC,4B,NEW YORK 3,120,10523,ELMSFORD ANNEX,150 CLEARBROOK RD STE 124,ELMSFORD,NY,10523,9998,,V19921,S
ATLANTIC,4B,NEW YORK 3,120,10524,GARRISON,1145 ROUTE 9D,GARRISON,NY,10524,9998,,V13506,P
ATLANTIC,4B,NEW YORK 3,120,10526,GOLDENS BRIDGE,104 N COUNTY SHOPPING CTR,GOLDENS BRIDGE,NY,10526,9998,,V13576,P
ATLANTIC,4B,NEW YORK 3,120,10527,AMAWALK,3 MAHOPAC AVE,AMAWALK,NY,10501,9998,,V11886,P
ATLANTIC,4B,NEW YORK 3,120,10528,HARRISON,258 HALSTEAD AVE,HARRISON,NY,10528,9998,,V13777,P
ATLANTIC,4B,NEW YORK 3,120,10530,HARTSDALE,441 CENTRAL PARK AVE,SCARSDALE,NY,10583,9997,,V13784,P
ATLANTIC,4B,NEW YORK 3,120,10532,HAWTHORNE,9 CROSS ST W,HAWTHORNE,NY,10532,9998,,V13801,P
ATLANTIC,4B,NEW YORK 3,120,10533,IRVINGTON,25 N BUCKHOUT ST,IRVINGTON,NY,10533,9998,,V14025,P
ATLANTIC,4B,NEW YORK 3,120,10535,JEFFERSON VALLEY,3652 LEE RD,JEFFERSON VALLEY,NY,10535,9998,,V14079,P
ATLANTIC,4B,NEW YORK 3,120,10536,KATONAH,292 KATONAH AVE,KATONAH,NY,10536,2144,,V14114,P
ATLANTIC,4B,NEW YORK 3,120,10537,LAKE PEEKSKILL,132 LAKE DR,LAKE PEEKSKILL,NY,10537,9998,,V14254,P
ATLANTIC,4B,NEW YORK 3,120,10537,SHRUB OAK,1350 E MAIN ST,SHRUB OAK,NY,10588,9998,,V16059,P
ATLANTIC,4B,NEW YORK 3,120,10538,LARCHMONT,1 CHATSWORTH AVE,LARCHMONT,NY,10538,2945,,V14290,P
ATLANTIC,4B,NEW YORK 3,120,10540,LINCOLNDALE,152 ROUTE 202,LINCOLNDALE,NY,10540,9800,P,V14359,P
ATLANTIC,4B,NEW YORK 3,120,10541,MAHOPAC,346 ROUTE 6,MAHOPAC,NY,10541,9998,,V14474,P
ATLANTIC,4B,NEW YORK 3,120,10542,MAHOPAC FALLS,173 MYRTLE AVE,MAHOPAC FALLS,NY,10542,9800,P,V14475,P
ATLANTIC,4B,NEW YORK 3,120,10543,MAMARONECK,309 MOUNT PLEASANT AVE,MAMARONECK,NY,10543,9998,,V14500,P
ATLANTIC,4B,NEW YORK 3,120,10545,MARYKNOLL,85 RYDER RD,MARYKNOLL,NY,10545,9800,P,V14562,P
ATLANTIC,4B,NEW YORK 3,120,10546,CHAPPAQUA,107 N GREELEY AVE,CHAPPAQUA,NY,10514,9998,,V12512,P
ATLANTIC,4B,NEW YORK 3,120,10546,MILLWOOD,230 SAW MILL RIVER RD STE 10,MILLWOOD,NY,10546,9998,,V14694,P
ATLANTIC,4B,NEW YORK 3,120,10547,MOHEGAN LAKE,3147 E MAIN ST,MOHEGAN LAKE,NY,10547,9998,,V14717,P
ATLANTIC,4B,NEW YORK 3,120,10548,MONTROSE,13 KINGS FERRY RD,MONTROSE,NY,10548,9998,,V14734,P
ATLANTIC,4B,NEW YORK 3,120,10549,MOUNT KISCO,3 MORGAN DR,MOUNT KISCO,NY,10549,9998,,V14781,P
ATLANTIC,4B,NEW YORK 3,120,10550,MOUNT VERNON,15 S 1ST AVE,MOUNT VERNON,NY,10550,3460,,V14793,P
ATLANTIC,4B,NEW YORK 3,120,10551,MOUNT VERNON,15 S 1ST AVE,MOUNT VERNON,NY,10550,3460,P,V14793,P
ATLANTIC,4B,NEW YORK 3,120,10552,FLEETWOOD,65 FLEETWOOD AVE,MOUNT VERNON,NY,10552,2800,,V13348,S
ATLANTIC,4B,NEW YORK 3,120,10552,MOUNT VERNON,15 S 1ST AVE,MOUNT VERNON,NY,10550,3460,,V14793,P
ATLANTIC,4B,NEW YORK 3,120,10553,MOUNT VERNON,15 S 1ST AVE,MOUNT VERNON,NY,10550,3460,,V14793,P
ATLANTIC,4B,NEW YORK 3,120,10553,SANDFORD,440 E SANDFORD BLVD,MOUNT VERNON,NY,10550,4752,,V16293,S
ATLANTIC,4B,NEW YORK 3,120,10560,NORTH SALEM,60 JUNE RD,NORTH SALEM,NY,10560,9998,,V15097,P
ATLANTIC,4B,NEW YORK 3,120,10562,OSSINING,100 MAIN ST,OSSINING,NY,10562,9998,,V15249,P
ATLANTIC,4B,NEW YORK 3,120,10566,PEEKSKILL,738 SOUTH ST,PEEKSKILL,NY,10566,9997,,V15346,P
ATLANTIC,4B,NEW YORK 3,120,10567,PEEKSKILL,738 SOUTH ST,PEEKSKILL,NY,10566,9997,,V15346,P
ATLANTIC,4B,NEW YORK 3,120,10570,PLEASANTVILLE,50 MEMORIAL PLZ,PLEASANTVILLE,NY,10570,9998,,V15458,P
ATLANTIC,4B,NEW YORK 3,120,10573,PORT CHESTER,245 WESTCHESTER AVE,PORT CHESTER,NY,10573,9998,,V15493,P
ATLANTIC,4B,NEW YORK 3,120,10576,POUND RIDGE,57 WESTCHESTER AVE,POUND RIDGE,NY,10576,9919,,V15534,P
ATLANTIC,4B,NEW YORK 3,120,10577,PURCHASE,3003 PURCHASE ST,PURCHASE,NY,10577,9998,,V15590,P
ATLANTIC,4B,NEW YORK 3,120,10578,PURDYS,3 MAIN ST,PURDYS,NY,10578,9998,,V15592,P
ATLANTIC,4B,NEW YORK 3,120,10579,PUTNAM VALLEY,12 PEEKSKILL HOLLOW RD,PUTNAM VALLEY,NY,10579,9998,,V15600,P
ATLANTIC,4B,NEW YORK 3,120,10580,RYE,41 PURDY AVE,RYE,NY,10580,9998,,V15835,P
ATLANTIC,4B,NEW YORK 3,120,10583,HEATHCOTE,1112 WILMOT RD,SCARSDALE,NY,10583,6860,,V13810,B
ATLANTIC,4B,NEW YORK 3,120,10583,SCARSDALE,29 CHASE RD,SCARSDALE,NY,10583,9998,,V15954,P
ATLANTIC,4B,NEW YORK 3,120,10583,SCARSDALE CARRIER ANNEX,441 CENTRAL PARK AVE,SCARSDALE,NY,10583,9996,,000191,4
ATLANTIC,4B,NEW YORK 3,120,10587,SHENOROCK,18 TIGHE RD,SHENOROCK,NY,10587,9800,P,V16042,P
ATLANTIC,4B,NEW YORK 3,120,10588,SHRUB OAK,1350 E MAIN ST,SHRUB OAK,NY,10588,9998,,V16059,P
ATLANTIC,4B,NEW YORK 3,120,10589,SOMERS,110 MARKET PLZ,SOMERS,NY,10589,9998,,V16149,P
ATLANTIC,4B,NEW YORK 3,120,10590,SOUTH SALEM,17 MAIN ST,SOUTH SALEM,NY,10590,9998,,V16222,P
ATLANTIC,4B,NEW YORK 3,120,10590,SOUTH SALEM ANNEX,210 OAKRIDGE CMNS,SOUTH SALEM,NY,10590,2437,,001805,4
ATLANTIC,4B,NEW YORK 3,120,10591,NORTH TARRYTOWN,45 BEEKMAN AVE,SLEEPY HOLLOW,NY,10591,2655,,V15106,B
ATLANTIC,4B,NEW YORK 3,120,10591,TARRYTOWN,50 N BROADWAY,TARRYTOWN,NY,10591,9998,,V16482,P
ATLANTIC,4B,NEW YORK 3,120,10594,THORNWOOD,822 COMMERCE ST,THORNWOOD,NY,10594,9998,,V16509,P
ATLANTIC,4B,NEW YORK 3,120,10595,VALHALLA,10 CLEVELAND ST,VALHALLA,NY,10595,9998,,V16650,P
ATLANTIC,4B,NEW YORK 3,120,10596,VERPLANCK,174 6TH ST,VERPLANCK,NY,10596,9800,P,V16687,P
ATLANTIC,4B,NEW YORK 3,120,10597,WACCABUC,2 POST OFFICE RD,WACCABUC,NY,10597,9998,,V16765,P
ATLANTIC,4B,NEW YORK 3,120,10597,SOUTH SALEM ANNEX,210 OAKRIDGE CMNS,SOUTH SALEM,NY,10590,2437,,001805,4
ATLANTIC,4B,NEW YORK 3,120,10598,YORKTOWN HEIGHTS,2020 MAPLE HILL ST,YORKTOWN HEIGHTS,NY,10598,9998,,V17122,P
ATLANTIC,4B,NEW YORK 3,120,10601,WHITE PLAINS,100 FISHER AVE,WHITE PLAINS,NY,10606,1953,,V17010,P
ATLANTIC,4B,NEW YORK 3,120,10602,WHITE PLAINS,100 FISHER AVE,WHITE PLAINS,NY,10606,1953,P,V17010,P
ATLANTIC,4B,NEW YORK 3,120,10602,MARTINE,170 MARTINE AVE,WHITE PLAINS,NY,10601,3330,P,001049,S
ATLANTIC,4B,NEW YORK 3,120,10603,NORTH WHITE PLAINS,585 N BROADWAY,WHITE PLAINS,NY,10603,9993,,V15115,S
ATLANTIC,4B,NEW YORK 3,120,10603,WHITE PLAINS,100 FISHER AVE,WHITE PLAINS,NY,10606,1953,,V17010,P
ATLANTIC,4B,NEW YORK 3,120,10604,WHITE PLAINS,100 FISHER AVE,WHITE PLAINS,NY,10606,1953,,V17010,P
ATLANTIC,4B,NEW YORK 3,120,10605,GEDNEY,620 MAMARONECK AVE,WHITE PLAINS,NY,10605,2081,,V13517,S
ATLANTIC,4B,NEW YORK 3,120,10605,WHITE PLAINS,100 FISHER AVE,WHITE PLAINS,NY,10606,1953,,V17010,P
ATLANTIC,4B,NEW YORK 3,120,10606,WHITE PLAINS,100 FISHER AVE,WHITE PLAINS,NY,10606,1953,,V17010,P
ATLANTIC,4B,NEW YORK 3,120,10607,WHITE PLAINS,100 FISHER AVE,WHITE PLAINS,NY,10606,1953,,V17010,P
ATLANTIC,4B,NEW YORK 3,120,10701,YONKERS,79-81 MAIN ST,YONKERS,NY,10701,7059,,V17117,P
ATLANTIC,4B,NEW YORK 3,120,10702,YONKERS,79-81 MAIN ST,YONKERS,NY,10701,7059,P,V17117,P
ATLANTIC,4B,NEW YORK 3,120,10703,GREYSTONE,7 ODELL PLZ STE 130,YONKERS,NY,10701,1411,,V13675,S
ATLANTIC,4B,NEW YORK 3,120,10704,YONKERS EAST,915 YONKERS AVE,YONKERS,NY,10704,3046,,V13049,S
ATLANTIC,4B,NEW YORK 3,120,10705,YONKERS SOUTH,335 S BROADWAY,YONKERS,NY,10705,2023,,V16158,S
ATLANTIC,4B,NEW YORK 3,120,10706,HASTINGS ON HUDSON,591 WARBURTON AVE,HASTINGS ON HUDSON,NY,10706,1530,,V13791,B
ATLANTIC,4B,NEW YORK 3,120,10707,TUCKAHOE,7 COLUMBUS AVE,TUCKAHOE,NY,10707,2518,,V16578,B
ATLANTIC,4B,NEW YORK 3,120,10708,BRONXVILLE,119 PONDFIELD RD,BRONXVILLE,NY,10708,4013,,V12308,B
ATLANTIC,4B,NEW YORK 3,120,10709,EASTCHESTER,155 FISHER AVE,EASTCHESTER,NY,10709,2610,,V13147,B
ATLANTIC,4B,NEW YORK 3,120,10709,TUCKAHOE,7 COLUMBUS AVE,TUCKAHOE,NY,10707,2518,,V16578,B
ATLANTIC,4B,NEW YORK 3,120,10710,CENTUCK,1585 CENTRAL PARK AVE,YONKERS,NY,10710,6027,,V12504,S
ATLANTIC,4B,NEW YORK 3,120,10801,NEW ROCHELLE,255 NORTH AVE,NEW ROCHELLE,NY,10801,6457,,V14957,P
ATLANTIC,4B,NEW YORK 3,120,10802,NEW ROCHELLE,255 NORTH AVE,NEW ROCHELLE,NY,10801,6457,P,V14957,P
ATLANTIC,4B,NEW YORK 3,120,10803,PELHAM,26 1ST ST,PELHAM,NY,10803,1834,,V15347,B
ATLANTIC,4B,NEW YORK 3,120,10804,WYKAGYL,3 QUAKER RIDGE RD,NEW ROCHELLE,NY,10804,2807,,V17109,S
ATLANTIC,4B,NEW YORK 3,120,10805,NEW ROCHELLE,255 NORTH AVE,NEW ROCHELLE,NY,10801,6457,,V14957,P
ATLANTIC,4B,NEW YORK 3,120,10901,SUFFERN,15 CHESTNUT ST,SUFFERN,NY,10901,9998,,V16431,P
ATLANTIC,4B,NEW YORK 3,120,10910,SOUTHFIELDS,996 ROUTE 17 STOP 2,SOUTHFIELDS,NY,10975,9998,P,V16235,P
ATLANTIC,4B,NEW YORK 3,120,10911,BEAR MOUNTAIN,30 SERVICE RD,BEAR MOUNTAIN,NY,10911,9998,,V12097,P
ATLANTIC,4B,NEW YORK 3,120,10912,GREENWOOD LAKE,123 WINDERMERE AVE,GREENWOOD LAKE,NY,10925,9998,P,V13669,P
ATLANTIC,4B,NEW YORK 3,120,10913,BLAUVELT,545 WESTERN HWY,BLAUVELT,NY,10913,9998,,V12176,P
ATLANTIC,4B,NEW YORK 3,120,10914,BLOOMING GROVE,2876 ROUTE 94,BLOOMING GROVE,NY,10914,9800,P,V12184,P
ATLANTIC,4B,NEW YORK 3,120,10915,BULLVILLE,652 LYBOLT RD,BULLVILLE,NY,10915,9800,P,V12348,P
ATLANTIC,4B,NEW YORK 3,120,10916,CAMPBELL HALL,10 MAYBROOK RD,CAMPBELL HALL,NY,10916,9998,,V12402,P
ATLANTIC,4B,NEW YORK 3,120,10917,CENTRAL VALLEY,28 SMITH CLOVE RD,CENTRAL VALLEY,NY,10917,9998,,V12500,P
ATLANTIC,4B,NEW YORK 3,120,10918,CHESTER,76 BROOKSIDE AVE,CHESTER,NY,10918,9998,,V12566,P
ATLANTIC,4B,NEW YORK 3,120,10919,CIRCLEVILLE,2079 ROUTE 302,CIRCLEVILLE,NY,10919,9998,,V12594,P
ATLANTIC,4B,NEW YORK 3,120,10920,CONGERS,14 OLD HAVERSTRAW RD,CONGERS,NY,10920,9998,,V12725,P
ATLANTIC,4B,NEW YORK 3,120,10921,FLORIDA,15 EDWARD J LEMPKA DR,FLORIDA,NY,10921,9998,,V13355,P
ATLANTIC,4B,NEW YORK 3,120,10922,FORT MONTGOMERY,130 FIREFIGHTERS MEMORIAL DR,FORT MONTGOMERY,NY,10922,9800,P,V13405,P
ATLANTIC,4B,NEW YORK 3,120,10923,GARNERVILLE,55 RAMAPO RD,GARNERVILLE,NY,10923,9998,,V13502,P
ATLANTIC,4B,NEW YORK 3,120,10924,GOSHEN,20 GRAND ST,GOSHEN,NY,10924,9998,,V13580,P
ATLANTIC,4B,NEW YORK 3,120,10925,GREENWOOD LAKE,123 WINDERMERE AVE,GREENWOOD LAKE,NY,10925,9998,,V13669,P
ATLANTIC,4B,NEW YORK 3,120,10926,HARRIMAN,88 STATE ROUTE 17M,HARRIMAN,NY,10926,9998,,V13772,P
ATLANTIC,4B,NEW YORK 3,120,10927,HAVERSTRAW,86 MAIN ST,HAVERSTRAW,NY,10927,9998,,V13796,P
ATLANTIC,4B,NEW YORK 3,120,10928,HIGHLAND FALLS,259 MAIN ST,HIGHLAND FALLS,NY,10928,9998,,V13864,P
ATLANTIC,4B,NEW YORK 3,120,10930,HIGHLAND MILLS,547 STATE ROUTE 32,HIGHLAND MILLS,NY,10930,9998,,V13867,P
ATLANTIC,4B,NEW YORK 3,120,10931,HILLBURN,27 ROCKLAND AVE,HILLBURN,NY,10931,9998,,V13874,P
ATLANTIC,4B,NEW YORK 3,120,10932,HOWELLS,126 NEW VERNON RD STE 1,HOWELLS,NY,10932,9800,P,V13952,P
ATLANTIC,4B,NEW YORK 3,120,10933,JOHNSON,83 COUNTY HIGHWAY 22,JOHNSON,NY,10933,9800,P,V14097,P
ATLANTIC,4B,NEW YORK 3,120,10940,MIDDLETOWN,40 FULTON ST,MIDDLETOWN,NY,10940,9998,,V14674,P
ATLANTIC,4B,NEW YORK 3,120,10941,MIDDLETOWN,40 FULTON ST,MIDDLETOWN,NY,10940,9998,,V14674,P
ATLANTIC,4B,NEW YORK 3,120,10941,SCOTCHTOWN,731 ROUTE 211 E STE 103,MIDDLETOWN,NY,10941,1490,,V15981,B
ATLANTIC,4B,NEW YORK 3,120,10949,MONROE,787 STATE ROUTE 17M,MONROE,NY,10950,9998,P,V14723,P
ATLANTIC,4B,NEW YORK 3,120,10950,MONROE,787 STATE ROUTE 17M,MONROE,NY,10950,9998,,V14723,P
ATLANTIC,4B,NEW YORK 3,120,10952,MONSEY,15 MELNICK DR,MONSEY,NY,10952,9998,,V14724,P
ATLANTIC,4B,NEW YORK 3,120,10953,MOUNTAINVILLE,107 STATION RD,MOUNTAINVILLE,NY,10953,6009,P,V14798,P
ATLANTIC,4B,NEW YORK 3,120,10954,BARDONIA,77 BARDONIA RD,NANUET,NY,10954,2156,,V12044,B
ATLANTIC,4B,NEW YORK 3,120,10954,NANUET,10 PROSPECT ST,NANUET,NY,10954,9998,,V14902,P
ATLANTIC,4B,NEW YORK 3,120,10956,NEW CITY,245 N MAIN ST,NEW CITY,NY,10956,9998,,V14934,P
ATLANTIC,4B,NEW YORK 3,120,10958,NEW HAMPTON,5070 ROUTE 17M,NEW HAMPTON,NY,10958,9998,,V14938,P
ATLANTIC,4B,NEW YORK 3,120,10959,NEW MILFORD,3 JOCKEY HOLLOW RD STE 2,NEW MILFORD,NY,10959,9800,P,V14955,P
ATLANTIC,4B,NEW YORK 3,120,10960,NYACK,48 S BROADWAY,NYACK,NY,10960,9998,,V15153,P
ATLANTIC,4B,NEW YORK 3,120,10962,ORANGEBURG,26 ORANGETOWN SHOPPING CTR,ORANGEBURG,NY,10962,9998,,V15234,P
ATLANTIC,4B,NEW YORK 3,120,10963,OTISVILLE,11 MAIN ST,OTISVILLE,NY,10963,9998,,V15257,P
ATLANTIC,4B,NEW YORK 3,120,10964,PALISADES,705 OAK TREE RD,PALISADES,NY,10964,9998,,V15294,P
ATLANTIC,4B,NEW YORK 3,120,10965,PEARL RIVER,35 S MAIN ST,PEARL RIVER,NY,10965,9998,,V15340,P
ATLANTIC,4B,NEW YORK 3,120,10968,PIERMONT,393 PIERMONT AVE,PIERMONT,NY,10968,9998,,V15389,P
ATLANTIC,4B,NEW YORK 3,120,10968,TAPPAN,57 OLD TAPPAN RD,TAPPAN,NY,10983,9998,,V16481,P
ATLANTIC,4B,NEW YORK 3,120,10969,PINE ISLAND,665 COUNTY ROUTE 1,PINE ISLAND,NY,10969,9998,,V15411,P
ATLANTIC,4B,NEW YORK 3,120,10970,POMONA,1515 ROUTE 202,POMONA,NY,10970,9998,,V15479,P
ATLANTIC,4B,NEW YORK 3,120,10973,SLATE HILL,1990 ROUTE 284,SLATE HILL,NY,10973,9998,,V16087,P
ATLANTIC,4B,NEW YORK 3,120,10974,SLOATSBURG,39 ORANGE TPKE,SLOATSBURG,NY,10974,9998,,V16094,P
ATLANTIC,4B,NEW YORK 3,120,10975,SOUTHFIELDS,996 ROUTE 17 STOP 2,SOUTHFIELDS,NY,10975,9998,,V16235,P
ATLANTIC,4B,NEW YORK 3,120,10976,SPARKILL,2 DEPOT SQ,SPARKILL,NY,10976,9998,,V16241,P
ATLANTIC,4B,NEW YORK 3,120,10977,MONSEY,15 MELNICK DR,MONSEY,NY,10952,9998,,V14724,P
ATLANTIC,4B,NEW YORK 3,120,10977,SPRING VALLEY,7 N MADISON AVE,SPRING VALLEY,NY,10977,9998,,V16263,P
ATLANTIC,4B,NEW YORK 3,120,10979,STERLING FOREST NPU,51 E SHORE RD,STERLING FOREST,NY,10979,9800,P,013420,5
ATLANTIC,4B,NEW YORK 3,120,10980,STONY POINT,81 CENTRAL HWY,STONY POINT,NY,10980,9998,,V16406,P
ATLANTIC,4B,NEW YORK 3,120,10981,SUGAR LOAF,1407 KINGS HWY,SUGAR LOAF,NY,10981,9800,P,V16432,P
ATLANTIC,4B,NEW YORK 3,120,10982,TALLMAN,321 ROUTE 59,TALLMAN,NY,10982,9800,P,V16477,P
ATLANTIC,4B,NEW YORK 3,120,10983,TAPPAN,57 OLD TAPPAN RD,TAPPAN,NY,10983,9998,,V16481,P
ATLANTIC,4B,NEW YORK 3,120,10984,THIELLS,177 THIELLS MT IVY RD,THIELLS,NY,10984,9998,,V16502,P
ATLANTIC,4B,NEW YORK 3,120,10985,THOMPSON RIDGE,49 COUNTY HIGHWAY 17,THOMPSON RIDGE,NY,10985,9998,,V16504,P
ATLANTIC,4B,NEW YORK 3,120,10986,TOMKINS COVE,160 N LIBERTY DR STE 5,TOMKINS COVE,NY,10986,2451,,V16539,P
ATLANTIC,4B,NEW YORK 3,120,10987,SLOATSBURG,39 ORANGE TPKE,SLOATSBURG,NY,10974,9998,,V16094,P
ATLANTIC,4B,NEW YORK 3,120,10987,TUXEDO PARK,228 ROUTE 17,TUXEDO PARK,NY,10987,9998,,V16586,P
ATLANTIC,4B,NEW YORK 3,120,10988,UNIONVILLE,1 MAIN ST,UNIONVILLE,NY,10988,9800,P,V16615,P
ATLANTIC,4B,NEW YORK 3,120,10989,VALLEY COTTAGE,137 ROUTE 303,VALLEY COTTAGE,NY,10989,9998,,V16651,P
ATLANTIC,4B,NEW YORK 3,120,10990,WARWICK,108 MAIN ST,WARWICK,NY,10990,9998,,V16806,P
ATLANTIC,4B,NEW YORK 3,120,10992,WASHINGTONVILLE,22 BROTHERHOOD PLAZA DR,WASHINGTONVILLE,NY,10992,9998,,V16811,P
ATLANTIC,4B,NEW YORK 3,120,10993,WEST HAVERSTRAW,71 S ROUTE 9W STE 7,WEST HAVERSTRAW,NY,10993,9998,,V16897,P
ATLANTIC,4B,NEW YORK 3,120,10994,WEST NYACK,720 W NYACK RD,WEST NYACK,NY,10994,9998,,V16923,P
ATLANTIC,4B,NEW YORK 3,120,10996,WEST POINT,634 SWIFT RD,WEST POINT,NY,10996,1938,,V16929,P
ATLANTIC,4B,NEW YORK 3,120,10997,U S C C,745 BREWERTON RD,WEST POINT,NY,10996,1602,P,V16597,S
ATLANTIC,4B,NEW YORK 3,120,10998,WESTTOWN,2097 COUNTY ROUTE 1,WESTTOWN,NY,10998,9998,,V16986,P
ATLANTIC,4B,NEW YORK 2,117,11001,FLORAL PARK,35 TULIP AVE,FLORAL PARK,NY,11001,9998,,V13352,P
ATLANTIC,4B,NEW YORK 2,117,11002,FLORAL PARK,35 TULIP AVE,FLORAL PARK,NY,11001,9998,P,V13352,P
ATLANTIC,4B,NEW YORK 2,117,11003,ALDEN MANOR,778 ELMONT RD,ELMONT,NY,11003,9993,,V11851,B
ATLANTIC,4B,NEW YORK 2,117,11003,ELMONT,260 ELMONT RD,ELMONT,NY,11003,9997,,V13219,B
ATLANTIC,4B,NEW YORK 2,117,11003,MEACHAM,798 MEACHAM AVE,ELMONT,NY,11003,9994,,V14615,B
ATLANTIC,4B,NEW YORK 2,117,11004,FLORAL PARK,35 TULIP AVE,FLORAL PARK,NY,11001,9998,,V13352,P
ATLANTIC,4B,NEW YORK 2,117,11004,GLEN OAKS,25629 UNION TPKE,GLEN OAKS,NY,11004,9997,,V13550,B
ATLANTIC,4B,NEW YORK 2,117,11005,FLORAL PARK,35 TULIP AVE,FLORAL PARK,NY,11001,9998,,V13352,P
ATLANTIC,4B,NEW YORK 2,117,11010,FRANKLIN SQUARE,867 HEMPSTEAD TPKE,FRANKLIN SQUARE,NY,11010,9998,,V13434,P
ATLANTIC,4B,NEW YORK 2,117,11020,GREAT NECK CARRIER ANNEX,308 E SHORE RD,GREAT NECK,NY,11023,9996,,012451,4
ATLANTIC,4B,NEW YORK 2,117,11021,GREAT NECK CARRIER ANNEX,308 E SHORE RD,GREAT NECK,NY,11023,9996,,012451,4
ATLANTIC,4B,NEW YORK 2,117,11022,GREAT NECK,1 WELWYN RD,GREAT NECK,NY,11021,9998,P,V13628,P
ATLANTIC,4B,NEW YORK 2,117,11023,OLD VILLAGE,661 MIDDLE NECK RD,GREAT NECK,NY,11023,9997,,V15209,B
ATLANTIC,4B,NEW YORK 2,117,11023,GREAT NECK CARRIER ANNEX,308 E SHORE RD,GREAT NECK,NY,11023,9996,,012451,4
ATLANTIC,4B,NEW YORK 2,117,11024,GREAT NECK CARRIER ANNEX,308 E SHORE RD,GREAT NECK,NY,11023,9996,,012451,4
ATLANTIC,4B,NEW YORK 2,117,11030,MANHASSET,28 MAPLE PL,MANHASSET,NY,11030,9998,,V14505,P
ATLANTIC,4B,NEW YORK 2,117,11030,PLANDOME,155 STONYTOWN RD,MANHASSET,NY,11030,9993,,V15442,B
ATLANTIC,4B,NEW YORK 2,117,11040,HILLSIDE MANOR,2038 HILLSIDE AVE,NEW HYDE PARK,NY,11040,9993,,V13883,B
ATLANTIC,4B,NEW YORK 2,117,11040,NEW HYDE PARK,1001 2ND AVE,NEW HYDE PARK,NY,11040,9998,,V14945,P
ATLANTIC,4B,NEW YORK 2,117,11040,NORTH NEW HYDE PARK,1568 UNION TPKE,NEW HYDE PARK,NY,11040,9994,,V15085,B
ATLANTIC,4B,NEW YORK 2,117,11040,NEW HYDE PARK CARRIER ANNEX,44 MILLERS LN,NEW HYDE PARK,NY,11040,9997,,001244,4
ATLANTIC,4B,NEW YORK 2,117,11042,NEW HYDE PARK,1001 2ND AVE,NEW HYDE PARK,NY,11040,9998,,V14945,P
ATLANTIC,4B,NEW YORK 2,117,11042,NEW HYDE PARK CARRIER ANNEX,44 MILLERS LN,NEW HYDE PARK,NY,11040,9997,,001244,4
ATLANTIC,4B,NEW YORK 2,117,11050,PORT WASHINGTON,1051 PORT WASHINGTON BLVD,PORT WASHINGTON,NY,11050,9998,,V15512,P
ATLANTIC,4B,NEW YORK 2,117,11096,FAR ROCKAWAY,1836 MOTT AVE,FAR ROCKAWAY,NY,11691,9998,,V13276,P
ATLANTIC,4B,NEW YORK 2,117,11096,INWOOD,143 DOUGHTY BLVD,INWOOD,NY,11096,9907,,003965,B
ATLANTIC,4B,NEW YORK 2,117,11101,LONG ISLAND CITY,4602 21ST ST,LONG ISLAND CITY,NY,11101,9998,,V14422,P
ATLANTIC,4B,NEW YORK 2,117,11101,PLAZA,4254 23RD ST,LONG ISLAND CITY,NY,11101,9995,,018010,S
ATLANTIC,4B,NEW YORK 2,117,11102,ASTORIA,3011 21ST ST STE A,ASTORIA,NY,11102,9996,,016790,S
ATLANTIC,4B,NEW YORK 2,117,11103,GRAND,4508 30TH AVE STE A,ASTORIA,NY,11103,9991,,V13604,S
ATLANTIC,4B,NEW YORK 2,117,11103,STEINWAY,4304 BROADWAY,ASTORIA,NY,11103,9997,,V16373,S
ATLANTIC,4B,NEW YORK 2,117,11104,SUNNYSIDE,4515 44TH ST,SUNNYSIDE,NY,11104,9997,,V16443,S
ATLANTIC,4B,NEW YORK 2,117,11105,WOOLSEY,2268 31ST ST,LONG ISLAND CITY,NY,11105,9997,,V17096,S
ATLANTIC,4B,NEW YORK 2,117,11106,BROADWAY,2117 BROADWAY,ASTORIA,NY,11106,9997,,V12302,S
ATLANTIC,4B,NEW YORK 2,117,11109,LONG ISLAND CITY,4602 21ST ST,LONG ISLAND CITY,NY,11101,9998,,V14422,P
ATLANTIC,4B,NEW YORK 1,100,11201,CADMAN PLAZA,271 CADMAN PLZ E STE 2,BROOKLYN,NY,11201,9997,,V14480,S
ATLANTIC,4B,NEW YORK 1,100,11202,CADMAN PLAZA,271 CADMAN PLZ E STE 2,BROOKLYN,NY,11201,9997,P,V14480,S
ATLANTIC,4B,NEW YORK 1,100,11203,RUGBY,726 UTICA AVE,BROOKLYN,NY,11203,9997,,V15822,S
ATLANTIC,4B,NEW YORK 1,100,11204,PARKVILLE,6618 20TH AVE,BROOKLYN,NY,11204,9997,,V15321,S
ATLANTIC,4B,NEW YORK 1,100,11205,METROPOLITAN,47 DEBEVOISE ST,BROOKLYN,NY,11206,9997,,V14653,S
ATLANTIC,4B,NEW YORK 1,100,11205,PRATT,609 MYRTLE AVE STE A,BROOKLYN,NY,11205,9996,,017063,S
ATLANTIC,4B,NEW YORK 1,100,11206,METROPOLITAN,47 DEBEVOISE ST,BROOKLYN,NY,11206,9997,,V14653,S
ATLANTIC,4B,NEW YORK 1,100,11207,EAST NEW YORK,2645 ATLANTIC AVE,BROOKLYN,NY,11207,9997,,V13104,S
ATLANTIC,4B,NEW YORK 1,100,11208,NEW LOTS,1223 SUTTER AVE,BROOKLYN,NY,11208,9997,,V14953,S
ATLANTIC,4B,NEW YORK 1,100,11209,FORT HAMILTON,8801 5TH AVE,BROOKLYN,NY,11209,9997,,V13399,S
ATLANTIC,4B,NEW YORK 1,100,11210,VANDERVEER,2319 NOSTRAND AVE,BROOKLYN,NY,11210,9997,,V16672,S
ATLANTIC,4B,NEW YORK 1,100,11211,WILLIAMSBURG,263 S 4TH ST,BROOKLYN,NY,11211,9997,,V17037,S
ATLANTIC,4B,NEW YORK 1,100,11212,MARTIN LUTHER KING JR,9402 CHURCH AVE,BROOKLYN,NY,11212,9993,,V1A638,S
ATLANTIC,4B,NEW YORK 1,100,11212,BROWNSVILLE,167 BRISTOL ST,BROOKLYN,NY,11212,9997,,V12326,S
ATLANTIC,4B,NEW YORK 1,100,11213,MAJOR ROBERT OWENS,1234 SAINT JOHNS PL,BROOKLYN,NY,11213,9997,,V15899,S
ATLANTIC,4B,NEW YORK 1,100,11214,BATH BEACH,1865 BENSON AVE,BROOKLYN,NY,11214,9997,,V12064,S
ATLANTIC,4B,NEW YORK 1,100,11215,VAN BRUNT,275 9TH ST,BROOKLYN,NY,11215,9997,,V16660,S
ATLANTIC,4B,NEW YORK 1,100,11216,BREVOORT,1205 ATLANTIC AVE,BROOKLYN,NY,11216,9997,,V12262,S
ATLANTIC,4B,NEW YORK 1,100,11217,TIMES PLAZA,539 ATLANTIC AVE,BROOKLYN,NY,11217,9996,,018020,S
ATLANTIC,4B,NEW YORK 1,100,11217,TIMES PLAZA ANNEX,594 DEAN ST,BROOKLYN,NY,11238,9996,,018021,4
ATLANTIC,4B,NEW YORK 1,100,11218,KENSINGTON,419 MCDONALD AVE,BROOKLYN,NY,11218,9997,,V14133,S
ATLANTIC,4B,NEW YORK 1,100,11219,BLYTHEBOURNE,1200 51ST ST,BROOKLYN,NY,11219,9997,,V12201,S
ATLANTIC,4B,NEW YORK 1,100,11220,BAY RIDGE,5501 7TH AVE,BROOKLYN,NY,11220,9997,,V12077,S
ATLANTIC,4B,NEW YORK 1,100,11220,SUNSET,6102 5TH AVE STE 1,BROOKLYN,NY,11220,9992,,V16444,S
ATLANTIC,4B,NEW YORK 1,100,11221,BUSHWICK,1369 BROADWAY,BROOKLYN,NY,11221,9997,,V12365,S
ATLANTIC,4B,NEW YORK 1,100,11222,GREENPOINT,66 MESEROLE AVE,BROOKLYN,NY,11222,9997,,V13661,S
ATLANTIC,4B,NEW YORK 1,100,11223,GRAVESEND,344 AVENUE U,BROOKLYN,NY,11223,9997,,V13619,S
ATLANTIC,4B,NEW YORK 1,100,11224,CONEY ISLAND,2727 MERMAID AVE,BROOKLYN,NY,11224,9997,,V12723,S
ATLANTIC,4B,NEW YORK 1,100,11224,NEPTUNE,626 SHEEPSHEAD BAY RD STE 8,BROOKLYN,NY,11224,9904,,019280,S
ATLANTIC,4B,NEW YORK 1,100,11225,JAMES E DAVIS,315 EMPIRE BLVD,BROOKLYN,NY,11225,9997,,V14327,S
ATLANTIC,4B,NEW YORK 1,100,11226,FLATBUSH,2273 CHURCH AVE,BROOKLYN,NY,11226,9997,,V13345,S
ATLANTIC,4B,NEW YORK 1,100,11228,DYKER HEIGHTS,8320 13TH AVE,BROOKLYN,NY,11228,9997,,V12987,S
ATLANTIC,4B,NEW YORK 1,100,11229,HOMECREST,2370 E 19TH ST,BROOKLYN,NY,11229,9997,,V13919,4
ATLANTIC,4B,NEW YORK 1,100,11229,HOMECREST,2302 AVENUE U,BROOKLYN,NY,11229,9994,,V13920,S
ATLANTIC,4B,NEW YORK 1,100,11229,KINGSWAY,1610 E 19TH ST STE 1,BROOKLYN,NY,11229,9993,,V14169,S
ATLANTIC,4B,NEW YORK 1,100,11230,MIDWOOD,1288 CONEY ISLAND AVE,BROOKLYN,NY,11230,9997,,V14680,S
ATLANTIC,4B,NEW YORK 1,100,11231,RED HOOK,615 CLINTON ST,BROOKLYN,NY,11231,9997,,V15648,S
ATLANTIC,4B,NEW YORK 1,100,11232,BUSH TERMINAL RETAIL,775 4TH AVE STE 2,BROOKLYN,NY,11232,1415,,019268,S
ATLANTIC,4B,NEW YORK 1,100,11232,BUSH TERMINAL CARRIER ANNEX,147 41ST ST STE 1,BROOKLYN,NY,11232,3322,,019674,4
ATLANTIC,4B,NEW YORK 1,100,11233,SHIRLEY A CHISHOLM,1915 FULTON ST,BROOKLYN,NY,11233,9997,,V16426,S
ATLANTIC,4B,NEW YORK 1,100,11234,RYDER RETAIL,2222 FLATBUSH AVE,BROOKLYN,NY,11234,9993,,V1A496,S
ATLANTIC,4B,NEW YORK 1,100,11234,RYDER,1739 E 45TH ST,BROOKLYN,NY,11234,9997,,V15834,4
ATLANTIC,4B,NEW YORK 1,100,11235,BAY,2628 E 18TH ST,BROOKLYN,NY,11235,9997,,V12072,S
ATLANTIC,4B,NEW YORK 1,100,11236,CANARSIE,10201 FLATLANDS AVE,BROOKLYN,NY,11236,9997,,V12413,S
ATLANTIC,4B,NEW YORK 1,100,11237,WYCKOFF HEIGHTS,86 WYCKOFF AVE,BROOKLYN,NY,11237,9997,,V17107,S
ATLANTIC,4B,NEW YORK 1,100,11238,ADELPHI,950 FULTON ST,BROOKLYN,NY,11238,9997,,V11831,S
ATLANTIC,4B,NEW YORK 1,100,11239,CANARSIE,10201 FLATLANDS AVE,BROOKLYN,NY,11236,9997,,V12413,S
ATLANTIC,4B,NEW YORK 1,100,11247,RESTORATION PLAZA,1360 FULTON ST STE 1,BROOKLYN,NY,11216,9993,P,V15670,S
ATLANTIC,4B,NEW YORK 1,100,11249,WILLIAMSBURG,263 S 4TH ST,BROOKLYN,NY,11211,9997,,V17037,S
ATLANTIC,4B,NEW YORK 2,117,11352,FLUSHING,4165 MAIN ST STE 1,FLUSHING,NY,11355,9998,P,V13365,P
ATLANTIC,4B,NEW YORK 2,117,11354,LINDEN HILL,2950 UNION ST STE A,FLUSHING,NY,11354,9997,,V14363,S
ATLANTIC,4B,NEW YORK 2,117,11355,FLUSHING,4165 MAIN ST STE 1,FLUSHING,NY,11355,9998,,V13365,P
ATLANTIC,4B,NEW YORK 2,117,11356,COLLEGE POINT,12007 15TH AVE,COLLEGE POINT,NY,11356,9997,,V12686,S
ATLANTIC,4B,NEW YORK 2,117,11357,WHITESTONE,1444 150TH ST,WHITESTONE,NY,11357,9997,,V17019,S
ATLANTIC,4B,NEW YORK 2,117,11358,STATION A,4003 164TH ST,FLUSHING,NY,11358,9997,,V11816,S
ATLANTIC,4B,NEW YORK 2,117,11360,BAY TERRACE,21271 26TH AVE,BAYSIDE,NY,11360,9993,,V12080,S
ATLANTIC,4B,NEW YORK 2,117,11360,BAYSIDE ANNEX,4129 216TH ST,BAYSIDE,NY,11361,9992,,V12091,4
ATLANTIC,4B,NEW YORK 2,117,11361,BAYSIDE,21235 42ND AVE STE 2,BAYSIDE,NY,11361,9997,,V12090,S
ATLANTIC,4B,NEW YORK 2,117,11361,BAYSIDE ANNEX,4129 216TH ST,BAYSIDE,NY,11361,9992,,V12091,4
ATLANTIC,4B,NEW YORK 2,117,11362,HORACE HARDING,5601 MARATHON PKWY,LITTLE NECK,NY,11362,9993,,V13936,S
ATLANTIC,4B,NEW YORK 2,117,11362,LITTLE NECK,25010 NORTHERN BLVD,LITTLE NECK,NY,11362,9997,,V14376,S
ATLANTIC,4B,NEW YORK 2,117,11363,LITTLE NECK,25010 NORTHERN BLVD,LITTLE NECK,NY,11362,9997,,V14376,S
ATLANTIC,4B,NEW YORK 2,117,11364,OAKLAND GARDENS,6143 SPRINGFIELD BLVD,OAKLAND GARDENS,NY,11364,9997,,V15173,S
ATLANTIC,4B,NEW YORK 2,117,11365,FRESH MEADOWS CARRIER ANNEX,19220 HORACE HARDING EXPY,FRESH MEADOWS,NY,11365,9997,,V13456,4
ATLANTIC,4B,NEW YORK 2,117,11365,FRESH MEADOWS,19304 HORACE HARDING EXPY STE A,FRESH MEADOWS,NY,11365,9994,,003726,S
ATLANTIC,4B,NEW YORK 2,117,11366,FRESH MEADOWS CARRIER ANNEX,19220 HORACE HARDING EXPY,FRESH MEADOWS,NY,11365,9997,,V13456,4
ATLANTIC,4B,NEW YORK 2,117,11366,UTOPIA,18204 UNION TPKE,FRESH MEADOWS,NY,11366,9993,,V16645,S
ATLANTIC,4B,NEW YORK 2,117,11367,KEW GARDENS HILLS,7523 MAIN ST,FLUSHING,NY,11367,9997,,V12377,S
ATLANTIC,4B,NEW YORK 2,117,11368,CORONA-A,10328 ROOSEVELT AVE,CORONA,NY,11368,9993,,V12782,S
ATLANTIC,4B,NEW YORK 2,117,11368,ELMHURST,5901 JUNCTION BLVD,ELMHURST,NY,11373,9997,,V13208,S
ATLANTIC,4B,NEW YORK 2,117,11369,EAST ELMHURST,9107 25TH AVE,EAST ELMHURST,NY,11369,9997,,V13067,S
ATLANTIC,4B,NEW YORK 2,117,11370,EAST ELMHURST,9107 25TH AVE,EAST ELMHURST,NY,11369,9997,,V13067,S
ATLANTIC,4B,NEW YORK 2,117,11370,TRAINSMEADOW,7577 31ST AVE,EAST ELMHURST,NY,11370,9993,,V16556,S
ATLANTIC,4B,NEW YORK 2,117,11371,EAST ELMHURST,9107 25TH AVE,EAST ELMHURST,NY,11369,9997,,V13067,S
ATLANTIC,4B,NEW YORK 2,117,11372,JACKSON HEIGHTS,7802 37TH AVE,JACKSON HEIGHTS,NY,11372,9997,,V14052,S
ATLANTIC,4B,NEW YORK 2,117,11372,JUNCTION BOULEVARD,3323 JUNCTION BLVD STE 1,JACKSON HEIGHTS,NY,11372,9993,,V14110,S
ATLANTIC,4B,NEW YORK 2,117,11373,ELMHURST,5901 JUNCTION BLVD,ELMHURST,NY,11373,9997,,V13208,S
ATLANTIC,4B,NEW YORK 2,117,11374,REGO PARK,9224 QUEENS BLVD,REGO PARK,NY,11374,9997,,V15660,S
ATLANTIC,4B,NEW YORK 2,117,11375,FOREST HILLS,10628 QUEENS BLVD,FOREST HILLS,NY,11375,9997,,V13377,S
ATLANTIC,4B,NEW YORK 2,117,11375,PARKSIDE,10119 METROPOLITAN AVE,FOREST HILLS,NY,11375,9993,,V15319,S
ATLANTIC,4B,NEW YORK 2,117,11377,WOODSIDE,3925 61ST ST,WOODSIDE,NY,11377,9997,,V17090,S
ATLANTIC,4B,NEW YORK 2,117,11378,MASPETH,5502 69TH ST,MASPETH,NY,11378,9997,,V14569,S
ATLANTIC,4B,NEW YORK 2,117,11379,MIDDLE VILLAGE,7135 METROPOLITAN AVE,MIDDLE VILLAGE,NY,11379,9997,,V14667,S
ATLANTIC,4B,NEW YORK 2,117,11380,ELMHURST A,8027 BROADWAY,ELMHURST,NY,11373,9993,P,V13211,S
ATLANTIC,4B,NEW YORK 2,117,11385,RIDGEWOOD,6060 MYRTLE AVE,RIDGEWOOD,NY,11385,9997,,V15701,S
ATLANTIC,4B,NEW YORK 2,117,11386,RIDGEWOOD,6060 MYRTLE AVE,RIDGEWOOD,NY,11385,9997,P,V15701,S
ATLANTIC,4B,NEW YORK 2,117,11411,CAMBRIA HEIGHTS,22901 LINDEN BLVD,CAMBRIA HEIGHTS,NY,11411,9997,,V12392,S
ATLANTIC,4B,NEW YORK 2,117,11412,SAINT ALBANS,19504 LINDEN BLVD,SAINT ALBANS,NY,11412,9997,,V15893,S
ATLANTIC,4B,NEW YORK 2,117,11413,SPRINGFIELD GARDENS,21810 MERRICK BLVD,SPRINGFIELD GARDENS,NY,11413,9997,,V16268,S
ATLANTIC,4B,NEW YORK 2,117,11414,STATION B,10212 159TH AVE,HOWARD BEACH,NY,11414,9993,,V12002,S
ATLANTIC,4B,NEW YORK 2,117,11414,HOWARD BEACH,16050 CROSSBAY BLVD,HOWARD BEACH,NY,11414,9997,,V13950,S
ATLANTIC,4B,NEW YORK 2,117,11415,KEW GARDENS,8330 AUSTIN ST,KEW GARDENS,NY,11415,9997,,V14147,S
ATLANTIC,4B,NEW YORK 2,117,11416,OZONE PARK CARRIER ANNEX,1050 FORBELL ST RM 2098,BROOKLYN,NY,11256,9905,,015167,4
ATLANTIC,4B,NEW YORK 2,117,11417,OZONE PARK,9111 LIBERTY AVE,OZONE PARK,NY,11417,9993,,V15281,S
ATLANTIC,4B,NEW YORK 2,117,11417,OZONE PARK CARRIER ANNEX,1050 FORBELL ST RM 2098,BROOKLYN,NY,11256,9905,,015167,4
ATLANTIC,4B,NEW YORK 2,117,11418,RICHMOND HILL,12201 JAMAICA AVE,RICHMOND HILL,NY,11418,9997,,V15690,S
ATLANTIC,4B,NEW YORK 2,117,11419,SOUTH RICHMOND HILL,11704 101ST AVE,SOUTH RICHMOND HILL,NY,11419,9997,,V16217,S
ATLANTIC,4B,NEW YORK 2,117,11420,SOUTH OZONE PARK,12615 FOCH BLVD,SOUTH OZONE PARK,NY,11420,9997,,V16211,S
ATLANTIC,4B,NEW YORK 2,117,11421,WOODHAVEN,8642 FOREST PKWY,WOODHAVEN,NY,11421,9997,,V17079,S
ATLANTIC,4B,NEW YORK 2,117,11422,ROSEDALE,14506 243RD ST,ROSEDALE,NY,11422,9997,,V15795,S
ATLANTIC,4B,NEW YORK 2,117,11423,HOLLIS,19740 JAMAICA AVE,HOLLIS,NY,11423,9997,,V13909,S
ATLANTIC,4B,NEW YORK 2,117,11424,BOROUGH HALL,12055 QUEENS BLVD STE 8,JAMAICA,NY,11424,9997,P,V12215,S
ATLANTIC,4B,NEW YORK 2,117,11426,BELLEROSE,23715 BRADDOCK AVE,BELLEROSE,NY,11426,9997,,V12125,S
ATLANTIC,4B,NEW YORK 2,117,11427,QUEENS VILLAGE,20920 JAMAICA AVE,QUEENS VILLAGE,NY,11428,9997,,V15610,S
ATLANTIC,4B,NEW YORK 2,117,11428,QUEENS VILLAGE,20920 JAMAICA AVE,QUEENS VILLAGE,NY,11428,9997,,V15610,S
ATLANTIC,4B,NEW YORK 2,117,11429,QUEENS VILLAGE,20920 JAMAICA AVE,QUEENS VILLAGE,NY,11428,9997,,V15610,S
ATLANTIC,4B,NEW YORK 2,117,11430,JOHN F KENNEDY AIRPORT,250 N BOUNDARY RD STE 1,JAMAICA,NY,11430,9997,,V14094,S
ATLANTIC,4B,NEW YORK 2,117,11431,JAMAICA,8840 164TH ST,JAMAICA,NY,11432,9998,P,V14056,P
ATLANTIC,4B,NEW YORK 2,117,11432,JAMAICA,8840 164TH ST,JAMAICA,NY,11432,9998,,V14056,P
ATLANTIC,4B,NEW YORK 2,117,11433,JAMAICA,8840 164TH ST,JAMAICA,NY,11432,9998,,V14056,P
ATLANTIC,4B,NEW YORK 2,117,11434,ROCHDALE CARRIER ANNEX,12045 168TH ST,JAMAICA,NY,11434,9993,,V1A546,4
ATLANTIC,4B,NEW YORK 2,117,11434,ROCHDALE VILLAGE,165100 BAISLEY BLVD,JAMAICA,NY,11434,9997,,V15729,S
ATLANTIC,4B,NEW YORK 2,117,11435,JAMAICA,8840 164TH ST,JAMAICA,NY,11432,9998,,V14056,P
ATLANTIC,4B,NEW YORK 2,117,11435,BRIARWOOD,13869 QUEENS BLVD,JAMAICA,NY,11435,9996,,V19801,S
ATLANTIC,4B,NEW YORK 2,117,11435,ARCHER AVE,9703 SUTPHIN BLVD,JAMAICA,NY,11435,9995,,017900,S
ATLANTIC,4B,NEW YORK 2,117,11436,SOUTH OZONE PARK,12615 FOCH BLVD,SOUTH OZONE PARK,NY,11420,9997,,V16211,S
ATLANTIC,4B,NEW YORK 2,117,11501,MINEOLA,160 1ST ST,MINEOLA,NY,11501,4070,,V14701,P
ATLANTIC,4B,NEW YORK 2,117,11507,ALBERTSON,860 WILLIS AVE,ALBERTSON,NY,11507,1952,,V11845,P
ATLANTIC,4B,NEW YORK 2,117,11509,ATLANTIC BEACH,2009 PARK ST,ATLANTIC BEACH,NY,11509,1245,,V11977,P
ATLANTIC,4B,NEW YORK 2,117,11510,BALDWIN,2260 GRAND AVE,BALDWIN,NY,11510,3162,,V12017,P
ATLANTIC,4B,NEW YORK 2,117,11510,NORTH BALDWIN,1620 GRAND AVE,NORTH BALDWIN,NY,11510,1841,,V15030,S
ATLANTIC,4B,NEW YORK 2,117,11514,CARLE PLACE,309 WESTBURY AVE,CARLE PLACE,NY,11514,1656,,V12428,P
ATLANTIC,4B,NEW YORK 2,117,11514,WESTBURY,360 MAPLE AVE,WESTBURY,NY,11590,7576,,V16962,P
ATLANTIC,4B,NEW YORK 2,117,11516,CEDARHURST,124 GROVE AVE,CEDARHURST,NY,11516,2328,,V12472,P
ATLANTIC,4B,NEW YORK 2,117,11518,EAST ROCKAWAY,10 MAIN ST,EAST ROCKAWAY,NY,11518,2065,,V13121,P
ATLANTIC,4B,NEW YORK 2,117,11520,FREEPORT,132 W MERRICK RD,FREEPORT,NY,11520,3757,,V13443,P
ATLANTIC,4B,NEW YORK 2,117,11530,GARDEN CITY,600 FRANKLIN AVE,GARDEN CITY,NY,11530,5756,,V13492,P
ATLANTIC,4B,NEW YORK 2,117,11531,ROOSEVELT FIELD,630 OLD COUNTRY RD UNIT 507,GARDEN CITY,NY,11530,3500,P,V15784,S
ATLANTIC,4B,NEW YORK 2,117,11542,GLEN COVE,2 GLEN COVE AVE,GLEN COVE,NY,11542,2596,,V13547,P
ATLANTIC,4B,NEW YORK 2,117,11545,GLEN HEAD,240 GLEN HEAD RD STE 1,GLEN HEAD,NY,11545,1980,,V13549,P
ATLANTIC,4B,NEW YORK 2,117,11547,GLENWOOD LANDING,123 GLENWOOD RD,GLENWOOD LANDING,NY,11547,9701,P,V13568,P
ATLANTIC,4B,NEW YORK 2,117,11548,GREENVALE,37 NORTHERN BLVD,GREENVALE,NY,11548,1348,,V13664,P
ATLANTIC,4B,NEW YORK 2,117,11550,HEMPSTEAD,200 FULTON AVE,HEMPSTEAD,NY,11550,3728,,V13822,P
ATLANTIC,4B,NEW YORK 2,117,11551,HEMPSTEAD,200 FULTON AVE,HEMPSTEAD,NY,11550,3728,P,V13822,P
ATLANTIC,4B,NEW YORK 2,117,11551,HEMPSTEAD BOX UNIT,73 JAMES A GARNER WAY,HEMPSTEAD,NY,11550,3101,P,002475,6
ATLANTIC,4B,NEW YORK 2,117,11552,WEST HEMPSTEAD,245 HEMPSTEAD AVE,WEST HEMPSTEAD,NY,11552,2114,,001934,P
ATLANTIC,4B,NEW YORK 2,117,11553,UNIONDALE,1000 FRONT ST,UNIONDALE,NY,11553,1649,,001933,P
ATLANTIC,4B,NEW YORK 2,117,11554,EAST MEADOW,446 E MEADOW AVE,EAST MEADOW,NY,11554,3946,,001935,P
ATLANTIC,4B,NEW YORK 2,117,11557,HEWLETT,1245 HEWLETT PLZ,HEWLETT,NY,11557,2037,,V13845,P
ATLANTIC,4B,NEW YORK 2,117,11558,ISLAND PARK,367 LONG BEACH RD,ISLAND PARK,NY,11558,1551,,V14032,P
ATLANTIC,4B,NEW YORK 2,117,11559,LAWRENCE,12 BAYVIEW AVE,LAWRENCE,NY,11559,1045,,V14306,P
ATLANTIC,4B,NEW YORK 2,117,11560,LOCUST VALLEY,115 FOREST AVE,LOCUST VALLEY,NY,11560,1733,,V14409,P
ATLANTIC,4B,NEW YORK 2,117,11561,LONG BEACH,101 E PARK AVE,LONG BEACH,NY,11561,3561,,V14417,P
ATLANTIC,4B,NEW YORK 2,117,11563,LYNBROOK,100 BROADWAY,LYNBROOK,NY,11563,3279,,V14448,P
ATLANTIC,4B,NEW YORK 2,117,11565,MALVERNE,339 HEMPSTEAD AVE,MALVERNE,NY,11565,1223,,V14499,P
ATLANTIC,4B,NEW YORK 2,117,11566,BANK PLAZA,2000 FISHER AVE,MERRICK,NY,11566,9991,,V12034,S
ATLANTIC,4B,NEW YORK 2,117,11566,MERRICK,2040 MERRICK RD,MERRICK,NY,11566,4742,,V14643,P
ATLANTIC,4B,NEW YORK 2,117,11568,OLD WESTBURY,1 STORE HILL RD UNIT B,OLD WESTBURY,NY,11568,1234,,V15210,B
ATLANTIC,4B,NEW YORK 2,117,11568,WESTBURY,360 MAPLE AVE,WESTBURY,NY,11590,7576,,V16962,P
ATLANTIC,4B,NEW YORK 2,117,11569,POINT LOOKOUT,110 LIDO BLVD,POINT LOOKOUT,NY,11569,9700,P,V15470,P
ATLANTIC,4B,NEW YORK 2,117,11570,ROCKVILLE CENTRE,250 MERRICK RD,ROCKVILLE CENTRE,NY,11570,5294,,V15763,P
ATLANTIC,4B,NEW YORK 2,117,11571,ROCKVILLE CENTRE,250 MERRICK RD,ROCKVILLE CENTRE,NY,11570,5294,P,V15763,P
ATLANTIC,4B,NEW YORK 2,117,11572,OCEANSIDE,80 ATLANTIC AVE,OCEANSIDE,NY,11572,2044,,V15181,B
ATLANTIC,4B,NEW YORK 2,117,11575,ROOSEVELT,1 BABYLON TPKE,ROOSEVELT,NY,11575,2178,,V15782,P
ATLANTIC,4B,NEW YORK 2,117,11576,ROSLYN,1391 OLD NORTHERN BLVD,ROSLYN,NY,11576,2180,,V15799,P
ATLANTIC,4B,NEW YORK 2,117,11577,ROSLYN HEIGHTS,66 MINEOLA AVE,ROSLYN HEIGHTS,NY,11577,1093,,V15804,P
ATLANTIC,4B,NEW YORK 2,117,11579,SEA CLIFF,200 SEA CLIFF AVE,SEA CLIFF,NY,11579,1277,,V15994,P
ATLANTIC,4B,NEW YORK 2,117,11580,VALLEY STREAM,111 S FRANKLIN AVE,VALLEY STREAM,NY,11580,6136,,V16656,P
ATLANTIC,4B,NEW YORK 2,117,11581,VALLEY STREAM,111 S FRANKLIN AVE,VALLEY STREAM,NY,11580,6136,,V16656,P
ATLANTIC,4B,NEW YORK 2,117,11582,VALLEY STREAM,111 S FRANKLIN AVE,VALLEY STREAM,NY,11580,6136,P,V16656,P
ATLANTIC,4B,NEW YORK 2,117,11590,WESTBURY,360 MAPLE AVE,WESTBURY,NY,11590,7576,,V16962,P
ATLANTIC,4B,NEW YORK 2,117,11596,WILLISTON PARK,446 WILLIS AVE,WILLISTON PARK,NY,11596,2234,,V17045,P
ATLANTIC,4B,NEW YORK 2,117,11598,WOODMERE,132 FRANKLIN PL,WOODMERE,NY,11598,1200,,V17084,P
ATLANTIC,4B,NEW YORK 2,117,11690,FAR ROCKAWAY,1836 MOTT AVE,FAR ROCKAWAY,NY,11691,9998,P,V13276,P
ATLANTIC,4B,NEW YORK 2,117,11691,FAR ROCKAWAY,1836 MOTT AVE,FAR ROCKAWAY,NY,11691,9998,,V13276,P
ATLANTIC,4B,NEW YORK 2,117,11692,ARVERNE,329 BEACH 59TH ST,ARVERNE,NY,11692,9997,,V11959,S
ATLANTIC,4B,NEW YORK 2,117,11693,ARVERNE,329 BEACH 59TH ST,ARVERNE,NY,11692,9997,,V11959,S
ATLANTIC,4B,NEW YORK 2,117,11693,ROCKAWAY BEACH,9014 ROCKAWAY BEACH BLVD,ROCKAWAY BEACH,NY,11693,9997,,V15748,S
ATLANTIC,4B,NEW YORK 2,117,11694,ROCKAWAY PARK,11325 BEACH CHANNEL DR,ROCKAWAY PARK,NY,11694,9997,,V15750,S
ATLANTIC,4B,NEW YORK 2,117,11697,ROCKAWAY PARK,11325 BEACH CHANNEL DR,ROCKAWAY PARK,NY,11694,9997,,V15750,S
ATLANTIC,4B,NEW YORK 2,117,11701,AMITYVILLE,77 IRELAND PL,AMITYVILLE,NY,11701,2987,,V11903,P
ATLANTIC,4B,NEW YORK 2,117,11702,BABYLON,110 COOPER ST,BABYLON,NY,11702,2320,,V12006,P
ATLANTIC,4B,NEW YORK 2,117,11702,WEST BABYLON,385 ROUTE 109,WEST BABYLON,NY,11704,6227,,002716,B
ATLANTIC,4B,NEW YORK 2,117,11703,NORTH BABYLON,1196 DEER PARK AVE,NORTH BABYLON,NY,11703,3111,,V15028,B
ATLANTIC,4B,NEW YORK 2,117,11704,WEST BABYLON,385 ROUTE 109,WEST BABYLON,NY,11704,6227,,002716,B
ATLANTIC,4B,NEW YORK 2,117,11705,BAYPORT,850 MONTAUK HWY,BAYPORT,NY,11705,1636,,V12087,P
ATLANTIC,4B,NEW YORK 2,117,11706,BAY SHORE,1314 5TH AVE,BAY SHORE,NY,11706,4141,,V12078,P
ATLANTIC,4B,NEW YORK 2,117,11706,PENATAQUIT,10 BAY SHORE AVE,BAY SHORE,NY,11706,7917,,V15351,S
ATLANTIC,4B,NEW YORK 2,117,11707,SANTAPOGUE,617 W MONTAUK HWY,WEST BABYLON,NY,11704,8217,P,002047,S
ATLANTIC,4B,NEW YORK 2,117,11709,BAYVILLE,251 BAYVILLE AVE,BAYVILLE,NY,11709,1670,,V12093,P
ATLANTIC,4B,NEW YORK 2,117,11710,BELLMORE,2611 MERRICK RD,BELLMORE,NY,11710,5752,,V12131,P
ATLANTIC,4B,NEW YORK 2,117,11710,NORTH BELLMORE,2465 JERUSALEM AVE,NORTH BELLMORE,NY,11710,9991,,V15035,B
ATLANTIC,4B,NEW YORK 2,117,11713,BELLPORT,26 STATION RD,BELLPORT,NY,11713,2464,,V12133,P
ATLANTIC,4B,NEW YORK 2,117,11714,BETHPAGE,339 HICKSVILLE RD,BETHPAGE,NY,11714,3401,,V12155,P
ATLANTIC,4B,NEW YORK 2,117,11715,BLUE POINT,141 MONTAUK HWY,BLUE POINT,NY,11715,1132,,V12196,P
ATLANTIC,4B,NEW YORK 2,117,11716,BOHEMIA,200 ORVILLE DR,BOHEMIA,NY,11716,2531,,V12203,P
ATLANTIC,4B,NEW YORK 2,117,11717,BRENTWOOD,25 2ND AVE,BRENTWOOD,NY,11717,4627,,V12261,P
ATLANTIC,4B,NEW YORK 2,117,11718,BRIGHTWATERS,145 ORINOCO DR,BRIGHTWATERS,NY,11718,1304,,V12287,P
ATLANTIC,4B,NEW YORK 2,117,11719,BROOKHAVEN,2512 MONTAUK HWY,BROOKHAVEN,NY,11719,4000,,V12315,P
ATLANTIC,4B,NEW YORK 2,117,11720,CENTEREACH,245 CENTEREACH MALL,CENTEREACH,NY,11720,2716,,V12482,P
ATLANTIC,4B,NEW YORK 2,117,11721,CENTERPORT,434 E MAIN ST,CENTERPORT,NY,11721,1517,,V12484,P
ATLANTIC,4B,NEW YORK 2,117,11721,HUNTINGTON STATION NY S&DC,888 E JERICHO TPKE,HUNTINGTON STATION,NY,11746,7522,,020550,4
ATLANTIC,4B,NEW YORK 2,117,11722,CENTRAL ISLIP,110 E SUFFOLK AVE,CENTRAL ISLIP,NY,11722,2430,,V12492,P
ATLANTIC,4B,NEW YORK 2,117,11724,COLD SPRING HARBOR,126 MAIN ST,COLD SPRING HARBOR,NY,11724,1440,,V12672,P
ATLANTIC,4B,NEW YORK 2,117,11724,HUNTINGTON,55 GERARD ST,HUNTINGTON,NY,11743,3256,,V13982,P
ATLANTIC,4B,NEW YORK 2,117,11725,COMMACK,150 VETERANS MEMORIAL HWY,COMMACK,NY,11725,3636,,V12715,P
ATLANTIC,4B,NEW YORK 2,117,11726,COPIAGUE,695 MARCONI BLVD,COPIAGUE,NY,11726,2819,,V12756,P
ATLANTIC,4B,NEW YORK 2,117,11727,CORAM,117 PAULS PATH,CORAM,NY,11727,3364,,V12757,P
ATLANTIC,4B,NEW YORK 2,117,11729,DEER PARK,375 CARLLS PATH,DEER PARK,NY,11729,4414,,V12889,P
ATLANTIC,4B,NEW YORK 2,117,11730,EAST ISLIP,11 GREENWOOD AVE,EAST ISLIP,NY,11730,2145,,V13088,P
ATLANTIC,4B,NEW YORK 2,117,11731,EAST NORTHPORT,297 LARKFIELD RD,EAST NORTHPORT,NY,11731,2449,,V13106,P
ATLANTIC,4B,NEW YORK 2,117,11732,EAST NORWICH,1001 OYSTER BAY RD,EAST NORWICH,NY,11732,1003,,V13107,P
ATLANTIC,4B,NEW YORK 2,117,11733,EAST SETAUKET,450 ROUTE 25A,EAST SETAUKET,NY,11733,2878,,V13124,P
ATLANTIC,4B,NEW YORK 2,117,11733,SETAUKET,101 MAIN ST,SETAUKET,NY,11733,9991,,V16019,B
ATLANTIC,4B,NEW YORK 2,117,11735,FARMINGDALE,380 MAIN ST,FARMINGDALE,NY,11735,3590,,V13282,P
ATLANTIC,4B,NEW YORK 2,117,11735,SOUTH FARMINGDALE,918 MAIN ST STE 13,FARMINGDALE,NY,11735,5426,,V16182,B
ATLANTIC,4B,NEW YORK 2,117,11738,FARMINGVILLE,500 HORSEBLOCK RD,FARMINGVILLE,NY,11738,1239,,V13286,P
ATLANTIC,4B,NEW YORK 2,117,11739,GREAT RIVER,62 RIVER RD,GREAT RIVER,NY,11739,9700,P,V13633,P
ATLANTIC,4B,NEW YORK 2,117,11740,GREENLAWN,55 BROADWAY,GREENLAWN,NY,11740,1337,,V13660,P
ATLANTIC,4B,NEW YORK 2,117,11740,HUNTINGTON STATION NY S&DC,888 E JERICHO TPKE,HUNTINGTON STATION,NY,11746,7522,,020550,4
ATLANTIC,4B,NEW YORK 2,117,11741,HOLBROOK,445 FURROWS RD,HOLBROOK,NY,11741,2726,,V13901,P
ATLANTIC,4B,NEW YORK 2,117,11742,HOLBROOK,445 FURROWS RD,HOLBROOK,NY,11741,2726,,V13901,P
ATLANTIC,4B,NEW YORK 2,117,11742,HOLTSVILLE,162 LONG ISLAND AVE,HOLTSVILLE,NY,11742,1828,,V13916,P
ATLANTIC,4B,NEW YORK 2,117,11743,HALESITE,16 NEW YORK AVE,HUNTINGTON,NY,11743,9991,,V13714,B
ATLANTIC,4B,NEW YORK 2,117,11743,HUNTINGTON,55 GERARD ST,HUNTINGTON,NY,11743,3256,,V13982,P
ATLANTIC,4B,NEW YORK 2,117,11746,HUNTINGTON STATION NY S&DC,888 E JERICHO TPKE,HUNTINGTON STATION,NY,11746,7522,,020550,4
ATLANTIC,4B,NEW YORK 2,117,11747,MELVILLE,718 WALT WHITMAN RD,MELVILLE,NY,11747,2230,,V14633,B
ATLANTIC,4B,NEW YORK 2,117,11747,HUNTINGTON STATION NY S&DC,888 E JERICHO TPKE,HUNTINGTON STATION,NY,11746,7522,,020550,4
ATLANTIC,4B,NEW YORK 2,117,11749,CENTRAL ISLIP,110 E SUFFOLK AVE,CENTRAL ISLIP,NY,11722,2430,,V12492,P
ATLANTIC,4B,NEW YORK 2,117,11751,ISLIP,309 MAIN ST UNIT 3,ISLIP,NY,11751,3453,,V14040,P
ATLANTIC,4B,NEW YORK 2,117,11752,ISLIP TERRACE,136 CARLETON AVE,ISLIP TERRACE,NY,11752,2641,,V14043,P
ATLANTIC,4B,NEW YORK 2,117,11753,JERICHO,425 N BROADWAY,JERICHO,NY,11753,2140,,V14083,P
ATLANTIC,4B,NEW YORK 2,117,11753,HICKSVILLE NY S&DC,185 W JOHN ST,HICKSVILLE,NY,11801,8703,,020659,4
ATLANTIC,4B,NEW YORK 2,117,11754,KINGS PARK,125 E MAIN ST,KINGS PARK,NY,11754,3819,,V14157,P
ATLANTIC,4B,NEW YORK 2,117,11755,LAKE GROVE,1001 HAWKINS AVE,LAKE GROVE,NY,11755,1647,,V14238,P
ATLANTIC,4B,NEW YORK 2,117,11756,LEVITTOWN,180 GARDINERS AVE,LEVITTOWN,NY,11756,3762,,V14338,P
ATLANTIC,4B,NEW YORK 2,117,11757,LINDENHURST,65 E HOFFMAN AVE,LINDENHURST,NY,11757,5071,,V14364,P
ATLANTIC,4B,NEW YORK 2,117,11758,MASSAPEQUA,80 KILLIANS RD,MASSAPEQUA,NY,11758,5135,,V14573,P
ATLANTIC,4B,NEW YORK 2,117,11758,NORTH MASSAPEQUA,1290 HICKSVILLE RD,MASSAPEQUA,NY,11758,1200,,V15083,B
ATLANTIC,4B,NEW YORK 2,117,11762,MASSAPEQUA PARK,4910 MERRICK RD,MASSAPEQUA PARK,NY,11762,3827,,V14574,P
ATLANTIC,4B,NEW YORK 2,117,11762,PARK BLVD,1007 PARK BLVD,MASSAPEQUA PARK,NY,11762,9991,,V15312,S
ATLANTIC,4B,NEW YORK 2,117,11763,MEDFORD,1905 ROUTE 112,MEDFORD,NY,11763,3670,,V14624,P
ATLANTIC,4B,NEW YORK 2,117,11764,MILLER PLACE,47 ECHO AVE,MILLER PLACE,NY,11764,2148,,V14689,P
ATLANTIC,4B,NEW YORK 2,117,11765,MILL NECK,32 FROST MILL RD,MILL NECK,NY,11765,1102,,V14685,P
ATLANTIC,4B,NEW YORK 2,117,11766,MOUNT SINAI,457 ROUTE 25A,MOUNT SINAI,NY,11766,2069,,V14790,P
ATLANTIC,4B,NEW YORK 2,117,11767,NESCONSET,226 SMITHTOWN BLVD,NESCONSET,NY,11767,2427,,V14926,P
ATLANTIC,4B,NEW YORK 2,117,11768,NORTHPORT,240 MAIN ST,NORTHPORT,NY,11768,1870,,V15124,P
ATLANTIC,4B,NEW YORK 2,117,11769,OAKDALE,927 MONTAUK HWY,OAKDALE,NY,11769,1718,,V15168,P
ATLANTIC,4B,NEW YORK 2,117,11770,OCEAN BEACH,315 COTTAGE WALK,OCEAN BEACH,NY,11770,9700,P,V15180,P
ATLANTIC,4B,NEW YORK 2,117,11771,OYSTER BAY,1 SHORE AVE,OYSTER BAY,NY,11771,1431,,V15277,P
ATLANTIC,4B,NEW YORK 2,117,11772,PATCHOGUE,170 E MAIN ST,PATCHOGUE,NY,11772,3187,,V15326,P
ATLANTIC,4B,NEW YORK 2,117,11776,PORT JEFFERSON STATION,593 OLD TOWN RD,PORT JEFFERSON STATION,NY,11776,4377,,V15503,P
ATLANTIC,4B,NEW YORK 2,117,11777,PORT JEFFERSON,407 E MAIN ST STE 17,PORT JEFFERSON,NY,11777,1887,,V15501,B
ATLANTIC,4B,NEW YORK 2,117,11777,PORT JEFFERSON STATION,593 OLD TOWN RD,PORT JEFFERSON STATION,NY,11776,4377,,V15503,P
ATLANTIC,4B,NEW YORK 2,117,11778,ROCKY POINT,346 ROUTE 25A STE 84,ROCKY POINT,NY,11778,8407,,V15770,P
ATLANTIC,4B,NEW YORK 2,117,11779,LAKE RONKONKOMA,300 PORTION RD,RONKONKOMA,NY,11779,2348,,V14258,B
ATLANTIC,4B,NEW YORK 2,117,11779,RONKONKOMA,200 HAWKINS AVE,RONKONKOMA,NY,11779,4286,,V15780,P
ATLANTIC,4B,NEW YORK 2,117,11780,SAINT JAMES,325 LAKE AVE,SAINT JAMES,NY,11780,2280,,V15897,P
ATLANTIC,4B,NEW YORK 2,117,11782,SAYVILLE,130 GREENE AVE,SAYVILLE,NY,11782,2747,,V15951,P
ATLANTIC,4B,NEW YORK 2,117,11783,SEAFORD,3575 MERRICK RD,SEAFORD,NY,11783,2850,,V15995,P
ATLANTIC,4B,NEW YORK 2,117,11784,SELDEN,109 COLLEGE PLZ,SELDEN,NY,11784,4042,,V16006,P
ATLANTIC,4B,NEW YORK 2,117,11786,SHOREHAM,69 ROUTE 25A,SHOREHAM,NY,11786,1844,,V16055,P
ATLANTIC,4B,NEW YORK 2,117,11787,SMITHTOWN,25 ROUTE 111,SMITHTOWN,NY,11787,3743,,V16107,P
ATLANTIC,4B,NEW YORK 2,117,11788,HAUPPAUGE,960 WHEELER RD,HAUPPAUGE,NY,11788,2847,,V13793,B
ATLANTIC,4B,NEW YORK 2,117,11788,HAUPPAUGE INDUSTRIAL PARK,150 OSER AVE,HAUPPAUGE,NY,11788,3711,,V13795,B
ATLANTIC,4B,NEW YORK 2,117,11788,SMITHTOWN,25 ROUTE 111,SMITHTOWN,NY,11787,3743,,V16107,P
ATLANTIC,4B,NEW YORK 2,117,11789,SOUND BEACH,25 NEW YORK AVE,SOUND BEACH,NY,11789,2559,,V16154,P
ATLANTIC,4B,NEW YORK 2,117,11790,STONY BROOK,129 MAIN ST,STONY BROOK,NY,11790,1927,,V16404,P
ATLANTIC,4B,NEW YORK 2,117,11790,SUNY DBU,100 NICOLLS RD,STONY BROOK,NY,11790,3407,,014735,6
ATLANTIC,4B,NEW YORK 2,117,11791,SYOSSET,40 QUEENS ST,SYOSSET,NY,11791,3065,,V16463,P
ATLANTIC,4B,NEW YORK 2,117,11792,WADING RIVER,1816 WADING RIVER MANOR RD,WADING RIVER,NY,11792,2196,,V16769,P
ATLANTIC,4B,NEW YORK 2,117,11793,WANTAGH,3300 PARK AVE,WANTAGH,NY,11793,3342,,V16796,P
ATLANTIC,4B,NEW YORK 2,117,11793,NORTH WANTAGH,1250 WANTAGH AVE,WANTAGH,NY,11793,2217,,011466,S
ATLANTIC,4B,NEW YORK 2,117,11795,WEST ISLIP,480 UNION BLVD,WEST ISLIP,NY,11795,3106,,V16904,P
ATLANTIC,4B,NEW YORK 2,117,11796,WEST SAYVILLE,12 WASHINGTON AVE,WEST SAYVILLE,NY,11796,1605,,V16939,P
ATLANTIC,4B,NEW YORK 2,117,11797,SYOSSET,40 QUEENS ST,SYOSSET,NY,11791,3065,,V16463,P
ATLANTIC,4B,NEW YORK 2,117,11797,WOODBURY,217 WOODBURY RD,WOODBURY,NY,11797,1254,,V17075,P
ATLANTIC,4B,NEW YORK 2,117,11798,WHEATLEY HEIGHTS,6 COLONIAL SPRINGS RD,WYANDANCH,NY,11798,1075,,V17001,B
ATLANTIC,4B,NEW YORK 2,117,11798,WYANDANCH,1569 STRAIGHT PATH,WYANDANCH,NY,11798,3230,,V17106,P
ATLANTIC,4B,NEW YORK 2,117,11801,HICKSVILLE NY S&DC,185 W JOHN ST,HICKSVILLE,NY,11801,8703,,020659,4
ATLANTIC,4B,NEW YORK 2,117,11802,HICKSVILLE NY S&DC,185 W JOHN ST,HICKSVILLE,NY,11801,8703,P,020659,4
ATLANTIC,4B,NEW YORK 2,117,11803,PLAINVIEW,1662 OLD COUNTRY RD,PLAINVIEW,NY,11803,5023,,V15438,B
ATLANTIC,4B,NEW YORK 2,117,11804,OLD BETHPAGE,696 OLD BETHPAGE RD,OLD BETHPAGE,NY,11804,1200,,V15190,B
ATLANTIC,4B,NEW YORK 2,117,11901,RIVERHEAD,1210 W MAIN ST,RIVERHEAD,NY,11901,3110,,V15711,P
ATLANTIC,4B,NEW YORK 2,117,11930,AMAGANSETT,501 MONTAUK HWY,AMAGANSETT,NY,11930,3400,P,V11885,P
ATLANTIC,4B,NEW YORK 2,117,11931,AQUEBOGUE,212 LINDA AVE,AQUEBOGUE,NY,11931,9800,P,V11930,P
ATLANTIC,4B,NEW YORK 2,117,11932,BRIDGEHAMPTON,2322 MONTAUK HWY,BRIDGEHAMPTON,NY,11932,9700,P,V12276,P
ATLANTIC,4B,NEW YORK 2,117,11933,CALVERTON,3690 MIDDLE COUNTRY RD,CALVERTON,NY,11933,1804,,V12390,P
ATLANTIC,4B,NEW YORK 2,117,11934,CENTER MORICHES,35 RAILROAD AVE,CENTER MORICHES,NY,11934,2417,,V12480,P
ATLANTIC,4B,NEW YORK 2,117,11935,CUTCHOGUE,240 GRIFFING ST,CUTCHOGUE,NY,11935,1200,,V12855,P
ATLANTIC,4B,NEW YORK 2,117,11937,EAST HAMPTON,12 GAY RD,EAST HAMPTON,NY,11937,2747,,V13078,P
ATLANTIC,4B,NEW YORK 2,117,11937,CPU THE CORNER STORE LLC,291 SPRINGS FIREPLACE RD,EAST HAMPTON,NY,11937,4823,,V13808,5
ATLANTIC,4B,NEW YORK 2,117,11939,EAST MARION,9165 MAIN RD,EAST MARION,NY,11939,1538,,V13095,P
ATLANTIC,4B,NEW YORK 2,117,11940,EAST MORICHES,3 ATLANTIC AVE,EAST MORICHES,NY,11940,1327,,V13101,P
ATLANTIC,4B,NEW YORK 2,117,11941,EASTPORT,24 EASTPORT MANOR RD,EASTPORT,NY,11941,1412,,V13152,P
ATLANTIC,4B,NEW YORK 2,117,11942,EAST QUOGUE,6 BAY AVE,EAST QUOGUE,NY,11942,4351,,V13118,P
ATLANTIC,4B,NEW YORK 2,117,11944,GREENPORT,131 FRONT ST,GREENPORT,NY,11944,1644,,V13662,P
ATLANTIC,4B,NEW YORK 2,117,11946,HAMPTON BAYS,16 PONQUOGUE AVE,HAMPTON BAYS,NY,11946,1877,,V13736,P
ATLANTIC,4B,NEW YORK 2,117,11947,JAMESPORT,1451 ROUTE 25,JAMESPORT,NY,11947,9700,P,V14062,P
ATLANTIC,4B,NEW YORK 2,117,11948,JAMESPORT,1451 ROUTE 25,JAMESPORT,NY,11947,9700,,V14062,P
ATLANTIC,4B,NEW YORK 2,117,11948,LAUREL,2168 MAIN RD,LAUREL,NY,11948,1302,,V14300,P
ATLANTIC,4B,NEW YORK 2,117,11949,MANORVILLE,525 EASTPORT MANOR RD,MANORVILLE,NY,11949,3343,,V14520,P
ATLANTIC,4B,NEW YORK 2,117,11950,MASTIC,1450 MONTAUK HWY,MASTIC,NY,11950,2936,,V14582,P
ATLANTIC,4B,NEW YORK 2,117,11951,MASTIC BEACH,110 MASTIC RD,MASTIC BEACH,NY,11951,2406,,V14584,P
ATLANTIC,4B,NEW YORK 2,117,11952,MATTITUCK,140 LOVE LN,MATTITUCK,NY,11952,3296,,V14586,P
ATLANTIC,4B,NEW YORK 2,117,11953,MIDDLE ISLAND,780 MIDDLE COUNTRY RD,MIDDLE ISLAND,NY,11953,2559,,V14665,P
ATLANTIC,4B,NEW YORK 2,117,11954,MONTAUK,73 S EUCLID AVE,MONTAUK,NY,11954,5103,,V14726,P
ATLANTIC,4B,NEW YORK 2,117,11955,MORICHES,290 MONTAUK HWY,MORICHES,NY,11955,1440,,V14748,P
ATLANTIC,4B,NEW YORK 2,117,11956,NEW SUFFOLK,375 1ST ST,NEW SUFFOLK,NY,11956,9700,P,V14961,P
ATLANTIC,4B,NEW YORK 2,117,11957,GREENPORT,131 FRONT ST,GREENPORT,NY,11944,1644,,V13662,P
ATLANTIC,4B,NEW YORK 2,117,11957,ORIENT,980 VILLAGE LN,ORIENT,NY,11957,1254,,V15238,P
ATLANTIC,4B,NEW YORK 2,117,11958,PECONIC,2575 PECONIC LN,PECONIC,NY,11958,1443,,V15345,P
ATLANTIC,4B,NEW YORK 2,117,11958,SOUTHOLD,710 TRAVELER ST,SOUTHOLD,NY,11971,1000,,V16236,P
ATLANTIC,4B,NEW YORK 2,117,11959,QUOGUE,6 MIDLAND ST,QUOGUE,NY,11959,9700,P,V15615,P
ATLANTIC,4B,NEW YORK 2,117,11960,REMSENBURG,137 S COUNTRY RD,REMSENBURG,NY,11960,9700,P,V15664,P
ATLANTIC,4B,NEW YORK 2,117,11961,RIDGE,1700 MIDDLE COUNTRY RD,RIDGE,NY,11961,2407,,V15695,P
ATLANTIC,4B,NEW YORK 2,117,11962,SAGAPONACK,542 SAGG MAIN ST,SAGAPONACK,NY,11962,9700,P,V15890,P
ATLANTIC,4B,NEW YORK 2,117,11963,SAG HARBOR,21 LONG ISLAND AVE,SAG HARBOR,NY,11963,3030,,V15888,P
ATLANTIC,4B,NEW YORK 2,117,11964,SHELTER ISLAND,45 N FERRY RD,SHELTER ISLAND,NY,11964,9700,P,V16038,P
ATLANTIC,4B,NEW YORK 2,117,11965,SHELTER ISLAND HEIGHTS,6 GRAND AVE,SHELTER ISLAND HEIGHTS,NY,11965,9700,P,V16039,P
ATLANTIC,4B,NEW YORK 2,117,11967,SHIRLEY,800 MONTAUK HWY STE 1,SHIRLEY,NY,11967,2140,,V16051,P
ATLANTIC,4B,NEW YORK 2,117,11968,SOUTHAMPTON,123 N SEA RD,SOUTHAMPTON,NY,11968,2068,,V16233,P
ATLANTIC,4B,NEW YORK 2,117,11969,SOUTHAMPTON,123 N SEA RD,SOUTHAMPTON,NY,11968,2068,P,V16233,P
ATLANTIC,4B,NEW YORK 2,117,11970,SOUTH JAMESPORT,70 2ND ST,SOUTH JAMESPORT,NY,11970,9700,P,V16196,P
ATLANTIC,4B,NEW YORK 2,117,11971,SOUTHOLD,710 TRAVELER ST,SOUTHOLD,NY,11971,1000,,V16236,P
ATLANTIC,4B,NEW YORK 2,117,11972,SPEONK,323 MONTAUK HWY,SPEONK,NY,11972,9700,P,V16253,P
ATLANTIC,4B,NEW YORK 2,117,11973,UPTON,2 CENTER ST,UPTON,NY,11973,9700,P,V16634,P
ATLANTIC,4B,NEW YORK 2,117,11975,WAINSCOTT,357 MONTAUK HWY,WAINSCOTT,NY,11975,1100,P,V16771,P
ATLANTIC,4B,NEW YORK 2,117,11976,WATER MILL,670 MONTAUK HWY,WATER MILL,NY,11976,2641,,V16814,P
ATLANTIC,4B,NEW YORK 2,117,11977,WESTHAMPTON,408 MILL RD,WESTHAMPTON,NY,11977,1209,,V16976,P
ATLANTIC,4B,NEW YORK 2,117,11978,WESTHAMPTON BEACH,170 MAIN ST,WESTHAMPTON BEACH,NY,11978,2726,,V16978,P
ATLANTIC,4B,NEW YORK 2,117,11980,YAPHANK,5 E MAIN ST,YAPHANK,NY,11980,1123,,V17115,P
ATLANTIC,4B,NEW YORK 3,120,12007,ALCOVE,83 COUNTY ROUTE 111,ALCOVE,NY,12007,9998,,V11849,P
ATLANTIC,4B,NEW YORK 3,120,12008,REXFORD,1590 ROUTE 146,REXFORD,NY,12148,9998,,V15673,P
ATLANTIC,4B,NEW YORK 3,120,12009,ALTAMONT,108 PARK ST,ALTAMONT,NY,12009,9998,,V11880,P
ATLANTIC,4B,NEW YORK 3,120,12010,AMSTERDAM,10 CHURCH ST,AMSTERDAM,NY,12010,9998,,V11906,P
ATLANTIC,4B,NEW YORK 3,120,12015,ATHENS,64 N WASHINGTON ST,ATHENS,NY,12015,9998,,V11971,P
ATLANTIC,4B,NEW YORK 3,120,12017,AUSTERLITZ,6 E HILL RD,AUSTERLITZ,NY,12017,9998,,V11996,P
ATLANTIC,4B,NEW YORK 3,120,12018,AVERILL PARK,2951 NY HIGHWAY 43,AVERILL PARK,NY,12018,9998,,V11998,P
ATLANTIC,4B,NEW YORK 3,120,12019,BURNT HILLS,845 STATE ROUTE 50,BURNT HILLS,NY,12027,9998,,V12359,P
ATLANTIC,4B,NEW YORK 3,120,12020,BALLSTON SPA,1 FRONT ST,BALLSTON SPA,NY,12020,9998,,V12026,P
ATLANTIC,4B,NEW YORK 3,120,12020,MALTA,12 HEMPHILL PL,BALLSTON SPA,NY,12020,9997,,V19582,S
ATLANTIC,4B,NEW YORK 3,120,12022,BERLIN,18246 STATE ROUTE 22,BERLIN,NY,12022,9998,,V12146,P
ATLANTIC,4B,NEW YORK 3,120,12023,BERNE,1654 HELDERBERG TRL,BERNE,NY,12023,9998,,V12147,P
ATLANTIC,4B,NEW YORK 3,120,12024,EAST NASSAU,6466 STATE ROUTE 66,EAST NASSAU,NY,12062,9998,,V13102,P
ATLANTIC,4B,NEW YORK 3,120,12025,BROADALBIN,10 CENTER ST,BROADALBIN,NY,12025,9998,,V12300,P
ATLANTIC,4B,NEW YORK 3,120,12027,BURNT HILLS,845 STATE ROUTE 50,BURNT HILLS,NY,12027,9998,,V12359,P
ATLANTIC,4B,NEW YORK 3,120,12028,EAGLE BRIDGE,3902 STATE ROUTE 67,EAGLE BRIDGE,NY,12057,9998,,V13041,P
ATLANTIC,4B,NEW YORK 3,120,12029,CANAAN,1961 STATE ROUTE 295,CANAAN,NY,12029,3817,,V12405,P
ATLANTIC,4B,NEW YORK 3,120,12031,SHARON SPRINGS,105 MAIN ST STE 2,SHARON SPRINGS,NY,13459,9998,,V16029,P
ATLANTIC,4B,NEW YORK 3,120,12032,CAROGA LAKE,2089 STATE HIGHWAY 10,CAROGA LAKE,NY,12032,9998,,V12435,P
ATLANTIC,4B,NEW YORK 3,120,12033,CASTLETON ON HUDSON,108 S MAIN ST,CASTLETON ON HUDSON,NY,12033,9998,,V12455,P
ATLANTIC,4B,NEW YORK 3,120,12035,CENTRAL BRIDGE,126 S MAIN ST STE 1,CENTRAL BRIDGE,NY,12035,9900,,V12491,P
ATLANTIC,4B,NEW YORK 3,120,12036,CHARLOTTEVILLE,632 CHARLOTTE VALLEY RD,CHARLOTTEVILLE,NY,12036,9998,,V12516,P
ATLANTIC,4B,NEW YORK 3,120,12037,CHATHAM,35 RAILROAD AVE,CHATHAM,NY,12037,9998,,V12531,P
ATLANTIC,4B,NEW YORK 3,120,12040,CHERRY PLAIN,65 CHERRY PLAIN SQ,CHERRY PLAIN,NY,12040,9998,P,V12562,P
ATLANTIC,4B,NEW YORK 3,120,12041,CLARKSVILLE,1967 DELAWARE TPKE,CLARKSVILLE,NY,12041,1223,,V12613,P
ATLANTIC,4B,NEW YORK 3,120,12042,COXSACKIE,27 REED ST,COXSACKIE,NY,12051,9998,,V12803,P
ATLANTIC,4B,NEW YORK 3,120,12043,COBLESKILL,111 UNION ST,COBLESKILL,NY,12043,9998,,V12656,P
ATLANTIC,4B,NEW YORK 3,120,12045,COEYMANS,96 MAIN ST,COEYMANS,NY,12045,9998,P,V12660,P
ATLANTIC,4B,NEW YORK 3,120,12046,COEYMANS HOLLOW,1273 STATE ROUTE 143,COEYMANS HOLLOW,NY,12046,2147,,V12661,P
ATLANTIC,4B,NEW YORK 3,120,12047,COHOES,101 MOHAWK ST,COHOES,NY,12047,9996,,V12664,P
ATLANTIC,4B,NEW YORK 3,120,12050,COLUMBIAVILLE,1227 ROUTE 9,COLUMBIAVILLE,NY,12050,9998,P,V12708,P
ATLANTIC,4B,NEW YORK 3,120,12051,COXSACKIE,27 REED ST,COXSACKIE,NY,12051,9998,,V12803,P
ATLANTIC,4B,NEW YORK 3,120,12052,CROPSEYVILLE,3991 STATE RTE 2,CROPSEYVILLE,NY,12052,9998,,V12829,P
ATLANTIC,4B,NEW YORK 3,120,12053,DELANSON,126 RAILROAD AVE,DELANSON,NY,12053,9998,,V12902,P
ATLANTIC,4B,NEW YORK 3,120,12054,DELMAR,357 DELAWARE AVE,DELMAR,NY,12054,9998,,V12906,P
ATLANTIC,4B,NEW YORK 3,120,12056,DUANESBURG,7000 DUANESBURG RD,DUANESBURG,NY,12056,9998,,V12969,P
ATLANTIC,4B,NEW YORK 3,120,12057,EAGLE BRIDGE,3902 STATE ROUTE 67,EAGLE BRIDGE,NY,12057,9998,,V13041,P
ATLANTIC,4B,NEW YORK 3,120,12058,EARLTON,1504 ROUTE 81,EARLTON,NY,12058,9998,,V13046,P
ATLANTIC,4B,NEW YORK 3,120,12059,EAST BERNE,873 HELDERBERG TRL,EAST BERNE,NY,12059,9998,,V13055,P
ATLANTIC,4B,NEW YORK 3,120,12060,EAST CHATHAM,1111 STATE ROUTE 295,EAST CHATHAM,NY,12060,9998,,V13060,P
ATLANTIC,4B,NEW YORK 3,120,12061,EAST GREENBUSH,10 GREENWOOD DR,EAST GREENBUSH,NY,12061,9998,,V13075,P
ATLANTIC,4B,NEW YORK 3,120,12062,EAST NASSAU,6466 STATE ROUTE 66,EAST NASSAU,NY,12062,9998,,V13102,P
ATLANTIC,4B,NEW YORK 3,120,12063,EAST SCHODACK,1649 COLUMBIA TPKE,EAST SCHODACK,NY,12063,9998,,V13123,P
ATLANTIC,4B,NEW YORK 3,120,12064,EAST WORCESTER,70 MAIN ST STE 1,EAST WORCESTER,NY,12064,2029,,V13146,P
ATLANTIC,4B,NEW YORK 3,120,12065,CLIFTON PARK,1764 ROUTE 9,HALFMOON,NY,12065,9998,,V12634,P
ATLANTIC,4B,NEW YORK 3,120,12065,HALFMOON,2 PROGRESS DR,HALFMOON,NY,12065,9211,,001958,B
ATLANTIC,4B,NEW YORK 3,120,12066,ESPERANCE,170 MAIN ST,ESPERANCE,NY,12066,9998,,V13247,P
ATLANTIC,4B,NEW YORK 3,120,12067,FEURA BUSH,1380 INDIAN FIELDS RD,FEURA BUSH,NY,12067,9998,,V13312,P
ATLANTIC,4B,NEW YORK 3,120,12068,FONDA,1 W MAIN ST,FONDA,NY,12068,9998,,V13370,P
ATLANTIC,4B,NEW YORK 3,120,12070,FORT JOHNSON,5 E MAIN ST,FORT JOHNSON,NY,12070,9998,,V13403,P
ATLANTIC,4B,NEW YORK 3,120,12071,FULTONHAM,3431 STATE ROUTE 30,FULTONHAM,NY,12071,9998,,V13475,P
ATLANTIC,4B,NEW YORK 3,120,12072,FULTONVILLE,26 MAIN ST STE 5,FULTONVILLE,NY,12072,9998,,V13476,P
ATLANTIC,4B,NEW YORK 3,120,12073,GALLUPVILLE,859 STATE ROUTE 443 STE 2,GALLUPVILLE,NY,12073,9998,P,V13488,P
ATLANTIC,4B,NEW YORK 3,120,12074,GALWAY,5101 SACANDAGA RD,GALWAY,NY,12074,9998,,V13489,P
ATLANTIC,4B,NEW YORK 3,120,12075,GHENT,2354 STATE ROUTE 66,GHENT,NY,12075,9998,,V13534,P
ATLANTIC,4B,NEW YORK 3,120,12076,GILBOA,373 STATE ROUTE 990V STE 2,GILBOA,NY,12076,9998,,V13540,P
ATLANTIC,4B,NEW YORK 3,120,12077,GLENMONT,392 FEURA BUSH RD STE 700,GLENMONT,NY,12077,3096,,V13561,P
ATLANTIC,4B,NEW YORK 3,120,12078,GLOVERSVILLE,115 N MAIN ST,GLOVERSVILLE,NY,12078,9998,,V13572,P
ATLANTIC,4B,NEW YORK 3,120,12082,GRAFTON,6 ROXBOROUGH RD,GRAFTON,NY,12082,9998,P,V13595,P
ATLANTIC,4B,NEW YORK 3,120,12083,GREENVILLE,4912 STATE ROUTE 81,GREENVILLE,NY,12083,9998,,V13665,P
ATLANTIC,4B,NEW YORK 3,120,12084,GUILDERLAND,11 NEW KARNER RD,GUILDERLAND,NY,12084,9998,,V13692,P
ATLANTIC,4B,NEW YORK 3,120,12085,GUILDERLAND CENTER,457 STATE ROUTE 146 UNIT 2,GUILDERLAND CENTER,NY,12085,7707,,V13693,P
ATLANTIC,4B,NEW YORK 3,120,12086,HAGAMAN,127 S PAWLING ST,HAGAMAN,NY,12086,9998,,V13700,P
ATLANTIC,4B,NEW YORK 3,120,12087,HANNACROIX,13591 US ROUTE 9W,HANNACROIX,NY,12087,9998,,V13741,P
ATLANTIC,4B,NEW YORK 3,120,12089,HOOSICK DPOBU,628 SOUTH ST,HOOSICK,NY,12089,3300,P,016859,6
ATLANTIC,4B,NEW YORK 3,120,12090,HOOSICK FALLS,35 MAIN ST,HOOSICK FALLS,NY,12090,9998,,V13929,P
ATLANTIC,4B,NEW YORK 3,120,12092,HOWES CAVE,2929 STATE ROUTE 7,HOWES CAVE,NY,12092,9998,,V13953,P
ATLANTIC,4B,NEW YORK 3,120,12093,JEFFERSON,102 PARK AVE,JEFFERSON,NY,12093,9998,,V14077,P
ATLANTIC,4B,NEW YORK 3,120,12094,JOHNSONVILLE,2442 STATE ROUTE 67,JOHNSONVILLE,NY,12094,3836,,V14101,P
ATLANTIC,4B,NEW YORK 3,120,12095,JOHNSTOWN,14 N WILLIAM ST,JOHNSTOWN,NY,12095,9998,,V14102,P
ATLANTIC,4B,NEW YORK 3,120,12106,KINDERHOOK,3 HUDSON ST,KINDERHOOK,NY,12106,9998,,V14153,P
ATLANTIC,4B,NEW YORK 3,120,12108,LAKE PLEASANT,2557 STATE ROUTE 8,LAKE PLEASANT,NY,12108,9998,,V14256,P
ATLANTIC,4B,NEW YORK 3,120,12110,LATHAM,685 WATERVLIET SHAKER RD,LATHAM,NY,12110,9998,,V14295,P
ATLANTIC,4B,NEW YORK 3,120,12115,MALDEN BRIDGE,4691 STATE ROUTE 66,MALDEN BRIDGE,NY,12115,9998,,V14489,P
ATLANTIC,4B,NEW YORK 3,120,12116,MARYLAND,7501 STATE HIGHWAY 7,MARYLAND,NY,12116,9998,,V14563,P
ATLANTIC,4B,NEW YORK 3,120,12117,MAYFIELD,13 N SCHOOL ST,MAYFIELD,NY,12117,3998,,V14591,P
ATLANTIC,4B,NEW YORK 3,120,12118,MECHANICVILLE,18 S MAIN ST,MECHANICVILLE,NY,12118,9998,,V14620,P
ATLANTIC,4B,NEW YORK 3,120,12120,MEDUSA,19 COUNTY ROUTE 351,MEDUSA,NY,12120,9998,,V14626,P
ATLANTIC,4B,NEW YORK 3,120,12121,MELROSE,807 STATE ROUTE 40,MELROSE,NY,12121,9998,,V14632,P
ATLANTIC,4B,NEW YORK 3,120,12122,MIDDLEBURGH,300 MAIN ST,MIDDLEBURGH,NY,12122,9998,,V14670,P
ATLANTIC,4B,NEW YORK 3,120,12123,NASSAU,10 FAIRGROUNDS ST,NASSAU,NY,12123,9998,,V14907,P
ATLANTIC,4B,NEW YORK 3,120,12124,NEW BALTIMORE,849 STATE ROUTE 144,NEW BALTIMORE,NY,12124,9998,P,V14929,P
ATLANTIC,4B,NEW YORK 3,120,12125,NEW LEBANON,502 ROUTE 20,NEW LEBANON,NY,12125,9998,,V14950,P
ATLANTIC,4B,NEW YORK 3,120,12128,NEWTONVILLE,552 NEW LOUDON RD,LATHAM,NY,12110,9997,P,V14988,B
ATLANTIC,4B,NEW YORK 3,120,12130,NIVERVILLE,845 MAIN ST,NIVERVILLE,NY,12130,9998,,V15010,P
ATLANTIC,4B,NEW YORK 3,120,12131,NORTH BLENHEIM,1748 STATE ROUTE 30,NORTH BLENHEIM,NY,12131,9998,,V15038,P
ATLANTIC,4B,NEW YORK 3,120,12132,NORTH CHATHAM,4241 ROUTE 203,NORTH CHATHAM,NY,12132,9998,P,V15045,P
ATLANTIC,4B,NEW YORK 3,120,12133,NORTH HOOSICK,22157 STATE ROUTE 22,NORTH HOOSICK,NY,12133,9998,P,V15074,P
ATLANTIC,4B,NEW YORK 3,120,12134,NORTHVILLE,151 N MAIN ST,NORTHVILLE,NY,12134,9998,,V15129,P
ATLANTIC,4B,NEW YORK 3,120,12136,OLD CHATHAM,635 ALBANY TPKE,OLD CHATHAM,NY,12136,9998,,V15195,P
ATLANTIC,4B,NEW YORK 3,120,12137,PATTERSONVILLE,1626 MAIN ST,PATTERSONVILLE,NY,12137,9998,,V15332,P
ATLANTIC,4B,NEW YORK 3,120,12138,PETERSBURG,90 MAIN ST,PETERSBURG,NY,12138,9998,,V15374,P
ATLANTIC,4B,NEW YORK 3,120,12139,PISECO,402 OLD PISECO RD,PISECO,NY,12139,9998,,018987,B
ATLANTIC,4B,NEW YORK 3,120,12140,POESTENKILL,15 PLANK RD,POESTENKILL,NY,12140,9998,,V15468,P
ATLANTIC,4B,NEW YORK 3,120,12141,DELANSON,126 RAILROAD AVE,DELANSON,NY,12053,9998,P,V12902,P
ATLANTIC,4B,NEW YORK 3,120,12143,RAVENA,167 MAIN ST,RAVENA,NY,12143,9998,,V15635,P
ATLANTIC,4B,NEW YORK 3,120,12144,RENSSELAER,531 EAST ST,RENSSELAER,NY,12144,9998,,V15666,P
ATLANTIC,4B,NEW YORK 3,120,12147,RENSSELAERVILLE,26 COUNTY ROUTE 353,RENSSELAERVILLE,NY,12147,9998,,V15668,P
ATLANTIC,4B,NEW YORK 3,120,12148,REXFORD,1590 ROUTE 146,REXFORD,NY,12148,9998,,V15673,P
ATLANTIC,4B,NEW YORK 3,120,12149,RICHMONDVILLE,278 MAIN ST,RICHMONDVILLE,NY,12149,9998,,V15691,P
ATLANTIC,4B,NEW YORK 3,120,12150,ROTTERDAM JUNCTION,1206 MAIN ST,ROTTERDAM JUNCTION,NY,12150,9998,,V15813,P
ATLANTIC,4B,NEW YORK 3,120,12151,ROUND LAKE,49 BURLINGTON AVE,ROUND LAKE,NY,12151,9998,,V15814,P
ATLANTIC,4B,NEW YORK 3,120,12153,SAND LAKE,8427 MILLER HILL RD,SAND LAKE,NY,12153,9998,,V15925,P
ATLANTIC,4B,NEW YORK 3,120,12154,SCHAGHTICOKE,172 MAIN ST,SCHAGHTICOKE,NY,12154,9998,,V15956,P
ATLANTIC,4B,NEW YORK 3,120,12155,SCHENEVUS,97 MAIN ST,SCHENEVUS,NY,12155,9998,,V15959,P
ATLANTIC,4B,NEW YORK 3,120,12156,SCHODACK LANDING,630 RIVER RD,SCHODACK LANDING,NY,12156,9998,,V15962,P
ATLANTIC,4B,NEW YORK 3,120,12157,SCHOHARIE,420 MAIN ST,SCHOHARIE,NY,12157,9998,,V15964,P
ATLANTIC,4B,NEW YORK 3,120,12158,SELKIRK,1155 US ROUTE 9W,SELKIRK,NY,12158,9998,,V16008,P
ATLANTIC,4B,NEW YORK 3,120,12159,SLINGERLANDS,1399 NEW SCOTLAND RD,SLINGERLANDS,NY,12159,9997,,V16091,P
ATLANTIC,4B,NEW YORK 3,120,12160,SLOANSVILLE,766 SADDLEMIRE HILL RD,SLOANSVILLE,NY,12160,9998,,V16093,P
ATLANTIC,4B,NEW YORK 3,120,12161,SELKIRK,1155 US ROUTE 9W,SELKIRK,NY,12158,9998,P,V16008,P
ATLANTIC,4B,NEW YORK 3,120,12164,SPECULATOR,1 FOUR CORS,SPECULATOR,NY,12164,5000,,V16246,P
ATLANTIC,4B,NEW YORK 3,120,12165,SPENCERTOWN,5199 ROUTE 7,SPENCERTOWN,NY,12165,9998,,V16252,P
ATLANTIC,4B,NEW YORK 3,120,12166,SPRAKERS,582 SPRAKERS RD,SPRAKERS,NY,12166,9998,,V16257,P
ATLANTIC,4B,NEW YORK 3,120,12167,STAMFORD,5 CHURCHILL AVE,STAMFORD,NY,12167,9998,,V16345,P
ATLANTIC,4B,NEW YORK 3,120,12168,STEPHENTOWN,389 STATE ROUTE 43,STEPHENTOWN,NY,12168,9998,,V16375,P
ATLANTIC,4B,NEW YORK 3,120,12170,STILLWATER,740 HUDSON AVE,STILLWATER,NY,12170,9998,,V16388,P
ATLANTIC,4B,NEW YORK 3,120,12172,STOTTVILLE,2857 ATLANTIC AVE,STOTTVILLE,NY,12172,9998,P,V16413,P
ATLANTIC,4B,NEW YORK 3,120,12173,STUYVESANT,48 RIVERVIEW ST,STUYVESANT,NY,12173,9998,,V16427,P
ATLANTIC,4B,NEW YORK 3,120,12174,STUYVESANT FALLS,2 ROUTE 25A,STUYVESANT FALLS,NY,12174,9998,P,V16428,P
ATLANTIC,4B,NEW YORK 3,120,12175,SUMMIT,2906 STATE ROUTE 10,SUMMIT,NY,12175,9998,,V16436,P
ATLANTIC,4B,NEW YORK 3,120,12177,TRIBES HILL,216 MOHAWK DR,TRIBES HILL,NY,12177,9998,P,V16562,P
ATLANTIC,4B,NEW YORK 3,120,12180,TROY,400 BROADWAY,TROY,NY,12180,9998,,V16572,P
ATLANTIC,4B,NEW YORK 3,120,12181,TROY,400 BROADWAY,TROY,NY,12180,9998,P,V16572,P
ATLANTIC,4B,NEW YORK 3,120,12182,LANSINGBURGH,2 116TH ST,TROY,NY,12182,9998,,V14286,S
ATLANTIC,4B,NEW YORK 3,120,12182,WATERFORD,57 4TH ST,WATERFORD,NY,12188,9998,,V16815,P
ATLANTIC,4B,NEW YORK 3,120,12183,GREEN ISLAND,137 GEORGE ST,TROY,NY,12183,9998,,V13649,B
ATLANTIC,4B,NEW YORK 3,120,12183,TROY,400 BROADWAY,TROY,NY,12180,9998,,V16572,P
ATLANTIC,4B,NEW YORK 3,120,12184,VALATIE,1050 KINDERHOOK ST,VALATIE,NY,12184,9998,,V16649,P
ATLANTIC,4B,NEW YORK 3,120,12185,VALLEY FALLS,40 STATE ST,VALLEY FALLS,NY,12185,9998,,V16652,P
ATLANTIC,4B,NEW YORK 3,120,12186,VOORHEESVILLE,45 VOORHEESVILLE AVE,VOORHEESVILLE,NY,12186,9998,,V16711,P
ATLANTIC,4B,NEW YORK 3,120,12187,WARNERVILLE,1585 STATE ROUTE 7 STE 2,WARNERVILLE,NY,12187,9998,,V16802,P
ATLANTIC,4B,NEW YORK 3,120,12188,WATERFORD,57 4TH ST,WATERFORD,NY,12188,9998,,V16815,P
ATLANTIC,4B,NEW YORK 3,120,12189,WATERVLIET,145 16TH ST,WATERVLIET,NY,12189,9998,,V16825,P
ATLANTIC,4B,NEW YORK 3,120,12190,WELLS,1431 STATE ROUTE 30,WELLS,NY,12190,9998,,V16840,P
ATLANTIC,4B,NEW YORK 3,120,12192,COXSACKIE,27 REED ST,COXSACKIE,NY,12051,9998,,V12803,P
ATLANTIC,4B,NEW YORK 3,120,12193,WESTERLO,591 STATE ROUTE 143,WESTERLO,NY,12193,9998,,V16967,P
ATLANTIC,4B,NEW YORK 3,120,12194,WEST FULTON,832 W FULTON RD STE 1,WEST FULTON,NY,12194,9900,,V16890,P
ATLANTIC,4B,NEW YORK 3,120,12195,NEW LEBANON,502 ROUTE 20,NEW LEBANON,NY,12125,9998,P,V14950,P
ATLANTIC,4B,NEW YORK 3,120,12196,WEST SAND LAKE,38 MALL WAY,WEST SAND LAKE,NY,12196,9998,,V16937,P
ATLANTIC,4B,NEW YORK 3,120,12197,WORCESTER,80 MAIN ST,WORCESTER,NY,12197,9998,,V17097,P
ATLANTIC,4B,NEW YORK 3,120,12198,WYNANTSKILL,85 MAIN AVE,WYNANTSKILL,NY,12198,9998,,V17110,P
ATLANTIC,4B,NEW YORK 3,120,12201,HUDSON AVENUE,45 HUDSON AVE,ALBANY,NY,12207,9998,P,002452,S
ATLANTIC,4B,NEW YORK 3,120,12202,ALBANY ANNEX,747 BROADWAY,ALBANY,NY,12207,9211,,V18852,4
ATLANTIC,4B,NEW YORK 3,120,12203,ALBANY,30 KARNER RD,ALBANY,NY,12288,9998,,V11842,P
ATLANTIC,4B,NEW YORK 3,120,12203,STUYVESANT PLAZA,1475 WESTERN AVE STE 51,ALBANY,NY,12203,9998,,V14601,B
ATLANTIC,4B,NEW YORK 3,120,12204,KIMBERLY SQUARE,475 ALBANY SHAKER RD STE 9,LOUDONVILLE,NY,12211,9900,,V1A554,S
ATLANTIC,4B,NEW YORK 3,120,12204,ALBANY ANNEX,747 BROADWAY,ALBANY,NY,12207,9211,,V18852,4
ATLANTIC,4B,NEW YORK 3,120,12205,ALBANY,30 KARNER RD,ALBANY,NY,12288,9998,,V11842,P
ATLANTIC,4B,NEW YORK 3,120,12205,COLONIE CENTER,1425 CENTRAL AVE,ALBANY,NY,12205,2702,,V18874,B
ATLANTIC,4B,NEW YORK 3,120,12206,FORT ORANGE,450 CENTRAL AVE,ALBANY,NY,12206,9998,,V13406,S
ATLANTIC,4B,NEW YORK 3,120,12206,TERMINAL ANNEX,71 TERMINAL ST,ALBANY,NY,12206,9211,,016557,4
ATLANTIC,4B,NEW YORK 3,120,12207,ALBANY ANNEX,747 BROADWAY,ALBANY,NY,12207,9211,,V18852,4
ATLANTIC,4B,NEW YORK 3,120,12208,TERMINAL ANNEX,71 TERMINAL ST,ALBANY,NY,12206,9211,,016557,4
ATLANTIC,4B,NEW YORK 3,120,12208,ACADEMY,563 NEW SCOTLAND AVE STE 2,ALBANY,NY,12208,9998,,021120,S
ATLANTIC,4B,NEW YORK 3,120,12209,ALBANY ANNEX,747 BROADWAY,ALBANY,NY,12207,9211,,V18852,4
ATLANTIC,4B,NEW YORK 3,120,12209,HUDSON AVENUE,45 HUDSON AVE,ALBANY,NY,12207,9998,,002452,S
ATLANTIC,4B,NEW YORK 3,120,12210,ALBANY ANNEX,747 BROADWAY,ALBANY,NY,12207,9211,,V18852,4
ATLANTIC,4B,NEW YORK 3,120,12211,KIMBERLY SQUARE,475 ALBANY SHAKER RD STE 9,LOUDONVILLE,NY,12211,9900,,V1A554,S
ATLANTIC,4B,NEW YORK 3,120,12211,TERMINAL ANNEX,71 TERMINAL ST,ALBANY,NY,12206,9211,,016557,4
ATLANTIC,4B,NEW YORK 3,120,12212,ALBANY,30 KARNER RD,ALBANY,NY,12288,9998,P,V11842,P
ATLANTIC,4B,NEW YORK 3,120,12220,EMPIRE STATE PLAZA,240 STATE ST,ALBANY,NY,12210,2142,P,V13238,S
ATLANTIC,4B,NEW YORK 3,120,12223,ALBANY ANNEX,747 BROADWAY,ALBANY,NY,12207,9211,,V18852,4
ATLANTIC,4B,NEW YORK 3,120,12224,CAPITOL,25 EAGLE ST,ALBANY,NY,12224,9997,P,V12423,S
ATLANTIC,4B,NEW YORK 3,120,12301,SCHENECTADY,29 JAY ST,SCHENECTADY,NY,12305,9998,P,V15958,P
ATLANTIC,4B,NEW YORK 3,120,12302,GLENVILLE,6 GLENRIDGE RD,SCHENECTADY,NY,12302,9997,,V13564,B
ATLANTIC,4B,NEW YORK 3,120,12302,SCOTIA,224 MOHAWK AVE,SCHENECTADY,NY,12302,9918,,V15982,B
ATLANTIC,4B,NEW YORK 3,120,12303,HERITAGE,1976 SCHUYLER ST,SCHENECTADY,NY,12303,9998,,V13833,S
ATLANTIC,4B,NEW YORK 3,120,12304,HERITAGE,1976 SCHUYLER ST,SCHENECTADY,NY,12303,9998,,V13833,S
ATLANTIC,4B,NEW YORK 3,120,12305,SCHENECTADY,29 JAY ST,SCHENECTADY,NY,12305,9998,,V15958,P
ATLANTIC,4B,NEW YORK 3,120,12306,HERITAGE,1976 SCHUYLER ST,SCHENECTADY,NY,12303,9998,,V13833,S
ATLANTIC,4B,NEW YORK 3,120,12307,SCHENECTADY,29 JAY ST,SCHENECTADY,NY,12305,9998,,V15958,P
ATLANTIC,4B,NEW YORK 3,120,12308,SCHENECTADY,29 JAY ST,SCHENECTADY,NY,12305,9998,,V15958,P
ATLANTIC,4B,NEW YORK 3,120,12309,NISKAYUNA,2320 NOTT ST E,SCHENECTADY,NY,12309,9211,,V15008,B
ATLANTIC,4B,NEW YORK 3,120,12325,GLENVILLE,6 GLENRIDGE RD,SCHENECTADY,NY,12302,9997,P,V13564,B
ATLANTIC,4B,NEW YORK 3,120,12401,KINGSTON,90 CORNELL ST,KINGSTON,NY,12401,9998,,V14168,P
ATLANTIC,4B,NEW YORK 3,120,12402,KINGSTON,90 CORNELL ST,KINGSTON,NY,12401,9998,P,V14168,P
ATLANTIC,4B,NEW YORK 3,120,12402,UPTOWN,50 MAIN ST,KINGSTON,NY,12401,3851,P,V16636,S
ATLANTIC,4B,NEW YORK 3,120,12404,ACCORD,30 MAIN ST,ACCORD,NY,12404,9998,,V11822,P
ATLANTIC,4B,NEW YORK 3,120,12405,ACRA,522 OLD ROUTE 23,ACRA,NY,12405,9998,,V11823,P
ATLANTIC,4B,NEW YORK 3,120,12406,ARKVILLE,43400 STATE ROUTE 28,ARKVILLE,NY,12406,9998,,V11946,P
ATLANTIC,4B,NEW YORK 3,120,12406,MARGARETVILLE,315 MAIN ST,MARGARETVILLE,NY,12455,9998,,V14542,P
ATLANTIC,4B,NEW YORK 3,120,12407,ASHLAND,12101 STATE HIGHWAY 23,ASHLAND,NY,12407,9998,,V11964,P
ATLANTIC,4B,NEW YORK 3,120,12409,BEARSVILLE,3203 ROUTE 212 STE 1,BEARSVILLE,NY,12409,9998,,V12099,P
ATLANTIC,4B,NEW YORK 3,120,12409,WOODSTOCK,2 WOODSTOCK MEADOWS LN,WOODSTOCK,NY,12498,9998,,V17092,P
ATLANTIC,4B,NEW YORK 3,120,12410,BIG INDIAN,8279 STATE ROUTE 28,BIG INDIAN,NY,12410,9998,,V12163,P
ATLANTIC,4B,NEW YORK 3,120,12411,BLOOMINGTON,58 MAIN ST,BLOOMINGTON,NY,12411,9998,,V12188,P
ATLANTIC,4B,NEW YORK 3,120,12412,BOICEVILLE,4117 STATE ROUTE 28,BOICEVILLE,NY,12412,9998,,V12204,P
ATLANTIC,4B,NEW YORK 3,120,12413,CAIRO,540 MAIN ST,CAIRO,NY,12413,9998,,V12383,P
ATLANTIC,4B,NEW YORK 3,120,12414,CATSKILL,270 MAIN ST,CATSKILL,NY,12414,9998,,V12463,P
ATLANTIC,4B,NEW YORK 3,120,12416,CHICHESTER,536 STATE ROUTE 214,CHICHESTER,NY,12416,9998,,V12571,P
ATLANTIC,4B,NEW YORK 3,120,12417,CONNELLY,130 3RD ST,CONNELLY,NY,12417,9800,P,V12731,P
ATLANTIC,4B,NEW YORK 3,120,12418,CORNWALLVILLE,2893 ROUTE 20,CORNWALLVILLE,NY,12418,9998,,V12777,P
ATLANTIC,4B,NEW YORK 3,120,12419,COTTEKILL,1820 LUCAS AVENUE EXT,COTTEKILL,NY,12419,9998,,V12792,P
ATLANTIC,4B,NEW YORK 3,120,12420,CRAGSMOOR,8 HENRY RD,CRAGSMOOR,NY,12420,9998,P,V12807,P
ATLANTIC,4B,NEW YORK 3,120,12421,DENVER,1375 DIMMICK MOUNTAIN RD,DENVER,NY,12421,9998,,V12915,P
ATLANTIC,4B,NEW YORK 3,120,12422,EAST DURHAM,2355 ROUTE 145,EAST DURHAM,NY,12423,9998,,V13065,P
ATLANTIC,4B,NEW YORK 3,120,12423,EAST DURHAM,2355 ROUTE 145,EAST DURHAM,NY,12423,9998,,V13065,P
ATLANTIC,4B,NEW YORK 3,120,12424,TANNERSVILLE,6070 MAIN ST,TANNERSVILLE,NY,12485,9998,,V16478,P
ATLANTIC,4B,NEW YORK 3,120,12427,ELKA PARK,183 ELKA PARK RD,ELKA PARK,NY,12427,9998,,V13185,P
ATLANTIC,4B,NEW YORK 3,120,12428,ELLENVILLE,1 LIBERTY SQ,ELLENVILLE,NY,12428,9998,,V13192,P
ATLANTIC,4B,NEW YORK 3,120,12429,ESOPUS,60 MAIN ST,ESOPUS,NY,12429,9800,P,V13246,P
ATLANTIC,4B,NEW YORK 3,120,12430,FLEISCHMANNS,1050 MAIN ST,FLEISCHMANNS,NY,12430,9998,,V13349,P
ATLANTIC,4B,NEW YORK 3,120,12431,FREEHOLD,9467 ROUTE 32,FREEHOLD,NY,12431,9998,,V13442,P
ATLANTIC,4B,NEW YORK 3,120,12432,GLASCO,90 GLASCO TPKE,GLASCO,NY,12432,9800,P,V13543,P
ATLANTIC,4B,NEW YORK 3,120,12433,WOODSTOCK,2 WOODSTOCK MEADOWS LN,WOODSTOCK,NY,12498,9998,,V17092,P
ATLANTIC,4B,NEW YORK 3,120,12434,GRAND GORGE,37163 STATE HIGHWAY 23,GRAND GORGE,NY,12434,9998,,V13601,P
ATLANTIC,4B,NEW YORK 3,120,12435,GREENFIELD PARK,7021 STATE ROUTE 52,GREENFIELD PARK,NY,12435,9998,,V13655,P
ATLANTIC,4B,NEW YORK 3,120,12436,HAINES FALLS,5197 ROUTE 23A,HAINES FALLS,NY,12436,9800,P,V13707,P
ATLANTIC,4B,NEW YORK 3,120,12438,HALCOTTSVILLE,387 HALCOTTSVILLE RD,HALCOTTSVILLE,NY,12438,9800,P,V13710,P
ATLANTIC,4B,NEW YORK 3,120,12439,HENSONVILLE,395 STATE ROUTE 296,HENSONVILLE,NY,12439,9998,,V13830,P
ATLANTIC,4B,NEW YORK 3,120,12439,WINDHAM,5365 STATE ROUTE 23,WINDHAM,NY,12496,9998,,V17063,P
ATLANTIC,4B,NEW YORK 3,120,12440,HIGH FALLS,107 MAIN ST,HIGH FALLS,NY,12440,9998,,V13858,P
ATLANTIC,4B,NEW YORK 3,120,12440,ROSENDALE,354 MAIN ST,ROSENDALE,NY,12472,9998,,V15796,P
ATLANTIC,4B,NEW YORK 3,120,12441,PINE HILL,300 MAIN ST,PINE HILL,NY,12465,9998,P,V15408,P
ATLANTIC,4B,NEW YORK 3,120,12442,HUNTER,7975 MAIN ST,HUNTER,NY,12442,9998,,V13979,P
ATLANTIC,4B,NEW YORK 3,120,12443,HURLEY,4 MAIN ST,HURLEY,NY,12443,9998,,V13990,P
ATLANTIC,4B,NEW YORK 3,120,12444,HUNTER,7975 MAIN ST,HUNTER,NY,12442,9998,,V13979,P
ATLANTIC,4B,NEW YORK 3,120,12444,JEWETT,4800 ROUTE 23C,JEWETT,NY,12444,9998,,V14090,P
ATLANTIC,4B,NEW YORK 3,120,12446,KERHONKSON,17 WEST ST,KERHONKSON,NY,12446,9998,,V14141,P
ATLANTIC,4B,NEW YORK 3,120,12448,LAKE HILL,3929 STATE ROUTE 212,LAKE HILL,NY,12448,9998,,V14240,P
ATLANTIC,4B,NEW YORK 3,120,12449,LAKE KATRINE,1840 ULSTER AVE,LAKE KATRINE,NY,12449,9998,,V14245,P
ATLANTIC,4B,NEW YORK 3,120,12450,LANESVILLE,1546 ROUTE 214,LANESVILLE,NY,12450,9998,,V14279,P
ATLANTIC,4B,NEW YORK 3,120,12451,CATSKILL,270 MAIN ST,CATSKILL,NY,12414,9998,,V12463,P
ATLANTIC,4B,NEW YORK 3,120,12451,LEEDS,1155 MAIN ST,LEEDS,NY,12451,9998,,V14325,P
ATLANTIC,4B,NEW YORK 3,120,12452,LEXINGTON,4021 ROUTE 42 STE 1,LEXINGTON,NY,12452,9800,P,V14345,P
ATLANTIC,4B,NEW YORK 3,120,12453,MALDEN ON HUDSON,1116 MAIN ST,MALDEN ON HUDSON,NY,12453,9800,P,V14492,P
ATLANTIC,4B,NEW YORK 3,120,12454,MAPLECREST,27 ROUTE 56,MAPLECREST,NY,12454,9998,,V14532,P
ATLANTIC,4B,NEW YORK 3,120,12454,WINDHAM,5365 STATE ROUTE 23,WINDHAM,NY,12496,9998,,V17063,P
ATLANTIC,4B,NEW YORK 3,120,12455,MARGARETVILLE,315 MAIN ST,MARGARETVILLE,NY,12455,9998,,V14542,P
ATLANTIC,4B,NEW YORK 3,120,12456,MOUNT MARION,542 GLASCO TPKE,MOUNT MARION,NY,12456,9998,,V14782,P
ATLANTIC,4B,NEW YORK 3,120,12457,MOUNT TREMPER,5340 ROUTE 28,MOUNT TREMPER,NY,12457,9997,,V14791,P
ATLANTIC,4B,NEW YORK 3,120,12457,WOODSTOCK,2 WOODSTOCK MEADOWS LN,WOODSTOCK,NY,12498,9998,,V17092,P
ATLANTIC,4B,NEW YORK 3,120,12458,ELLENVILLE,1 LIBERTY SQ,ELLENVILLE,NY,12428,9998,,V13192,P
ATLANTIC,4B,NEW YORK 3,120,12458,NAPANOCH,7600 STATE ROUTE 209 STE 1,NAPANOCH,NY,12458,9998,,V14903,P
ATLANTIC,4B,NEW YORK 3,120,12459,NEW KINGSTON,5060 COUNTY ROUTE 6,NEW KINGSTON,NY,12459,9800,P,V14949,P
ATLANTIC,4B,NEW YORK 3,120,12460,OAK HILL,111 OAK HILL RD,OAK HILL,NY,12460,9998,,V15159,P
ATLANTIC,4B,NEW YORK 3,120,12461,OLIVEBRIDGE,5147 STATE ROUTE 213 STE 1,OLIVEBRIDGE,NY,12461,9998,,V15213,P
ATLANTIC,4B,NEW YORK 3,120,12463,PALENVILLE,3378 ROUTE 23A,PALENVILLE,NY,12463,9998,,V15290,P
ATLANTIC,4B,NEW YORK 3,120,12464,PHOENICIA,8 AVA MARIA DR,PHOENICIA,NY,12464,9998,,V15384,P
ATLANTIC,4B,NEW YORK 3,120,12465,PINE HILL,300 MAIN ST,PINE HILL,NY,12465,9998,,V15408,P
ATLANTIC,4B,NEW YORK 3,120,12466,PORT EWEN,194 BROADWAY,PORT EWEN,NY,12466,9996,,V15496,P
ATLANTIC,4B,NEW YORK 3,120,12468,GRAND GORGE,37163 STATE HIGHWAY 23,GRAND GORGE,NY,12434,9998,,V13601,P
ATLANTIC,4B,NEW YORK 3,120,12468,PRATTSVILLE,14546 MAIN ST,PRATTSVILLE,NY,12468,9998,,V15540,P
ATLANTIC,4B,NEW YORK 3,120,12469,PRESTON HOLLOW,2930 ROUTE 145,PRESTON HOLLOW,NY,12469,9998,,V15548,P
ATLANTIC,4B,NEW YORK 3,120,12471,RIFTON,1822 MAIN ST,RIFTON,NY,12471,9800,P,V15702,P
ATLANTIC,4B,NEW YORK 3,120,12472,ROSENDALE,354 MAIN ST,ROSENDALE,NY,12472,9998,,V15796,P
ATLANTIC,4B,NEW YORK 3,120,12473,ROUND TOP,38 ROUTE 39,ROUND TOP,NY,12473,9998,,V15815,P
ATLANTIC,4B,NEW YORK 3,120,12474,ROXBURY,2375 COUNTY HIGHWAY 41,ROXBURY,NY,12474,9998,,V15818,P
ATLANTIC,4B,NEW YORK 3,120,12475,RUBY,1165 MAIN ST,RUBY,NY,12475,9800,P,V15820,P
ATLANTIC,4B,NEW YORK 3,120,12477,SAUGERTIES,111 MARKET ST,SAUGERTIES,NY,12477,9998,,V15946,P
ATLANTIC,4B,NEW YORK 3,120,12480,SHANDAKEN,22 STATE ROUTE 42,SHANDAKEN,NY,12480,9998,,V16027,P
ATLANTIC,4B,NEW YORK 3,120,12481,SHOKAN,3110 STATE ROUTE 28,SHOKAN,NY,12481,9998,,V16053,P
ATLANTIC,4B,NEW YORK 3,120,12482,SOUTH CAIRO,2395 ROUTE 23B,SOUTH CAIRO,NY,12482,9998,,V16172,P
ATLANTIC,4B,NEW YORK 3,120,12483,SPRING GLEN,1395 OLD ROUTE 209,SPRING GLEN,NY,12483,9800,P,V16260,P
ATLANTIC,4B,NEW YORK 3,120,12484,STONE RIDGE,3765 MAIN ST,STONE RIDGE,NY,12484,9998,,V16402,P
ATLANTIC,4B,NEW YORK 3,120,12485,TANNERSVILLE,6070 MAIN ST,TANNERSVILLE,NY,12485,9998,,V16478,P
ATLANTIC,4B,NEW YORK 3,120,12486,ROSENDALE,354 MAIN ST,ROSENDALE,NY,12472,9998,,V15796,P
ATLANTIC,4B,NEW YORK 3,120,12486,TILLSON,134 HARDENBERGH AVE,TILLSON,NY,12486,9998,,V16525,P
ATLANTIC,4B,NEW YORK 3,120,12487,KINGSTON,90 CORNELL ST,KINGSTON,NY,12401,9998,,V14168,P
ATLANTIC,4B,NEW YORK 3,120,12487,ULSTER PARK,364 UNION CENTER RD,ULSTER PARK,NY,12487,9998,,V16600,P
ATLANTIC,4B,NEW YORK 3,120,12489,WAWARSING,7199 ROUTE 209,WAWARSING,NY,12489,9800,P,V16830,P
ATLANTIC,4B,NEW YORK 3,120,12490,WEST CAMP,4294 ROUTE 9W,WEST CAMP,NY,12490,9800,P,V16861,P
ATLANTIC,4B,NEW YORK 3,120,12491,WEST HURLEY,1300 STATE ROUTE 28,WEST HURLEY,NY,12491,9998,,V16903,P
ATLANTIC,4B,NEW YORK 3,120,12492,SHANDAKEN,22 STATE ROUTE 42,SHANDAKEN,NY,12480,9998,,V16027,P
ATLANTIC,4B,NEW YORK 3,120,12493,HIGHLAND,197 NORTH RD,HIGHLAND,NY,12528,9998,P,V13863,P
ATLANTIC,4B,NEW YORK 3,120,12494,BOICEVILLE,4117 STATE ROUTE 28,BOICEVILLE,NY,12412,9998,,V12204,P
ATLANTIC,4B,NEW YORK 3,120,12494,WEST SHOKAN,4079 STATE ROUTE 28A,WEST SHOKAN,NY,12494,9998,,V16944,P
ATLANTIC,4B,NEW YORK 3,120,12495,WILLOW,41 VAN WAGNER RD,WILLOW,NY,12495,9998,,V17048,P
ATLANTIC,4B,NEW YORK 3,120,12496,WINDHAM,5365 STATE ROUTE 23,WINDHAM,NY,12496,9998,,V17063,P
ATLANTIC,4B,NEW YORK 3,120,12498,WOODSTOCK,2 WOODSTOCK MEADOWS LN,WOODSTOCK,NY,12498,9998,,V17092,P
ATLANTIC,4B,NEW YORK 3,120,12501,AMENIA,3296 ROUTE 343,AMENIA,NY,12501,9998,,V11892,P
ATLANTIC,4B,NEW YORK 3,120,12501,WASSAIC,18 MAIN ST,WASSAIC,NY,12592,9998,,V16812,P
ATLANTIC,4B,NEW YORK 3,120,12502,ANCRAM,1295 COUNTY ROUTE 7,ANCRAM,NY,12502,9998,,V11907,P
ATLANTIC,4B,NEW YORK 3,120,12502,COPAKE,1656 COUNTY ROUTE 7A,COPAKE,NY,12516,9998,,V12751,P
ATLANTIC,4B,NEW YORK 3,120,12503,ANCRAMDALE,11 COUNTY ROUTE 8,ANCRAMDALE,NY,12503,9998,,V11908,P
ATLANTIC,4B,NEW YORK 3,120,12506,BANGALL,105 HUNNS LAKE RD,BANGALL,NY,12506,9800,P,V12029,P
ATLANTIC,4B,NEW YORK 3,120,12508,BEACON,369 MAIN ST,BEACON,NY,12508,9998,,V12095,P
ATLANTIC,4B,NEW YORK 3,120,12508,STEWART NY S&DC,99 ENTERPRISE DR,NEWBURGH,NY,12555,9996,,020553,4
ATLANTIC,4B,NEW YORK 3,120,12510,BILLINGS,2411 ROUTE 82,BILLINGS,NY,12510,9800,P,V12165,P
ATLANTIC,4B,NEW YORK 3,120,12512,CHELSEA,17 LIBERTY ST,CHELSEA,NY,12512,9800,P,V12543,P
ATLANTIC,4B,NEW YORK 3,120,12513,CLAVERACK,4 PARK PLACE ST,CLAVERACK,NY,12513,9998,,V12618,P
ATLANTIC,4B,NEW YORK 3,120,12514,CLINTON CORNERS,2486 SALT POINT TPKE,CLINTON CORNERS,NY,12514,9998,,V12640,P
ATLANTIC,4B,NEW YORK 3,120,12514,MILLBROOK,47 FRONT ST,MILLBROOK,NY,12545,9998,,V14687,P
ATLANTIC,4B,NEW YORK 3,120,12515,CLINTONDALE,1059 ROUTE 44 55,CLINTONDALE,NY,12515,9998,,V12643,P
ATLANTIC,4B,NEW YORK 3,120,12515,STEWART NY S&DC,99 ENTERPRISE DR,NEWBURGH,NY,12555,9996,,020553,4
ATLANTIC,4B,NEW YORK 3,120,12516,COPAKE,1656 COUNTY ROUTE 7A,COPAKE,NY,12516,9998,,V12751,P
ATLANTIC,4B,NEW YORK 3,120,12517,COPAKE,1656 COUNTY ROUTE 7A,COPAKE,NY,12516,9998,,V12751,P
ATLANTIC,4B,NEW YORK 3,120,12517,COPAKE FALLS,109 STATE ROUTE 344,COPAKE FALLS,NY,12517,5324,,V12752,P
ATLANTIC,4B,NEW YORK 3,120,12518,CORNWALL,33 QUAKER AVE,CORNWALL,NY,12518,9998,,V12771,P
ATLANTIC,4B,NEW YORK 3,120,12518,STEWART NY S&DC,99 ENTERPRISE DR,NEWBURGH,NY,12555,9996,,020553,4
ATLANTIC,4B,NEW YORK 3,120,12520,CORNWALL ON HUDSON,237 HUDSON ST STE 1,CORNWALL ON HUDSON,NY,12520,9998,,V12775,P
ATLANTIC,4B,NEW YORK 3,120,12520,STEWART NY S&DC,99 ENTERPRISE DR,NEWBURGH,NY,12555,9996,,020553,4
ATLANTIC,4B,NEW YORK 3,120,12521,CRARYVILLE,1751 STATE ROUTE 23,CRARYVILLE,NY,12521,5160,,V12813,P
ATLANTIC,4B,NEW YORK 3,120,12522,DOVER PLAINS,3042 ROUTE 22,DOVER PLAINS,NY,12522,9998,,V12953,P
ATLANTIC,4B,NEW YORK 3,120,12523,ELIZAVILLE,673 COUNTY ROUTE 2,ELIZAVILLE,NY,12523,9998,,V13181,P
ATLANTIC,4B,NEW YORK 3,120,12523,RED HOOK,7525 N BROADWAY,RED HOOK,NY,12571,9998,,V15649,P
ATLANTIC,4B,NEW YORK 3,120,12524,FISHKILL,1018 MAIN ST,FISHKILL,NY,12524,9998,,V13335,P
ATLANTIC,4B,NEW YORK 3,120,12524,STEWART NY S&DC,99 ENTERPRISE DR,NEWBURGH,NY,12555,9996,,020553,4
ATLANTIC,4B,NEW YORK 3,120,12525,GARDINER,124 MAIN ST,GARDINER,NY,12525,9998,,V13500,P
ATLANTIC,4B,NEW YORK 3,120,12525,MODENA,2255 STATE ROUTE 32,MODENA,NY,12548,9998,,V14713,P
ATLANTIC,4B,NEW YORK 3,120,12526,GERMANTOWN,200 MAIN ST,GERMANTOWN,NY,12526,5336,,V13530,P
ATLANTIC,4B,NEW YORK 3,120,12527,GLENHAM,77 OLD GLENHAM RD,GLENHAM,NY,12527,9800,P,V13560,P
ATLANTIC,4B,NEW YORK 3,120,12528,HIGHLAND,197 NORTH RD,HIGHLAND,NY,12528,9998,,V13863,P
ATLANTIC,4B,NEW YORK 3,120,12529,HILLSDALE,9245 STATE ROUTE 22,HILLSDALE,NY,12529,9998,,V13879,P
ATLANTIC,4B,NEW YORK 3,120,12530,HOLLOWVILLE,255 COUNTY ROUTE 16,HOLLOWVILLE,NY,12530,9800,P,V13911,P
ATLANTIC,4B,NEW YORK 3,120,12531,HOLMES,298 ROUTE 292,HOLMES,NY,12531,9998,,V13914,P
ATLANTIC,4B,NEW YORK 3,120,12533,HOPEWELL JUNCTION,815 ROUTE 82,HOPEWELL JUNCTION,NY,12533,9998,,V13934,P
ATLANTIC,4B,NEW YORK 3,120,12533,HOPEWELL CARRIER ANNEX,1616 ROUTE 82,LAGRANGEVILLE,NY,12540,6089,,003542,4
ATLANTIC,4B,NEW YORK 3,120,12534,HUDSON,402 UNION ST,HUDSON,NY,12534,9998,,V13961,P
ATLANTIC,4B,NEW YORK 3,120,12537,HUGHSONVILLE,2337 ROUTE 9D,HUGHSONVILLE,NY,12537,9800,P,V13965,P
ATLANTIC,4B,NEW YORK 3,120,12538,HYDE PARK,1 E MARKET ST,HYDE PARK,NY,12538,9998,,V13992,P
ATLANTIC,4B,NEW YORK 3,120,12540,LAGRANGEVILLE,1085 ROUTE 55,LAGRANGEVILLE,NY,12540,9998,,V14224,P
ATLANTIC,4B,NEW YORK 3,120,12540,HOPEWELL CARRIER ANNEX,1616 ROUTE 82,LAGRANGEVILLE,NY,12540,6089,,003542,4
ATLANTIC,4B,NEW YORK 3,120,12541,LIVINGSTON,122 COUNTY ROUTE 19,LIVINGSTON,NY,12541,9800,P,V14384,P
ATLANTIC,4B,NEW YORK 3,120,12542,HIGHLAND,197 NORTH RD,HIGHLAND,NY,12528,9998,,V13863,P
ATLANTIC,4B,NEW YORK 3,120,12542,MARLBORO,43 WESTERN AVE,MARLBORO,NY,12542,9998,,V14553,P
ATLANTIC,4B,NEW YORK 3,120,12543,MAYBROOK,207 HOMESTEAD AVE,MAYBROOK,NY,12543,9998,,V14588,P
ATLANTIC,4B,NEW YORK 3,120,12543,STEWART NY S&DC,99 ENTERPRISE DR,NEWBURGH,NY,12555,9996,,020553,4
ATLANTIC,4B,NEW YORK 3,120,12544,MELLENVILLE,671 STATE ROUTE 217,MELLENVILLE,NY,12544,9800,P,V14629,P
ATLANTIC,4B,NEW YORK 3,120,12545,MILLBROOK,47 FRONT ST,MILLBROOK,NY,12545,9998,,V14687,P
ATLANTIC,4B,NEW YORK 3,120,12546,MILLERTON,33 CENTURY BLVD,MILLERTON,NY,12546,9998,,V14691,P
ATLANTIC,4B,NEW YORK 3,120,12547,HIGHLAND,197 NORTH RD,HIGHLAND,NY,12528,9998,,V13863,P
ATLANTIC,4B,NEW YORK 3,120,12547,MILTON,63 MAIN ST,MILTON,NY,12547,9998,,V14696,P
ATLANTIC,4B,NEW YORK 3,120,12548,MODENA,2255 STATE ROUTE 32,MODENA,NY,12548,9998,,V14713,P
ATLANTIC,4B,NEW YORK 3,120,12549,MONTGOMERY,218 BOYD ST,MONTGOMERY,NY,12549,9998,,V14731,P
ATLANTIC,4B,NEW YORK 3,120,12549,STEWART NY S&DC,99 ENTERPRISE DR,NEWBURGH,NY,12555,9996,,020553,4
ATLANTIC,4B,NEW YORK 3,120,12550,WEST NEWBURGH,467 BROADWAY,NEWBURGH,NY,12550,5345,,V16922,S
ATLANTIC,4B,NEW YORK 3,120,12550,STEWART NY S&DC,99 ENTERPRISE DR,NEWBURGH,NY,12555,9996,,020553,4
ATLANTIC,4B,NEW YORK 3,120,12551,NEWBURGH,217 LIBERTY ST,NEWBURGH,NY,12550,9998,P,V14978,P
ATLANTIC,4B,NEW YORK 3,120,12552,STEWART NY S&DC,99 ENTERPRISE DR,NEWBURGH,NY,12555,9996,P,020553,4
ATLANTIC,4B,NEW YORK 3,120,12553,NEW WINDSOR,436 BLOOMING GROVE TPKE STE 1100,NEW WINDSOR,NY,12553,7845,,V14963,B
ATLANTIC,4B,NEW YORK 3,120,12553,STEWART NY S&DC,99 ENTERPRISE DR,NEWBURGH,NY,12555,9996,,020553,4
ATLANTIC,4B,NEW YORK 3,120,12561,NEW PALTZ,41 MAIN ST,NEW PALTZ,NY,12561,9998,,V14956,P
ATLANTIC,4B,NEW YORK 3,120,12563,BREWSTER,3 MOUNT EBO RD N,BREWSTER,NY,10509,9998,,V12265,P
ATLANTIC,4B,NEW YORK 3,120,12563,PATTERSON,19 FRONT ST,PATTERSON,NY,12563,9998,,V15331,P
ATLANTIC,4B,NEW YORK 3,120,12564,PAWLING,10 BROAD ST,PAWLING,NY,12564,9998,,V15336,P
ATLANTIC,4B,NEW YORK 3,120,12565,PHILMONT,5 MAPLE AVE,PHILMONT,NY,12565,9998,,V15383,P
ATLANTIC,4B,NEW YORK 3,120,12566,PINE BUSH,27 MAIN ST,PINE BUSH,NY,12566,9998,,V15404,P
ATLANTIC,4B,NEW YORK 3,120,12567,PINE PLAINS,7722 S MAIN ST,PINE PLAINS,NY,12567,9998,,V15415,P
ATLANTIC,4B,NEW YORK 3,120,12568,PLATTEKILL,2 OLD FIREHOUSE RD,PLATTEKILL,NY,12568,9800,P,V15448,P
ATLANTIC,4B,NEW YORK 3,120,12569,PLEASANT VALLEY,1612 MAIN ST,PLEASANT VALLEY,NY,12569,9998,,V15455,P
ATLANTIC,4B,NEW YORK 3,120,12569,ARLINGTON CARRIER ANNEX,50 PAGE PARK DR,POUGHKEEPSIE,NY,12603,2558,,V19811,4
ATLANTIC,4B,NEW YORK 3,120,12570,POUGHQUAG,2546 ROUTE 55,POUGHQUAG,NY,12570,9998,,V15533,P
ATLANTIC,4B,NEW YORK 3,120,12570,HOPEWELL CARRIER ANNEX,1616 ROUTE 82,LAGRANGEVILLE,NY,12540,6089,,003542,4
ATLANTIC,4B,NEW YORK 3,120,12571,RED HOOK,7525 N BROADWAY,RED HOOK,NY,12571,9998,,V15649,P
ATLANTIC,4B,NEW YORK 3,120,12572,RHINEBECK,6383 MILL ST,RHINEBECK,NY,12572,9998,,V15677,P
ATLANTIC,4B,NEW YORK 3,120,12574,RHINECLIFF,15 SHATZELL AVE,RHINECLIFF,NY,12574,9800,P,V15679,P
ATLANTIC,4B,NEW YORK 3,120,12575,ROCK TAVERN,1964 LITTLE BRITAIN RD,ROCK TAVERN,NY,12575,9998,,V15743,P
ATLANTIC,4B,NEW YORK 3,120,12575,STEWART NY S&DC,99 ENTERPRISE DR,NEWBURGH,NY,12555,9996,,020553,4
ATLANTIC,4B,NEW YORK 3,120,12577,SALISBURY MILLS,2130 STATE ROUTE 94 STE 5,SALISBURY MILLS,NY,12577,9998,,V15913,P
ATLANTIC,4B,NEW YORK 3,120,12577,STEWART NY S&DC,99 ENTERPRISE DR,NEWBURGH,NY,12555,9996,,020553,4
ATLANTIC,4B,NEW YORK 3,120,12578,SALT POINT,59 COTTAGE ST,SALT POINT,NY,12578,9998,,V15916,P
ATLANTIC,4B,NEW YORK 3,120,12578,ARLINGTON CARRIER ANNEX,50 PAGE PARK DR,POUGHKEEPSIE,NY,12603,2558,,V19811,4
ATLANTIC,4B,NEW YORK 3,120,12580,HYDE PARK,1 E MARKET ST,HYDE PARK,NY,12538,9998,,V13992,P
ATLANTIC,4B,NEW YORK 3,120,12580,STAATSBURG,1 MARKET ST,STAATSBURG,NY,12580,9998,,V16339,P
ATLANTIC,4B,NEW YORK 3,120,12581,PINE PLAINS,7722 S MAIN ST,PINE PLAINS,NY,12567,9998,,V15415,P
ATLANTIC,4B,NEW YORK 3,120,12581,STANFORDVILLE,6069 ROUTE 82,STANFORDVILLE,NY,12581,9998,,V16348,P
ATLANTIC,4B,NEW YORK 3,120,12582,STORMVILLE,7 OLD ROUTE 52,STORMVILLE,NY,12582,9998,,V16410,P
ATLANTIC,4B,NEW YORK 3,120,12582,HOPEWELL CARRIER ANNEX,1616 ROUTE 82,LAGRANGEVILLE,NY,12540,6089,,003542,4
ATLANTIC,4B,NEW YORK 3,120,12583,TIVOLI,78 BROADWAY,TIVOLI,NY,12583,9998,,V16537,P
ATLANTIC,4B,NEW YORK 3,120,12584,VAILS GATE,6 OLD TEMPLE HILL RD,VAILS GATE,NY,12584,9800,P,V16648,P
ATLANTIC,4B,NEW YORK 3,120,12585,VERBANK,3393 ROUTE 82,VERBANK,NY,12585,9998,,V16677,P
ATLANTIC,4B,NEW YORK 3,120,12586,WALDEN,2 ORANGE AVE,WALDEN,NY,12586,1883,,V16775,P
ATLANTIC,4B,NEW YORK 3,120,12586,STEWART NY S&DC,99 ENTERPRISE DR,NEWBURGH,NY,12555,9996,,020553,4
ATLANTIC,4B,NEW YORK 3,120,12588,WALKER VALLEY,3619 ROUTE 52,WALKER VALLEY,NY,12588,9800,P,V16781,P
ATLANTIC,4B,NEW YORK 3,120,12589,WALLKILL,45 WALLKILL AVE,WALLKILL,NY,12589,9998,,V16787,P
ATLANTIC,4B,NEW YORK 3,120,12589,STEWART NY S&DC,99 ENTERPRISE DR,NEWBURGH,NY,12555,9996,,020553,4
ATLANTIC,4B,NEW YORK 3,120,12590,WAPPINGERS FALLS,71 E MAIN ST,WAPPINGERS FALLS,NY,12590,9998,,V16798,P
ATLANTIC,4B,NEW YORK 3,120,12592,WASSAIC,18 MAIN ST,WASSAIC,NY,12592,9998,,V16812,P
ATLANTIC,4B,NEW YORK 3,120,12594,WINGDALE,1809 ROUTE 22,WINGDALE,NY,12594,9998,,V17066,P
ATLANTIC,4B,NEW YORK 3,120,12601,POUGHKEEPSIE,55 MANSION ST,POUGHKEEPSIE,NY,12601,9998,,V15532,P
ATLANTIC,4B,NEW YORK 3,120,12601,SOUTH ROAD,2572 SOUTH RD,POUGHKEEPSIE,NY,12601,5341,,V16219,B
ATLANTIC,4B,NEW YORK 3,120,12602,POUGHKEEPSIE,55 MANSION ST,POUGHKEEPSIE,NY,12601,9998,P,V15532,P
ATLANTIC,4B,NEW YORK 3,120,12603,ARLINGTON,41 RAYMOND AVE,POUGHKEEPSIE,NY,12603,2397,,V11951,B
ATLANTIC,4B,NEW YORK 3,120,12603,ARLINGTON CARRIER ANNEX,50 PAGE PARK DR,POUGHKEEPSIE,NY,12603,2558,,V19811,4
ATLANTIC,4B,NEW YORK 3,120,12701,MONTICELLO,486 BROADWAY,MONTICELLO,NY,12701,9998,,V14732,P
ATLANTIC,4B,NEW YORK 3,120,12719,BARRYVILLE,6 COUNTY ROAD 21,BARRYVILLE,NY,12719,9998,,V12055,P
ATLANTIC,4B,NEW YORK 3,120,12719,ELDRED,12 PROCTOR RD STE 1,ELDRED,NY,12732,9998,,V13179,P
ATLANTIC,4B,NEW YORK 3,120,12720,BETHEL,2166 STATE ROUTE 17B,BETHEL,NY,12720,9998,,V12152,P
ATLANTIC,4B,NEW YORK 3,120,12720,WHITE LAKE,1447 STATE ROUTE 17B,WHITE LAKE,NY,12786,9998,,V17007,P
ATLANTIC,4B,NEW YORK 3,120,12721,BLOOMINGBURG,21 WINTERTON RD,BLOOMINGBURG,NY,12721,9998,,V12185,P
ATLANTIC,4B,NEW YORK 3,120,12721,WURTSBORO,39 SULLIVAN ST,WURTSBORO,NY,12790,9998,,V17104,P
ATLANTIC,4B,NEW YORK 3,120,12722,BURLINGHAM,709 BURLINGHAM RD,BURLINGHAM,NY,12722,9800,P,V12354,P
ATLANTIC,4B,NEW YORK 3,120,12723,CALLICOON,13 RIVER RD,CALLICOON,NY,12723,9998,,V12387,P
ATLANTIC,4B,NEW YORK 3,120,12724,CALLICOON CENTER,1675 GULF RD,CALLICOON CENTER,NY,12724,9800,P,V12388,P
ATLANTIC,4B,NEW YORK 3,120,12725,CLARYVILLE,1471 DENNING RD,CLARYVILLE,NY,12725,9998,,V12615,P
ATLANTIC,4B,NEW YORK 3,120,12726,CALLICOON,13 RIVER RD,CALLICOON,NY,12723,9998,,V12387,P
ATLANTIC,4B,NEW YORK 3,120,12726,COCHECTON,45 COUNTY ROAD 114,COCHECTON,NY,12726,9998,,V12657,P
ATLANTIC,4B,NEW YORK 3,120,12729,CUDDEBACKVILLE,19 STATE ROUTE 211,CUDDEBACKVILLE,NY,12729,9998,,V12852,P
ATLANTIC,4B,NEW YORK 3,120,12732,ELDRED,12 PROCTOR RD STE 1,ELDRED,NY,12732,9998,,V13179,P
ATLANTIC,4B,NEW YORK 3,120,12733,FALLSBURG,5672 STATE ROUTE 42,FALLSBURG,NY,12733,9998,,V13274,P
ATLANTIC,4B,NEW YORK 3,120,12733,SOUTH FALLSBURG,25 RAILROAD PLZ,SOUTH FALLSBURG,NY,12779,9998,,V16181,P
ATLANTIC,4B,NEW YORK 3,120,12734,FERNDALE,108 SULLIVAN AVE,FERNDALE,NY,12734,4398,,V13309,P
ATLANTIC,4B,NEW YORK 3,120,12734,LIBERTY,14 CHESTNUT ST,LIBERTY,NY,12754,9998,,V14347,P
ATLANTIC,4B,NEW YORK 3,120,12736,OBERNBURG,361 COUNTY ROAD 95,OBERNBURG,NY,12767,9800,,V15176,P
ATLANTIC,4B,NEW YORK 3,120,12737,GLEN SPEY,1677 FORESTBURGH RD,GLEN SPEY,NY,12737,9998,,V13552,P
ATLANTIC,4B,NEW YORK 3,120,12738,GLEN WILD,424 GLEN WILD RD,GLEN WILD,NY,12738,9998,,V13553,P
ATLANTIC,4B,NEW YORK 3,120,12738,WURTSBORO,39 SULLIVAN ST,WURTSBORO,NY,12790,9998,,V17104,P
ATLANTIC,4B,NEW YORK 3,120,12740,GRAHAMSVILLE,215 MAIN ST,GRAHAMSVILLE,NY,12740,9998,,V13596,P
ATLANTIC,4B,NEW YORK 3,120,12741,HANKINS,10816 STATE ROUTE 97,HANKINS,NY,12741,5098,,V13740,P
ATLANTIC,4B,NEW YORK 3,120,12742,HARRIS,798 OLD ROUTE 17,HARRIS,NY,12742,9998,,V13773,P
ATLANTIC,4B,NEW YORK 3,120,12743,ELDRED,12 PROCTOR RD STE 1,ELDRED,NY,12732,9998,,V13179,P
ATLANTIC,4B,NEW YORK 3,120,12743,HIGHLAND LAKE,112 HIGHLAND LAKE RD,HIGHLAND LAKE,NY,12743,9998,,V13865,P
ATLANTIC,4B,NEW YORK 3,120,12745,HORTONVILLE,82 MAIN ST,HORTONVILLE,NY,12745,9998,,V13942,P
ATLANTIC,4B,NEW YORK 3,120,12746,HUGUENOT,435 ROUTE 209,HUGUENOT,NY,12746,9998,,V13968,P
ATLANTIC,4B,NEW YORK 3,120,12747,HURLEYVILLE,6 MONGAUP RD,HURLEYVILLE,NY,12747,9998,,V13991,P
ATLANTIC,4B,NEW YORK 3,120,12747,WOODBOURNE,6169 STATE ROUTE 42,WOODBOURNE,NY,12788,9998,,V17074,P
ATLANTIC,4B,NEW YORK 3,120,12748,JEFFERSONVILLE,4915 STATE ROUTE 52,JEFFERSONVILLE,NY,12748,9998,,V14080,P
ATLANTIC,4B,NEW YORK 3,120,12749,KAUNEONGA LAKE,3584 STATE ROUTE 55,KAUNEONGA LAKE,NY,12749,9800,P,V14118,P
ATLANTIC,4B,NEW YORK 3,120,12750,KENOZA LAKE,5691 STATE ROUTE 52,KENOZA LAKE,NY,12750,9998,,V14131,P
ATLANTIC,4B,NEW YORK 3,120,12751,KIAMESHA LAKE,4668 STATE ROUTE 42,KIAMESHA LAKE,NY,12751,9998,,V14148,P
ATLANTIC,4B,NEW YORK 3,120,12752,LAKE HUNTINGTON,6736 STATE ROUTE 52,LAKE HUNTINGTON,NY,12752,9998,,V14243,P
ATLANTIC,4B,NEW YORK 3,120,12754,LIBERTY,14 CHESTNUT ST,LIBERTY,NY,12754,9998,,V14347,P
ATLANTIC,4B,NEW YORK 3,120,12758,LIVINGSTON MANOR,23 MAIN ST,LIVINGSTON MANOR,NY,12758,9998,,V14385,P
ATLANTIC,4B,NEW YORK 3,120,12759,LOCH SHELDRAKE,739 LOCH SHELDRAKE HURLEYVILLE RD,LOCH SHELDRAKE,NY,12759,9998,,V14403,P
ATLANTIC,4B,NEW YORK 3,120,12759,WOODBOURNE,6169 STATE ROUTE 42,WOODBOURNE,NY,12788,9998,,V17074,P
ATLANTIC,4B,NEW YORK 3,120,12760,CALLICOON,13 RIVER RD,CALLICOON,NY,12723,9998,,V12387,P
ATLANTIC,4B,NEW YORK 3,120,12760,LONG EDDY,13 CHESTNUT ST,LONG EDDY,NY,12760,9998,,V14419,P
ATLANTIC,4B,NEW YORK 3,120,12762,MONGAUP VALLEY,933 STATE ROUTE 17B,MONGAUP VALLEY,NY,12762,9998,,V14722,P
ATLANTIC,4B,NEW YORK 3,120,12763,MOUNTAIN DALE,12 POST HILL RD,MOUNTAIN DALE,NY,12763,9998,,V14795,P
ATLANTIC,4B,NEW YORK 3,120,12763,WOODRIDGE,47 BROADWAY,WOODRIDGE,NY,12789,9998,,V17085,P
ATLANTIC,4B,NEW YORK 3,120,12764,NARROWSBURG,75 MAIN ST,NARROWSBURG,NY,12764,9998,,V14906,P
ATLANTIC,4B,NEW YORK 3,120,12765,NEVERSINK,7420 STATE ROUTE 55,NEVERSINK,NY,12765,9998,,V14927,P
ATLANTIC,4B,NEW YORK 3,120,12766,NORTH BRANCH,60 N BRANCH CALLICOON CTR RD STE 2,NORTH BRANCH,NY,12766,9997,,V15040,P
ATLANTIC,4B,NEW YORK 3,120,12767,OBERNBURG,361 COUNTY ROAD 95,OBERNBURG,NY,12767,9800,P,V15176,P
ATLANTIC,4B,NEW YORK 3,120,12768,LIVINGSTON MANOR,23 MAIN ST,LIVINGSTON MANOR,NY,12758,9998,,V14385,P
ATLANTIC,4B,NEW YORK 3,120,12768,PARKSVILLE,12 COOLEY RD,PARKSVILLE,NY,12768,9998,,V15320,P
ATLANTIC,4B,NEW YORK 3,120,12769,PHILLIPSPORT,17 PHILLIPSPORT RD,PHILLIPSPORT,NY,12769,9800,P,V15382,P
ATLANTIC,4B,NEW YORK 3,120,12770,POND EDDY,43 HOLLOW RD,POND EDDY,NY,12770,9998,,V15483,P
ATLANTIC,4B,NEW YORK 3,120,12771,PORT JERVIS,20 SUSSEX ST,PORT JERVIS,NY,12771,9998,,V15504,P
ATLANTIC,4B,NEW YORK 3,120,12771,PORT JERVIS BOX UNIT DPOBU,5 1/2 BALL ST,PORT JERVIS,NY,12771,2407,,003147,6
ATLANTIC,4B,NEW YORK 3,120,12775,ROCK HILL,240 ROCK HILL DR,ROCK HILL,NY,12775,9998,,V15740,P
ATLANTIC,4B,NEW YORK 3,120,12775,WURTSBORO,39 SULLIVAN ST,WURTSBORO,NY,12790,9998,,V17104,P
ATLANTIC,4B,NEW YORK 3,120,12776,LIVINGSTON MANOR,23 MAIN ST,LIVINGSTON MANOR,NY,12758,9998,,V14385,P
ATLANTIC,4B,NEW YORK 3,120,12776,ROSCOE,2 MAPLE ST,ROSCOE,NY,12776,9998,,V15789,P
ATLANTIC,4B,NEW YORK 3,120,12778,SMALLWOOD,220 PINE GROVE RD,SMALLWOOD,NY,12778,9800,P,V16095,P
ATLANTIC,4B,NEW YORK 3,120,12779,SOUTH FALLSBURG,25 RAILROAD PLZ,SOUTH FALLSBURG,NY,12779,9998,,V16181,P
ATLANTIC,4B,NEW YORK 3,120,12780,SPARROW BUSH,505 STATE ROUTE 42,SPARROW BUSH,NY,12780,9998,,V16243,P
ATLANTIC,4B,NEW YORK 3,120,12781,SUMMITVILLE,3868 ROUTE 209,SUMMITVILLE,NY,12781,9800,P,V16438,P
ATLANTIC,4B,NEW YORK 3,120,12783,LIBERTY,14 CHESTNUT ST,LIBERTY,NY,12754,9998,,V14347,P
ATLANTIC,4B,NEW YORK 3,120,12783,SWAN LAKE,35 STANTON CORNER RD,SWAN LAKE,NY,12783,9998,,V16452,P
ATLANTIC,4B,NEW YORK 3,120,12784,THOMPSONVILLE,558 THOMPSON RD,THOMPSONVILLE,NY,12784,9800,P,V16506,P
ATLANTIC,4B,NEW YORK 3,120,12785,WESTBROOKVILLE,1755 STATE ROUTE 209,WESTBROOKVILLE,NY,12785,9800,P,V16960,C
ATLANTIC,4B,NEW YORK 3,120,12786,WHITE LAKE,1447 STATE ROUTE 17B,WHITE LAKE,NY,12786,9998,,V17007,P
ATLANTIC,4B,NEW YORK 3,120,12787,WHITE SULPHUR SPRINGS,3300 STATE ROUTE 52,WHITE SULPHUR SPRINGS,NY,12787,9998,,V17012,P
ATLANTIC,4B,NEW YORK 3,120,12788,WOODBOURNE,6169 STATE ROUTE 42,WOODBOURNE,NY,12788,9998,,V17074,P
ATLANTIC,4B,NEW YORK 3,120,12789,WOODRIDGE,47 BROADWAY,WOODRIDGE,NY,12789,9998,,V17085,P
ATLANTIC,4B,NEW YORK 3,120,12790,WURTSBORO,39 SULLIVAN ST,WURTSBORO,NY,12790,9998,,V17104,P
ATLANTIC,4B,NEW YORK 3,120,12791,YOUNGSVILLE,4068 STATE ROUTE 52,YOUNGSVILLE,NY,12791,9998,,V17129,P
ATLANTIC,4B,NEW YORK 3,120,12792,YULAN,219 AIRPORT RD,YULAN,NY,12792,9998,,V17130,P
ATLANTIC,4B,NEW YORK 3,120,12801,GLENS FALLS,16 HUDSON AVE,GLENS FALLS,NY,12801,9998,,V13563,P
ATLANTIC,4B,NEW YORK 3,120,12803,GLENS FALLS,16 HUDSON AVE,GLENS FALLS,NY,12801,9998,,V13563,P
ATLANTIC,4B,NEW YORK 3,120,12804,GLENS FALLS,16 HUDSON AVE,GLENS FALLS,NY,12801,9998,,V13563,P
ATLANTIC,4B,NEW YORK 3,120,12804,QUEENSBURY,820 STATE ROUTE 9 STE 5B,QUEENSBURY,NY,12804,3598,,V15612,B
ATLANTIC,4B,NEW YORK 3,120,12808,ADIRONDACK,5 RED WING RD,ADIRONDACK,NY,12808,9998,,V11832,P
ATLANTIC,4B,NEW YORK 3,120,12809,ARGYLE,38 MAIN ST,ARGYLE,NY,12809,9998,,V11942,P
ATLANTIC,4B,NEW YORK 3,120,12810,ATHOL,274 ATHOL RD,ATHOL,NY,12810,9998,,V11972,P
ATLANTIC,4B,NEW YORK 3,120,12811,BAKERS MILLS,3 POST OFFICE LOOP,BAKERS MILLS,NY,12811,9998,P,V12014,P
ATLANTIC,4B,NEW YORK 3,120,12812,BLUE MOUNTAIN LAKE,3444 STATE ROUTE 28,BLUE MOUNTAIN LAKE,NY,12812,9998,,V12194,P
ATLANTIC,4B,NEW YORK 3,120,12814,BOLTON LANDING,5000 LAKE SHORE DR,BOLTON LANDING,NY,12814,9998,,V12208,P
ATLANTIC,4B,NEW YORK 3,120,12815,BRANT LAKE,6580 STATE ROUTE 8,BRANT LAKE,NY,12815,1924,,V12252,P
ATLANTIC,4B,NEW YORK 3,120,12816,CAMBRIDGE,51 E MAIN ST,CAMBRIDGE,NY,12816,9998,,V12394,P
ATLANTIC,4B,NEW YORK 3,120,12817,CHESTERTOWN,6323 STATE ROUTE 9,CHESTERTOWN,NY,12817,9998,,V12567,P
ATLANTIC,4B,NEW YORK 3,120,12819,CLEMONS,14007 STATE ROUTE 22,CLEMONS,NY,12819,2301,,V12625,P
ATLANTIC,4B,NEW YORK 3,120,12819,WHITEHALL,88 BROADWAY,WHITEHALL,NY,12887,9998,,V17014,P
ATLANTIC,4B,NEW YORK 3,120,12820,CLEVERDALE,2663 STATE ROUTE 9L,CLEVERDALE,NY,12820,9900,P,V12631,P
ATLANTIC,4B,NEW YORK 3,120,12821,COMSTOCK,11762 STATE ROUTE 22,COMSTOCK,NY,12821,2103,,V12716,P
ATLANTIC,4B,NEW YORK 3,120,12822,CORINTH,97 MAIN ST,CORINTH,NY,12822,9998,,V12763,P
ATLANTIC,4B,NEW YORK 3,120,12823,COSSAYUNA,703 COUNTY ROUTE 49,COSSAYUNA,NY,12823,9998,,V12790,P
ATLANTIC,4B,NEW YORK 3,120,12824,DIAMOND POINT,801 DIAMOND POINT RD,DIAMOND POINT,NY,12824,2907,,V12935,P
ATLANTIC,4B,NEW YORK 3,120,12827,FORT ANN,86 GEORGE ST,FORT ANN,NY,12827,9998,,V13390,P
ATLANTIC,4B,NEW YORK 3,120,12828,FORT EDWARD,126 BROADWAY,FORT EDWARD,NY,12828,9998,,V13394,P
ATLANTIC,4B,NEW YORK 3,120,12831,GANSEVOORT,50 LEONARD ST,GANSEVOORT,NY,12831,9998,,V13491,P
ATLANTIC,4B,NEW YORK 3,120,12831,WILTON,654 SARATOGA RD STE 2,GANSEVOORT,NY,12831,2808,,V17061,C
ATLANTIC,4B,NEW YORK 3,120,12832,GRANVILLE,41 MAIN ST,GRANVILLE,NY,12832,9998,,V13616,P
ATLANTIC,4B,NEW YORK 3,120,12833,GREENFIELD CENTER,20 WILTON RD,GREENFIELD CENTER,NY,12833,9998,,V13654,P
ATLANTIC,4B,NEW YORK 3,120,12834,GREENWICH,39 MAIN ST,GREENWICH,NY,12834,9998,,V13667,P
ATLANTIC,4B,NEW YORK 3,120,12835,HADLEY,311 OLD CORINTH RD,HADLEY,NY,12835,9998,,V13699,P
ATLANTIC,4B,NEW YORK 3,120,12836,HAGUE,9840 GRAPHITE MOUNTAIN RD,HAGUE,NY,12836,9998,,V13704,P
ATLANTIC,4B,NEW YORK 3,120,12837,HAMPTON,2522 COUNTY ROUTE 18,HAMPTON,NY,12837,9998,,V13735,P
ATLANTIC,4B,NEW YORK 3,120,12838,HARTFORD,46 HARTFORD MAIN ST STE 1,HARTFORD,NY,12838,2210,,V13782,P
ATLANTIC,4B,NEW YORK 3,120,12839,GLENS FALLS,16 HUDSON AVE,GLENS FALLS,NY,12801,9998,,V13563,P
ATLANTIC,4B,NEW YORK 3,120,12839,HUDSON FALLS,114 MAIN ST,HUDSON FALLS,NY,12839,9998,,V13962,P
ATLANTIC,4B,NEW YORK 3,120,12841,HULETTS LANDING,962 COUNTY ROUTE 6,HULETTS LANDING,NY,12841,9998,P,V13970,P
ATLANTIC,4B,NEW YORK 3,120,12842,INDIAN LAKE,6316 NYS ROUTE 30,INDIAN LAKE,NY,12842,9998,,V14005,P
ATLANTIC,4B,NEW YORK 3,120,12843,JOHNSBURG,3462 STATE ROUTE 8,JOHNSBURG,NY,12843,9998,,V14096,P
ATLANTIC,4B,NEW YORK 3,120,12844,KATTSKILL BAY,1488 PILOT KNOB RD,KATTSKILL BAY,NY,12844,1804,,V14116,P
ATLANTIC,4B,NEW YORK 3,120,12845,LAKE GEORGE,180 CANADA ST,LAKE GEORGE,NY,12845,9998,,V14237,P
ATLANTIC,4B,NEW YORK 3,120,12846,LAKE LUZERNE,8 SCHOOL ST,LAKE LUZERNE,NY,12846,9998,,V14248,P
ATLANTIC,4B,NEW YORK 3,120,12847,LONG LAKE,1095 DEERLAND RD,LONG LAKE,NY,12847,9998,,V14425,P
ATLANTIC,4B,NEW YORK 3,120,12848,MIDDLE FALLS,1079 STATE ROUTE 29,MIDDLE FALLS,NY,12848,9998,P,V14659,P
ATLANTIC,4B,NEW YORK 3,120,12849,MIDDLE GRANVILLE,5 RIVERSIDE DR,MIDDLE GRANVILLE,NY,12849,9998,,V14660,P
ATLANTIC,4B,NEW YORK 3,120,12850,MIDDLE GROVE,3B LAKE DESOLATION RD,MIDDLE GROVE,NY,12850,9998,,V14662,P
ATLANTIC,4B,NEW YORK 3,120,12851,MINERVA,1709 STATE ROUTE 28N,MINERVA,NY,12851,9998,,V14703,P
ATLANTIC,4B,NEW YORK 3,120,12852,NEWCOMB,28 BISSELL LOOP,NEWCOMB,NY,12852,9998,,V14979,P
ATLANTIC,4B,NEW YORK 3,120,12853,NORTH CREEK,26 CIRCLE AVE,NORTH CREEK,NY,12853,9998,,V15052,P
ATLANTIC,4B,NEW YORK 3,120,12854,NORTH GRANVILLE,10217 STATE ROUTE 22,NORTH GRANVILLE,NY,12854,9998,,V15061,P
ATLANTIC,4B,NEW YORK 3,120,12855,NORTH HUDSON,2940 US ROUTE 9,NORTH HUDSON,NY,12855,9998,,V15075,P
ATLANTIC,4B,NEW YORK 3,120,12856,NORTH RIVER,4631 STATE ROUTE 28,NORTH RIVER,NY,12856,9998,P,V15094,P
ATLANTIC,4B,NEW YORK 3,120,12857,OLMSTEDVILLE,622 CHURCH RD,OLMSTEDVILLE,NY,12857,9998,,V15215,P
ATLANTIC,4B,NEW YORK 3,120,12858,TICONDEROGA,169 CHAMPLAIN AVE,TICONDEROGA,NY,12883,9998,,V16524,P
ATLANTIC,4B,NEW YORK 3,120,12859,GREENFIELD CENTER,20 WILTON RD,GREENFIELD CENTER,NY,12833,9998,,V13654,P
ATLANTIC,4B,NEW YORK 3,120,12859,PORTER CORNERS,515 ALLEN RD,PORTER CORNERS,NY,12859,9998,,V15518,P
ATLANTIC,4B,NEW YORK 3,120,12860,POTTERSVILLE,37 VALLEY FARM RD,POTTERSVILLE,NY,12860,9998,,V15531,P
ATLANTIC,4B,NEW YORK 3,120,12861,PUTNAM STATION,16783 STATE ROUTE 22,PUTNAM STATION,NY,12861,9998,,V15599,P
ATLANTIC,4B,NEW YORK 3,120,12862,RIPARIUS,465 RIVERSIDE STATION RD,RIPARIUS,NY,12862,9998,P,V15704,P
ATLANTIC,4B,NEW YORK 3,120,12863,ROCK CITY FALLS,744 ROUTE 29 STE 1,ROCK CITY FALLS,NY,12863,9998,,V15735,P
ATLANTIC,4B,NEW YORK 3,120,12864,INDIAN LAKE,6316 NYS ROUTE 30,INDIAN LAKE,NY,12842,9998,,V14005,P
ATLANTIC,4B,NEW YORK 3,120,12865,SALEM,12 W BROADWAY ST,SALEM,NY,12865,9701,,V15904,P
ATLANTIC,4B,NEW YORK 3,120,12866,SARATOGA SPRINGS,245 WASHINGTON ST,SARATOGA SPRINGS,NY,12866,9997,,V18809,P
ATLANTIC,4B,NEW YORK 3,120,12866,BROADWAY SARATOGA SPRINGS,475 BROADWAY STE 1,SARATOGA SPRINGS,NY,12866,6777,,003479,S
ATLANTIC,4B,NEW YORK 3,120,12870,SCHROON LAKE,1097 US ROUTE 9 STE 1,SCHROON LAKE,NY,12870,9998,,V15966,P
ATLANTIC,4B,NEW YORK 3,120,12871,SCHUYLERVILLE,25 FERRY ST,SCHUYLERVILLE,NY,12871,9998,,V15972,P
ATLANTIC,4B,NEW YORK 3,120,12872,SEVERANCE,229 NYS ROUTE 74,SEVERANCE,NY,12872,9998,P,V16022,P
ATLANTIC,4B,NEW YORK 3,120,12873,SHUSHAN,738 COUNTY ROUTE 64,SHUSHAN,NY,12873,9998,,V16060,P
ATLANTIC,4B,NEW YORK 3,120,12874,SILVER BAY,8461 LAKESHORE DR,SILVER BAY,NY,12874,2015,,V16066,P
ATLANTIC,4B,NEW YORK 3,120,12878,STONY CREEK,6 HADLEY RD,STONY CREEK,NY,12878,9998,,V16405,P
ATLANTIC,4B,NEW YORK 3,120,12883,TICONDEROGA,169 CHAMPLAIN AVE,TICONDEROGA,NY,12883,9998,,V16524,P
ATLANTIC,4B,NEW YORK 3,120,12884,VICTORY MILLS,51 GATES AVE,VICTORY MILLS,NY,12884,9998,P,V16700,P
ATLANTIC,4B,NEW YORK 3,120,12885,WARRENSBURG,3930 MAIN ST,WARRENSBURG,NY,12885,9998,,V16804,P
ATLANTIC,4B,NEW YORK 3,120,12886,WEVERTOWN,3854 STATE ROUTE 8,WEVERTOWN,NY,12886,9998,,V16992,P
ATLANTIC,4B,NEW YORK 3,120,12887,WHITEHALL,88 BROADWAY,WHITEHALL,NY,12887,9998,,V17014,P
ATLANTIC,4B,NEW YORK 3,120,12901,PLATTSBURGH,10 MILLER ST,PLATTSBURGH,NY,12901,9998,,V15450,P
ATLANTIC,4B,NEW YORK 3,120,12903,PLATTSBURGH,10 MILLER ST,PLATTSBURGH,NY,12901,9998,,V15450,P
ATLANTIC,4B,NEW YORK 3,120,12910,ALTONA,499 DEVILS DEN RD,ALTONA,NY,12910,2036,,V11883,P
ATLANTIC,4B,NEW YORK 3,120,12912,AU SABLE FORKS,35 FORGE ST,AU SABLE FORKS,NY,12912,9998,,V11984,P
ATLANTIC,4B,NEW YORK 3,120,12913,BLOOMINGDALE,1711 STATE ROUTE 3 STE 1,BLOOMINGDALE,NY,12913,9998,,V12186,P
ATLANTIC,4B,NEW YORK 3,120,12914,BOMBAY,1794 STATE ROUTE 95,BOMBAY,NY,12914,2423,,V12210,P
ATLANTIC,4B,NEW YORK 3,120,12915,CHATEAUGAY,19 RIVER ST,CHATEAUGAY,NY,12920,9998,P,V12530,P
ATLANTIC,4B,NEW YORK 3,120,12916,BRUSHTON,1249 WASHINGTON ST,BRUSHTON,NY,12916,9998,,V12332,P
ATLANTIC,4B,NEW YORK 3,120,12917,BURKE,822 DEPOT ST,BURKE,NY,12917,9998,,V12353,P
ATLANTIC,4B,NEW YORK 3,120,12918,CADYVILLE,2106 STATE ROUTE 3,CADYVILLE,NY,12918,9998,,V12382,P
ATLANTIC,4B,NEW YORK 3,120,12919,CHAMPLAIN,880 STATE ROUTE 11,CHAMPLAIN,NY,12919,9998,,V12510,P
ATLANTIC,4B,NEW YORK 3,120,12920,CHATEAUGAY,19 RIVER ST,CHATEAUGAY,NY,12920,9998,,V12530,P
ATLANTIC,4B,NEW YORK 3,120,12921,CHAZY,9578 STATE ROUTE 9,CHAZY,NY,12921,9998,,V12537,P
ATLANTIC,4B,NEW YORK 3,120,12922,PIERCEFIELD,39 WALLER ST,PIERCEFIELD,NY,12973,9998,,V15386,P
ATLANTIC,4B,NEW YORK 3,120,12923,CHURUBUSCO,1306 CLINTON MILLS RD,CHURUBUSCO,NY,12923,9998,,V12591,P
ATLANTIC,4B,NEW YORK 3,120,12926,CONSTABLE,1138 STATE ROUTE 122,CONSTABLE,NY,12926,9998,,V12735,P
ATLANTIC,4B,NEW YORK 3,120,12927,CRANBERRY LAKE,7171 STATE HIGHWAY 3,CRANBERRY LAKE,NY,12927,7761,P,V12808,P
ATLANTIC,4B,NEW YORK 3,120,12928,CROWN POINT,2752 MAIN ST,CROWN POINT,NY,12928,9998,,V12843,P
ATLANTIC,4B,NEW YORK 3,120,12929,DANNEMORA,1079 COOK ST,DANNEMORA,NY,12929,9998,P,V12867,P
ATLANTIC,4B,NEW YORK 3,120,12930,DICKINSON CENTER,7 CHURCH ST,DICKINSON CENTER,NY,12930,9998,,V12938,P
ATLANTIC,4B,NEW YORK 3,120,12932,ELIZABETHTOWN,190 WATER ST,ELIZABETHTOWN,NY,12932,9998,,V13180,P
ATLANTIC,4B,NEW YORK 3,120,12933,ELLENBURG,16 ST EDMUNDS WAY,ELLENBURG,NY,12933,9998,P,V13188,P
ATLANTIC,4B,NEW YORK 3,120,12934,ELLENBURG CENTER,40 BRANDY BROOK RD,ELLENBURG CENTER,NY,12934,1901,,V13189,P
ATLANTIC,4B,NEW YORK 3,120,12935,ELLENBURG DEPOT,4959 STATE ROUTE 11,ELLENBURG DEPOT,NY,12935,9998,,V13191,P
ATLANTIC,4B,NEW YORK 3,120,12936,ESSEX,2303 MAIN ST,ESSEX,NY,12936,9998,,V13250,P
ATLANTIC,4B,NEW YORK 3,120,12937,FORT COVINGTON,15 S WATER ST,FORT COVINGTON,NY,12937,9998,,V13391,P
ATLANTIC,4B,NEW YORK 3,120,12939,GABRIELS,846 STATE ROUTE 86,GABRIELS,NY,12939,9998,P,V13483,P
ATLANTIC,4B,NEW YORK 3,120,12941,JAY,12941 NYS RT 9N,JAY,NY,12941,9998,,V14075,P
ATLANTIC,4B,NEW YORK 3,120,12942,KEENE,2841 NYS ROUTE 73 STE 2,KEENE,NY,12942,8500,,V14121,P
ATLANTIC,4B,NEW YORK 3,120,12943,VPO KEENE VALLEY,1901 NYS ROUTE 73,KEENE VALLEY,NY,12943,9998,,014563,5
ATLANTIC,4B,NEW YORK 3,120,12944,KEESEVILLE,100 KENT ST,KEESEVILLE,NY,12944,9998,,V14123,P
ATLANTIC,4B,NEW YORK 3,120,12945,LAKE CLEAR,6379 STATE ROUTE 30,LAKE CLEAR,NY,12945,9998,,V14230,P
ATLANTIC,4B,NEW YORK 3,120,12946,LAKE PLACID,2591 MAIN ST,LAKE PLACID,NY,12946,9998,,V14255,P
ATLANTIC,4B,NEW YORK 3,120,12950,LEWIS,8550 US ROUTE 9,LEWIS,NY,12950,9998,,V14341,P
ATLANTIC,4B,NEW YORK 3,120,12952,LYON MOUNTAIN,8 LANGEY ST,LYON MOUNTAIN,NY,12952,9998,,V14451,P
ATLANTIC,4B,NEW YORK 3,120,12953,MALONE,482 E MAIN ST,MALONE,NY,12953,9998,,V14495,P
ATLANTIC,4B,NEW YORK 3,120,12955,LYON MOUNTAIN,8 LANGEY ST,LYON MOUNTAIN,NY,12952,9998,,V14451,P
ATLANTIC,4B,NEW YORK 3,120,12956,MINEVILLE,137 RAYMOND WRIGHT AVE,MINEVILLE,NY,12956,9998,,V14705,P
ATLANTIC,4B,NEW YORK 3,120,12957,MOIRA,816 STATE ROUTE 11,MOIRA,NY,12957,9998,,V14721,P
ATLANTIC,4B,NEW YORK 3,120,12958,MOOERS,2578 STATE ROUTE 11,MOOERS,NY,12958,9998,,V14736,P
ATLANTIC,4B,NEW YORK 3,120,12959,MOOERS,2578 STATE ROUTE 11,MOOERS,NY,12958,9998,,V14736,P
ATLANTIC,4B,NEW YORK 3,120,12960,MORIAH,619 TARBELL HILL RD STE 1,MORIAH,NY,12960,9998,,V14745,P
ATLANTIC,4B,NEW YORK 3,120,12961,MORIAH CENTER,54 WITHERBEE RD STE 1,MORIAH CENTER,NY,12961,9998,,V14746,P
ATLANTIC,4B,NEW YORK 3,120,12962,MORRISONVILLE,1934 STATE ROUTE 22B,MORRISONVILLE,NY,12962,9998,,V14759,P
ATLANTIC,4B,NEW YORK 3,120,12964,NEW RUSSIA,6690 US ROUTE 9 STE 1,NEW RUSSIA,NY,12964,9998,,V14958,P
ATLANTIC,4B,NEW YORK 3,120,12965,NICHOLVILLE,6 PORT KENT RD,NICHOLVILLE,NY,12965,9998,,V15002,P
ATLANTIC,4B,NEW YORK 3,120,12966,NORTH BANGOR,2449 STATE ROUTE 11,NORTH BANGOR,NY,12966,9998,,V15031,P
ATLANTIC,4B,NEW YORK 3,120,12967,NORTH LAWRENCE,1971 STATE HIGHWAY 11C,NORTH LAWRENCE,NY,12967,9998,,V15080,P
ATLANTIC,4B,NEW YORK 3,120,12969,OWLS HEAD,16 RAGGED LAKE RD,OWLS HEAD,NY,12969,9998,,V15272,P
ATLANTIC,4B,NEW YORK 3,120,12970,PAUL SMITHS,7833 STATE ROUTE 30,PAUL SMITHS,NY,12970,9998,,V15334,P
ATLANTIC,4B,NEW YORK 3,120,12972,PERU,742 BEAR SWAMP RD,PERU,NY,12972,9998,,V15368,P
ATLANTIC,4B,NEW YORK 3,120,12973,PIERCEFIELD,39 WALLER ST,PIERCEFIELD,NY,12973,9998,P,V15386,P
ATLANTIC,4B,NEW YORK 3,120,12974,PORT HENRY,3260 BROAD ST,PORT HENRY,NY,12974,9998,,V15498,P
ATLANTIC,4B,NEW YORK 3,120,12975,PORT KENT,31 FIRST ST,PORT KENT,NY,12975,9998,P,V15505,P
ATLANTIC,4B,NEW YORK 3,120,12976,RAINBOW LAKE,555 COUNTY ROUTE 60,RAINBOW LAKE,NY,12976,9998,P,V15623,P
ATLANTIC,4B,NEW YORK 3,120,12977,SARANAC LAKE,51 BROADWAY,SARANAC LAKE,NY,12983,9998,P,V15940,P
ATLANTIC,4B,NEW YORK 3,120,12978,REDFORD,4314 STATE ROUTE 3,REDFORD,NY,12978,9998,,V15655,P
ATLANTIC,4B,NEW YORK 3,120,12979,ROUSES POINT,9 CHAPMAN ST,ROUSES POINT,NY,12979,9998,,V15816,P
ATLANTIC,4B,NEW YORK 3,120,12980,SAINT REGIS FALLS,25 N MAIN ST,SAINT REGIS FALLS,NY,12980,9998,,V15901,P
ATLANTIC,4B,NEW YORK 3,120,12981,SARANAC,3439 STATE ROUTE 3,SARANAC,NY,12981,9998,,V15939,P
ATLANTIC,4B,NEW YORK 3,120,12983,SARANAC LAKE,51 BROADWAY,SARANAC LAKE,NY,12983,9998,,V15940,P
ATLANTIC,4B,NEW YORK 3,120,12985,SCHUYLER FALLS,954 STATE ROUTE 22B,SCHUYLER FALLS,NY,12985,9998,,V15969,P
ATLANTIC,4B,NEW YORK 3,120,12986,TUPPER LAKE,9 CLIFF AVE,TUPPER LAKE,NY,12986,9998,,V16582,P
ATLANTIC,4B,NEW YORK 3,120,12987,UPPER JAY,12197 STATE ROUTE 9N,UPPER JAY,NY,12987,9998,,V16627,P
ATLANTIC,4B,NEW YORK 3,120,12989,SARANAC LAKE,51 BROADWAY,SARANAC LAKE,NY,12983,9998,,V15940,P
ATLANTIC,4B,NEW YORK 3,120,12989,VERMONTVILLE,6 COLD BROOK RD,VERMONTVILLE,NY,12989,9998,,V16680,P
ATLANTIC,4B,NEW YORK 3,120,12992,WEST CHAZY,7634 STATE ROUTE 22,WEST CHAZY,NY,12992,9998,,V16865,P
ATLANTIC,4B,NEW YORK 3,120,12993,WESTPORT,9 HARRIS LN,WESTPORT,NY,12993,9998,,V16985,P
ATLANTIC,4B,NEW YORK 3,120,12996,WILLSBORO,3665 ESSEX RD STE 2,WILLSBORO,NY,12996,9902,,V17051,P
ATLANTIC,4B,NEW YORK 3,120,12997,WILMINGTON,5720 NYS ROUTE 86,WILMINGTON,NY,12997,9998,,V17057,P
ATLANTIC,4B,NEW YORK 3,120,12998,MINEVILLE,137 RAYMOND WRIGHT AVE,MINEVILLE,NY,12956,9998,,V14705,P
ATLANTIC,4B,NEW YORK 3,120,13020,APULIA STATION,979 APULIA RD,APULIA STATION,NY,13020,9998,P,V11929,P
ATLANTIC,4B,NEW YORK 3,120,13021,AUBURN,1 JAMES ST,AUBURN,NY,13021,9998,,V11986,P
ATLANTIC,4B,NEW YORK 3,120,13022,FINGERLAKES MALL DPOBU,1579 CLARK STREET RD,AUBURN,NY,13022,1579,P,011025,6
ATLANTIC,4B,NEW YORK 3,120,13026,AURORA,373 MAIN ST,AURORA,NY,13026,9998,,V11994,P
ATLANTIC,4B,NEW YORK 3,120,13027,BALDWINSVILLE,26 E GENESEE ST,BALDWINSVILLE,NY,13027,9998,,V12020,P
ATLANTIC,4B,NEW YORK 3,120,13028,BERNHARDS BAY,694 STATE ROUTE 49,BERNHARDS BAY,NY,13028,9998,,V12148,P
ATLANTIC,4B,NEW YORK 3,120,13029,BREWERTON,5560 BARTEL RD,BREWERTON,NY,13029,9998,,V12264,P
ATLANTIC,4B,NEW YORK 3,120,13029,CLAY,5601 STATE ROUTE 31,CLAY,NY,13041,9998,,V12619,P
ATLANTIC,4B,NEW YORK 3,120,13030,BRIDGEPORT,7901 BRIDGEPORT MINOA RD,BRIDGEPORT,NY,13030,9998,,V12277,P
ATLANTIC,4B,NEW YORK 3,120,13031,CAMILLUS,120 KASSON RD,CAMILLUS,NY,13031,9998,,V12398,P
ATLANTIC,4B,NEW YORK 3,120,13031,SOLVAY,1801 MILTON AVE,SYRACUSE,NY,13209,9211,,V16147,B
ATLANTIC,4B,NEW YORK 3,120,13032,CANASTOTA,118 S PETERBORO ST,CANASTOTA,NY,13032,9998,,V12415,P
ATLANTIC,4B,NEW YORK 3,120,13033,CATO,2544 E MAIN ST,CATO,NY,13033,9998,,V12462,P
ATLANTIC,4B,NEW YORK 3,120,13034,CAYUGA,6198 CENTER ST,CAYUGA,NY,13034,9998,,V12467,P
ATLANTIC,4B,NEW YORK 3,120,13035,CAZENOVIA,24 LINCKLAEN ST,CAZENOVIA,NY,13035,9998,,V12470,P
ATLANTIC,4B,NEW YORK 3,120,13036,CENTRAL SQUARE,555 S MAIN ST,CENTRAL SQUARE,NY,13036,9998,,V12499,P
ATLANTIC,4B,NEW YORK 3,120,13037,CHITTENANGO,1001 E GENESEE ST STE 1,CHITTENANGO,NY,13037,9998,,V12581,P
ATLANTIC,4B,NEW YORK 3,120,13039,CLAY,5601 STATE ROUTE 31,CLAY,NY,13041,9998,,V12619,P
ATLANTIC,4B,NEW YORK 3,120,13040,CINCINNATUS,2763 LOWER CINCINNATUS RD,CINCINNATUS,NY,13040,9998,,V12593,P
ATLANTIC,4B,NEW YORK 3,120,13041,CLAY,5601 STATE ROUTE 31,CLAY,NY,13041,9998,,V12619,P
ATLANTIC,4B,NEW YORK 3,120,13042,CLEVELAND,100 STATE ROUTE 49,CLEVELAND,NY,13042,9998,,V12628,P
ATLANTIC,4B,NEW YORK 3,120,13043,CLOCKVILLE,7247 OXBOW RD,CLOCKVILLE,NY,13043,9998,P,V12646,P
ATLANTIC,4B,NEW YORK 3,120,13044,CONSTANTIA,45 REDFIELD ST,CONSTANTIA,NY,13044,2634,,V12738,P
ATLANTIC,4B,NEW YORK 3,120,13045,CORTLAND,88 MAIN ST,CORTLAND,NY,13045,9998,,V12784,P
ATLANTIC,4B,NEW YORK 3,120,13051,DELPHI FALLS,2185 ORAN DELPHI RD,DELPHI FALLS,NY,13051,9998,P,V12907,P
ATLANTIC,4B,NEW YORK 3,120,13052,DE RUYTER,1639 CORTLAND ST,DE RUYTER,NY,13052,9998,,V12884,P
ATLANTIC,4B,NEW YORK 3,120,13053,DRYDEN,27 W MAIN ST,DRYDEN,NY,13053,9998,,V12967,P
ATLANTIC,4B,NEW YORK 3,120,13054,WAMPSVILLE,137 N COURT ST,WAMPSVILLE,NY,13163,9998,,V16791,P
ATLANTIC,4B,NEW YORK 3,120,13057,EAST SYRACUSE,404 W MANLIUS ST,EAST SYRACUSE,NY,13057,9998,,V13134,P
ATLANTIC,4B,NEW YORK 3,120,13060,ELBRIDGE,106 SOUTH ST,ELBRIDGE,NY,13060,9998,,V13178,P
ATLANTIC,4B,NEW YORK 3,120,13061,ERIEVILLE,3643 EATONBROOK RD,ERIEVILLE,NY,13061,9998,,V13242,P
ATLANTIC,4B,NEW YORK 3,120,13062,ETNA,2 LOWER CREEK RD,ETNA,NY,13062,9998,P,V13251,P
ATLANTIC,4B,NEW YORK 3,120,13063,FABIUS,1306 KEENEY RD,FABIUS,NY,13063,9998,,V13261,P
ATLANTIC,4B,NEW YORK 3,120,13064,FAIR HAVEN,14452 FANCHER AVE,FAIR HAVEN,NY,13064,9998,P,V13265,P
ATLANTIC,4B,NEW YORK 3,120,13065,FAYETTE,4346 STATE ROUTE 414,FAYETTE,NY,13065,9998,P,V13291,P
ATLANTIC,4B,NEW YORK 3,120,13066,FAYETTEVILLE,599 E GENESEE ST,FAYETTEVILLE,NY,13066,9998,,V13292,P
ATLANTIC,4B,NEW YORK 3,120,13068,FREEVILLE,46 MAIN ST,FREEVILLE,NY,13068,9998,,V13447,P
ATLANTIC,4B,NEW YORK 3,120,13069,FULTON,214 S 1ST ST,FULTON,NY,13069,9998,,V13474,P
ATLANTIC,4B,NEW YORK 3,120,13071,GENOA,1034 NORTH ST,GENOA,NY,13071,9998,,V13524,P
ATLANTIC,4B,NEW YORK 3,120,13072,GEORGETOWN,1008 STATE ROUTE 26,GEORGETOWN,NY,13072,9998,,V13525,P
ATLANTIC,4B,NEW YORK 3,120,13073,GROTON,101 E CORTLAND ST,GROTON,NY,13073,9998,,V13682,P
ATLANTIC,4B,NEW YORK 3,120,13074,HANNIBAL,1 VILLAGE SQ,HANNIBAL,NY,13074,9998,,V13744,P
ATLANTIC,4B,NEW YORK 3,120,13076,HASTINGS,6 COUNTY ROUTE 45,HASTINGS,NY,13076,9998,,V13789,P
ATLANTIC,4B,NEW YORK 3,120,13077,HOMER,2 S MAIN ST,HOMER,NY,13077,9998,,V13921,P
ATLANTIC,4B,NEW YORK 3,120,13078,JAMESVILLE,6499 E SENECA TPKE,JAMESVILLE,NY,13078,9998,,V14067,P
ATLANTIC,4B,NEW YORK 3,120,13080,JORDAN,9 MECHANIC ST,JORDAN,NY,13080,9998,,V14107,P
ATLANTIC,4B,NEW YORK 3,120,13081,KING FERRY,8761 STATE ROUTE 90 N,KING FERRY,NY,13081,9998,,V14154,P
ATLANTIC,4B,NEW YORK 3,120,13082,KIRKVILLE,6365 N KIRKVILLE RD,KIRKVILLE,NY,13082,9998,,V14172,P
ATLANTIC,4B,NEW YORK 3,120,13083,LACONA,15 PARK AVE,LACONA,NY,13083,9998,,V14221,P
ATLANTIC,4B,NEW YORK 3,120,13084,LA FAYETTE,2507 US ROUTE 11,LA FAYETTE,NY,13084,9998,,V14212,P
ATLANTIC,4B,NEW YORK 3,120,13087,LITTLE YORK,6002 STATE ROUTE 281,LITTLE YORK,NY,13087,9998,P,V14381,P
ATLANTIC,4B,NEW YORK 3,120,13088,LIVERPOOL,300 CYPRESS ST,LIVERPOOL,NY,13088,9998,,V14382,P
ATLANTIC,4B,NEW YORK 3,120,13089,BAYBERRY,7608 OSWEGO RD OFC,LIVERPOOL,NY,13090,9211,P,V12081,B
ATLANTIC,4B,NEW YORK 3,120,13090,BAYBERRY,7608 OSWEGO RD OFC,LIVERPOOL,NY,13090,9211,,V12081,B
ATLANTIC,4B,NEW YORK 3,120,13092,LOCKE,12199 WATER ST,LOCKE,NY,13092,9998,,V14404,P
ATLANTIC,4B,NEW YORK 3,120,13093,LYCOMING,1059 COUNTY ROUTE 29N,LYCOMING,NY,13093,9998,P,V14444,P
ATLANTIC,4B,NEW YORK 3,120,13101,MC GRAW,16 MAIN ST,MC GRAW,NY,13101,9998,,V14600,P
ATLANTIC,4B,NEW YORK 3,120,13102,MC LEAN,1 SCHOOL ST,MC LEAN,NY,13102,9998,P,V14602,P
ATLANTIC,4B,NEW YORK 3,120,13103,MALLORY,77 COUNTY ROUTE 32,MALLORY,NY,13103,9998,,V14494,P
ATLANTIC,4B,NEW YORK 3,120,13104,MANLIUS,110 WESLEY ST,MANLIUS,NY,13104,9998,,V14513,P
ATLANTIC,4B,NEW YORK 3,120,13108,MARCELLUS,9 E MAIN ST,MARCELLUS,NY,13108,9998,,V14537,P
ATLANTIC,4B,NEW YORK 3,120,13110,MARIETTA,2796 STATE ROUTE 174,MARIETTA,NY,13110,9998,,V14546,P
ATLANTIC,4B,NEW YORK 3,120,13111,MARTVILLE,15422 STATE ROUTE 104,MARTVILLE,NY,13111,9998,,V14558,P
ATLANTIC,4B,NEW YORK 3,120,13112,MEMPHIS,1749 STATE ROUTE 173,MEMPHIS,NY,13112,9998,,V14636,P
ATLANTIC,4B,NEW YORK 3,120,13113,MERIDIAN,3078 STATE ROUTE 370,MERIDIAN,NY,13113,9998,P,V14642,P
ATLANTIC,4B,NEW YORK 3,120,13114,MEXICO,5640 NORMAN AVE,MEXICO,NY,13114,9998,,V14655,P
ATLANTIC,4B,NEW YORK 3,120,13115,MINETTO,10 COUNTY ROUTE 24,MINETTO,NY,13115,9998,P,V14704,P
ATLANTIC,4B,NEW YORK 3,120,13116,MINOA,115 N MAIN ST,MINOA,NY,13116,9998,,V14706,P
ATLANTIC,4B,NEW YORK 3,120,13117,MONTEZUMA,8109 STATE ROUTE 90,MONTEZUMA,NY,13117,9998,P,V14729,P
ATLANTIC,4B,NEW YORK 3,120,13118,MORAVIA,100 S MAIN ST,MORAVIA,NY,13118,9998,,V14740,P
ATLANTIC,4B,NEW YORK 3,120,13119,SKANEATELES,20 FENNELL ST,SKANEATELES,NY,13152,9998,P,V16082,P
ATLANTIC,4B,NEW YORK 3,120,13120,COLVIN ELMWOOD,2200 S SALINA ST,SYRACUSE,NY,13205,9211,,V12714,S
ATLANTIC,4B,NEW YORK 3,120,13120,NEDROW,6709 S SALINA ST,NEDROW,NY,13120,9998,,V14920,P
ATLANTIC,4B,NEW YORK 3,120,13121,NEW HAVEN,4250 STATE ROUTE 104,NEW HAVEN,NY,13121,9998,P,V14941,P
ATLANTIC,4B,NEW YORK 3,120,13122,NEW WOODSTOCK,2607 SCHOOL ST,NEW WOODSTOCK,NY,13122,9998,,V14964,P
ATLANTIC,4B,NEW YORK 3,120,13123,NORTH BAY,2079 STATE ROUTE 49,NORTH BAY,NY,13123,9998,P,V15032,P
ATLANTIC,4B,NEW YORK 3,120,13124,NORTH PITCHER,1027 STATE HIGHWAY 26,NORTH PITCHER,NY,13124,9998,,V15092,P
ATLANTIC,4B,NEW YORK 3,120,13126,OSWEGO,391 W 1ST ST,OSWEGO,NY,13126,9998,,V15252,P
ATLANTIC,4B,NEW YORK 3,120,13131,PARISH,2963 E MAIN ST,PARISH,NY,13131,9998,,V15307,P
ATLANTIC,4B,NEW YORK 3,120,13132,PENNELLVILLE,374 COUNTY ROUTE 54,PENNELLVILLE,NY,13132,9998,,V15357,P
ATLANTIC,4B,NEW YORK 3,120,13134,PETERBORO,4667 PETERBORO RD,PETERBORO,NY,13134,9998,P,V15372,P
ATLANTIC,4B,NEW YORK 3,120,13135,PHOENIX,99 JEFFERSON ST,PHOENIX,NY,13135,9998,,V15385,P
ATLANTIC,4B,NEW YORK 3,120,13136,PITCHER,253 STATE HIGHWAY 26,PITCHER,NY,13136,9998,,V15429,P
ATLANTIC,4B,NEW YORK 3,120,13137,PLAINVILLE,8000 PLAINVILLE RD,PLAINVILLE,NY,13137,9998,P,V15439,P
ATLANTIC,4B,NEW YORK 3,120,13138,POMPEY,7360 ACADEMY ST,POMPEY,NY,13138,9998,P,V15482,P
ATLANTIC,4B,NEW YORK 3,120,13139,POPLAR RIDGE,2485 STATE ROUTE 34B,POPLAR RIDGE,NY,13139,9998,P,V15488,P
ATLANTIC,4B,NEW YORK 3,120,13140,PORT BYRON,130 MAIN ST,PORT BYRON,NY,13140,9998,,V15492,P
ATLANTIC,4B,NEW YORK 3,120,13141,PREBLE,1968 PREBLE RD,PREBLE,NY,13141,9998,,V15543,P
ATLANTIC,4B,NEW YORK 3,120,13142,PULASKI,4909 N JEFFERSON ST,PULASKI,NY,13142,9998,,V15585,P
ATLANTIC,4B,NEW YORK 3,120,13143,RED CREEK,6755 WOLCOTT ST,RED CREEK,NY,13143,9998,,V15645,P
ATLANTIC,4B,NEW YORK 3,120,13144,RICHLAND,1110 COUNTY ROUTE 48,RICHLAND,NY,13144,9998,,V15687,P
ATLANTIC,4B,NEW YORK 3,120,13145,SANDY CREEK,6067 S MAIN ST,SANDY CREEK,NY,13145,9998,,V15930,P
ATLANTIC,4B,NEW YORK 3,120,13145,WATERTOWN NY SDC,232 COMMERCE PARK DR,WATERTOWN,NY,13601,9916,,021156,4
ATLANTIC,4B,NEW YORK 3,120,13146,SAVANNAH,1542 N MAIN ST,SAVANNAH,NY,13146,9998,,V15948,P
ATLANTIC,4B,NEW YORK 3,120,13147,SCIPIO CENTER,3354 STATE ROUTE 34,SCIPIO CENTER,NY,13147,9998,,V15976,P
ATLANTIC,4B,NEW YORK 3,120,13148,SENECA FALLS,38 STATE ST,SENECA FALLS,NY,13148,9998,,V16012,P
ATLANTIC,4B,NEW YORK 3,120,13152,SKANEATELES,20 FENNELL ST,SKANEATELES,NY,13152,9998,,V16082,P
ATLANTIC,4B,NEW YORK 3,120,13153,SKANEATELES FALLS,4564 JORDAN RD,SKANEATELES FALLS,NY,13153,9998,P,V16083,P
ATLANTIC,4B,NEW YORK 3,120,13154,SOUTH BUTLER,3453 STATE ROUTE 89,SOUTH BUTLER,NY,13154,9998,P,V16170,P
ATLANTIC,4B,NEW YORK 3,120,13155,SOUTH OTSELIC,1605 STATE HIGHWAY 26,SOUTH OTSELIC,NY,13155,9998,,V16207,P
ATLANTIC,4B,NEW YORK 3,120,13156,STERLING,1325 STATE ROUTE 104A,STERLING,NY,13156,9998,,V16377,P
ATLANTIC,4B,NEW YORK 3,120,13157,SYLVAN BEACH,1404 MAIN ST,SYLVAN BEACH,NY,13157,9998,P,V16461,P
ATLANTIC,4B,NEW YORK 3,120,13158,TRUXTON,3726 STATE ROUTE 13,TRUXTON,NY,13158,9998,,V16576,P
ATLANTIC,4B,NEW YORK 3,120,13159,TULLY,24 ELM ST,TULLY,NY,13159,9998,,V16580,P
ATLANTIC,4B,NEW YORK 3,120,13160,UNION SPRINGS,116 CAYUGA ST,UNION SPRINGS,NY,13160,9998,,V16611,P
ATLANTIC,4B,NEW YORK 3,120,13162,VERONA BEACH,6783 LAKE SHORE RD N,VERONA BEACH,NY,13162,9998,P,V16686,P
ATLANTIC,4B,NEW YORK 3,120,13163,WAMPSVILLE,137 N COURT ST,WAMPSVILLE,NY,13163,9998,P,V16791,P
ATLANTIC,4B,NEW YORK 3,120,13164,WARNERS,6454 NEWPORT RD,WARNERS,NY,13164,9998,,V16801,P
ATLANTIC,4B,NEW YORK 3,120,13165,WATERLOO,2 E MAIN ST,WATERLOO,NY,13165,9998,,V16816,P
ATLANTIC,4B,NEW YORK 3,120,13166,WEEDSPORT,8942 N SENECA ST,WEEDSPORT,NY,13166,9998,,V16836,P
ATLANTIC,4B,NEW YORK 3,120,13167,WEST MONROE,2301 STATE ROUTE 49,WEST MONROE,NY,13167,9998,,V16917,P
ATLANTIC,4B,NEW YORK 3,120,13201,DOWNTOWN SYRACUSE,444 S SALINA ST,SYRACUSE,NY,13201,9211,P,V12961,S
ATLANTIC,4B,NEW YORK 3,120,13202,FRANKLIN SQUARE,401 W DIVISION ST,SYRACUSE,NY,13218,9211,,V19968,S
ATLANTIC,4B,NEW YORK 3,120,13203,TEALL,226 TEALL AVE,SYRACUSE,NY,13217,9211,,V16487,S
ATLANTIC,4B,NEW YORK 3,120,13204,FRANKLIN SQUARE,401 W DIVISION ST,SYRACUSE,NY,13218,9211,,V19968,S
ATLANTIC,4B,NEW YORK 3,120,13205,COLVIN ELMWOOD,2200 S SALINA ST,SYRACUSE,NY,13205,9211,,V12714,S
ATLANTIC,4B,NEW YORK 3,120,13206,EASTWOOD,2509 JAMES ST,SYRACUSE,NY,13206,9211,,V13156,S
ATLANTIC,4B,NEW YORK 3,120,13206,TEALL,226 TEALL AVE,SYRACUSE,NY,13217,9211,,V16487,S
ATLANTIC,4B,NEW YORK 3,120,13207,COLVIN ELMWOOD,2200 S SALINA ST,SYRACUSE,NY,13205,9211,,V12714,S
ATLANTIC,4B,NEW YORK 3,120,13208,FRANKLIN SQUARE,401 W DIVISION ST,SYRACUSE,NY,13218,9211,,V19968,S
ATLANTIC,4B,NEW YORK 3,120,13209,SOLVAY,1801 MILTON AVE,SYRACUSE,NY,13209,9211,,V16147,B
ATLANTIC,4B,NEW YORK 3,120,13210,TEALL,226 TEALL AVE,SYRACUSE,NY,13217,9211,,V16487,S
ATLANTIC,4B,NEW YORK 3,120,13211,MATTYDALE,1900 BREWERTON RD,SYRACUSE,NY,13211,9211,,V14587,B
ATLANTIC,4B,NEW YORK 3,120,13211,SYRACUSE,5640 E TAFT RD,SYRACUSE,NY,13220,9998,,V16466,P
ATLANTIC,4B,NEW YORK 3,120,13212,SYRACUSE,5640 E TAFT RD,SYRACUSE,NY,13220,9998,,V16466,P
ATLANTIC,4B,NEW YORK 3,120,13214,DE WITT,6581 KINNE RD,SYRACUSE,NY,13214,9211,,V12885,B
ATLANTIC,4B,NEW YORK 3,120,13215,ONONDAGA,4912 W SENECA TPKE,SYRACUSE,NY,13215,9211,,V15225,B
ATLANTIC,4B,NEW YORK 3,120,13217,TEALL,226 TEALL AVE,SYRACUSE,NY,13217,9211,P,V16487,S
ATLANTIC,4B,NEW YORK 3,120,13218,FRANKLIN SQUARE,401 W DIVISION ST,SYRACUSE,NY,13218,9211,P,V19968,S
ATLANTIC,4B,NEW YORK 3,120,13219,SOLVAY,1801 MILTON AVE,SYRACUSE,NY,13209,9211,,V16147,B
ATLANTIC,4B,NEW YORK 3,120,13220,SYRACUSE,5640 E TAFT RD,SYRACUSE,NY,13220,9998,P,V16466,P
ATLANTIC,4B,NEW YORK 3,120,13221,SYRACUSE,5640 E TAFT RD,SYRACUSE,NY,13220,9998,P,V16466,P
ATLANTIC,4B,NEW YORK 3,120,13224,TEALL,226 TEALL AVE,SYRACUSE,NY,13217,9211,,V16487,S
ATLANTIC,4B,NEW YORK 3,120,13235,SYRACUSE UNIVERSITY,720 UNIVERSITY AVE,SYRACUSE,NY,13235,9211,P,V16619,S
ATLANTIC,4B,NEW YORK 3,120,13261,FEDERAL STA,100 S CLINTON ST,SYRACUSE,NY,13261,9211,P,003992,B
ATLANTIC,4B,NEW YORK 3,120,13290,FRANKLIN SQUARE,401 W DIVISION ST,SYRACUSE,NY,13218,9211,P,V19968,S
ATLANTIC,4B,NEW YORK 3,120,13301,ALDER CREEK,11440 STATE ROUTE 12,ALDER CREEK,NY,13301,9998,,V11855,P
ATLANTIC,4B,NEW YORK 3,120,13302,ALTMAR,1964 MEXICO ST,ALTMAR,NY,13302,9998,,V11881,P
ATLANTIC,4B,NEW YORK 3,120,13303,AVA,11510 STATE ROUTE 26,AVA,NY,13303,9998,,V11997,P
ATLANTIC,4B,NEW YORK 3,120,13304,BARNEVELD,117 REMSEN RD,BARNEVELD,NY,13304,9998,,V12052,P
ATLANTIC,4B,NEW YORK 3,120,13304,UTICA NY S&DC,100 PITCHER ST,UTICA,NY,13504,9937,,020476,4
ATLANTIC,4B,NEW YORK 3,120,13305,BEAVER FALLS,9572 MAIN ST,BEAVER FALLS,NY,13305,9998,P,V12103,P
ATLANTIC,4B,NEW YORK 3,120,13308,BLOSSVALE,8461 MILL POND WAY,BLOSSVALE,NY,13308,9998,,V12192,P
ATLANTIC,4B,NEW YORK 3,120,13309,BOONVILLE,100 MAIN ST,BOONVILLE,NY,13309,9998,,V12212,P
ATLANTIC,4B,NEW YORK 3,120,13310,MADISON,7326 STATE ROUTE 20,MADISON,NY,13402,9998,,V14466,P
ATLANTIC,4B,NEW YORK 3,120,13312,GLENFIELD,6036 MAIN ST,GLENFIELD,NY,13343,9998,P,V13558,P
ATLANTIC,4B,NEW YORK 3,120,13313,BRIDGEWATER,320 STATE ROUTE 8,BRIDGEWATER,NY,13313,9998,P,V12279,P
ATLANTIC,4B,NEW YORK 3,120,13314,BROOKFIELD,10511 MAIN ST,BROOKFIELD,NY,13314,9998,,V12313,P
ATLANTIC,4B,NEW YORK 3,120,13315,BURLINGTON FLATS,6047 STATE HIGHWAY 51,BURLINGTON FLATS,NY,13315,9998,,V12356,P
ATLANTIC,4B,NEW YORK 3,120,13316,CAMDEN,100 MAIN ST,CAMDEN,NY,13316,9998,,V12395,P
ATLANTIC,4B,NEW YORK 3,120,13317,CANAJOHARIE,50 W MAIN ST,CANAJOHARIE,NY,13317,9998,,V12409,P
ATLANTIC,4B,NEW YORK 3,120,13318,CASSVILLE,1685 MAIN ST,CASSVILLE,NY,13318,9998,,V12444,P
ATLANTIC,4B,NEW YORK 3,120,13319,CHADWICKS,3367 ONEIDA ST,CHADWICKS,NY,13319,9998,,V12506,P
ATLANTIC,4B,NEW YORK 3,120,13320,CHERRY VALLEY,2 GENESEE ST,CHERRY VALLEY,NY,13320,9998,,V12563,P
ATLANTIC,4B,NEW YORK 3,120,13321,CLARK MILLS,4814 CLINTON ST,CLARK MILLS,NY,13321,9998,P,V12608,P
ATLANTIC,4B,NEW YORK 3,120,13322,CLAYVILLE,2370 MAIN ST,CLAYVILLE,NY,13322,9998,,V12621,P
ATLANTIC,4B,NEW YORK 3,120,13323,CLINTON,40 COLLEGE ST,CLINTON,NY,13323,9998,,V12639,P
ATLANTIC,4B,NEW YORK 3,120,13324,COLD BROOK,475 MAIN ST,COLD BROOK,NY,13324,9998,,V12668,P
ATLANTIC,4B,NEW YORK 3,120,13325,CONSTABLEVILLE,3109 MAIN ST,CONSTABLEVILLE,NY,13325,9998,,V12736,P
ATLANTIC,4B,NEW YORK 3,120,13326,COOPERSTOWN,40 MAIN ST,COOPERSTOWN,NY,13326,9998,,V12747,P
ATLANTIC,4B,NEW YORK 3,120,13327,CROGHAN,6915 BANK ST,CROGHAN,NY,13327,9998,,V12827,P
ATLANTIC,4B,NEW YORK 3,120,13328,DEANSBORO,2715 STATE ROUTE 12B,DEANSBORO,NY,13328,9998,,V12886,P
ATLANTIC,4B,NEW YORK 3,120,13328,UTICA NY S&DC,100 PITCHER ST,UTICA,NY,13504,9937,,020476,4
ATLANTIC,4B,NEW YORK 3,120,13329,DOLGEVILLE,41 S MAIN ST,DOLGEVILLE,NY,13329,9998,,V12943,P
ATLANTIC,4B,NEW YORK 3,120,13331,EAGLE BAY,102 EAST AVE,EAGLE BAY,NY,13331,9998,,V13040,P
ATLANTIC,4B,NEW YORK 3,120,13332,EARLVILLE,11 S MAIN ST,EARLVILLE,NY,13332,9998,,V13047,P
ATLANTIC,4B,NEW YORK 3,120,13334,MORRISVILLE,18 EATON ST,MORRISVILLE,NY,13408,9998,,V14762,P
ATLANTIC,4B,NEW YORK 3,120,13334,EATON CARRIER,18 EATON ST,MORRISVILLE,NY,13408,9986,,021677,Z
ATLANTIC,4B,NEW YORK 3,120,13335,EDMESTON,3 WEST ST,EDMESTON,NY,13335,9998,,V13170,P
ATLANTIC,4B,NEW YORK 3,120,13337,FLY CREEK,845 COUNTY HIGHWAY 26,FLY CREEK,NY,13337,9998,,V13368,P
ATLANTIC,4B,NEW YORK 3,120,13338,FORESTPORT,12180 WOODHULL RD,FORESTPORT,NY,13338,9998,,V13381,P
ATLANTIC,4B,NEW YORK 3,120,13339,FORT PLAIN,41 RIVER ST,FORT PLAIN,NY,13339,9998,,V13407,P
ATLANTIC,4B,NEW YORK 3,120,13340,FRANKFORT,130 E MAIN ST,FRANKFORT,NY,13340,9998,,V13425,P
ATLANTIC,4B,NEW YORK 3,120,13340,UTICA NY S&DC,100 PITCHER ST,UTICA,NY,13504,9937,,020476,4
ATLANTIC,4B,NEW YORK 3,120,13341,CLINTON,40 COLLEGE ST,CLINTON,NY,13323,9998,P,V12639,P
ATLANTIC,4B,NEW YORK 3,120,13343,GLENFIELD,6036 MAIN ST,GLENFIELD,NY,13343,9998,,V13558,P
ATLANTIC,4B,NEW YORK 3,120,13346,HAMILTON,32 BROAD ST,HAMILTON,NY,13346,9998,,V13727,P
ATLANTIC,4B,NEW YORK 3,120,13348,HARTWICK,3095 COUNTY HIGHWAY 11,HARTWICK,NY,13348,9998,,V13786,P
ATLANTIC,4B,NEW YORK 3,120,13350,HERKIMER,135 PARK AVE,HERKIMER,NY,13350,9998,,V13834,P
ATLANTIC,4B,NEW YORK 3,120,13352,HINCKLEY,7201 MAIN ST,HINCKLEY,NY,13352,9998,P,V13886,P
ATLANTIC,4B,NEW YORK 3,120,13353,HOFFMEISTER,0 STATE ROUTE 8,HOFFMEISTER,NY,13353,9998,P,V13897,P
ATLANTIC,4B,NEW YORK 3,120,13354,HOLLAND PATENT,9565 MAIN ST,HOLLAND PATENT,NY,13354,9998,,V13905,P
ATLANTIC,4B,NEW YORK 3,120,13354,UTICA NY S&DC,100 PITCHER ST,UTICA,NY,13504,9937,,020476,4
ATLANTIC,4B,NEW YORK 3,120,13355,HUBBARDSVILLE,2434 POOLVILLE RD,HUBBARDSVILLE,NY,13355,9998,,V13957,P
ATLANTIC,4B,NEW YORK 3,120,13357,ILION,48 1ST ST,ILION,NY,13357,9998,,V13999,P
ATLANTIC,4B,NEW YORK 3,120,13357,UTICA NY S&DC,100 PITCHER ST,UTICA,NY,13504,9937,,020476,4
ATLANTIC,4B,NEW YORK 3,120,13360,INLET,166 N ROUTE 28,INLET,NY,13360,9998,,V14010,P
ATLANTIC,4B,NEW YORK 3,120,13361,RICHFIELD SPRINGS,152 MAIN ST,RICHFIELD SPRINGS,NY,13439,9998,,V15684,P
ATLANTIC,4B,NEW YORK 3,120,13363,LEE CENTER,5555 SCHOOL ST,LEE CENTER,NY,13363,9998,,V14324,P
ATLANTIC,4B,NEW YORK 3,120,13364,LEONARDSVILLE,2008 STATE ROUTE 8,LEONARDSVILLE,NY,13364,9998,P,V14335,P
ATLANTIC,4B,NEW YORK 3,120,13365,LITTLE FALLS,25 W MAIN ST,LITTLE FALLS,NY,13365,9998,,V14371,P
ATLANTIC,4B,NEW YORK 3,120,13367,LOWVILLE,7651 N STATE ST,LOWVILLE,NY,13367,9998,,V14437,P
ATLANTIC,4B,NEW YORK 3,120,13368,LYONS FALLS,3864 FULTON ST,LYONS FALLS,NY,13368,9998,,V14453,P
ATLANTIC,4B,NEW YORK 3,120,13401,BLOSSVALE,8461 MILL POND WAY,BLOSSVALE,NY,13308,9998,P,V12192,P
ATLANTIC,4B,NEW YORK 3,120,13402,MADISON,7326 STATE ROUTE 20,MADISON,NY,13402,9998,,V14466,P
ATLANTIC,4B,NEW YORK 3,120,13403,MARCY,5735 CAVANAUGH RD,MARCY,NY,13403,9998,,V14540,P
ATLANTIC,4B,NEW YORK 3,120,13403,UTICA NY S&DC,100 PITCHER ST,UTICA,NY,13504,9937,,020476,4
ATLANTIC,4B,NEW YORK 3,120,13404,MARTINSBURG,5604 WHITAKER RD,MARTINSBURG,NY,13404,9998,P,V14556,P
ATLANTIC,4B,NEW YORK 3,120,13406,NEWPORT,3087 BRIDGE ST,NEWPORT,NY,13416,9998,,V14983,P
ATLANTIC,4B,NEW YORK 3,120,13406,UTICA NY S&DC,100 PITCHER ST,UTICA,NY,13504,9937,,020476,4
ATLANTIC,4B,NEW YORK 3,120,13407,MOHAWK,25 COLUMBIA ST,MOHAWK,NY,13407,9998,,V14715,P
ATLANTIC,4B,NEW YORK 3,120,13407,UTICA NY S&DC,100 PITCHER ST,UTICA,NY,13504,9937,,020476,4
ATLANTIC,4B,NEW YORK 3,120,13408,MORRISVILLE,18 EATON ST,MORRISVILLE,NY,13408,9998,,V14762,P
ATLANTIC,4B,NEW YORK 3,120,13409,MUNNSVILLE,6188 VALLEY MILLS RD,MUNNSVILLE,NY,13409,9998,,V14813,P
ATLANTIC,4B,NEW YORK 3,120,13410,NELLISTON,19 E MAIN ST,NELLISTON,NY,13410,9998,P,V14921,P
ATLANTIC,4B,NEW YORK 3,120,13411,NEW BERLIN,8 GENESEE ST,NEW BERLIN,NY,13411,9998,,V14930,P
ATLANTIC,4B,NEW YORK 3,120,13413,NEW HARTFORD,40 CAMPION RD,NEW HARTFORD,NY,13413,9998,,V14940,P
ATLANTIC,4B,NEW YORK 3,120,13416,NEWPORT,3087 BRIDGE ST,NEWPORT,NY,13416,9998,,V14983,P
ATLANTIC,4B,NEW YORK 3,120,13416,UTICA NY S&DC,100 PITCHER ST,UTICA,NY,13504,9937,,020476,4
ATLANTIC,4B,NEW YORK 3,120,13417,NEW YORK MILLS,310 MAIN ST,NEW YORK MILLS,NY,13417,9998,,V14970,P
ATLANTIC,4B,NEW YORK 3,120,13417,UTICA NY S&DC,100 PITCHER ST,UTICA,NY,13504,9937,,020476,4
ATLANTIC,4B,NEW YORK 3,120,13420,OLD FORGE,2992 STATE ROUTE 28,OLD FORGE,NY,13420,9998,,V15206,P
ATLANTIC,4B,NEW YORK 3,120,13421,ONEIDA,133 FARRIER AVE,ONEIDA,NY,13421,9998,,V15219,P
ATLANTIC,4B,NEW YORK 3,120,13424,ORISKANY,101 PARK AVE,ORISKANY,NY,13424,9998,,V15242,P
ATLANTIC,4B,NEW YORK 3,120,13424,UTICA NY S&DC,100 PITCHER ST,UTICA,NY,13504,9937,,020476,4
ATLANTIC,4B,NEW YORK 3,120,13425,ORISKANY FALLS,216 MAIN ST,ORISKANY FALLS,NY,13425,9998,,V15243,P
ATLANTIC,4B,NEW YORK 3,120,13426,ORWELL,2007 COUNTY ROUTE 2,ORWELL,NY,13426,9998,P,V15245,P
ATLANTIC,4B,NEW YORK 3,120,13428,PALATINE BRIDGE,48 DUTCH TOWN PLZ,PALATINE BRIDGE,NY,13428,9800,,V15289,P
ATLANTIC,4B,NEW YORK 3,120,13431,POLAND,24 COLD BROOK ST,POLAND,NY,13431,9998,,V15476,P
ATLANTIC,4B,NEW YORK 3,120,13431,UTICA NY S&DC,100 PITCHER ST,UTICA,NY,13504,9937,,020476,4
ATLANTIC,4B,NEW YORK 3,120,13433,PORT LEYDEN,7085 W MAIN ST,PORT LEYDEN,NY,13433,9998,,V15506,P
ATLANTIC,4B,NEW YORK 3,120,13435,PROSPECT,209 CHURCH ST,PROSPECT,NY,13435,9998,P,V15555,P
ATLANTIC,4B,NEW YORK 3,120,13436,RAQUETTE LAKE,185 MAIN ST,RAQUETTE LAKE,NY,13436,9998,,V15634,P
ATLANTIC,4B,NEW YORK 3,120,13437,REDFIELD,7 SCHOOL RD,REDFIELD,NY,13437,9800,,V15654,P
ATLANTIC,4B,NEW YORK 3,120,13438,REMSEN,10565 STEUBEN ST,REMSEN,NY,13438,9998,,V15663,P
ATLANTIC,4B,NEW YORK 3,120,13439,RICHFIELD SPRINGS,152 MAIN ST,RICHFIELD SPRINGS,NY,13439,9998,,V15684,P
ATLANTIC,4B,NEW YORK 3,120,13440,ROME,110 E GARDEN ST,ROME,NY,13440,9998,,V15777,P
ATLANTIC,4B,NEW YORK 3,120,13441,ROME,110 E GARDEN ST,ROME,NY,13440,9998,,V15777,P
ATLANTIC,4B,NEW YORK 3,120,13442,ROME,110 E GARDEN ST,ROME,NY,13440,9998,P,V15777,P
ATLANTIC,4B,NEW YORK 3,120,13442,GRIFFIS AFB,306 MARKET ST STE 4,ROME,NY,13441,9901,P,008651,B
ATLANTIC,4B,NEW YORK 3,120,13450,CHERRY VALLEY,2 GENESEE ST,CHERRY VALLEY,NY,13320,9998,,V12563,P
ATLANTIC,4B,NEW YORK 3,120,13452,SAINT JOHNSVILLE,15 E MAIN ST,SAINT JOHNSVILLE,NY,13452,9998,,V15900,P
ATLANTIC,4B,NEW YORK 3,120,13454,SALISBURY CENTER,181 STATE ROUTE 29A,SALISBURY CENTER,NY,13454,9998,,V15911,P
ATLANTIC,4B,NEW YORK 3,120,13455,SANGERFIELD,1084 STATE ROUTE 12,SANGERFIELD,NY,13455,9998,P,V15935,P
ATLANTIC,4B,NEW YORK 3,120,13456,SAUQUOIT,2952 ONEIDA ST,SAUQUOIT,NY,13456,9998,,V15947,P
ATLANTIC,4B,NEW YORK 3,120,13457,SCHUYLER LAKE,7367 STATE HIGHWAY 28,SCHUYLER LAKE,NY,13457,9800,P,V15971,P
ATLANTIC,4B,NEW YORK 3,120,13459,SHARON SPRINGS,105 MAIN ST STE 2,SHARON SPRINGS,NY,13459,9998,,V16029,P
ATLANTIC,4B,NEW YORK 3,120,13460,SHERBURNE,4 W STATE ST,SHERBURNE,NY,13460,9998,,V16043,P
ATLANTIC,4B,NEW YORK 3,120,13461,ONEIDA,133 FARRIER AVE,ONEIDA,NY,13421,9998,,V15219,P
ATLANTIC,4B,NEW YORK 3,120,13461,SHERRILL,510 SHERRILL RD,SHERRILL,NY,13461,9998,,V16047,P
ATLANTIC,4B,NEW YORK 3,120,13464,SMYRNA,9 W MAIN ST,SMYRNA,NY,13464,9998,,V16118,P
ATLANTIC,4B,NEW YORK 3,120,13468,SPRINGFIELD CENTER,7670 STATE ROUTE 80,SPRINGFIELD CENTER,NY,13468,9998,,V16266,P
ATLANTIC,4B,NEW YORK 3,120,13469,STITTVILLE,9060 MAIN ST,STITTVILLE,NY,13469,9998,,V16391,P
ATLANTIC,4B,NEW YORK 3,120,13470,STRATFORD,6186 STATE ROUTE 29A,STRATFORD,NY,13470,9800,,V16416,P
ATLANTIC,4B,NEW YORK 3,120,13471,TABERG,9300 MAIN ST,TABERG,NY,13471,9998,,V16470,P
ATLANTIC,4B,NEW YORK 3,120,13472,THENDARA,2828 STATE ROUTE 28,THENDARA,NY,13472,9998,P,004636,S
ATLANTIC,4B,NEW YORK 3,120,13473,TURIN,4205 STATE ROUTE 26,TURIN,NY,13473,9998,,V16583,P
ATLANTIC,4B,NEW YORK 3,120,13475,VAN HORNESVILLE,2178 STATE ROUTE 80,VAN HORNESVILLE,NY,13475,9800,,V16668,P
ATLANTIC,4B,NEW YORK 3,120,13476,VERNON,4470 PETERBORO ST,VERNON,NY,13476,9998,,V16681,P
ATLANTIC,4B,NEW YORK 3,120,13477,VERNON CENTER,3905 STATE ROUTE 26,VERNON CENTER,NY,13477,9998,,V16682,P
ATLANTIC,4B,NEW YORK 3,120,13477,UTICA NY S&DC,100 PITCHER ST,UTICA,NY,13504,9937,,020476,4
ATLANTIC,4B,NEW YORK 3,120,13478,VERONA,5731 ROCK RD,VERONA,NY,13478,9998,,V16684,P
ATLANTIC,4B,NEW YORK 3,120,13479,WASHINGTON MILLS,3910 ONEIDA ST,WASHINGTON MILLS,NY,13479,9998,P,V16810,P
ATLANTIC,4B,NEW YORK 3,120,13480,WATERVILLE,101 W MAIN ST,WATERVILLE,NY,13480,9998,,V16824,P
ATLANTIC,4B,NEW YORK 3,120,13482,BURLINGTON FLATS,6047 STATE HIGHWAY 51,BURLINGTON FLATS,NY,13315,9998,,V12356,P
ATLANTIC,4B,NEW YORK 3,120,13483,WESTDALE,11129 STATE ROUTE 13,WESTDALE,NY,13483,9998,,V16966,P
ATLANTIC,4B,NEW YORK 3,120,13484,WEST EATON,3328 STATE ROUTE 26,WEST EATON,NY,13484,9998,P,V16880,P
ATLANTIC,4B,NEW YORK 3,120,13485,WEST EDMESTON,140 COUNTY HIGHWAY 18C,WEST EDMESTON,NY,13485,9998,,V16881,P
ATLANTIC,4B,NEW YORK 3,120,13486,WESTERNVILLE,7638 GIFFORD HILL RD,WESTERNVILLE,NY,13486,9998,,V16972,P
ATLANTIC,4B,NEW YORK 3,120,13488,WESTFORD,1743 COUNTY HIGHWAY 34,WESTFORD,NY,13488,9998,,V16974,P
ATLANTIC,4B,NEW YORK 3,120,13489,WEST LEYDEN,1054 STATE ROUTE 26,WEST LEYDEN,NY,13489,9998,,V16911,P
ATLANTIC,4B,NEW YORK 3,120,13490,WESTMORELAND,5281 STATE ROUTE 233,WESTMORELAND,NY,13490,9998,,V16981,P
ATLANTIC,4B,NEW YORK 3,120,13491,WEST WINFIELD,376 W MAIN ST,WEST WINFIELD,NY,13491,9998,,V16958,P
ATLANTIC,4B,NEW YORK 3,120,13492,WHITESBORO,30 ROOSEVELT DR,WHITESBORO,NY,13492,9998,,V17017,P
ATLANTIC,4B,NEW YORK 3,120,13492,UTICA NY S&DC,100 PITCHER ST,UTICA,NY,13504,9937,,020476,4
ATLANTIC,4B,NEW YORK 3,120,13493,WILLIAMSTOWN,509 STATE ROUTE 13,WILLIAMSTOWN,NY,13493,9998,,V17040,P
ATLANTIC,4B,NEW YORK 3,120,13494,WOODGATE,11045 WOODGATE RD,WOODGATE,NY,13494,9998,,V17077,P
ATLANTIC,4B,NEW YORK 3,120,13495,YORKVILLE,2 MYERS AVE,YORKVILLE,NY,13495,9978,,V17126,P
ATLANTIC,4B,NEW YORK 3,120,13495,UTICA NY S&DC,100 PITCHER ST,UTICA,NY,13504,9937,,020476,4
ATLANTIC,4B,NEW YORK 3,120,13501,UTICA NY S&DC,100 PITCHER ST,UTICA,NY,13504,9937,,020476,4
ATLANTIC,4B,NEW YORK 3,120,13502,UTICA NY S&DC,100 PITCHER ST,UTICA,NY,13504,9937,,020476,4
ATLANTIC,4B,NEW YORK 3,120,13503,BUTTERFIELD,500 SENECA ST,UTICA,NY,13502,9998,P,V12370,S
ATLANTIC,4B,NEW YORK 3,120,13504,UTICA NY S&DC,100 PITCHER ST,UTICA,NY,13504,9937,P,020476,4
ATLANTIC,4B,NEW YORK 3,120,13505,KERNAN,1709 GENESEE ST STE 1,UTICA,NY,13501,9998,P,V14142,S
ATLANTIC,4B,NEW YORK 3,120,13601,WATERTOWN NY SDC,232 COMMERCE PARK DR,WATERTOWN,NY,13601,9916,,021156,4
ATLANTIC,4B,NEW YORK 3,120,13602,FORT DRUM,10760 ENDURING FREEDOM DR STE 1,FORT DRUM,NY,13602,9901,,V13392,B
ATLANTIC,4B,NEW YORK 3,120,13603,WATERTOWN NY SDC,232 COMMERCE PARK DR,WATERTOWN,NY,13601,9916,,021156,4
ATLANTIC,4B,NEW YORK 3,120,13605,ADAMS,27 E CHURCH ST,ADAMS,NY,13605,9998,,V11824,P
ATLANTIC,4B,NEW YORK 3,120,13606,ADAMS CENTER,13346 NORTH ST,ADAMS CENTER,NY,13606,9998,,V11826,P
ATLANTIC,4B,NEW YORK 3,120,13606,WATERTOWN NY SDC,232 COMMERCE PARK DR,WATERTOWN,NY,13601,9916,,021156,4
ATLANTIC,4B,NEW YORK 3,120,13607,ALEXANDRIA BAY,15 BETHUNE ST,ALEXANDRIA BAY,NY,13607,9998,,V11860,P
ATLANTIC,4B,NEW YORK 3,120,13608,ANTWERP,50 MAIN ST,ANTWERP,NY,13608,9998,,V11924,P
ATLANTIC,4B,NEW YORK 3,120,13611,BELLEVILLE,8279 STATE ROUTE 289,BELLEVILLE,NY,13611,9998,P,V12127,P
ATLANTIC,4B,NEW YORK 3,120,13612,BLACK RIVER,28553 STATE ROUTE 3,BLACK RIVER,NY,13612,9998,,V12174,P
ATLANTIC,4B,NEW YORK 3,120,13612,WATERTOWN NY SDC,232 COMMERCE PARK DR,WATERTOWN,NY,13601,9916,,021156,4
ATLANTIC,4B,NEW YORK 3,120,13613,BRASHER FALLS,905 STATE HIGHWAY 11C,BRASHER FALLS,NY,13613,9998,,V12254,P
ATLANTIC,4B,NEW YORK 3,120,13614,BRIER HILL,39 COUNTY ROUTE 2,BRIER HILL,NY,13614,9998,,V12280,P
ATLANTIC,4B,NEW YORK 3,120,13615,BROWNVILLE,118 BROWN BLVD,BROWNVILLE,NY,13615,9998,P,V12327,P
ATLANTIC,4B,NEW YORK 3,120,13616,CALCIUM,24841 SANFORD CORNERS RD,CALCIUM,NY,13616,9998,,V12384,P
ATLANTIC,4B,NEW YORK 3,120,13616,WATERTOWN NY SDC,232 COMMERCE PARK DR,WATERTOWN,NY,13601,9916,,021156,4
ATLANTIC,4B,NEW YORK 3,120,13617,CANTON,100 MAIN ST,CANTON,NY,13617,9998,,V12421,P
ATLANTIC,4B,NEW YORK 3,120,13618,CAPE VINCENT,362 E BROADWAY ST,CAPE VINCENT,NY,13618,9998,,V12422,P
ATLANTIC,4B,NEW YORK 3,120,13619,CARTHAGE,521 STATE ST,CARTHAGE,NY,13619,9998,,V12441,P
ATLANTIC,4B,NEW YORK 3,120,13620,CASTORLAND,5158 STATE ROUTE 410,CASTORLAND,NY,13620,9998,,V12456,P
ATLANTIC,4B,NEW YORK 3,120,13621,CHASE MILLS,5275 COUNTY ROUTE 14,CHASE MILLS,NY,13621,9998,,V12525,P
ATLANTIC,4B,NEW YORK 3,120,13622,CHAUMONT,12061 STATE ROUTE 12E,CHAUMONT,NY,13622,9998,,V12534,P
ATLANTIC,4B,NEW YORK 3,120,13622,WATERTOWN NY SDC,232 COMMERCE PARK DR,WATERTOWN,NY,13601,9916,,021156,4
ATLANTIC,4B,NEW YORK 3,120,13623,CHIPPEWA BAY,1176 COUNTY ROUTE 6,CHIPPEWA BAY,NY,13623,9998,P,V12579,P
ATLANTIC,4B,NEW YORK 3,120,13624,CLAYTON,236 JOHN ST,CLAYTON,NY,13624,9998,,V12620,P
ATLANTIC,4B,NEW YORK 3,120,13625,COLTON,4841 STATE HIGHWAY 56,COLTON,NY,13625,9998,,V12703,P
ATLANTIC,4B,NEW YORK 3,120,13626,COPENHAGEN,9886 STATE ROUTE 12,COPENHAGEN,NY,13626,9998,,V12755,P
ATLANTIC,4B,NEW YORK 3,120,13627,COPENHAGEN,9886 STATE ROUTE 12,COPENHAGEN,NY,13626,9998,P,V12755,P
ATLANTIC,4B,NEW YORK 3,120,13628,DEFERIET DPOBU,68 RIVERSIDE DR,DEFERIET,NY,13628,9901,P,015151,6
ATLANTIC,4B,NEW YORK 3,120,13630,DE KALB JUNCTION,4329 US HIGHWAY 11,DE KALB JUNCTION,NY,13630,9998,,V12881,P
ATLANTIC,4B,NEW YORK 3,120,13631,CASTORLAND,5158 STATE ROUTE 410,CASTORLAND,NY,13620,9998,P,V12456,P
ATLANTIC,4B,NEW YORK 3,120,13632,DEPAUVILLE,32523 STATE ROUTE 12,DEPAUVILLE,NY,13632,9998,P,V12916,P
ATLANTIC,4B,NEW YORK 3,120,13634,DEXTER,612 BROWN ST,DEXTER,NY,13634,9998,,V12932,P
ATLANTIC,4B,NEW YORK 3,120,13634,WATERTOWN NY SDC,232 COMMERCE PARK DR,WATERTOWN,NY,13601,9916,,021156,4
ATLANTIC,4B,NEW YORK 3,120,13635,EDWARDS,196 MAIN ST,EDWARDS,NY,13635,9998,,V13172,P
ATLANTIC,4B,NEW YORK 3,120,13636,ELLISBURG,12109 STATE ROUTE 193,ELLISBURG,NY,13636,9998,,V13202,P
ATLANTIC,4B,NEW YORK 3,120,13636,WATERTOWN NY SDC,232 COMMERCE PARK DR,WATERTOWN,NY,13601,9916,,021156,4
ATLANTIC,4B,NEW YORK 3,120,13637,EVANS MILLS,8496 LERAY ST,EVANS MILLS,NY,13637,9998,,V13256,P
ATLANTIC,4B,NEW YORK 3,120,13637,WATERTOWN NY SDC,232 COMMERCE PARK DR,WATERTOWN,NY,13601,9916,,021156,4
ATLANTIC,4B,NEW YORK 3,120,13638,FELTS MILLS,24456 MAIN ST,FELTS MILLS,NY,13638,9998,,V13304,P
ATLANTIC,4B,NEW YORK 3,120,13639,FINE,8 SPRING ST,FINE,NY,13639,9998,,V13319,P
ATLANTIC,4B,NEW YORK 3,120,13640,FINEVIEW,44392 COUNTY ROUTE 191,WELLESLEY ISLAND,NY,13640,9998,,V13320,P
ATLANTIC,4B,NEW YORK 3,120,13641,FISHERS LANDING,18064 REEDS POINT RD,FISHERS LANDING,NY,13641,9998,P,V13333,P
ATLANTIC,4B,NEW YORK 3,120,13642,GOUVERNEUR,35 GROVE ST,GOUVERNEUR,NY,13642,9998,,V13583,P
ATLANTIC,4B,NEW YORK 3,120,13643,GREAT BEND,32675 STATE ROUTE 26,GREAT BEND,NY,13643,9998,P,V13624,P
ATLANTIC,4B,NEW YORK 3,120,13645,HAILESBORO,97 MAIN ST,HAILESBORO,NY,13645,9998,P,V13705,P
ATLANTIC,4B,NEW YORK 3,120,13646,HAMMOND,50 S MAIN ST,HAMMOND,NY,13646,9998,,V13732,P
ATLANTIC,4B,NEW YORK 3,120,13647,HANNAWA FALLS,5890 STATE HIGHWAY 56,HANNAWA FALLS,NY,13647,9998,P,V13742,P
ATLANTIC,4B,NEW YORK 3,120,13648,HARRISVILLE,14220 STATE ST,HARRISVILLE,NY,13648,9998,,V13778,P
ATLANTIC,4B,NEW YORK 3,120,13649,HELENA,589 1/2 QUINELL RD,HELENA,NY,13649,9998,P,V13817,P
ATLANTIC,4B,NEW YORK 3,120,13650,HENDERSON,8872 STATE ROUTE 178,HENDERSON,NY,13650,9998,,V13825,P
ATLANTIC,4B,NEW YORK 3,120,13651,HENDERSON HARBOR,13190 COUNTY ROUTE 123,HENDERSON HARBOR,NY,13651,9998,P,V13826,P
ATLANTIC,4B,NEW YORK 3,120,13652,HERMON,88 MAIN ST,HERMON,NY,13652,9998,,V13835,P
ATLANTIC,4B,NEW YORK 3,120,13654,HEUVELTON,107B STATE ST,HEUVELTON,NY,13654,9998,,V13841,P
ATLANTIC,4B,NEW YORK 3,120,13655,HOGANSBURG,11 SAINT REGIS ST,HOGANSBURG,NY,13655,9998,,V13900,P
ATLANTIC,4B,NEW YORK 3,120,13656,LA FARGEVILLE,36327 STATE ROUTE 180,LA FARGEVILLE,NY,13656,9998,,V14209,P
ATLANTIC,4B,NEW YORK 3,120,13658,LISBON,7007 COUNTY ROUTE 10,LISBON,NY,13658,9998,,V14368,P
ATLANTIC,4B,NEW YORK 3,120,13659,LORRAINE,20693 COUNTY ROUTE 93,LORRAINE,NY,13659,9998,,V14429,P
ATLANTIC,4B,NEW YORK 3,120,13660,MADRID,3 CHURCH ST,MADRID,NY,13660,9998,,V14471,P
ATLANTIC,4B,NEW YORK 3,120,13660,NORFOLK,2 E HIGH ST,NORFOLK,NY,13667,9998,,V15022,P
ATLANTIC,4B,NEW YORK 3,120,13661,MANNSVILLE,306 S MAIN ST,MANNSVILLE,NY,13661,9998,,V14515,P
ATLANTIC,4B,NEW YORK 3,120,13662,MASSENA,100 MAIN ST,MASSENA,NY,13662,9998,,V14579,P
ATLANTIC,4B,NEW YORK 3,120,13664,MORRISTOWN,306 MAIN ST,MORRISTOWN,NY,13664,9998,,V14760,P
ATLANTIC,4B,NEW YORK 3,120,13665,NATURAL BRIDGE,43889 STATE ROUTE 3,NATURAL BRIDGE,NY,13665,9998,,V14917,P
ATLANTIC,4B,NEW YORK 3,120,13666,NEWTON FALLS,926 COUNTY ROUTE 60,NEWTON FALLS,NY,13666,9998,P,V14985,P
ATLANTIC,4B,NEW YORK 3,120,13667,NORFOLK,2 E HIGH ST,NORFOLK,NY,13667,9998,,V15022,P
ATLANTIC,4B,NEW YORK 3,120,13668,NORWOOD,34 S MAIN ST,NORWOOD,NY,13668,9998,,V15134,P
ATLANTIC,4B,NEW YORK 3,120,13669,OGDENSBURG,431 STATE ST,OGDENSBURG,NY,13669,9998,,V15187,P
ATLANTIC,4B,NEW YORK 3,120,13672,PARISHVILLE,1763 STATE HIGHWAY 72,PARISHVILLE,NY,13672,9998,,V15308,P
ATLANTIC,4B,NEW YORK 3,120,13673,PHILADELPHIA,2 S MAIN ST,PHILADELPHIA,NY,13673,9998,,V15379,P
ATLANTIC,4B,NEW YORK 3,120,13674,PIERREPONT MANOR,4685 US ROUTE 11,PIERREPONT MANOR,NY,13674,9998,P,V15393,P
ATLANTIC,4B,NEW YORK 3,120,13676,POTSDAM,21 ELM ST,POTSDAM,NY,13676,9998,,V15529,P
ATLANTIC,4B,NEW YORK 3,120,13678,RAYMONDVILLE,8766 STATE HIGHWAY 56,RAYMONDVILLE,NY,13678,9998,P,V15638,P
ATLANTIC,4B,NEW YORK 3,120,13679,REDWOOD,43711 STATE ROUTE 37,REDWOOD,NY,13679,9998,,V15656,P
ATLANTIC,4B,NEW YORK 3,120,13680,RENSSELAER FALLS,217 RENSSELAER ST,RENSSELAER FALLS,NY,13680,9998,,V15667,P
ATLANTIC,4B,NEW YORK 3,120,13681,RICHVILLE,160 MAIN ST,RICHVILLE,NY,13681,9998,,V15692,P
ATLANTIC,4B,NEW YORK 3,120,13682,RODMAN,12509 SCHOOL ST,RODMAN,NY,13682,9998,,V15772,P
ATLANTIC,4B,NEW YORK 3,120,13682,WATERTOWN NY SDC,232 COMMERCE PARK DR,WATERTOWN,NY,13601,9916,,021156,4
ATLANTIC,4B,NEW YORK 3,120,13683,ROOSEVELTOWN,3 COUNTY ROUTE 45,ROOSEVELTOWN,NY,13683,9998,P,V15786,P
ATLANTIC,4B,NEW YORK 3,120,13684,RUSSELL,4 PESTLE ST,RUSSELL,NY,13684,9998,,V15829,P
ATLANTIC,4B,NEW YORK 3,120,13685,SACKETS HARBOR,107 W MAIN ST,SACKETS HARBOR,NY,13685,9998,,V15883,P
ATLANTIC,4B,NEW YORK 3,120,13685,WATERTOWN NY SDC,232 COMMERCE PARK DR,WATERTOWN,NY,13601,9916,,021156,4
ATLANTIC,4B,NEW YORK 3,120,13687,COLTON,4841 STATE HIGHWAY 56,COLTON,NY,13625,9998,,V12703,P
ATLANTIC,4B,NEW YORK 3,120,13690,STAR LAKE,4052 STATE HIGHWAY 3,STAR LAKE,NY,13690,9998,,V16357,P
ATLANTIC,4B,NEW YORK 3,120,13691,THERESA,112 COMMERCIAL ST,THERESA,NY,13691,9998,,V16501,P
ATLANTIC,4B,NEW YORK 3,120,13693,THREE MILE BAY,8685 STATE ROUTE 12E,THREE MILE BAY,NY,13693,9998,,V16512,P
ATLANTIC,4B,NEW YORK 3,120,13693,WATERTOWN NY SDC,232 COMMERCE PARK DR,WATERTOWN,NY,13601,9916,,021156,4
ATLANTIC,4B,NEW YORK 3,120,13694,WADDINGTON,23 MAIN ST,WADDINGTON,NY,13694,9998,,V16766,P
ATLANTIC,4B,NEW YORK 3,120,13695,WANAKENA,6 HAMELE ST,WANAKENA,NY,13695,9998,P,V16795,P
ATLANTIC,4B,NEW YORK 3,120,13696,WEST STOCKHOLM,9 LIVINGSTON RD,WEST STOCKHOLM,NY,13696,9998,,V16948,P
ATLANTIC,4B,NEW YORK 3,120,13697,WINTHROP,656 STATE HIGHWAY 11C,WINTHROP,NY,13697,9998,,V17068,P
ATLANTIC,4B,NEW YORK 3,120,13730,AFTON,89 MAIN ST,AFTON,NY,13730,9998,,V11834,P
ATLANTIC,4B,NEW YORK 3,120,13731,ANDES,204 LOWER MAIN ST,ANDES,NY,13731,9998,,V11909,P
ATLANTIC,4B,NEW YORK 3,120,13732,APALACHIN,6100 STATE ROUTE 434,APALACHIN,NY,13732,9998,,V11925,P
ATLANTIC,4B,NEW YORK 3,120,13733,BAINBRIDGE,17 E MAIN ST,BAINBRIDGE,NY,13733,9998,,V12012,P
ATLANTIC,4B,NEW YORK 3,120,13733,SIDNEY,6 MANG DR,SIDNEY,NY,13838,9998,,V16061,P
ATLANTIC,4B,NEW YORK 3,120,13734,NICHOLS,491 W RIVER RD,NICHOLS,NY,13812,9998,,V15001,P
ATLANTIC,4B,NEW YORK 3,120,13736,BERKSHIRE,12324 STATE ROUTE 38,BERKSHIRE,NY,13736,9998,,V12144,P
ATLANTIC,4B,NEW YORK 3,120,13737,BIBLE SCHOOL PARK,400 RIVERSIDE DR,BIBLE SCHOOL PARK,NY,13737,9800,P,V12159,P
ATLANTIC,4B,NEW YORK 3,120,13738,BLODGETT MILLS,2320 BLODGETT MILLS RD,BLODGETT MILLS,NY,13738,9998,P,V12181,P
ATLANTIC,4B,NEW YORK 3,120,13739,DELHI,8 COURT ST,DELHI,NY,13753,9998,,V12905,P
ATLANTIC,4B,NEW YORK 3,120,13740,BOVINA CENTER,1866 COUNTY HIGHWAY 6,BOVINA CENTER,NY,13740,9997,,V19472,C
ATLANTIC,4B,NEW YORK 3,120,13743,CANDOR,62 MAIN ST,CANDOR,NY,13743,9998,,V12416,P
ATLANTIC,4B,NEW YORK 3,120,13744,CHENANGO BRIDGE,511 MAIN ST,CHENANGO BRIDGE,NY,13745,9998,,V12552,P
ATLANTIC,4B,NEW YORK 3,120,13744,BINGHAMTON NY S&DC,115 HENRY ST,BINGHAMTON,NY,13902,9900,,020710,4
ATLANTIC,4B,NEW YORK 3,120,13745,CHENANGO BRIDGE,511 MAIN ST,CHENANGO BRIDGE,NY,13745,9998,P,V12552,P
ATLANTIC,4B,NEW YORK 3,120,13746,CHENANGO FORKS,6554 STATE ROUTE 79,CHENANGO FORKS,NY,13746,9998,,V12554,P
ATLANTIC,4B,NEW YORK 3,120,13746,BINGHAMTON NY S&DC,115 HENRY ST,BINGHAMTON,NY,13902,9900,,020710,4
ATLANTIC,4B,NEW YORK 3,120,13747,COLLIERSVILLE,6173 STATE HIGHWAY 7,COLLIERSVILLE,NY,13747,9998,P,V12688,P
ATLANTIC,4B,NEW YORK 3,120,13748,CONKLIN,1101 CONKLIN RD,CONKLIN,NY,13748,9998,,V12727,P
ATLANTIC,4B,NEW YORK 3,120,13748,BINGHAMTON NY S&DC,115 HENRY ST,BINGHAMTON,NY,13902,9900,,020710,4
ATLANTIC,4B,NEW YORK 3,120,13749,CORBETTSVILLE,10 CORBETTSVILLE RD,CORBETTSVILLE,NY,13749,9998,P,V12759,P
ATLANTIC,4B,NEW YORK 3,120,13750,DAVENPORT,15682 STATE HIGHWAY 23,DAVENPORT,NY,13750,9998,,V12872,P
ATLANTIC,4B,NEW YORK 3,120,13751,DAVENPORT CENTER,11892 STATE HIGHWAY 23,DAVENPORT CENTER,NY,13751,9998,,V12873,P
ATLANTIC,4B,NEW YORK 3,120,13752,DELHI,8 COURT ST,DELHI,NY,13753,9998,,V12905,P
ATLANTIC,4B,NEW YORK 3,120,13753,DELHI,8 COURT ST,DELHI,NY,13753,9998,,V12905,P
ATLANTIC,4B,NEW YORK 3,120,13754,DEPOSIT,8 DEAN ST,DEPOSIT,NY,13754,9998,,V12921,P
ATLANTIC,4B,NEW YORK 3,120,13755,DOWNSVILLE,15126 STATE HIGHWAY 30,DOWNSVILLE,NY,13755,9998,,V12955,P
ATLANTIC,4B,NEW YORK 3,120,13756,EAST BRANCH,3979 O AND W RD,EAST BRANCH,NY,13756,9998,,V13058,P
ATLANTIC,4B,NEW YORK 3,120,13757,EAST MEREDITH,51 COUNTY HIGHWAY 12,EAST MEREDITH,NY,13757,9998,,V13100,P
ATLANTIC,4B,NEW YORK 3,120,13758,MC DONOUGH,1600 STATE HIGHWAY 220,MC DONOUGH,NY,13801,9998,P,V14599,P
ATLANTIC,4B,NEW YORK 3,120,13760,BINGHAMTON NY S&DC,115 HENRY ST,BINGHAMTON,NY,13902,9900,,020710,4
ATLANTIC,4B,NEW YORK 3,120,13761,ENDICOTT,200 WASHINGTON AVE,ENDICOTT,NY,13760,9998,P,V13239,P
ATLANTIC,4B,NEW YORK 3,120,13762,ENDICOTT,200 WASHINGTON AVE,ENDICOTT,NY,13760,9998,P,V13239,P
ATLANTIC,4B,NEW YORK 3,120,13763,UNION STATION,311 EXCHANGE AVE,ENDICOTT,NY,13760,9211,P,V1A606,S
ATLANTIC,4B,NEW YORK 3,120,13774,FISHS EDDY,252 POST OFFICE ST,FISHS EDDY,NY,13774,9998,P,V13337,P
ATLANTIC,4B,NEW YORK 3,120,13775,FRANKLIN,450 MAIN ST,FRANKLIN,NY,13775,9998,,V13427,P
ATLANTIC,4B,NEW YORK 3,120,13776,GILBERTSVILLE,3 COMMERCIAL ST,GILBERTSVILLE,NY,13776,9998,,V13537,P
ATLANTIC,4B,NEW YORK 3,120,13777,WHITNEY POINT,2641 MAIN ST,WHITNEY POINT,NY,13862,9998,,V17024,P
ATLANTIC,4B,NEW YORK 3,120,13778,GREENE,11 S CANAL ST,GREENE,NY,13778,9998,,V13652,P
ATLANTIC,4B,NEW YORK 3,120,13780,GUILFORD,1261 COUNTY ROAD 35,GUILFORD,NY,13780,9998,,V13695,P
ATLANTIC,4B,NEW YORK 3,120,13782,HAMDEN,35866 STATE HIGHWAY 10,HAMDEN,NY,13782,9998,,V13726,P
ATLANTIC,4B,NEW YORK 3,120,13783,HANCOCK,204 WHEELER ST,HANCOCK,NY,13783,9998,,V13738,P
ATLANTIC,4B,NEW YORK 3,120,13784,HARFORD,405 STATE ROUTE 38,HARFORD,NY,13784,9998,P,008140,C
ATLANTIC,4B,NEW YORK 3,120,13786,HARPERSFIELD,798 COLONEL HARPER DR,HARPERSFIELD,NY,13786,9998,,V13766,P
ATLANTIC,4B,NEW YORK 3,120,13787,HARPURSVILLE,3619 STATE ROUTE 79,HARPURSVILLE,NY,13787,9998,,V13768,P
ATLANTIC,4B,NEW YORK 3,120,13788,HOBART,698 MAIN ST STE 1,HOBART,NY,13788,9998,,V13894,P
ATLANTIC,4B,NEW YORK 3,120,13790,JOHNSON CITY,307 MAIN ST,JOHNSON CITY,NY,13790,9998,,V14098,P
ATLANTIC,4B,NEW YORK 3,120,13790,BINGHAMTON NY S&DC,115 HENRY ST,BINGHAMTON,NY,13902,9900,,020710,4
ATLANTIC,4B,NEW YORK 3,120,13794,KILLAWOG,614 JENNINGS CREEK RD,KILLAWOG,NY,13794,9998,P,V14152,P
ATLANTIC,4B,NEW YORK 3,120,13795,KIRKWOOD,78 CRESCENT DR,KIRKWOOD,NY,13795,9998,,V14175,P
ATLANTIC,4B,NEW YORK 3,120,13795,BINGHAMTON NY S&DC,115 HENRY ST,BINGHAMTON,NY,13902,9900,,020710,4
ATLANTIC,4B,NEW YORK 3,120,13796,LAURENS,55 BROOK ST,LAURENS,NY,13796,9998,,V14305,P
ATLANTIC,4B,NEW YORK 3,120,13797,LISLE,8988 MAIN ST,LISLE,NY,13797,9998,,V14369,P
ATLANTIC,4B,NEW YORK 3,120,13801,MC DONOUGH,1600 STATE HIGHWAY 220,MC DONOUGH,NY,13801,9998,,V14599,P
ATLANTIC,4B,NEW YORK 3,120,13802,MAINE,2597 MAIN ST,MAINE,NY,13802,9998,,V14486,P
ATLANTIC,4B,NEW YORK 3,120,13802,BINGHAMTON NY S&DC,115 HENRY ST,BINGHAMTON,NY,13902,9900,,020710,4
ATLANTIC,4B,NEW YORK 3,120,13803,MARATHON,12 MAIN ST,MARATHON,NY,13803,9998,,V14536,P
ATLANTIC,4B,NEW YORK 3,120,13804,MASONVILLE,15505 STATE HIGHWAY 8,MASONVILLE,NY,13804,9998,,V14565,P
ATLANTIC,4B,NEW YORK 3,120,13806,MERIDALE,30 COUNTY HIGHWAY 10,MERIDALE,NY,13806,9998,,V14641,P
ATLANTIC,4B,NEW YORK 3,120,13807,MILFORD,43 S MAIN ST,MILFORD,NY,13807,9998,,V14682,P
ATLANTIC,4B,NEW YORK 3,120,13808,MORRIS,127 MAIN ST,MORRIS,NY,13808,9998,,V14752,P
ATLANTIC,4B,NEW YORK 3,120,13809,MOUNT UPTON,1753 STATE HIGHWAY 8,MOUNT UPTON,NY,13809,9998,,V14792,P
ATLANTIC,4B,NEW YORK 3,120,13810,LAURENS,55 BROOK ST,LAURENS,NY,13796,9998,,V14305,P
ATLANTIC,4B,NEW YORK 3,120,13811,NEWARK VALLEY,9 PARK ST,NEWARK VALLEY,NY,13811,9998,,V14975,P
ATLANTIC,4B,NEW YORK 3,120,13812,NICHOLS,491 W RIVER RD,NICHOLS,NY,13812,9998,,V15001,P
ATLANTIC,4B,NEW YORK 3,120,13813,NINEVEH,3033 STATE ROUTE 7,NINEVEH,NY,13813,9998,,V15005,P
ATLANTIC,4B,NEW YORK 3,120,13814,NORTH NORWICH,168 COUNTY ROAD 23,NORTH NORWICH,NY,13814,9998,P,V15086,P
ATLANTIC,4B,NEW YORK 3,120,13815,NORWICH,20-22 E MAIN ST,NORWICH,NY,13815,9998,,V15133,P
ATLANTIC,4B,NEW YORK 3,120,13820,ONEONTA,352 MAIN ST,ONEONTA,NY,13820,9998,,V15221,P
ATLANTIC,4B,NEW YORK 3,120,13825,ONEONTA,352 MAIN ST,ONEONTA,NY,13820,9998,,V15221,P
ATLANTIC,4B,NEW YORK 3,120,13825,OTEGO,7 RIVER ST,OTEGO,NY,13825,9998,,V15254,P
ATLANTIC,4B,NEW YORK 3,120,13827,OWEGO,6 LAKE ST,OWEGO,NY,13827,9998,,V15270,P
ATLANTIC,4B,NEW YORK 3,120,13830,OXFORD,2 S WASHINGTON AVE,OXFORD,NY,13830,9998,,V15275,P
ATLANTIC,4B,NEW YORK 3,120,13832,PLYMOUTH,107 COUNTY ROAD 21,PLYMOUTH,NY,13832,9998,,V15466,P
ATLANTIC,4B,NEW YORK 3,120,13833,PORT CRANE,12 CANAL ST,PORT CRANE,NY,13833,9998,,V15494,P
ATLANTIC,4B,NEW YORK 3,120,13833,BINGHAMTON NY S&DC,115 HENRY ST,BINGHAMTON,NY,13902,9900,,020710,4
ATLANTIC,4B,NEW YORK 3,120,13834,PORTLANDVILLE,2846 STATE HIGHWAY 28,PORTLANDVILLE,NY,13834,9998,,V15521,P
ATLANTIC,4B,NEW YORK 3,120,13835,RICHFORD,1007 STATE ROUTE 79,RICHFORD,NY,13835,9997,,V15686,P
ATLANTIC,4B,NEW YORK 3,120,13838,SIDNEY,6 MANG DR,SIDNEY,NY,13838,9998,,V16061,P
ATLANTIC,4B,NEW YORK 3,120,13839,SIDNEY CENTER,10445 COUNTY HIGHWAY 23,SIDNEY CENTER,NY,13839,9998,,V16062,P
ATLANTIC,4B,NEW YORK 3,120,13840,NICHOLS,491 W RIVER RD,NICHOLS,NY,13812,9998,P,V15001,P
ATLANTIC,4B,NEW YORK 3,120,13841,SMITHVILLE FLATS,5299 STATE HIGHWAY 41,SMITHVILLE FLATS,NY,13841,9998,,V16113,P
ATLANTIC,4B,NEW YORK 3,120,13842,HOBART,698 MAIN ST STE 1,HOBART,NY,13788,9998,,V13894,P
ATLANTIC,4B,NEW YORK 3,120,13843,SOUTH NEW BERLIN,6338 STATE HIGHWAY 23,SOUTH NEW BERLIN,NY,13843,9998,,V16203,P
ATLANTIC,4B,NEW YORK 3,120,13844,SOUTH PLYMOUTH,3799 STATE HIGHWAY 23,SOUTH PLYMOUTH,NY,13844,9998,,V16214,P
ATLANTIC,4B,NEW YORK 3,120,13845,NICHOLS,491 W RIVER RD,NICHOLS,NY,13812,9998,P,V15001,P
ATLANTIC,4B,NEW YORK 3,120,13846,FRANKLIN,450 MAIN ST,FRANKLIN,NY,13775,9998,,V13427,P
ATLANTIC,4B,NEW YORK 3,120,13847,TROUT CREEK,8650 COUNTY HIGHWAY 27,TROUT CREEK,NY,13847,9998,P,V16568,P
ATLANTIC,4B,NEW YORK 3,120,13848,TUNNEL,688 TUNNEL RD,TUNNEL,NY,13848,9998,P,V16581,P
ATLANTIC,4B,NEW YORK 3,120,13849,UNADILLA,4 BRIDGE ST,UNADILLA,NY,13849,9998,,V16603,P
ATLANTIC,4B,NEW YORK 3,120,13850,VESTAL,117 RANO BLVD,VESTAL,NY,13850,9998,,V16693,P
ATLANTIC,4B,NEW YORK 3,120,13851,VESTAL,117 RANO BLVD,VESTAL,NY,13850,9998,P,V16693,P
ATLANTIC,4B,NEW YORK 3,120,13856,WALTON,34 GARDINER PL,WALTON,NY,13856,9998,,V16789,P
ATLANTIC,4B,NEW YORK 3,120,13859,WELLS BRIDGE,116 COUNTY HIGHWAY 4,WELLS BRIDGE,NY,13859,9998,,V16842,P
ATLANTIC,4B,NEW YORK 3,120,13860,WEST DAVENPORT,37 CHARLOTTE CREEK RD,WEST DAVENPORT,NY,13860,9998,P,V16876,P
ATLANTIC,4B,NEW YORK 3,120,13861,WEST ONEONTA,3912 STATE HIGHWAY 23,WEST ONEONTA,NY,13861,9998,,V16924,P
ATLANTIC,4B,NEW YORK 3,120,13862,WHITNEY POINT,2641 MAIN ST,WHITNEY POINT,NY,13862,9998,,V17024,P
ATLANTIC,4B,NEW YORK 3,120,13862,BINGHAMTON NY S&DC,115 HENRY ST,BINGHAMTON,NY,13902,9900,,020710,4
ATLANTIC,4B,NEW YORK 3,120,13863,WILLET,1300 LOWER CINCINNATUS RD,WILLET,NY,13863,9998,,V17033,P
ATLANTIC,4B,NEW YORK 3,120,13864,CANDOR,62 MAIN ST,CANDOR,NY,13743,9998,,V12416,P
ATLANTIC,4B,NEW YORK 3,120,13864,WILLSEYVILLE,24 WILLSEYVILLE RD,WILLSEYVILLE,NY,13864,9998,,V17053,P
ATLANTIC,4B,NEW YORK 3,120,13865,WINDSOR,652 OLD ROUTE 17,WINDSOR,NY,13865,9998,,V17064,P
ATLANTIC,4B,NEW YORK 3,120,13865,BINGHAMTON NY S&DC,115 HENRY ST,BINGHAMTON,NY,13902,9900,,020710,4
ATLANTIC,4B,NEW YORK 3,120,13901,BINGHAMTON NY S&DC,115 HENRY ST,BINGHAMTON,NY,13902,9900,,020710,4
ATLANTIC,4B,NEW YORK 3,120,13902,BINGHAMTON NY S&DC,115 HENRY ST,BINGHAMTON,NY,13902,9900,P,020710,4
ATLANTIC,4B,NEW YORK 3,120,13903,SOUTHVIEW,1213 VESTAL AVE,BINGHAMTON,NY,13903,9211,,V16238,S
ATLANTIC,4B,NEW YORK 3,120,13903,BINGHAMTON NY S&DC,115 HENRY ST,BINGHAMTON,NY,13902,9900,,020710,4
ATLANTIC,4B,NEW YORK 3,120,13904,BINGHAMTON NY S&DC,115 HENRY ST,BINGHAMTON,NY,13902,9900,,020710,4
ATLANTIC,4B,NEW YORK 3,120,13905,BINGHAMTON NY S&DC,115 HENRY ST,BINGHAMTON,NY,13902,9900,,020710,4
ATLANTIC,4B,NEW YORK 3,120,14001,AKRON,118 MAIN ST,AKRON,NY,14001,9998,,V11839,P
ATLANTIC,4B,NEW YORK 3,120,14004,ALDEN,13127 BROADWAY ST,ALDEN,NY,14004,9998,,V11850,P
ATLANTIC,4B,NEW YORK 3,120,14005,ALEXANDER,10506 MAIN ST,ALEXANDER,NY,14005,9998,,V11857,P
ATLANTIC,4B,NEW YORK 3,120,14006,ANGOLA,80 N MAIN ST,ANGOLA,NY,14006,9998,,V11913,P
ATLANTIC,4B,NEW YORK 3,120,14008,APPLETON,1924 HESS RD,APPLETON,NY,14008,9998,,V11927,P
ATLANTIC,4B,NEW YORK 3,120,14008,NEWFANE,6000 EDWARD AVE,NEWFANE,NY,14108,9998,,V14980,P
ATLANTIC,4B,NEW YORK 3,120,14009,ARCADE,23 EDWARD ST,ARCADE,NY,14009,9998,,V11932,P
ATLANTIC,4B,NEW YORK 3,120,14010,ATHOL SPRINGS,4480 OLD CAMP RD,ATHOL SPRINGS,NY,14010,9800,P,V11973,P
ATLANTIC,4B,NEW YORK 3,120,14011,ATTICA,76 MAIN ST,ATTICA,NY,14011,9998,,V11979,P
ATLANTIC,4B,NEW YORK 3,120,14012,BARKER,8720 MAIN ST,BARKER,NY,14012,9998,,V12045,P
ATLANTIC,4B,NEW YORK 3,120,14013,BASOM,7156 ALLEGHANY RD,BASOM,NY,14013,9998,,V12059,P
ATLANTIC,4B,NEW YORK 3,120,14020,BATAVIA,2 W MAIN ST,BATAVIA,NY,14020,9998,,V12060,P
ATLANTIC,4B,NEW YORK 3,120,14021,BATAVIA,2 W MAIN ST,BATAVIA,NY,14020,9998,P,V12060,P
ATLANTIC,4B,NEW YORK 3,120,14024,BLISS,6664 ROUTE 362,BLISS,NY,14024,9998,,V12179,P
ATLANTIC,4B,NEW YORK 3,120,14025,BOSTON,9025 BOSTON STATE RD,BOSTON,NY,14025,9998,,V12216,P
ATLANTIC,4B,NEW YORK 3,120,14026,LANCASTER DEPEW CARRIER UNIT,1763 COMO PARK BLVD,DEPEW,NY,14043,9993,,V1A563,4
ATLANTIC,4B,NEW YORK 3,120,14026,BOWMANSVILLE,515 HARRIS HILL RD,BOWMANSVILLE,NY,14026,9998,,V12232,P
ATLANTIC,4B,NEW YORK 3,120,14027,BRANT,10778 BRANT ANGOLA RD,BRANT,NY,14027,9800,P,V12251,P
ATLANTIC,4B,NEW YORK 3,120,14028,NEWFANE,6000 EDWARD AVE,NEWFANE,NY,14108,9998,,V14980,P
ATLANTIC,4B,NEW YORK 3,120,14029,CENTERVILLE,10985B RUSHFORD RD,CENTERVILLE,NY,14029,9800,P,V12485,P
ATLANTIC,4B,NEW YORK 3,120,14030,CHAFFEE,11439 OLEAN RD,CHAFFEE,NY,14030,9998,,V12507,P
ATLANTIC,4B,NEW YORK 3,120,14031,CLARENCE,9845 MAIN ST,CLARENCE,NY,14031,9998,,V12604,P
ATLANTIC,4B,NEW YORK 3,120,14032,CLARENCE,9845 MAIN ST,CLARENCE,NY,14031,9998,,V12604,P
ATLANTIC,4B,NEW YORK 3,120,14032,CLARENCE CENTER,6045 RAILROAD ST,CLARENCE CENTER,NY,14032,9998,,V12605,P
ATLANTIC,4B,NEW YORK 3,120,14033,COLDEN,8665 STATE RD,COLDEN,NY,14033,9998,,V12679,P
ATLANTIC,4B,NEW YORK 3,120,14034,COLLINS,2275 MAIN ST,COLLINS,NY,14034,9998,,V12691,P
ATLANTIC,4B,NEW YORK 3,120,14035,COLLINS CENTER,3592 MAIN ST,COLLINS CENTER,NY,14035,9800,P,V12692,P
ATLANTIC,4B,NEW YORK 3,120,14036,CORFU,7 W MAIN ST,CORFU,NY,14036,9998,,V12762,P
ATLANTIC,4B,NEW YORK 3,120,14037,ATTICA,76 MAIN ST,ATTICA,NY,14011,9998,,V11979,P
ATLANTIC,4B,NEW YORK 3,120,14039,DALE,1302 DALE RD,DALE,NY,14039,9998,,V12862,P
ATLANTIC,4B,NEW YORK 3,120,14040,CORFU,7 W MAIN ST,CORFU,NY,14036,9998,,V12762,P
ATLANTIC,4B,NEW YORK 3,120,14040,DARIEN CENTER,1402 BROADWAY,DARIEN CENTER,NY,14040,9998,,V12870,P
ATLANTIC,4B,NEW YORK 3,120,14041,DAYTON,9593 ROUTE 62,DAYTON,NY,14041,9706,,V12877,P
ATLANTIC,4B,NEW YORK 3,120,14041,GOWANDA,63 W MAIN ST,GOWANDA,NY,14070,9998,,V13586,P
ATLANTIC,4B,NEW YORK 3,120,14042,DELEVAN,40 N MAIN ST,DELEVAN,NY,14042,9998,,V12904,P
ATLANTIC,4B,NEW YORK 3,120,14043,LANCASTER DEPEW CARRIER UNIT,1763 COMO PARK BLVD,DEPEW,NY,14043,9993,,V1A563,4
ATLANTIC,4B,NEW YORK 3,120,14043,DEPEW,165 WARSAW ST,DEPEW,NY,14043,9998,,V12919,P
ATLANTIC,4B,NEW YORK 3,120,14047,DERBY,7350 ERIE RD,DERBY,NY,14047,9998,,V12923,P
ATLANTIC,4B,NEW YORK 3,120,14048,DUNKIRK,410 CENTRAL AVE,DUNKIRK,NY,14048,9998,,V12977,P
ATLANTIC,4B,NEW YORK 3,120,14051,EAST AMHERST,9830 TRANSIT RD,EAST AMHERST,NY,14051,9998,,V13050,P
ATLANTIC,4B,NEW YORK 3,120,14051,EAST AMHERST,9630 TRANSIT RD STE 1000,EAST AMHERST,NY,14051,9997,,012378,S
ATLANTIC,4B,NEW YORK 3,120,14052,EAST AURORA,408 QUAKER RD,EAST AURORA,NY,14052,9998,,V13052,P
ATLANTIC,4B,NEW YORK 3,120,14054,BATAVIA,2 W MAIN ST,BATAVIA,NY,14020,9998,,V12060,P
ATLANTIC,4B,NEW YORK 3,120,14054,STAFFORD,8899 ROUTE 237,STAFFORD,NY,14143,9998,,V16344,P
ATLANTIC,4B,NEW YORK 3,120,14055,EAST CONCORD,12085 VAUGHN ST,EAST CONCORD,NY,14055,9998,,V13061,P
ATLANTIC,4B,NEW YORK 3,120,14055,SPRINGVILLE,75 FRANKLIN ST,SPRINGVILLE,NY,14141,9998,,V16275,P
ATLANTIC,4B,NEW YORK 3,120,14056,EAST PEMBROKE,8643 READ RD,EAST PEMBROKE,NY,14056,9800,P,V13114,P
ATLANTIC,4B,NEW YORK 3,120,14057,EDEN,8230 N MAIN ST,EDEN,NY,14057,9998,,V13163,P
ATLANTIC,4B,NEW YORK 3,120,14058,OAKFIELD,28 MAIN ST,OAKFIELD,NY,14125,9998,,V15169,P
ATLANTIC,4B,NEW YORK 3,120,14059,ELMA,2300 BOWEN RD,ELMA,NY,14059,9998,,V13205,P
ATLANTIC,4B,NEW YORK 3,120,14060,FARMERSVILLE STATION,994 ELTON RD,FARMERSVILLE STATION,NY,14060,9998,,V13281,P
ATLANTIC,4B,NEW YORK 3,120,14061,BRANT,10778 BRANT ANGOLA RD,BRANT,NY,14027,9800,P,V12251,P
ATLANTIC,4B,NEW YORK 3,120,14062,FORESTVILLE,17 MAIN ST,FORESTVILLE,NY,14062,9998,,V13383,P
ATLANTIC,4B,NEW YORK 3,120,14063,FREDONIA,21 DAY ST,FREDONIA,NY,14063,9998,,V13440,P
ATLANTIC,4B,NEW YORK 3,120,14065,FREEDOM,11481 ROUTE 98,FREEDOM,NY,14065,9998,,V13441,P
ATLANTIC,4B,NEW YORK 3,120,14066,GAINESVILLE,2 S MAIN ST,GAINESVILLE,NY,14066,9998,,V13484,P
ATLANTIC,4B,NEW YORK 3,120,14067,GASPORT,8391 ROCHESTER RD,GASPORT,NY,14067,9998,,V13509,P
ATLANTIC,4B,NEW YORK 3,120,14068,GETZVILLE,2655 MILLERSPORT HWY,GETZVILLE,NY,14068,9998,,V13533,P
ATLANTIC,4B,NEW YORK 3,120,14069,GLENWOOD,9645 STATE RD,GLENWOOD,NY,14069,9998,,V13567,P
ATLANTIC,4B,NEW YORK 3,120,14070,GOWANDA,63 W MAIN ST,GOWANDA,NY,14070,9998,,V13586,P
ATLANTIC,4B,NEW YORK 3,120,14072,GRAND ISLAND,2391 BASELINE RD,GRAND ISLAND,NY,14072,9998,,V13603,P
ATLANTIC,4B,NEW YORK 3,120,14075,HAMBURG,5501 CAMP RD,HAMBURG,NY,14075,9998,,V13725,P
ATLANTIC,4B,NEW YORK 3,120,14080,HOLLAND,11765 PARTRIDGE RD,HOLLAND,NY,14080,9998,,V13904,P
ATLANTIC,4B,NEW YORK 3,120,14081,IRVING,12746 ERIE ST,IRVING,NY,14081,9998,,V14022,P
ATLANTIC,4B,NEW YORK 3,120,14081,SILVER CREEK,37 MAIN ST,SILVER CREEK,NY,14136,9998,,V16068,P
ATLANTIC,4B,NEW YORK 3,120,14082,JAVA CENTER,1423 ROUTE 78,JAVA CENTER,NY,14082,9998,,V14072,P
ATLANTIC,4B,NEW YORK 3,120,14083,JAVA VILLAGE,4530 ROUTE 78,JAVA VILLAGE,NY,14083,9800,,V14073,P
ATLANTIC,4B,NEW YORK 3,120,14085,HAMBURG,5501 CAMP RD,HAMBURG,NY,14075,9998,,V13725,P
ATLANTIC,4B,NEW YORK 3,120,14085,LAKE VIEW,6472 SOUTHWESTERN BLVD STE 3,LAKE VIEW,NY,14085,9997,,V14263,P
ATLANTIC,4B,NEW YORK 3,120,14086,LANCASTER DEPEW CARRIER UNIT,1763 COMO PARK BLVD,DEPEW,NY,14043,9993,,V1A563,4
ATLANTIC,4B,NEW YORK 3,120,14086,LANCASTER,5406 BROADWAY ST,LANCASTER,NY,14086,9998,,V14277,P
ATLANTIC,4B,NEW YORK 3,120,14091,COLLINS,2275 MAIN ST,COLLINS,NY,14034,9998,,V12691,P
ATLANTIC,4B,NEW YORK 3,120,14091,LAWTONS,12525 GOWANDA STATE RD,LAWTONS,NY,14091,9998,,V14310,P
ATLANTIC,4B,NEW YORK 3,120,14092,LEWISTON,150 S 8TH ST,LEWISTON,NY,14092,9998,,V14344,P
ATLANTIC,4B,NEW YORK 3,120,14094,LOCKPORT,138 EAST AVE,LOCKPORT,NY,14094,9998,,V14405,P
ATLANTIC,4B,NEW YORK 3,120,14095,LOCKPORT,138 EAST AVE,LOCKPORT,NY,14094,9998,P,V14405,P
ATLANTIC,4B,NEW YORK 3,120,14098,LYNDONVILLE,18 S MAIN ST,LYNDONVILLE,NY,14098,9998,,V14450,P
ATLANTIC,4B,NEW YORK 3,120,14101,MACHIAS,9742 MAIN ST,MACHIAS,NY,14101,9998,,V14462,P
ATLANTIC,4B,NEW YORK 3,120,14102,ELMA,2300 BOWEN RD,ELMA,NY,14059,9998,,V13205,P
ATLANTIC,4B,NEW YORK 3,120,14102,MARILLA,1800 TWO ROD RD,MARILLA,NY,14102,9998,,V14547,P
ATLANTIC,4B,NEW YORK 3,120,14103,MEDINA,128 W CENTER ST,MEDINA,NY,14103,9998,,V14625,P
ATLANTIC,4B,NEW YORK 3,120,14105,MIDDLEPORT,42 MAIN ST,MIDDLEPORT,NY,14105,9998,,V14672,P
ATLANTIC,4B,NEW YORK 3,120,14107,MODEL CITY,4746 MODEL CITY RD,MODEL CITY,NY,14107,9800,P,V14712,P
ATLANTIC,4B,NEW YORK 3,120,14108,NEWFANE,6000 EDWARD AVE,NEWFANE,NY,14108,9998,,V14980,P
ATLANTIC,4B,NEW YORK 3,120,14109,NIAGARA UNIVERSITY,11 VINCENTIAN DR,NIAGARA UNIVERSITY,NY,14109,9810,P,V15000,P
ATLANTIC,4B,NEW YORK 3,120,14110,NORTH BOSTON,7170 BOSTON STATE RD,NORTH BOSTON,NY,14110,9800,P,V15039,P
ATLANTIC,4B,NEW YORK 3,120,14111,NORTH COLLINS,10607 MAIN ST,NORTH COLLINS,NY,14111,9998,,V15050,P
ATLANTIC,4B,NEW YORK 3,120,14112,NORTH EVANS,6971 VERSAILLES RD,NORTH EVANS,NY,14112,9800,P,V15055,P
ATLANTIC,4B,NEW YORK 3,120,14113,NORTH JAVA,2143 WETHERSFIELD RD,NORTH JAVA,NY,14113,9998,,V15077,P
ATLANTIC,4B,NEW YORK 3,120,14113,STRYKERSVILLE,3778 MAIN ST,STRYKERSVILLE,NY,14145,9998,,V16422,P
ATLANTIC,4B,NEW YORK 3,120,14120,NORTH TONAWANDA,141 GOUNDRY ST,NORTH TONAWANDA,NY,14120,9998,,V15108,P
ATLANTIC,4B,NEW YORK 3,120,14125,OAKFIELD,28 MAIN ST,OAKFIELD,NY,14125,9998,,V15169,P
ATLANTIC,4B,NEW YORK 3,120,14126,OLCOTT,1617 LOCKPORT OLCOTT RD,OLCOTT,NY,14126,9800,P,V15189,P
ATLANTIC,4B,NEW YORK 3,120,14127,ORCHARD PARK,60 SCHOOL ST,ORCHARD PARK,NY,14127,9998,,V15235,P
ATLANTIC,4B,NEW YORK 3,120,14129,PERRYSBURG,11980 MAIN ST,PERRYSBURG,NY,14129,9998,,V15363,P
ATLANTIC,4B,NEW YORK 3,120,14130,PIKE,59 E MAIN ST,PIKE,NY,14130,9800,P,V15395,P
ATLANTIC,4B,NEW YORK 3,120,14131,RANSOMVILLE,2567 YOUNGSTOWN LOCKPORT RD,RANSOMVILLE,NY,14131,9998,,V15630,P
ATLANTIC,4B,NEW YORK 3,120,14132,LA SALLE,9860 NIAGARA FALLS BLVD,NIAGARA FALLS,NY,14304,9998,,V14217,S
ATLANTIC,4B,NEW YORK 3,120,14132,SANBORN,2901 NIAGARA ST,SANBORN,NY,14132,9899,,V15923,P
ATLANTIC,4B,NEW YORK 3,120,14133,FREEDOM,11481 ROUTE 98,FREEDOM,NY,14065,9998,P,V13441,P
ATLANTIC,4B,NEW YORK 3,120,14134,SARDINIA,12310 SAVAGE RD,SARDINIA,NY,14134,9998,,V15945,P
ATLANTIC,4B,NEW YORK 3,120,14135,SHERIDAN,2707 MAIN RD,SHERIDAN,NY,14135,9800,P,V16044,P
ATLANTIC,4B,NEW YORK 3,120,14136,SILVER CREEK,37 MAIN ST,SILVER CREEK,NY,14136,9998,,V16068,P
ATLANTIC,4B,NEW YORK 3,120,14138,SOUTH DAYTON,5 PARK ST,SOUTH DAYTON,NY,14138,9998,,V16177,P
ATLANTIC,4B,NEW YORK 3,120,14139,SOUTH WALES,6483 OLEAN RD,SOUTH WALES,NY,14139,9998,,V16230,P
ATLANTIC,4B,NEW YORK 3,120,14140,SPRING BROOK,6150 SENECA ST,SPRING BROOK,NY,14140,9800,P,V16258,P
ATLANTIC,4B,NEW YORK 3,120,14141,SPRINGVILLE,75 FRANKLIN ST,SPRINGVILLE,NY,14141,9998,,V16275,P
ATLANTIC,4B,NEW YORK 3,120,14143,BATAVIA,2 W MAIN ST,BATAVIA,NY,14020,9998,,V12060,P
ATLANTIC,4B,NEW YORK 3,120,14143,STAFFORD,8899 ROUTE 237,STAFFORD,NY,14143,9998,,V16344,P
ATLANTIC,4B,NEW YORK 3,120,14145,STRYKERSVILLE,3778 MAIN ST,STRYKERSVILLE,NY,14145,9998,,V16422,P
ATLANTIC,4B,NEW YORK 3,120,14150,TONAWANDA,96 SEYMOUR ST,TONAWANDA,NY,14150,9998,,V16546,P
ATLANTIC,4B,NEW YORK 3,120,14151,TONAWANDA,96 SEYMOUR ST,TONAWANDA,NY,14150,9998,P,V16546,P
ATLANTIC,4B,NEW YORK 3,120,14167,VARYSBURG,2489 ROUTE 20A,VARYSBURG,NY,14167,9998,,V16673,P
ATLANTIC,4B,NEW YORK 3,120,14168,VERSAILLES,11980 DIVISION ST,VERSAILLES,NY,14168,9800,P,V16690,P
ATLANTIC,4B,NEW YORK 3,120,14169,WALES CENTER,12273 BIG TREE RD,WALES CENTER,NY,14169,9800,P,V16778,P
ATLANTIC,4B,NEW YORK 3,120,14170,WEST FALLS,17 ELLICOTT RD,WEST FALLS,NY,14170,9998,,V16886,P
ATLANTIC,4B,NEW YORK 3,120,14171,WEST VALLEY,9386 ROUTE 240,WEST VALLEY,NY,14171,9998,,V16952,P
ATLANTIC,4B,NEW YORK 3,120,14172,WILSON,367 MCCHESNEY ST,WILSON,NY,14172,9805,,V17059,P
ATLANTIC,4B,NEW YORK 3,120,14173,YORKSHIRE,3230 MAIN ST,YORKSHIRE,NY,14173,9800,P,V17120,P
ATLANTIC,4B,NEW YORK 3,120,14174,LEWISTON,150 S 8TH ST,LEWISTON,NY,14092,9998,,V14344,P
ATLANTIC,4B,NEW YORK 3,120,14174,YOUNGSTOWN,135 LOCKPORT ST,YOUNGSTOWN,NY,14174,9998,,V17128,P
ATLANTIC,4B,NEW YORK 3,120,14201,NIAGARA SQUARE,229 W GENESEE ST,BUFFALO,NY,14202,9998,,V14998,S
ATLANTIC,4B,NEW YORK 3,120,14202,NIAGARA SQUARE,229 W GENESEE ST,BUFFALO,NY,14202,9998,,V14998,S
ATLANTIC,4B,NEW YORK 3,120,14203,NIAGARA SQUARE,229 W GENESEE ST,BUFFALO,NY,14202,9998,,V14998,S
ATLANTIC,4B,NEW YORK 3,120,14204,NIAGARA SQUARE,229 W GENESEE ST,BUFFALO,NY,14202,9998,,V14998,S
ATLANTIC,4B,NEW YORK 3,120,14205,ELLICOTT,695 WASHINGTON ST,BUFFALO,NY,14203,1412,P,019067,S
ATLANTIC,4B,NEW YORK 3,120,14206,EASTSIDE CARRIER ANNEX,1200 WILLIAM ST,BUFFALO,NY,14240,9799,,018277,4
ATLANTIC,4B,NEW YORK 3,120,14207,NORTHSIDE BUFFALO,725 HERTEL AVE,BUFFALO,NY,14207,9998,,V15126,S
ATLANTIC,4B,NEW YORK 3,120,14208,EASTSIDE CARRIER ANNEX,1200 WILLIAM ST,BUFFALO,NY,14240,9799,,018277,4
ATLANTIC,4B,NEW YORK 3,120,14209,CENTRAL PARK,170 MANHATTAN AVE,BUFFALO,NY,14215,9998,,V12497,S
ATLANTIC,4B,NEW YORK 3,120,14209,ELLICOTT,695 WASHINGTON ST,BUFFALO,NY,14203,1412,,019067,S
ATLANTIC,4B,NEW YORK 3,120,14210,EASTSIDE CARRIER ANNEX,1200 WILLIAM ST,BUFFALO,NY,14240,9799,,018277,4
ATLANTIC,4B,NEW YORK 3,120,14211,EASTSIDE CARRIER ANNEX,1200 WILLIAM ST,BUFFALO,NY,14240,9799,,018277,4
ATLANTIC,4B,NEW YORK 3,120,14212,BROADWAY BUFFALO,1035 BROADWAY ST,BUFFALO,NY,14212,9993,,V13260,S
ATLANTIC,4B,NEW YORK 3,120,14212,EASTSIDE CARRIER ANNEX,1200 WILLIAM ST,BUFFALO,NY,14240,9799,,018277,4
ATLANTIC,4B,NEW YORK 3,120,14213,WEST SIDE BUFFALO,465 GRANT ST,BUFFALO,NY,14213,9998,,V16945,S
ATLANTIC,4B,NEW YORK 3,120,14214,CENTRAL PARK,170 MANHATTAN AVE,BUFFALO,NY,14215,9998,,V12497,S
ATLANTIC,4B,NEW YORK 3,120,14215,CENTRAL PARK,170 MANHATTAN AVE,BUFFALO,NY,14215,9998,,V12497,S
ATLANTIC,4B,NEW YORK 3,120,14216,NORTHSIDE BUFFALO,725 HERTEL AVE,BUFFALO,NY,14207,9998,,V15126,S
ATLANTIC,4B,NEW YORK 3,120,14217,KENMORE,3014 DELAWARE AVE,BUFFALO,NY,14217,9998,,V14128,B
ATLANTIC,4B,NEW YORK 3,120,14217,NORTHSIDE BUFFALO,725 HERTEL AVE,BUFFALO,NY,14207,9998,,V15126,S
ATLANTIC,4B,NEW YORK 3,120,14218,LACKAWANNA,683 RIDGE RD,BUFFALO,NY,14218,9998,,V14219,B
ATLANTIC,4B,NEW YORK 3,120,14218,SOUTH SIDE BUFFALO,2061 S PARK AVE,BUFFALO,NY,14220,9998,,V16225,S
ATLANTIC,4B,NEW YORK 3,120,14219,BLASDELL,4250 LAKE AVE,BUFFALO,NY,14219,9998,,V12175,B
ATLANTIC,4B,NEW YORK 3,120,14220,SOUTH SIDE BUFFALO,2061 S PARK AVE,BUFFALO,NY,14220,9998,,V16225,S
ATLANTIC,4B,NEW YORK 3,120,14221,WILLIAMSVILLE,5325 SHERIDAN DR,BUFFALO,NY,14221,9998,,V17041,B
ATLANTIC,4B,NEW YORK 3,120,14222,WEST SIDE BUFFALO,465 GRANT ST,BUFFALO,NY,14213,9998,,V16945,S
ATLANTIC,4B,NEW YORK 3,120,14223,HILER,244 HIGHLAND PKWY,BUFFALO,NY,14223,9998,,V13872,B
ATLANTIC,4B,NEW YORK 3,120,14224,WEST SENECA,4300 SENECA ST,BUFFALO,NY,14224,9998,,V16941,B
ATLANTIC,4B,NEW YORK 3,120,14225,CHEEKTOWAGA,125 GALLERIA DR,BUFFALO,NY,14225,9998,,V12540,B
ATLANTIC,4B,NEW YORK 3,120,14226,AMHERST,5500 N BAILEY AVE,BUFFALO,NY,14226,9998,,V11898,B
ATLANTIC,4B,NEW YORK 3,120,14227,CHEEKTOWAGA,125 GALLERIA DR,BUFFALO,NY,14225,9998,,V12540,B
ATLANTIC,4B,NEW YORK 3,120,14228,AMHERST,5500 N BAILEY AVE,BUFFALO,NY,14226,9998,,V11898,B
ATLANTIC,4B,NEW YORK 3,120,14231,WILLIAMSVILLE,5325 SHERIDAN DR,BUFFALO,NY,14221,9998,P,V17041,B
ATLANTIC,4B,NEW YORK 3,120,14240,EASTSIDE CARRIER ANNEX,1200 WILLIAM ST,BUFFALO,NY,14240,9799,P,018277,4
ATLANTIC,4B,NEW YORK 3,120,14301,NEW MARKET,2020 PINE AVE STE A,NIAGARA FALLS,NY,14301,9993,,V14954,S
ATLANTIC,4B,NEW YORK 3,120,14301,NIAGARA FALLS,615 MAIN ST STE 1,NIAGARA FALLS,NY,14301,9998,,V14994,P
ATLANTIC,4B,NEW YORK 3,120,14302,NIAGARA FALLS,615 MAIN ST STE 1,NIAGARA FALLS,NY,14301,9998,P,V14994,P
ATLANTIC,4B,NEW YORK 3,120,14303,NIAGARA FALLS,615 MAIN ST STE 1,NIAGARA FALLS,NY,14301,9998,,V14994,P
ATLANTIC,4B,NEW YORK 3,120,14304,LA SALLE,9860 NIAGARA FALLS BLVD,NIAGARA FALLS,NY,14304,9998,,V14217,S
ATLANTIC,4B,NEW YORK 3,120,14305,BRIDGE,1001 SOUTH AVE LOWR,NIAGARA FALLS,NY,14305,9998,,V12274,S
ATLANTIC,4B,NEW YORK 3,120,14305,NIAGARA FALLS,615 MAIN ST STE 1,NIAGARA FALLS,NY,14301,9998,,V14994,P
ATLANTIC,4B,NEW YORK 3,120,14410,ADAMS BASIN,4303 CANAL RD,ADAMS BASIN,NY,14410,9998,P,V11825,P
ATLANTIC,4B,NEW YORK 3,120,14411,ALBION,8 S MAIN ST,ALBION,NY,14411,9998,,V11847,P
ATLANTIC,4B,NEW YORK 3,120,14413,ALTON,8483 RIDGE RD,ALTON,NY,14413,9800,P,V11882,P
ATLANTIC,4B,NEW YORK 3,120,14414,AVON,80 PROSPECT ST,AVON,NY,14414,9998,,V12000,P
ATLANTIC,4B,NEW YORK 3,120,14415,BELLONA,134 PRE EMPTION RD,BELLONA,NY,14415,9998,,V12132,P
ATLANTIC,4B,NEW YORK 3,120,14416,BERGEN,15 ROCHESTER ST,BERGEN,NY,14416,9998,,V12142,P
ATLANTIC,4B,NEW YORK 3,120,14418,KEUKA PARK,508 ASSEMBLY AVE,KEUKA PARK,NY,14478,9998,,V14144,P
ATLANTIC,4B,NEW YORK 3,120,14420,BROCKPORT,14 MAIN ST,BROCKPORT,NY,14420,9998,,V12303,P
ATLANTIC,4B,NEW YORK 3,120,14422,BYRON,6332 ROUTE 262,BYRON,NY,14422,9998,,V12375,P
ATLANTIC,4B,NEW YORK 3,120,14423,MUMFORD,38 DAKIN ST,MUMFORD,NY,14511,9815,,V14811,P
ATLANTIC,4B,NEW YORK 3,120,14423,SCOTTSVILLE,3 ROCHESTER ST,SCOTTSVILLE,NY,14546,9998,,V15988,P
ATLANTIC,4B,NEW YORK 3,120,14424,CANANDAIGUA,405 EASTERN BLVD,CANANDAIGUA,NY,14424,9998,,V12412,P
ATLANTIC,4B,NEW YORK 3,120,14425,FARMINGTON,1560 STATE ROUTE 332,FARMINGTON,NY,14425,9998,,V19215,B
ATLANTIC,4B,NEW YORK 3,120,14427,CASTILE,30 N MAIN ST,CASTILE,NY,14427,9998,,V12445,P
ATLANTIC,4B,NEW YORK 3,120,14427,PERRY,24 MAIN ST N,PERRY,NY,14530,9998,,V15361,P
ATLANTIC,4B,NEW YORK 3,120,14428,CHURCHVILLE,42G S MAIN ST,CHURCHVILLE,NY,14428,9998,,V12589,P
ATLANTIC,4B,NEW YORK 3,120,14429,CLARENDON,4540 HOLLEY BYRON RD,CLARENDON,NY,14429,9800,P,V12607,P
ATLANTIC,4B,NEW YORK 3,120,14430,BROCKPORT,14 MAIN ST,BROCKPORT,NY,14420,9998,P,V12303,P
ATLANTIC,4B,NEW YORK 3,120,14432,CLIFTON SPRINGS,3 SPRING ST,CLIFTON SPRINGS,NY,14432,9998,,V12637,P
ATLANTIC,4B,NEW YORK 3,120,14433,CLYDE,20 S PARK ST,CLYDE,NY,14433,9998,,V12650,P
ATLANTIC,4B,NEW YORK 3,120,14435,CONESUS,6154 S LIVONIA RD,CONESUS,NY,14435,9998,,V12720,P
ATLANTIC,4B,NEW YORK 3,120,14437,DANSVILLE,116 MAIN ST,DANSVILLE,NY,14437,9998,,V12868,P
ATLANTIC,4B,NEW YORK 3,120,14441,DRESDEN,60 MAIN ST,DRESDEN,NY,14441,9998,,V12964,P
ATLANTIC,4B,NEW YORK 3,120,14443,BLOOMFIELD,2 ELM ST,BLOOMFIELD,NY,14469,9998,P,V13902,P
ATLANTIC,4B,NEW YORK 3,120,14445,EAST ROCHESTER,206 W COMMERCIAL ST,EAST ROCHESTER,NY,14445,9998,,V13120,P
ATLANTIC,4B,NEW YORK 3,120,14449,WILLIAMSON,6144 STATE ROUTE 21,WILLIAMSON,NY,14589,9998,P,V17038,P
ATLANTIC,4B,NEW YORK 3,120,14450,FAIRPORT,770 AYRAULT RD,FAIRPORT,NY,14450,9998,,V13271,P
ATLANTIC,4B,NEW YORK 3,120,14452,FANCHER,15865 MILLION DOLLAR HWY,FANCHER,NY,14452,9800,P,V13275,P
ATLANTIC,4B,NEW YORK 3,120,14453,FISHERS,7839 MAIN ST,FISHERS,NY,14453,9800,P,V13332,P
ATLANTIC,4B,NEW YORK 3,120,14454,GENESEO,13 SOUTH ST,GENESEO,NY,14454,9998,,V13522,P
ATLANTIC,4B,NEW YORK 3,120,14456,GENEVA,67 CASTLE ST,GENEVA,NY,14456,9998,,V13523,P
ATLANTIC,4B,NEW YORK 3,120,14461,GORHAM,2621 MAIN ST,GORHAM,NY,14461,9800,P,V13579,P
ATLANTIC,4B,NEW YORK 3,120,14462,GROVELAND,7426 GROVELAND STATION RD,GROVELAND,NY,14462,9998,,V13684,P
ATLANTIC,4B,NEW YORK 3,120,14463,HALL,4858 STATE ROUTE 14A,HALL,NY,14463,9800,P,V13719,P
ATLANTIC,4B,NEW YORK 3,120,14464,HAMLIN,133 RAILROAD AVE,HAMLIN,NY,14464,9998,,V13731,P
ATLANTIC,4B,NEW YORK 3,120,14466,HEMLOCK,4625 MAIN ST,HEMLOCK,NY,14466,9998,,V13821,P
ATLANTIC,4B,NEW YORK 3,120,14467,HENRIETTA,25 GOODBURLET RD,HENRIETTA,NY,14467,9998,,V13828,P
ATLANTIC,4B,NEW YORK 3,120,14468,HILTON,25 SOUTH AVE,HILTON,NY,14468,9998,,V13884,P
ATLANTIC,4B,NEW YORK 3,120,14469,BLOOMFIELD,2 ELM ST,BLOOMFIELD,NY,14469,9998,,V13902,P
ATLANTIC,4B,NEW YORK 3,120,14470,HOLLEY,5 WRIGHT ST,HOLLEY,NY,14470,9998,,V13907,P
ATLANTIC,4B,NEW YORK 3,120,14471,HONEOYE,8627 MAIN ST,HONEOYE,NY,14471,9998,,V13923,P
ATLANTIC,4B,NEW YORK 3,120,14472,HONEOYE FALLS,39 W MAIN ST,HONEOYE FALLS,NY,14472,9998,,V13924,P
ATLANTIC,4B,NEW YORK 3,120,14475,IONIA,8289 COUNTY ROAD 14,IONIA,NY,14475,9998,,V14015,P
ATLANTIC,4B,NEW YORK 3,120,14476,KENDALL,1870 KENDALL RD,KENDALL,NY,14476,9998,,V14126,P
ATLANTIC,4B,NEW YORK 3,120,14477,KENT,1788 KENT RD,KENT,NY,14477,9998,,V14136,P
ATLANTIC,4B,NEW YORK 3,120,14478,KEUKA PARK,508 ASSEMBLY AVE,KEUKA PARK,NY,14478,9998,,V14144,P
ATLANTIC,4B,NEW YORK 3,120,14480,LAKEVILLE,5832 BIG TREE RD,LAKEVILLE,NY,14480,9998,,V14272,P
ATLANTIC,4B,NEW YORK 3,120,14481,LEICESTER,130 MAIN ST,LEICESTER,NY,14481,9998,,V14329,P
ATLANTIC,4B,NEW YORK 3,120,14481,MOUNT MORRIS,31 CHAPEL ST,MOUNT MORRIS,NY,14510,9998,,V14785,P
ATLANTIC,4B,NEW YORK 3,120,14482,LE ROY,2 MAIN ST,LE ROY,NY,14482,9998,,V14315,P
ATLANTIC,4B,NEW YORK 3,120,14485,LIMA,7275 W MAIN ST,LIMA,NY,14485,9998,,V14351,P
ATLANTIC,4B,NEW YORK 3,120,14487,LIVONIA,34 MAIN ST,LIVONIA,NY,14487,9998,,V14387,P
ATLANTIC,4B,NEW YORK 3,120,14488,LIVONIA,34 MAIN ST,LIVONIA,NY,14487,9998,P,V14387,P
ATLANTIC,4B,NEW YORK 3,120,14489,LYONS,1 PEARL ST,LYONS,NY,14489,9998,,V14452,P
ATLANTIC,4B,NEW YORK 3,120,14502,MACEDON,1475 CANANDAIGUA RD,MACEDON,NY,14502,9998,,V14461,P
ATLANTIC,4B,NEW YORK 3,120,14504,MANCHESTER,109 S MAIN ST,MANCHESTER,NY,14504,9998,,V14502,P
ATLANTIC,4B,NEW YORK 3,120,14505,MARION,3785 S MAIN ST,MARION,NY,14505,9998,,V14552,P
ATLANTIC,4B,NEW YORK 3,120,14505,WILLIAMSON,6144 STATE ROUTE 21,WILLIAMSON,NY,14589,9998,,V17038,P
ATLANTIC,4B,NEW YORK 3,120,14506,MENDON,53 ASSEMBLY DR,MENDON,NY,14506,9998,,V14638,P
ATLANTIC,4B,NEW YORK 3,120,14506,PITTSFORD,5607 PALMYRA RD,PITTSFORD,NY,14534,9998,,V15434,P
ATLANTIC,4B,NEW YORK 3,120,14507,MIDDLESEX,1213 MAIN ST,MIDDLESEX,NY,14507,9998,,V14673,P
ATLANTIC,4B,NEW YORK 3,120,14508,MORTON,1205 COUNTY LINE RD STE 1,MORTON,NY,14508,9800,P,V14764,P
ATLANTIC,4B,NEW YORK 3,120,14510,MOUNT MORRIS,31 CHAPEL ST,MOUNT MORRIS,NY,14510,9998,,V14785,P
ATLANTIC,4B,NEW YORK 3,120,14511,MUMFORD,38 DAKIN ST,MUMFORD,NY,14511,9815,P,V14811,P
ATLANTIC,4B,NEW YORK 3,120,14512,NAPLES,137 N MAIN ST,NAPLES,NY,14512,9998,,V14904,P
ATLANTIC,4B,NEW YORK 3,120,14513,NEWARK,300 S MAIN ST,NEWARK,NY,14513,9998,,V14974,P
ATLANTIC,4B,NEW YORK 3,120,14514,NORTH CHILI,3235 UNION ST,NORTH CHILI,NY,14514,9998,,V15046,P
ATLANTIC,4B,NEW YORK 3,120,14515,NORTH GREECE,640 N GREECE RD,NORTH GREECE,NY,14515,9800,P,V15063,P
ATLANTIC,4B,NEW YORK 3,120,14516,NORTH ROSE,10374 E RAILROAD AVE,NORTH ROSE,NY,14516,9998,,V15095,P
ATLANTIC,4B,NEW YORK 3,120,14517,NUNDA,17 S STATE ST,NUNDA,NY,14517,9998,,V15137,P
ATLANTIC,4B,NEW YORK 3,120,14518,PHELPS,6 CHURCH ST,PHELPS,NY,14532,9998,P,V15377,P
ATLANTIC,4B,NEW YORK 3,120,14519,ONTARIO,2001 FURGUSON ST,ONTARIO,NY,14519,9998,,V15228,P
ATLANTIC,4B,NEW YORK 3,120,14520,ONTARIO CENTER,1544 RIDGE RD,ONTARIO CENTER,NY,14520,9800,P,V15229,P
ATLANTIC,4B,NEW YORK 3,120,14521,OVID,7161 MAIN ST,OVID,NY,14521,9998,,V15267,P
ATLANTIC,4B,NEW YORK 3,120,14522,PALMYRA,522 E MAIN ST,PALMYRA,NY,14522,9998,,V15296,P
ATLANTIC,4B,NEW YORK 3,120,14525,PAVILION,11142 LAKE ST,PAVILION,NY,14525,9998,,V15335,P
ATLANTIC,4B,NEW YORK 3,120,14526,PENFIELD,2080 FAIRPORT NINE MILE POINT RD,PENFIELD,NY,14526,9998,,V15355,P
ATLANTIC,4B,NEW YORK 3,120,14527,PENN YAN,159 MAIN ST,PENN YAN,NY,14527,9998,,V15356,P
ATLANTIC,4B,NEW YORK 3,120,14529,PERKINSVILLE,1904 MAIN ST,PERKINSVILLE,NY,14529,9800,P,V15360,P
ATLANTIC,4B,NEW YORK 3,120,14530,PERRY,24 MAIN ST N,PERRY,NY,14530,9998,,V15361,P
ATLANTIC,4B,NEW YORK 3,120,14532,PHELPS,6 CHURCH ST,PHELPS,NY,14532,9998,,V15377,P
ATLANTIC,4B,NEW YORK 3,120,14533,GENESEO,13 SOUTH ST,GENESEO,NY,14454,9998,,V13522,P
ATLANTIC,4B,NEW YORK 3,120,14533,PIFFARD,3215 GENESEE ST,PIFFARD,NY,14533,9998,,V15394,P
ATLANTIC,4B,NEW YORK 3,120,14534,PITTSFORD,5607 PALMYRA RD,PITTSFORD,NY,14534,9998,,V15434,P
ATLANTIC,4B,NEW YORK 3,120,14536,NUNDA,17 S STATE ST,NUNDA,NY,14517,9998,,V15137,P
ATLANTIC,4B,NEW YORK 3,120,14536,PORTAGEVILLE,6676 HAMILTON ST,PORTAGEVILLE,NY,14536,9998,,V15514,P
ATLANTIC,4B,NEW YORK 3,120,14537,PORT GIBSON,41 ATWATER ST,PORT GIBSON,NY,14537,9800,P,V15497,P
ATLANTIC,4B,NEW YORK 3,120,14538,PULTNEYVILLE,4133 MILL ST,PULTNEYVILLE,NY,14538,9800,P,V15587,P
ATLANTIC,4B,NEW YORK 3,120,14539,RETSOF,3681 RETSOF RD,RETSOF,NY,14539,9800,P,V15671,P
ATLANTIC,4B,NEW YORK 3,120,14541,ROMULUS,1969 SENECA ST,ROMULUS,NY,14541,9998,,V15778,P
ATLANTIC,4B,NEW YORK 3,120,14542,ROSE,10660 WOLCOTT ST,ROSE,NY,14542,9800,P,V15790,P
ATLANTIC,4B,NEW YORK 3,120,14543,RUSH,6144 RUSH LIMA RD,RUSH,NY,14543,9998,,V15825,P
ATLANTIC,4B,NEW YORK 3,120,14544,RUSHVILLE,12 S MAIN ST,RUSHVILLE,NY,14544,9998,,V15828,P
ATLANTIC,4B,NEW YORK 3,120,14546,SCOTTSVILLE,3 ROCHESTER ST,SCOTTSVILLE,NY,14546,9998,,V15988,P
ATLANTIC,4B,NEW YORK 3,120,14547,SENECA CASTLE,2081 BUFFALO ST,SENECA CASTLE,NY,14547,9800,P,V16011,P
ATLANTIC,4B,NEW YORK 3,120,14548,SHORTSVILLE,2 SHELDON ST,SHORTSVILLE,NY,14548,9998,,V16058,P
ATLANTIC,4B,NEW YORK 3,120,14549,SILVER LAKE,36 PERRY AVE,SILVER LAKE,NY,14549,9800,P,V16071,P
ATLANTIC,4B,NEW YORK 3,120,14550,SILVER SPRINGS,37 N MAIN ST,SILVER SPRINGS,NY,14550,9998,,V16074,P
ATLANTIC,4B,NEW YORK 3,120,14551,SODUS,44 W MAIN ST,SODUS,NY,14551,9998,,V16141,P
ATLANTIC,4B,NEW YORK 3,120,14555,SODUS,44 W MAIN ST,SODUS,NY,14551,9998,,V16141,P
ATLANTIC,4B,NEW YORK 3,120,14555,SODUS POINT,8432 BAY ST,SODUS POINT,NY,14555,9998,,V16144,P
ATLANTIC,4B,NEW YORK 3,120,14556,SONYEA,56 PORTER DR,SONYEA,NY,14556,9800,P,V16152,P
ATLANTIC,4B,NEW YORK 3,120,14557,SOUTH BYRON,7545 ROUTE 237,SOUTH BYRON,NY,14557,9800,P,V16171,P
ATLANTIC,4B,NEW YORK 3,120,14558,LIVONIA,34 MAIN ST,LIVONIA,NY,14487,9998,P,V14387,P
ATLANTIC,4B,NEW YORK 3,120,14559,SPENCERPORT,11 AMITY ST,SPENCERPORT,NY,14559,9998,,V16251,P
ATLANTIC,4B,NEW YORK 3,120,14560,SPRINGWATER,7886 N MAIN ST,SPRINGWATER,NY,14560,9998,,V16276,P
ATLANTIC,4B,NEW YORK 3,120,14560,WAYLAND,23 E NAPLES ST,WAYLAND,NY,14572,9998,,V16831,P
ATLANTIC,4B,NEW YORK 3,120,14561,STANLEY,2102 STATE ROUTE 245,STANLEY,NY,14561,9998,,V16351,P
ATLANTIC,4B,NEW YORK 3,120,14563,UNION HILL,82 RIDGE RD,UNION HILL,NY,14563,9800,P,V16608,P
ATLANTIC,4B,NEW YORK 3,120,14564,VICTOR,21 FRAMARK DR,VICTOR,NY,14564,9998,,V16699,P
ATLANTIC,4B,NEW YORK 3,120,14568,ONTARIO,2001 FURGUSON ST,ONTARIO,NY,14519,9998,,V15228,P
ATLANTIC,4B,NEW YORK 3,120,14568,WALWORTH,2263 WALWORTH MARION RD,WALWORTH,NY,14568,9998,,V16790,P
ATLANTIC,4B,NEW YORK 3,120,14569,WARSAW,35 S MAIN ST,WARSAW,NY,14569,9998,,V16805,P
ATLANTIC,4B,NEW YORK 3,120,14571,WATERPORT,1975 MAIN ST,WATERPORT,NY,14571,9998,,V16817,P
ATLANTIC,4B,NEW YORK 3,120,14572,WAYLAND,23 E NAPLES ST,WAYLAND,NY,14572,9998,,V16831,P
ATLANTIC,4B,NEW YORK 3,120,14580,WEBSTER,75 BARRETT DR,WEBSTER,NY,14580,9998,,V16833,P
ATLANTIC,4B,NEW YORK 3,120,14585,WEST BLOOMFIELD,9222 STATE ROUTE 5 AND 20,WEST BLOOMFIELD,NY,14585,9998,,V16856,P
ATLANTIC,4B,NEW YORK 3,120,14586,HENRIETTA,25 GOODBURLET RD,HENRIETTA,NY,14467,9998,,V13828,P
ATLANTIC,4B,NEW YORK 3,120,14586,WEST HENRIETTA,772 ERIE STATION RD,WEST HENRIETTA,NY,14586,9998,,V16900,P
ATLANTIC,4B,NEW YORK 3,120,14588,WILLARD,1435 PROSPECT ST,WILLARD,NY,14588,9998,P,V17032,P
ATLANTIC,4B,NEW YORK 3,120,14589,WILLIAMSON,6144 STATE ROUTE 21,WILLIAMSON,NY,14589,9998,,V17038,P
ATLANTIC,4B,NEW YORK 3,120,14590,WOLCOTT,6048 LAKE AVE,WOLCOTT,NY,14590,9998,,V17071,P
ATLANTIC,4B,NEW YORK 3,120,14591,WYOMING,2 S ACADEMY ST,WYOMING,NY,14591,9998,,V17111,P
ATLANTIC,4B,NEW YORK 3,120,14592,YORK,2706 MAIN ST,YORK,NY,14592,9800,P,V17118,P
ATLANTIC,4B,NEW YORK 3,120,14602,ROCHESTER,1335 JEFFERSON RD,ROCHESTER,NY,14692,9998,P,V15732,P
ATLANTIC,4B,NEW YORK 3,120,14603,DOWNTOWN ROCHESTER,216 CUMBERLAND ST,ROCHESTER,NY,14603,9998,P,V12959,S
ATLANTIC,4B,NEW YORK 3,120,14604,DOWNTOWN ROCHESTER,216 CUMBERLAND ST,ROCHESTER,NY,14603,9998,,V12959,S
ATLANTIC,4B,NEW YORK 3,120,14605,DOWNTOWN ROCHESTER,216 CUMBERLAND ST,ROCHESTER,NY,14603,9998,,V12959,S
ATLANTIC,4B,NEW YORK 3,120,14606,LEXINGTON ROCHESTER,1280 LEXINGTON AVE,ROCHESTER,NY,14606,9998,,V14445,S
ATLANTIC,4B,NEW YORK 3,120,14607,DOWNTOWN ROCHESTER,216 CUMBERLAND ST,ROCHESTER,NY,14603,9998,,V12959,S
ATLANTIC,4B,NEW YORK 3,120,14608,DOWNTOWN ROCHESTER,216 CUMBERLAND ST,ROCHESTER,NY,14603,9998,,V12959,S
ATLANTIC,4B,NEW YORK 3,120,14609,BEECHWOOD,300 WARING RD,ROCHESTER,NY,14609,9998,,V12112,S
ATLANTIC,4B,NEW YORK 3,120,14610,BRIGHTON ROCHESTER,130 N WINTON RD,ROCHESTER,NY,14610,9998,,V12285,S
ATLANTIC,4B,NEW YORK 3,120,14610,PANORAMA,1614 PENFIELD RD STE 2,ROCHESTER,NY,14625,9998,,V15300,B
ATLANTIC,4B,NEW YORK 3,120,14611,WESTGATE,1485 HOWARD RD,ROCHESTER,NY,14624,9998,,V16975,B
ATLANTIC,4B,NEW YORK 3,120,14612,CHARLOTTE,4455 LAKE AVE,ROCHESTER,NY,14612,9997,,V12515,S
ATLANTIC,4B,NEW YORK 3,120,14612,GREECE,3245 LATTA RD,ROCHESTER,NY,14612,9998,,V13640,B
ATLANTIC,4B,NEW YORK 3,120,14613,DEWEY,376 LEXINGTON AVE,ROCHESTER,NY,14613,9998,,V12927,S
ATLANTIC,4B,NEW YORK 3,120,14613,LEXINGTON ROCHESTER,1280 LEXINGTON AVE,ROCHESTER,NY,14606,9998,,V14445,S
ATLANTIC,4B,NEW YORK 3,120,14614,DOWNTOWN ROCHESTER,216 CUMBERLAND ST,ROCHESTER,NY,14603,9998,,V12959,S
ATLANTIC,4B,NEW YORK 3,120,14614,METRO,116 W MAIN ST,ROCHESTER,NY,14614,1119,,015173,S
ATLANTIC,4B,NEW YORK 3,120,14615,LEXINGTON ROCHESTER,1280 LEXINGTON AVE,ROCHESTER,NY,14606,9998,,V14445,S
ATLANTIC,4B,NEW YORK 3,120,14615,WEST RIDGE,1857 DEWEY AVE,ROCHESTER,NY,14615,9998,,V16933,S
ATLANTIC,4B,NEW YORK 3,120,14616,GREECE,3245 LATTA RD,ROCHESTER,NY,14612,9998,,V13640,B
ATLANTIC,4B,NEW YORK 3,120,14617,IRONDEQUOIT,425 E RIDGE RD,ROCHESTER,NY,14621,9998,,V14019,S
ATLANTIC,4B,NEW YORK 3,120,14618,LOEHMANNS PLAZA,1900 S CLINTON AVE STE 25,ROCHESTER,NY,14618,9998,,V16587,B
ATLANTIC,4B,NEW YORK 3,120,14618,ROCHESTER CARRIER ANNEX,1335 JEFFERSON RD,ROCHESTER,NY,14692,9204,,008937,4
ATLANTIC,4B,NEW YORK 3,120,14619,THURSTON ROAD,525 THURSTON RD,ROCHESTER,NY,14619,9998,,V16519,S
ATLANTIC,4B,NEW YORK 3,120,14619,WESTGATE,1485 HOWARD RD,ROCHESTER,NY,14624,9998,,V16975,B
ATLANTIC,4B,NEW YORK 3,120,14620,ROCHESTER CARRIER ANNEX,1335 JEFFERSON RD,ROCHESTER,NY,14692,9204,,008937,4
ATLANTIC,4B,NEW YORK 3,120,14621,IRONDEQUOIT,425 E RIDGE RD,ROCHESTER,NY,14621,9998,,V14019,S
ATLANTIC,4B,NEW YORK 3,120,14622,IRONDEQUOIT,425 E RIDGE RD,ROCHESTER,NY,14621,9998,,V14019,S
ATLANTIC,4B,NEW YORK 3,120,14623,ROCHESTER CARRIER ANNEX,1335 JEFFERSON RD,ROCHESTER,NY,14692,9204,,008937,4
ATLANTIC,4B,NEW YORK 3,120,14624,WESTGATE,1485 HOWARD RD,ROCHESTER,NY,14624,9998,,V16975,B
ATLANTIC,4B,NEW YORK 3,120,14625,PANORAMA,1614 PENFIELD RD STE 2,ROCHESTER,NY,14625,9998,,V15300,B
ATLANTIC,4B,NEW YORK 3,120,14626,GREECE,3245 LATTA RD,ROCHESTER,NY,14612,9998,,V13640,B
ATLANTIC,4B,NEW YORK 3,120,14626,RIDGEMONT,2833 W RIDGE RD STE 28,ROCHESTER,NY,14626,9998,,V15698,B
ATLANTIC,4B,NEW YORK 3,120,14692,ROCHESTER,1335 JEFFERSON RD,ROCHESTER,NY,14692,9998,P,V15732,P
ATLANTIC,4B,NEW YORK 3,120,14701,JAMESTOWN,300 E 3RD ST,JAMESTOWN,NY,14701,9998,,V14065,P
ATLANTIC,4B,NEW YORK 3,120,14702,SOUTHSIDE,752 FOOTE AVE,JAMESTOWN,NY,14701,9993,P,V11817,S
ATLANTIC,4B,NEW YORK 3,120,14702,JAMESTOWN,300 E 3RD ST,JAMESTOWN,NY,14701,9998,P,V14065,P
ATLANTIC,4B,NEW YORK 3,120,14706,ALLEGANY,21 N 5TH ST,ALLEGANY,NY,14706,9998,,V11866,P
ATLANTIC,4B,NEW YORK 3,120,14707,ALLENTOWN,5840 MAIN ST,ALLENTOWN,NY,14707,9800,P,V11868,P
ATLANTIC,4B,NEW YORK 3,120,14708,BOLIVAR,279 MAIN ST,BOLIVAR,NY,14715,9998,,V12207,P
ATLANTIC,4B,NEW YORK 3,120,14709,ANGELICA,1 W MAIN ST,ANGELICA,NY,14709,9998,,V11912,P
ATLANTIC,4B,NEW YORK 3,120,14710,ASHVILLE,2181 N MAPLE AVE,ASHVILLE,NY,14710,9998,,V11967,P
ATLANTIC,4B,NEW YORK 3,120,14711,BELFAST,53 S MAIN ST,BELFAST,NY,14711,9800,,V12117,P
ATLANTIC,4B,NEW YORK 3,120,14712,BEMUS POINT,29 MAIN ST,BEMUS POINT,NY,14712,9998,,V12138,P
ATLANTIC,4B,NEW YORK 3,120,14714,BLACK CREEK,6391 ROUTE 305,BLACK CREEK,NY,14714,9998,,V12172,P
ATLANTIC,4B,NEW YORK 3,120,14715,BOLIVAR,279 MAIN ST,BOLIVAR,NY,14715,9998,,V12207,P
ATLANTIC,4B,NEW YORK 3,120,14716,BROCTON,42 E MAIN ST,BROCTON,NY,14716,9998,,V12304,P
ATLANTIC,4B,NEW YORK 3,120,14717,BELFAST,53 S MAIN ST,BELFAST,NY,14711,9800,,V12117,P
ATLANTIC,4B,NEW YORK 3,120,14717,CANEADEA,8915 STATE ROUTE 19,CANEADEA,NY,14717,9998,,V12417,P
ATLANTIC,4B,NEW YORK 3,120,14718,CASSADAGA,15 MAPLE AVE,CASSADAGA,NY,14718,9800,,V12443,P
ATLANTIC,4B,NEW YORK 3,120,14719,CATTARAUGUS,8 MEMORIAL DR,CATTARAUGUS,NY,14719,9998,,V12464,P
ATLANTIC,4B,NEW YORK 3,120,14720,CELORON,17 BOULEVARD AVE,CELORON,NY,14720,9800,P,V12475,P
ATLANTIC,4B,NEW YORK 3,120,14721,CERES,227 MAIN ST,CERES,NY,14721,9800,,V12505,P
ATLANTIC,4B,NEW YORK 3,120,14722,CHAUTAUQUA,10-12 ROBERTS ST,CHAUTAUQUA,NY,14722,9800,P,V12536,P
ATLANTIC,4B,NEW YORK 3,120,14723,CHERRY CREEK,6746 MAIN ST,CHERRY CREEK,NY,14723,9899,,V12559,P
ATLANTIC,4B,NEW YORK 3,120,14724,CLYMER,8727 E MAIN ST,CLYMER,NY,14724,9998,,V12651,P
ATLANTIC,4B,NEW YORK 3,120,14726,CONEWANGO VALLEY,5496 ROUTE 62,CONEWANGO VALLEY,NY,14726,9998,,V12721,P
ATLANTIC,4B,NEW YORK 3,120,14726,RANDOLPH,90 MAIN ST,RANDOLPH,NY,14772,9998,,V15629,P
ATLANTIC,4B,NEW YORK 3,120,14727,CUBA,40 WATER ST,CUBA,NY,14727,9998,,V12851,P
ATLANTIC,4B,NEW YORK 3,120,14728,DEWITTVILLE,5452 E LAKE RD,DEWITTVILLE,NY,14728,9998,,V12929,P
ATLANTIC,4B,NEW YORK 3,120,14728,MAYVILLE,19 E CHAUTAUQUA ST,MAYVILLE,NY,14757,9998,,V14592,P
ATLANTIC,4B,NEW YORK 3,120,14729,CATTARAUGUS,8 MEMORIAL DR,CATTARAUGUS,NY,14719,9998,,V12464,P
ATLANTIC,4B,NEW YORK 3,120,14729,EAST OTTO,8991 REED HILL RD,EAST OTTO,NY,14729,9998,,V13109,P
ATLANTIC,4B,NEW YORK 3,120,14730,RANDOLPH,90 MAIN ST,RANDOLPH,NY,14772,9998,P,V15629,P
ATLANTIC,4B,NEW YORK 3,120,14731,ELLICOTTVILLE,4 WASHINGTON ST,ELLICOTTVILLE,NY,14731,9998,,V13197,P
ATLANTIC,4B,NEW YORK 3,120,14732,ELLINGTON,5006 MILL ST,ELLINGTON,NY,14732,9800,P,V13200,P
ATLANTIC,4B,NEW YORK 3,120,14733,FALCONER,5 W EVERETT ST,FALCONER,NY,14733,9998,,V13272,P
ATLANTIC,4B,NEW YORK 3,120,14735,FILLMORE,54 W MAIN ST,FILLMORE,NY,14735,9800,,V13316,P
ATLANTIC,4B,NEW YORK 3,120,14736,FINDLEY LAKE,10404 MAIN ST,FINDLEY LAKE,NY,14736,9998,,V13317,P
ATLANTIC,4B,NEW YORK 3,120,14737,FRANKLINVILLE,14 S MAIN ST,FRANKLINVILLE,NY,14737,9998,,V13435,P
ATLANTIC,4B,NEW YORK 3,120,14738,FREWSBURG,21 E MAIN ST,FREWSBURG,NY,14738,9900,,V13460,P
ATLANTIC,4B,NEW YORK 3,120,14739,FRIENDSHIP,4 W WATER ST,FRIENDSHIP,NY,14739,9998,,V13461,P
ATLANTIC,4B,NEW YORK 3,120,14740,GERRY,4465 ROUTE 60,GERRY,NY,14740,9998,,V13532,P
ATLANTIC,4B,NEW YORK 3,120,14741,GREAT VALLEY,6027 DEPOT ST,GREAT VALLEY,NY,14741,9998,,V13638,P
ATLANTIC,4B,NEW YORK 3,120,14742,GREENHURST,2871 GREENHURST AVE,GREENHURST,NY,14742,9800,P,V13659,P
ATLANTIC,4B,NEW YORK 3,120,14743,HINSDALE,3722 MAIN ST,HINSDALE,NY,14743,9998,,V13889,P
ATLANTIC,4B,NEW YORK 3,120,14744,HOUGHTON,9672 ROUTE 19,HOUGHTON,NY,14744,9998,,V13945,P
ATLANTIC,4B,NEW YORK 3,120,14745,HUME,10912 COUNTY ROAD 23,HUME,NY,14745,9800,P,V13973,P
ATLANTIC,4B,NEW YORK 3,120,14747,KENNEDY,3600 CHURCH ST,KENNEDY,NY,14747,9800,,V14130,P
ATLANTIC,4B,NEW YORK 3,120,14747,RANDOLPH,90 MAIN ST,RANDOLPH,NY,14772,9998,,V15629,P
ATLANTIC,4B,NEW YORK 3,120,14748,KILL BUCK,3753 OAKWOOD ST,KILL BUCK,NY,14748,9998,,V14151,P
ATLANTIC,4B,NEW YORK 3,120,14750,LAKEWOOD,2 W FAIRMOUNT AVE,LAKEWOOD,NY,14750,9998,,V14275,P
ATLANTIC,4B,NEW YORK 3,120,14751,CONEWANGO VALLEY,5496 ROUTE 62,CONEWANGO VALLEY,NY,14726,9998,P,V12721,P
ATLANTIC,4B,NEW YORK 3,120,14752,LILY DALE,30 SOUTH ST,LILY DALE,NY,14752,9800,P,V14350,P
ATLANTIC,4B,NEW YORK 3,120,14753,LIMESTONE,610 MAIN ST,LIMESTONE,NY,14753,9998,,V14354,P
ATLANTIC,4B,NEW YORK 3,120,14754,LITTLE GENESEE,8258 STATE ROUTE 417,LITTLE GENESEE,NY,14754,9998,,V14372,P
ATLANTIC,4B,NEW YORK 3,120,14755,LITTLE VALLEY,115 MAIN ST,LITTLE VALLEY,NY,14755,9998,,V14378,P
ATLANTIC,4B,NEW YORK 3,120,14756,DEWITTVILLE,5452 E LAKE RD,DEWITTVILLE,NY,14728,9998,P,V12929,P
ATLANTIC,4B,NEW YORK 3,120,14757,MAYVILLE,19 E CHAUTAUQUA ST,MAYVILLE,NY,14757,9998,,V14592,P
ATLANTIC,4B,NEW YORK 3,120,14758,LAKEWOOD,2 W FAIRMOUNT AVE,LAKEWOOD,NY,14750,9998,P,V14275,P
ATLANTIC,4B,NEW YORK 3,120,14760,OLEAN,102 S UNION ST,OLEAN,NY,14760,9998,,V15211,P
ATLANTIC,4B,NEW YORK 3,120,14766,OTTO,9120 OTTO EAST OTTO RD,OTTO,NY,14766,9800,P,V15265,P
ATLANTIC,4B,NEW YORK 3,120,14767,LAKEWOOD,2 W FAIRMOUNT AVE,LAKEWOOD,NY,14750,9998,,V14275,P
ATLANTIC,4B,NEW YORK 3,120,14767,PANAMA,6 E MAIN ST,PANAMA,NY,14767,9998,,V15299,P
ATLANTIC,4B,NEW YORK 3,120,14769,PORTLAND,6372 W MAIN RD,PORTLAND,NY,14769,9998,,V15520,P
ATLANTIC,4B,NEW YORK 3,120,14770,PORTVILLE,1 S MAIN ST,PORTVILLE,NY,14770,9998,,V15524,P
ATLANTIC,4B,NEW YORK 3,120,14772,RANDOLPH,90 MAIN ST,RANDOLPH,NY,14772,9998,,V15629,P
ATLANTIC,4B,NEW YORK 3,120,14774,RICHBURG,210 MAIN ST,RICHBURG,NY,14774,9800,P,V15682,P
ATLANTIC,4B,NEW YORK 3,120,14775,RIPLEY,7 W MAIN ST,RIPLEY,NY,14775,9998,,V15705,P
ATLANTIC,4B,NEW YORK 3,120,14777,RUSHFORD,9019 MAIN ST,RUSHFORD,NY,14777,9998,,V15826,P
ATLANTIC,4B,NEW YORK 3,120,14778,SAINT BONAVENTURE,3261 W STATE RD,SAINT BONAVENTURE,NY,14778,9800,P,V15894,P
ATLANTIC,4B,NEW YORK 3,120,14779,SALAMANCA,35 CHESTNUT ST,SALAMANCA,NY,14779,9998,,V15903,P
ATLANTIC,4B,NEW YORK 3,120,14781,SHERMAN,109 MILLER ST,SHERMAN,NY,14781,9899,,V16045,P
ATLANTIC,4B,NEW YORK 3,120,14782,SINCLAIRVILLE,11 MAIN ST,SINCLAIRVILLE,NY,14782,9998,,V16076,P
ATLANTIC,4B,NEW YORK 3,120,14783,STEAMBURG,2560 ROUTE 394,STEAMBURG,NY,14783,9800,P,V16372,P
ATLANTIC,4B,NEW YORK 3,120,14784,STOCKTON,7254 ROUTE 380,STOCKTON,NY,14784,9998,,V16395,P
ATLANTIC,4B,NEW YORK 3,120,14785,STOW,3479 OLD BRIDGE RD,STOW,NY,14785,9800,P,V16414,P
ATLANTIC,4B,NEW YORK 3,120,14786,WEST CLARKSVILLE,2941 ROUTE 305,WEST CLARKSVILLE,NY,14786,9800,P,V16867,P
ATLANTIC,4B,NEW YORK 3,120,14787,WESTFIELD,7 ACADEMY ST,WESTFIELD,NY,14787,9998,,V16973,P
ATLANTIC,4B,NEW YORK 3,120,14788,WESTONS MILLS,1319 OLEAN PORTVILLE RD,WESTONS MILLS,NY,14788,9800,P,V16983,P
ATLANTIC,4B,NEW YORK 3,120,14801,ADDISON,150 FRONT ST,ADDISON,NY,14801,9998,,V11830,P
ATLANTIC,4B,NEW YORK 3,120,14802,ALFRED,63 N MAIN ST,ALFRED,NY,14802,9998,,V11861,P
ATLANTIC,4B,NEW YORK 3,120,14803,ALFRED,63 N MAIN ST,ALFRED,NY,14802,9998,,V11861,P
ATLANTIC,4B,NEW YORK 3,120,14803,ALFRED STATION,623 STATE ROUTE 244,ALFRED STATION,NY,14803,9998,,V11863,P
ATLANTIC,4B,NEW YORK 3,120,14804,ALMOND,49 MAIN ST,ALMOND,NY,14804,9998,,V11874,P
ATLANTIC,4B,NEW YORK 3,120,14805,ALPINE,5908 COUNTY ROAD 11,ALPINE,NY,14805,9998,,V11875,P
ATLANTIC,4B,NEW YORK 3,120,14805,ELMIRA NY SDC,1580 SULLIVAN ST,ELMIRA,NY,14901,9903,,021157,4
ATLANTIC,4B,NEW YORK 3,120,14806,ANDOVER,16 MAIN ST,ANDOVER,NY,14806,9998,,V11910,P
ATLANTIC,4B,NEW YORK 3,120,14807,ARKPORT,27 MAIN ST,ARKPORT,NY,14807,9998,,V11945,P
ATLANTIC,4B,NEW YORK 3,120,14808,ATLANTA,28 MAIN ST,ATLANTA,NY,14808,9998,,V11974,P
ATLANTIC,4B,NEW YORK 3,120,14809,AVOCA,44 S MAIN ST,AVOCA,NY,14809,9998,,V11999,P
ATLANTIC,4B,NEW YORK 3,120,14810,BATH,101 LIBERTY ST,BATH,NY,14810,9998,,V12063,P
ATLANTIC,4B,NEW YORK 3,120,14812,BEAVER DAMS,2347 COUNTY ROAD 20,BEAVER DAMS,NY,14812,9998,,V12102,P
ATLANTIC,4B,NEW YORK 3,120,14813,BELMONT,3 SCHUYLER ST,BELMONT,NY,14813,9998,,V12136,P
ATLANTIC,4B,NEW YORK 3,120,14814,BIG FLATS,471 MAPLE ST,BIG FLATS,NY,14814,9998,,V12162,P
ATLANTIC,4B,NEW YORK 3,120,14814,ELMIRA NY SDC,1580 SULLIVAN ST,ELMIRA,NY,14901,9903,,021157,4
ATLANTIC,4B,NEW YORK 3,120,14815,TYRONE,815 COUNTY ROAD 23,TYRONE,NY,14887,9800,,V16593,P
ATLANTIC,4B,NEW YORK 3,120,14816,BREESPORT,657 MAIN ST,BREESPORT,NY,14816,9998,,V12259,P
ATLANTIC,4B,NEW YORK 3,120,14817,BROOKTONDALE,456 BROOKTONDALE RD,BROOKTONDALE,NY,14817,9998,,V12321,P
ATLANTIC,4B,NEW YORK 3,120,14818,BURDETT,3986 LAKE AVE,BURDETT,NY,14818,9998,,V12351,P
ATLANTIC,4B,NEW YORK 3,120,14819,CAMERON MILLS,6785 COUNTY ROUTE 119,CAMERON MILLS,NY,14820,9998,,V12397,P
ATLANTIC,4B,NEW YORK 3,120,14820,CAMERON MILLS,6785 COUNTY ROUTE 119,CAMERON MILLS,NY,14820,9998,,V12397,P
ATLANTIC,4B,NEW YORK 3,120,14821,CAMPBELL,8753 MAIN ST,CAMPBELL,NY,14821,9998,,V12401,P
ATLANTIC,4B,NEW YORK 3,120,14822,CANASERAGA,59 MAIN ST,CANASERAGA,NY,14822,9998,,V12414,P
ATLANTIC,4B,NEW YORK 3,120,14823,CANISTEO,6 DEPOT ST,CANISTEO,NY,14823,9998,,V12418,P
ATLANTIC,4B,NEW YORK 3,120,14823,HORNELL,23 GENESEE ST,HORNELL,NY,14843,9998,,V13938,P
ATLANTIC,4B,NEW YORK 3,120,14824,NEWFIELD,298 MAIN ST,NEWFIELD,NY,14867,9998,,V14981,P
ATLANTIC,4B,NEW YORK 3,120,14825,CHEMUNG,733 MAIN ST,CHEMUNG,NY,14825,9998,,V12548,P
ATLANTIC,4B,NEW YORK 3,120,14825,WAVERLY,434 WAVERLY ST,WAVERLY,NY,14892,9998,,V16829,P
ATLANTIC,4B,NEW YORK 3,120,14826,COHOCTON,28 MAPLE AVE,COHOCTON,NY,14826,9998,,V12663,P
ATLANTIC,4B,NEW YORK 3,120,14827,COOPERS PLAINS,158 MAIN ST,COOPERS PLAINS,NY,14827,9800,P,V12746,P
ATLANTIC,4B,NEW YORK 3,120,14830,CORNING,198 BAKER ST,CORNING,NY,14830,9998,,V12769,P
ATLANTIC,4B,NEW YORK 3,120,14830,SOUTHSIDE CORNING,129 WALNUT ST,CORNING,NY,14830,9997,,V15127,S
ATLANTIC,4B,NEW YORK 3,120,14830,ELMIRA NY SDC,1580 SULLIVAN ST,ELMIRA,NY,14901,9903,,021157,4
ATLANTIC,4B,NEW YORK 3,120,14836,DALTON,9959 STATE ST,DALTON,NY,14836,9998,,V12863,P
ATLANTIC,4B,NEW YORK 3,120,14837,DUNDEE,26 MAIN ST,DUNDEE,NY,14837,9998,,V12974,P
ATLANTIC,4B,NEW YORK 3,120,14838,ERIN,336 WHEATON RD,ERIN,NY,14838,9998,,V13245,P
ATLANTIC,4B,NEW YORK 3,120,14838,ELMIRA NY SDC,1580 SULLIVAN ST,ELMIRA,NY,14901,9903,,021157,4
ATLANTIC,4B,NEW YORK 3,120,14839,GREENWOOD,2698 MAIN ST,GREENWOOD,NY,14839,9998,,V13668,P
ATLANTIC,4B,NEW YORK 3,120,14840,HAMMONDSPORT,76 PULTENEY ST,HAMMONDSPORT,NY,14840,9998,,V13733,P
ATLANTIC,4B,NEW YORK 3,120,14841,HECTOR,5640 STATE ROUTE 414,HECTOR,NY,14841,9998,,V13814,P
ATLANTIC,4B,NEW YORK 3,120,14842,HIMROD,3619 HIMROD RD,HIMROD,NY,14842,9998,,V13885,P
ATLANTIC,4B,NEW YORK 3,120,14843,HORNELL,23 GENESEE ST,HORNELL,NY,14843,9998,,V13938,P
ATLANTIC,4B,NEW YORK 3,120,14845,HORSEHEADS,624 TUTTLE AVE,HORSEHEADS,NY,14845,9998,,V13939,P
ATLANTIC,4B,NEW YORK 3,120,14845,ELMIRA NY SDC,1580 SULLIVAN ST,ELMIRA,NY,14901,9903,,021157,4
ATLANTIC,4B,NEW YORK 3,120,14846,HUNT,9926 SMITH HILL RD,HUNT,NY,14846,9998,,V13975,P
ATLANTIC,4B,NEW YORK 3,120,14847,INTERLAKEN,8409 MAIN ST,INTERLAKEN,NY,14847,9998,,V14011,P
ATLANTIC,4B,NEW YORK 3,120,14850,ITHACA,757 WARREN RD,ITHACA,NY,14850,9998,,V14045,P
ATLANTIC,4B,NEW YORK 3,120,14851,DOWNTOWN ITHACA,213 TIOGA ST,ITHACA,NY,14851,9997,P,002453,S
ATLANTIC,4B,NEW YORK 3,120,14852,ITHACA,757 WARREN RD,ITHACA,NY,14850,9998,P,V14045,P
ATLANTIC,4B,NEW YORK 3,120,14854,JACKSONVILLE,1852 TRUMANSBURG RD,JACKSONVILLE,NY,14854,9800,P,V14054,P
ATLANTIC,4B,NEW YORK 3,120,14855,JASPER,3807 LIBRARY ST,JASPER,NY,14855,9998,,V14071,P
ATLANTIC,4B,NEW YORK 3,120,14856,KANONA,7662 N MAIN ST,KANONA,NY,14856,9800,P,V14112,P
ATLANTIC,4B,NEW YORK 3,120,14857,LAKEMONT,5160 LAKEMONT HIMROD RD,LAKEMONT,NY,14857,9800,P,V14267,P
ATLANTIC,4B,NEW YORK 3,120,14858,LINDLEY,635 COUNTY ROUTE 115,LINDLEY,NY,14858,9998,,V14365,P
ATLANTIC,4B,NEW YORK 3,120,14859,LOCKWOOD,1557 STATE ROUTE 34,LOCKWOOD,NY,14859,9998,,V14406,P
ATLANTIC,4B,NEW YORK 3,120,14860,LODI,8455 N MAIN ST,LODI,NY,14860,9998,,V14412,P
ATLANTIC,4B,NEW YORK 3,120,14861,LOWMAN,1931 COUNTY ROUTE 60,LOWMAN,NY,14861,9998,,V14436,P
ATLANTIC,4B,NEW YORK 3,120,14861,ELMIRA NY SDC,1580 SULLIVAN ST,ELMIRA,NY,14901,9903,,021157,4
ATLANTIC,4B,NEW YORK 3,120,14863,MECKLENBURG,6123 MECKLENBURG RD,MECKLENBURG,NY,14863,9800,P,V14621,P
ATLANTIC,4B,NEW YORK 3,120,14864,MILLPORT,3 BURCH HILL RD,MILLPORT,NY,14864,9998,,V14692,P
ATLANTIC,4B,NEW YORK 3,120,14864,ELMIRA NY SDC,1580 SULLIVAN ST,ELMIRA,NY,14901,9903,,021157,4
ATLANTIC,4B,NEW YORK 3,120,14865,MONTOUR FALLS,309 W MAIN ST,MONTOUR FALLS,NY,14865,9998,,V14733,P
ATLANTIC,4B,NEW YORK 3,120,14865,ELMIRA NY SDC,1580 SULLIVAN ST,ELMIRA,NY,14901,9903,,021157,4
ATLANTIC,4B,NEW YORK 3,120,14867,NEWFIELD,298 MAIN ST,NEWFIELD,NY,14867,9998,,V14981,P
ATLANTIC,4B,NEW YORK 3,120,14869,ODESSA,223 W MAIN ST,ODESSA,NY,14869,9998,,V15183,P
ATLANTIC,4B,NEW YORK 3,120,14869,ELMIRA NY SDC,1580 SULLIVAN ST,ELMIRA,NY,14901,9903,,021157,4
ATLANTIC,4B,NEW YORK 3,120,14870,PAINTED POST,135 N HAMILTON ST,PAINTED POST,NY,14870,9998,,V15286,P
ATLANTIC,4B,NEW YORK 3,120,14871,PINE CITY,1565 PENNSYLVANIA AVE,PINE CITY,NY,14871,9998,,V15405,P
ATLANTIC,4B,NEW YORK 3,120,14871,ELMIRA NY SDC,1580 SULLIVAN ST,ELMIRA,NY,14901,9903,,021157,4
ATLANTIC,4B,NEW YORK 3,120,14872,PINE VALLEY,3703 WATKINS RD,PINE VALLEY,NY,14872,9998,,V15418,P
ATLANTIC,4B,NEW YORK 3,120,14872,ELMIRA NY SDC,1580 SULLIVAN ST,ELMIRA,NY,14901,9903,,021157,4
ATLANTIC,4B,NEW YORK 3,120,14873,PRATTSBURGH,10 MAIN ST,PRATTSBURGH,NY,14873,9998,,V15539,P
ATLANTIC,4B,NEW YORK 3,120,14874,PULTENEY,9256 COUNTY ROUTE 74,PULTENEY,NY,14874,9998,,V15586,P
ATLANTIC,4B,NEW YORK 3,120,14876,READING CENTER,4051 STATE ROUTE 14A,READING CENTER,NY,14876,9800,P,V15643,P
ATLANTIC,4B,NEW YORK 3,120,14877,REXVILLE,881 COUNTY ROUTE 117,REXVILLE,NY,14877,9998,,V15675,P
ATLANTIC,4B,NEW YORK 3,120,14878,DUNDEE,26 MAIN ST,DUNDEE,NY,14837,9998,,V12974,P
ATLANTIC,4B,NEW YORK 3,120,14878,ROCK STREAM,278 ROCK STREAM RD,ROCK STREAM,NY,14878,9998,,V15742,P
ATLANTIC,4B,NEW YORK 3,120,14879,CAMPBELL,8753 MAIN ST,CAMPBELL,NY,14821,9998,,V12401,P
ATLANTIC,4B,NEW YORK 3,120,14879,SAVONA,47 MAIN ST,SAVONA,NY,14879,9998,,V15949,P
ATLANTIC,4B,NEW YORK 3,120,14880,SCIO,4422 W SCIOTA ST,SCIO,NY,14880,9998,,V15973,P
ATLANTIC,4B,NEW YORK 3,120,14880,WELLSVILLE,40 E PEARL ST,WELLSVILLE,NY,14895,9998,,V16845,P
ATLANTIC,4B,NEW YORK 3,120,14881,SLATERVILLE SPRINGS,2706 SLATERVILLE RD,SLATERVILLE SPRINGS,NY,14881,9998,,V16088,P
ATLANTIC,4B,NEW YORK 3,120,14882,ITHACA,757 WARREN RD,ITHACA,NY,14850,9998,,V14045,P
ATLANTIC,4B,NEW YORK 3,120,14882,LANSING,1939 E SHORE DR STE 2,LANSING,NY,14882,8986,,V14284,B
ATLANTIC,4B,NEW YORK 3,120,14883,SPENCER,196 N MAIN ST,SPENCER,NY,14883,9998,,V16249,P
ATLANTIC,4B,NEW YORK 3,120,14884,SWAIN,2215 COUNTY ROAD 24,SWAIN,NY,14884,9998,,V16451,P
ATLANTIC,4B,NEW YORK 3,120,14885,TROUPSBURG,878 STATE ROUTE 36,TROUPSBURG,NY,14885,9998,,V16567,P
ATLANTIC,4B,NEW YORK 3,120,14886,TRUMANSBURG,67 W MAIN ST,TRUMANSBURG,NY,14886,9998,,V16574,P
ATLANTIC,4B,NEW YORK 3,120,14887,TYRONE,815 COUNTY ROAD 23,TYRONE,NY,14887,9800,P,V16593,P
ATLANTIC,4B,NEW YORK 3,120,14889,VAN ETTEN,3 MAIN ST,VAN ETTEN,NY,14889,9998,,V16667,P
ATLANTIC,4B,NEW YORK 3,120,14891,WATKINS GLEN,600 N FRANKLIN ST,WATKINS GLEN,NY,14891,9998,,V16826,P
ATLANTIC,4B,NEW YORK 3,120,14892,WAVERLY,434 WAVERLY ST,WAVERLY,NY,14892,9998,,V16829,P
ATLANTIC,4B,NEW YORK 3,120,14893,WAYNE,4894 COUNTY ROUTE 26,WAYNE,NY,14893,9800,P,V16832,P
ATLANTIC,4B,NEW YORK 3,120,14894,WELLSBURG,3685 FRONT ST,WELLSBURG,NY,14894,9998,,V16844,P
ATLANTIC,4B,NEW YORK 3,120,14894,ELMIRA NY SDC,1580 SULLIVAN ST,ELMIRA,NY,14901,9903,,021157,4
ATLANTIC,4B,NEW YORK 3,120,14895,WELLSVILLE,40 E PEARL ST,WELLSVILLE,NY,14895,9998,,V16845,P
ATLANTIC,4B,NEW YORK 3,120,14897,REXVILLE,881 COUNTY ROUTE 117,REXVILLE,NY,14877,9998,,V15675,P
ATLANTIC,4B,NEW YORK 3,120,14897,WHITESVILLE,479 MAIN ST,WHITESVILLE,NY,14897,9998,,V17021,P
ATLANTIC,4B,NEW YORK 3,120,14898,ADDISON,150 FRONT ST,ADDISON,NY,14801,9998,,V11830,P
ATLANTIC,4B,NEW YORK 3,120,14901,ELMIRA NY SDC,1580 SULLIVAN ST,ELMIRA,NY,14901,9903,,021157,4
ATLANTIC,4B,NEW YORK 3,120,14902,DOWNTOWN ELMIRA,255 CLEMENS CENTER PKWY,ELMIRA,NY,14901,3090,P,V12958,S
ATLANTIC,4B,NEW YORK 3,120,14903,ELMIRA HEIGHTS,209 E 14TH ST,ELMIRA,NY,14903,9993,,V13215,B
ATLANTIC,4B,NEW YORK 3,120,14903,ELMIRA NY SDC,1580 SULLIVAN ST,ELMIRA,NY,14901,9903,,021157,4
ATLANTIC,4B,NEW YORK 3,120,14904,SOUTH SIDE ELMIRA,418 S MAIN ST,ELMIRA,NY,14904,9993,,V16226,S
ATLANTIC,4B,NEW YORK 3,120,14904,ELMIRA NY SDC,1580 SULLIVAN ST,ELMIRA,NY,14901,9903,,021157,4
ATLANTIC,4B,NEW YORK 3,120,14905,DOWNTOWN ELMIRA,255 CLEMENS CENTER PKWY,ELMIRA,NY,14901,3090,,V12958,S
ATLANTIC,4B,NEW YORK 3,120,14905,ELMIRA NY SDC,1580 SULLIVAN ST,ELMIRA,NY,14901,9903,,021157,4
