area_name,area_code,district_name,district_no,delivery_zipcode,locale_name,physical_delivery_address,physical_city,physical_state,physical_zip,physical_zip4,zip_class_code,locale_key,locale_type
CENTRAL,4J,OHIO 2,450,43001,ALEXANDRIA,2 W MAIN ST,ALEXANDRIA,OH,43001,9622,,X20044,P
CENTRAL,4J,OHIO 2,450,43001,JOHNSTOWN,211 W COSHOCTON ST,JOHNSTOWN,OH,43031,9998,,X21455,P
CENTRAL,4J,OHIO 2,450,43002,DUBLIN,6400 EMERALD PKWY,DUBLIN,OH,43016,9998,P,X20839,P
CENTRAL,4J,OHIO 2,450,43003,ASHLEY,100 E HIGH ST,ASHLEY,OH,43003,9002,,X20108,P
CENTRAL,4J,OHIO 2,450,43004,BLACKLICK,450 N BRICE RD,BLACKLICK,OH,43004,9366,,X20255,P
CENTRAL,4J,OHIO 2,450,43005,BLADENSBURG,25941 NEW GUILFORD RD,BLADENSBURG,OH,43005,8000,P,X20258,P
CENTRAL,4J,OHIO 2,450,43006,BRINKHAVEN,204 HIGH ST,BRINKHAVEN,OH,43006,8000,,X20330,P
CENTRAL,4J,OHIO 2,450,43006,DANVILLE,414 S MARKET ST,DANVILLE,OH,43014,9007,,X20760,P
CENTRAL,4J,OHIO 2,450,43007,RAYMOND,21655 MAIN ST,RAYMOND,OH,43067,9004,P,X22557,P
CENTRAL,4J,OHIO 2,450,43008,BUCKEYE LAKE,4717 WALNUT RD,BUCKEYE LAKE,OH,43008,8000,P,X20367,P
CENTRAL,4J,OHIO 2,450,43009,CABLE,3582 MAIN ST,CABLE,OH,43009,9010,,X20415,P
CENTRAL,4J,OHIO 2,450,43009,URBANA,200 S MAIN ST,URBANA,OH,43078,2188,,X23159,P
CENTRAL,4J,OHIO 2,450,43010,CATAWBA,7 W PLEASANT ST,CATAWBA,OH,43010,8000,P,X20470,P
CENTRAL,4J,OHIO 2,450,43011,CENTERBURG,55 N CLAYTON ST,CENTERBURG,OH,43011,9029,,X20484,P
CENTRAL,4J,OHIO 2,450,43013,CENTERBURG,55 N CLAYTON ST,CENTERBURG,OH,43011,9029,,X20484,P
CENTRAL,4J,OHIO 2,450,43013,CROTON,14 S HIGH ST,CROTON,OH,43013,8000,,X20738,P
CENTRAL,4J,OHIO 2,450,43014,DANVILLE,414 S MARKET ST,DANVILLE,OH,43014,9007,,X20760,P
CENTRAL,4J,OHIO 2,450,43015,DELAWARE,35 S LIBERTY ST,DELAWARE,OH,43015,2596,,X20793,P
CENTRAL,4J,OHIO 2,450,43016,DUBLIN,6400 EMERALD PKWY,DUBLIN,OH,43016,9998,,X20839,P
CENTRAL,4J,OHIO 2,450,43017,DUBLIN,6400 EMERALD PKWY,DUBLIN,OH,43016,9998,,X20839,P
CENTRAL,4J,OHIO 2,450,43017,SHAMROCK,715 SHAWAN FALLS DR,DUBLIN,OH,43017,9998,,X29588,S
CENTRAL,4J,OHIO 2,450,43018,ETNA,1045 PIKE ST SW,ETNA,OH,43018,8000,P,X20953,P
CENTRAL,4J,OHIO 2,450,43019,FREDERICKTOWN,67 N PLEASANT ST,FREDERICKTOWN,OH,43019,1187,,X21072,P
CENTRAL,4J,OHIO 2,450,43021,GALENA,34 W PARK ST,GALENA,OH,43021,9072,,X21095,P
CENTRAL,4J,OHIO 2,450,43021,SUNBURY,267 W GRANVILLE ST,SUNBURY,OH,43074,9013,,X23034,P
CENTRAL,4J,OHIO 2,450,43022,GAMBIER,107 CHASE AVE,GAMBIER,OH,43022,9001,,X21100,P
CENTRAL,4J,OHIO 2,450,43023,GRANVILLE,203 BROADWAY E,GRANVILLE,OH,43023,1544,,X21176,P
CENTRAL,4J,OHIO 2,450,43025,HEBRON,146 N HIGH ST,HEBRON,OH,43025,9028,,X21293,P
CENTRAL,4J,OHIO 2,450,43026,HILLIARD,4000 LEAP RD,HILLIARD,OH,43026,1278,,X21324,P
CENTRAL,4J,OHIO 2,450,43028,HOWARD,23359 COSHOCTON RD UPPR,HOWARD,OH,43028,9016,,X21354,P
CENTRAL,4J,OHIO 2,450,43029,IRWIN,24176 STATE ROUTE 161,IRWIN,OH,43029,8000,,X21398,P
CENTRAL,4J,OHIO 2,450,43030,JACKSONTOWN,6686 NATIONAL RD SE,JACKSONTOWN,OH,43030,8000,P,X21419,P
CENTRAL,4J,OHIO 2,450,43031,JOHNSTOWN,211 W COSHOCTON ST,JOHNSTOWN,OH,43031,9998,,X21455,P
CENTRAL,4J,OHIO 2,450,43033,KIRKERSVILLE,145 W MAIN ST,KIRKERSVILLE,OH,43033,8000,P,X21514,P
CENTRAL,4J,OHIO 2,450,43035,LEWIS CENTER,393 E ORANGE RD,LEWIS CENTER,OH,43035,9998,,X21599,P
CENTRAL,4J,OHIO 2,450,43036,RICHWOOD,12 E OTTAWA ST,RICHWOOD,OH,43344,9997,P,X22606,P
CENTRAL,4J,OHIO 2,450,43037,MARTINSBURG,110 E LIBERTY ST,MARTINSBURG,OH,43037,8000,,X21779,P
CENTRAL,4J,OHIO 2,450,43040,MARYSVILLE,202 N MAIN ST,MARYSVILLE,OH,43040,9998,,X21784,P
CENTRAL,4J,OHIO 2,450,43044,MECHANICSBURG,40 S MAIN ST,MECHANICSBURG,OH,43044,1199,,X21834,P
CENTRAL,4J,OHIO 2,450,43045,MILFORD CENTER,21 E STATE ST,MILFORD CENTER,OH,43045,9003,,X21896,P
CENTRAL,4J,OHIO 2,450,43046,MILLERSPORT,12050 LANCASTER ST,MILLERSPORT,OH,43046,9032,,X21903,P
CENTRAL,4J,OHIO 2,450,43048,MOUNT LIBERTY,7088 COLUMBUS RD,MOUNT LIBERTY,OH,43048,8000,P,X21987,P
CENTRAL,4J,OHIO 2,450,43050,MOUNT VERNON,101 W HIGH ST,MOUNT VERNON,OH,43050,2468,,X22002,P
CENTRAL,4J,OHIO 2,450,43054,NEW ALBANY,102 W MAIN ST,NEW ALBANY,OH,43054,9142,,X22072,P
CENTRAL,4J,OHIO 2,450,43055,NEWARK,70 E CHURCH ST,NEWARK,OH,43055,9998,,X22139,P
CENTRAL,4J,OHIO 2,450,43056,HEATH,789 HEBRON RD REAR,HEATH,OH,43056,9997,,X21288,B
CENTRAL,4J,OHIO 2,450,43056,NEWARK,70 E CHURCH ST,NEWARK,OH,43055,9998,,X22139,P
CENTRAL,4J,OHIO 2,450,43058,HEATH,789 HEBRON RD REAR,HEATH,OH,43056,9997,P,X21288,B
CENTRAL,4J,OHIO 2,450,43058,NEWARK,70 E CHURCH ST,NEWARK,OH,43055,9998,P,X22139,P
CENTRAL,4J,OHIO 2,450,43060,NORTH LEWISBURG,24 E MAPLE ST,NORTH LEWISBURG,OH,43060,9008,,X22196,P
CENTRAL,4J,OHIO 2,450,43061,OSTRANDER,420 W NORTH ST,OSTRANDER,OH,43061,9014,,X22323,P
CENTRAL,4J,OHIO 2,450,43062,PATASKALA,175 E BROAD ST,PATASKALA,OH,43062,7873,,X22373,P
CENTRAL,4J,OHIO 2,450,43064,PLAIN CITY,219 MAPLE ST,PLAIN CITY,OH,43064,1293,,X22438,P
CENTRAL,4J,OHIO 2,450,43065,POWELL,40 GRACE DR,POWELL,OH,43065,9113,,X22507,P
CENTRAL,4J,OHIO 2,450,43066,RADNOR,4355 STATE ROUTE 203,RADNOR,OH,43066,7000,,X22544,P
CENTRAL,4J,OHIO 2,450,43066,RICHWOOD,12 E OTTAWA ST,RICHWOOD,OH,43344,9997,,X22606,P
CENTRAL,4J,OHIO 2,450,43067,RAYMOND,21655 MAIN ST,RAYMOND,OH,43067,9004,,X22557,P
CENTRAL,4J,OHIO 2,450,43068,REYNOLDSBURG,7185 E MAIN ST,REYNOLDSBURG,OH,43068,9998,,X22589,P
CENTRAL,4J,OHIO 2,450,43070,ROSEWOOD,6492 KISER LAKE RD,ROSEWOOD,OH,43070,8000,P,X22671,P
CENTRAL,4J,OHIO 2,450,43071,SAINT LOUISVILLE,27 N SUGAR ST,SAINT LOUISVILLE,OH,43071,8000,,X22716,P
CENTRAL,4J,OHIO 2,450,43071,UTICA,20 N MAIN ST,UTICA,OH,43080,7000,,X23161,P
CENTRAL,4J,OHIO 2,450,43072,SAINT PARIS,131 E MAIN ST,SAINT PARIS,OH,43072,9008,,X22719,P
CENTRAL,4J,OHIO 2,450,43073,SUMMIT STATION,6396 SUMMIT RD SW,SUMMIT STATION,OH,43073,8000,P,X23032,P
CENTRAL,4J,OHIO 2,450,43074,SUNBURY,267 W GRANVILLE ST,SUNBURY,OH,43074,9013,,X23034,P
CENTRAL,4J,OHIO 2,450,43076,THORNVILLE,11 N MAIN ST,THORNVILLE,OH,43076,9442,,X23070,P
CENTRAL,4J,OHIO 2,450,43077,UNIONVILLE CENTER,110 W MAIN ST,UNIONVILLE CENTER,OH,43077,8000,P,X23139,P
CENTRAL,4J,OHIO 2,450,43078,URBANA,200 S MAIN ST,URBANA,OH,43078,2188,,X23159,P
CENTRAL,4J,OHIO 2,450,43080,UTICA,20 N MAIN ST,UTICA,OH,43080,7000,,X23161,P
CENTRAL,4J,OHIO 2,450,43081,WESTERVILLE,617 MCCORKLE BLVD,WESTERVILLE,OH,43082,9640,,X23348,P
CENTRAL,4J,OHIO 2,450,43082,WESTERVILLE,617 MCCORKLE BLVD,WESTERVILLE,OH,43082,9640,,X23348,P
CENTRAL,4J,OHIO 2,450,43083,WESTVILLE,3987 W US HIGHWAY 36,WESTVILLE,OH,43083,8000,P,X23356,P
CENTRAL,4J,OHIO 2,450,43084,MECHANICSBURG,40 S MAIN ST,MECHANICSBURG,OH,43044,1199,,X21834,P
CENTRAL,4J,OHIO 2,450,43085,WEST WORTHINGTON,6316 NICHOLAS DR,COLUMBUS,OH,43235,9998,,X23344,S
CENTRAL,4J,OHIO 2,450,43085,WORTHINGTON,597 HIGH ST,WORTHINGTON,OH,43085,9998,,X23429,B
CENTRAL,4J,OHIO 2,450,43086,WESTERVILLE,617 MCCORKLE BLVD,WESTERVILLE,OH,43082,9640,P,X23348,P
CENTRAL,4J,OHIO 2,450,43086,STATE STREET,260 S STATE ST,WESTERVILLE,OH,43081,2288,P,X29701,S
CENTRAL,4J,OHIO 2,450,43102,AMANDA,144 E MAIN ST,AMANDA,OH,43102,9900,,X20060,P
CENTRAL,4J,OHIO 2,450,43103,ASHVILLE,3 MAIN ST E,ASHVILLE,OH,43103,9998,,X20111,P
CENTRAL,4J,OHIO 2,450,43105,BALTIMORE,432 W MARKET ST,BALTIMORE,OH,43105,9998,,X20144,P
CENTRAL,4J,OHIO 2,450,43106,BLOOMINGBURG,50 MAIN ST,BLOOMINGBURG,OH,43106,9900,,X20272,P
CENTRAL,4J,OHIO 2,450,43107,BREMEN,118 W MAIN ST,BREMEN,OH,43107,9998,,X20319,P
CENTRAL,4J,OHIO 2,450,43109,BRICE,3045 BRICE RD,BRICE,OH,43109,9900,P,X20322,P
CENTRAL,4J,OHIO 2,450,43110,CANAL WINCHESTER,200 N HIGH ST,CANAL WINCHESTER,OH,43110,9998,,X20441,P
CENTRAL,4J,OHIO 2,450,43111,CARBON HILL,41769 HAWK ST,CARBON HILL,OH,43111,9900,P,X20450,P
CENTRAL,4J,OHIO 2,450,43112,CANAL WINCHESTER,200 N HIGH ST,CANAL WINCHESTER,OH,43110,9998,,X20441,P
CENTRAL,4J,OHIO 2,450,43112,CARROLL,53 LOCK ST,CARROLL,OH,43112,9904,,X20459,P
CENTRAL,4J,OHIO 2,450,43113,CIRCLEVILLE CARRIER UNIT,1191 KINGSTON PIKE,CIRCLEVILLE,OH,43113,9997,,X2A616,4
CENTRAL,4J,OHIO 2,450,43113,CIRCLEVILLE,224 S COURT ST,CIRCLEVILLE,OH,43113,9998,,X20553,P
CENTRAL,4J,OHIO 2,450,43115,CLARKSBURG,17343 HIGH ST,CLARKSBURG,OH,43115,9900,,X20560,P
CENTRAL,4J,OHIO 2,450,43115,WILLIAMSPORT,109 S WATER ST,WILLIAMSPORT,OH,43164,5009,,X23385,P
CENTRAL,4J,OHIO 2,450,43116,ORIENT,7820 STAHL RD,ORIENT,OH,43146,9900,,X22317,P
CENTRAL,4J,OHIO 2,450,43116,COMMERCIAL POINT DPOBU,10901 WELCH RD,COMMERCIAL POINT,OH,43116,3531,,021806,6
CENTRAL,4J,OHIO 2,450,43117,HARRISBURG,1019 COLUMBUS ST,HARRISBURG,OH,43126,9900,P,X21259,P
CENTRAL,4J,OHIO 2,450,43119,GALLOWAY,5820 SULLIVANT AVE,GALLOWAY,OH,43119,9903,,X21099,P
CENTRAL,4J,OHIO 2,450,43119,COLUMBUS OH WESTLAND SDC,770 GEORGESVILLE RD,COLUMBUS,OH,43228,9922,,021159,4
CENTRAL,4J,OHIO 2,450,43123,GROVE CITY,2539 DARTMOOR RD,GROVE CITY,OH,43123,9998,,X21215,P
CENTRAL,4J,OHIO 2,450,43123,GROVE CITY RETAIL STORE,2082 STRINGTOWN RD,GROVE CITY,OH,43123,9997,,011650,S
CENTRAL,4J,OHIO 2,450,43125,GROVEPORT,189 MAIN ST,GROVEPORT,OH,43125,9998,,X21216,P
CENTRAL,4J,OHIO 2,450,43126,HARRISBURG,1019 COLUMBUS ST,HARRISBURG,OH,43126,9900,P,X21259,P
CENTRAL,4J,OHIO 2,450,43127,LOGAN,80 N MARKET ST,LOGAN,OH,43138,9998,P,X21662,P
CENTRAL,4J,OHIO 2,450,43128,JEFFERSONVILLE,12 S MAIN ST,JEFFERSONVILLE,OH,43128,9998,,X21440,P
CENTRAL,4J,OHIO 2,450,43130,LANCASTER,204 S BROAD ST,LANCASTER,OH,43130,9996,,X21557,P
CENTRAL,4J,OHIO 2,450,43135,LAURELVILLE,16088 PIKE ST,LAURELVILLE,OH,43135,9900,,X21570,P
CENTRAL,4J,OHIO 2,450,43136,CANAL WINCHESTER,200 N HIGH ST,CANAL WINCHESTER,OH,43110,9998,,X20441,P
CENTRAL,4J,OHIO 2,450,43136,LITHOPOLIS,260 W COLUMBUS ST,LITHOPOLIS,OH,43136,9907,,X21642,P
CENTRAL,4J,OHIO 2,450,43137,LOCKBOURNE,1 MECHANICS ST,LOCKBOURNE,OH,43137,9906,,X21654,P
CENTRAL,4J,OHIO 2,450,43138,LOGAN,80 N MARKET ST,LOGAN,OH,43138,9998,,X21662,P
CENTRAL,4J,OHIO 2,450,43140,LONDON,25 S OAK ST,LONDON,OH,43140,9998,,X21666,P
CENTRAL,4J,OHIO 2,450,43142,MILLEDGEVILLE,8118 CHURCH ST,MILLEDGEVILLE,OH,43142,9900,P,X21898,P
CENTRAL,4J,OHIO 2,450,43143,MOUNT STERLING,34 W COLUMBUS ST,MOUNT STERLING,OH,43143,9998,,X21999,P
CENTRAL,4J,OHIO 2,450,43144,BUCHTEL,17505 2ND ST,BUCHTEL,OH,45716,9800,P,X20363,P
CENTRAL,4J,OHIO 2,450,43145,NEW HOLLAND,100 N MAIN ST,NEW HOLLAND,OH,43145,9900,,X22103,P
CENTRAL,4J,OHIO 2,450,43145,WILLIAMSPORT,109 S WATER ST,WILLIAMSPORT,OH,43164,5009,,X23385,P
CENTRAL,4J,OHIO 2,450,43146,ORIENT,7820 STAHL RD,ORIENT,OH,43146,9900,,X22317,P
CENTRAL,4J,OHIO 2,450,43147,PICKERINGTON,520 HILL RD N,PICKERINGTON,OH,43147,9998,,X22423,P
CENTRAL,4J,OHIO 2,450,43148,BREMEN,118 W MAIN ST,BREMEN,OH,43107,9998,,X20319,P
CENTRAL,4J,OHIO 2,450,43148,PLEASANTVILLE,103 S MAIN ST,PLEASANTVILLE,OH,43148,9900,,X22466,P
CENTRAL,4J,OHIO 2,450,43149,ROCKBRIDGE,26707 MAIN ST,ROCKBRIDGE,OH,43149,9900,,X22649,P
CENTRAL,4J,OHIO 2,450,43150,BREMEN,118 W MAIN ST,BREMEN,OH,43107,9998,,X20319,P
CENTRAL,4J,OHIO 2,450,43150,RUSHVILLE,8525 MAIN ST,RUSHVILLE,OH,43150,9900,,X22693,P
CENTRAL,4J,OHIO 2,450,43151,SEDALIA,61 FEDERAL ST SW,SEDALIA,OH,43151,9900,P,X22761,P
CENTRAL,4J,OHIO 2,450,43152,LAURELVILLE,16088 PIKE ST,LAURELVILLE,OH,43135,9900,,X21570,P
CENTRAL,4J,OHIO 2,450,43153,JEFFERSONVILLE,12 S MAIN ST,JEFFERSONVILLE,OH,43128,9998,,X21440,P
CENTRAL,4J,OHIO 2,450,43154,AMANDA,144 E MAIN ST,AMANDA,OH,43102,9900,,X20060,P
CENTRAL,4J,OHIO 2,450,43154,STOUTSVILLE,11438 MAIN ST,STOUTSVILLE,OH,43154,9900,,X23002,P
CENTRAL,4J,OHIO 2,450,43155,SUGAR GROVE,201 S ELM ST,SUGAR GROVE,OH,43155,9900,,X23019,P
CENTRAL,4J,OHIO 2,450,43156,TARLTON,25 HARRISON ST,TARLTON,OH,43156,9900,P,X23052,C
CENTRAL,4J,OHIO 2,450,43157,THURSTON,8053 HIGH ST,THURSTON,OH,43157,9900,P,X23072,P
CENTRAL,4J,OHIO 2,450,43158,UNION FURNACE,18006 MAIN ST,UNION FURNACE,OH,43158,9900,P,X23132,P
CENTRAL,4J,OHIO 2,450,43160,WASHINGTON COURT HOUSE,129 W MARKET ST,WASHINGTON COURT HOUSE,OH,43160,9998,,X23266,P
CENTRAL,4J,OHIO 2,450,43162,WEST JEFFERSON,249 W MAIN ST,WEST JEFFERSON,OH,43162,9998,,X23315,P
CENTRAL,4J,OHIO 2,450,43164,WILLIAMSPORT,109 S WATER ST,WILLIAMSPORT,OH,43164,5009,,X23385,P
CENTRAL,4J,OHIO 2,450,43201,SHORT NORTH RETAIL UNIT,33 E 4TH AVE,COLUMBUS,OH,43201,3501,,003383,S
CENTRAL,4J,OHIO 2,450,43201,EAST CITY ANNEX,850 TWIN RIVERS DR,COLUMBUS,OH,43216,9533,,015116,4
CENTRAL,4J,OHIO 2,450,43202,BEECHWOLD,4364 N HIGH ST,COLUMBUS,OH,43214,9998,,X20188,S
CENTRAL,4J,OHIO 2,450,43202,CLINTONVILLE FINANCE,2804 N HIGH ST,COLUMBUS,OH,43202,9998,,X20600,S
CENTRAL,4J,OHIO 2,450,43203,EAST CITY ANNEX,850 TWIN RIVERS DR,COLUMBUS,OH,43216,9533,,015116,4
CENTRAL,4J,OHIO 2,450,43203,WEST CITY,850 TWIN RIVERS DR,COLUMBUS,OH,43216,9532,,018024,S
CENTRAL,4J,OHIO 2,450,43204,HILLTOP RETAIL STORE,2873 W BROAD ST,COLUMBUS,OH,43204,9997,,011002,S
CENTRAL,4J,OHIO 2,450,43204,COLUMBUS OH WESTLAND SDC,770 GEORGESVILLE RD,COLUMBUS,OH,43228,9922,,021159,4
CENTRAL,4J,OHIO 2,450,43205,MOUNT VERNON FINANCE,327 N 20TH ST,COLUMBUS,OH,43203,9998,,X22003,S
CENTRAL,4J,OHIO 2,450,43205,EAST CITY ANNEX,850 TWIN RIVERS DR,COLUMBUS,OH,43216,9533,,015116,4
CENTRAL,4J,OHIO 2,450,43206,GERMAN VILLAGE,1612 LOCKBOURNE RD,COLUMBUS,OH,43207,9997,,021209,S
CENTRAL,4J,OHIO 2,450,43207,SOUTH COLUMBUS,445 E INNIS AVE,COLUMBUS,OH,43207,9998,,X22845,S
CENTRAL,4J,OHIO 2,450,43209,BEXLEY,2935 E MAIN ST,COLUMBUS,OH,43209,9998,,X20243,B
CENTRAL,4J,OHIO 2,450,43210,UNIVERSITY,234 W 18TH AVE,COLUMBUS,OH,43210,9998,,X23149,S
CENTRAL,4J,OHIO 2,450,43210,EAST CITY ANNEX,850 TWIN RIVERS DR,COLUMBUS,OH,43216,9533,,015116,4
CENTRAL,4J,OHIO 2,450,43211,LINDEN FINANCE,1981 CLEVELAND AVE,COLUMBUS,OH,43211,2577,,X21631,S
CENTRAL,4J,OHIO 2,450,43211,OAKLAND PARK OH S&DC,2200 INNIS RD,COLUMBUS,OH,43224,9902,,020693,4
CENTRAL,4J,OHIO 2,450,43212,TRI VILLAGE FINANCE,1391 GRANDVIEW AVE,COLUMBUS,OH,43212,9998,,X23103,S
CENTRAL,4J,OHIO 2,450,43212,WEST CITY,850 TWIN RIVERS DR,COLUMBUS,OH,43216,9532,,018024,S
CENTRAL,4J,OHIO 2,450,43213,WHITEHALL,3750 E BROAD ST,COLUMBUS,OH,43213,9997,,X2A464,B
CENTRAL,4J,OHIO 2,450,43213,WHITEHALL ANNEX,83 ROBINWOOD AVE,COLUMBUS,OH,43213,9998,,015122,4
CENTRAL,4J,OHIO 2,450,43214,BEECHWOLD,4364 N HIGH ST,COLUMBUS,OH,43214,9998,,X20188,S
CENTRAL,4J,OHIO 2,450,43215,WEST CITY,850 TWIN RIVERS DR,COLUMBUS,OH,43216,9532,,018024,S
CENTRAL,4J,OHIO 2,450,43215,CHRISTOPHER COLUMBUS,99 N HIGH ST,COLUMBUS,OH,43215,9998,,020833,S
CENTRAL,4J,OHIO 2,450,43216,WEST CITY,850 TWIN RIVERS DR,COLUMBUS,OH,43216,9532,P,018024,S
CENTRAL,4J,OHIO 2,450,43217,GERMAN VILLAGE,1612 LOCKBOURNE RD,COLUMBUS,OH,43207,9997,,021209,S
CENTRAL,4J,OHIO 2,450,43218,CITYGATE CALLER UNIT,2323 CITYGATE DR,COLUMBUS,OH,43218,9710,P,010667,S
CENTRAL,4J,OHIO 2,450,43219,OAKLAND PARK OH S&DC,2200 INNIS RD,COLUMBUS,OH,43224,9902,,020693,4
CENTRAL,4J,OHIO 2,450,43220,NORTHWEST FINANCE UNIT,1822 HENDERSON RD,COLUMBUS,OH,43220,9997,,X2A461,S
CENTRAL,4J,OHIO 2,450,43220,NORTHWEST,4905 GETTYSBURG RD,COLUMBUS,OH,43220,9998,,015121,4
CENTRAL,4J,OHIO 2,450,43221,NORTHWEST FINANCE UNIT,1822 HENDERSON RD,COLUMBUS,OH,43220,9997,,X2A461,S
CENTRAL,4J,OHIO 2,450,43221,UPPER ARLINGTON ANNEX,850 TWIN RIVERS DR,COLUMBUS,OH,43216,9900,,019904,4
CENTRAL,4J,OHIO 2,450,43222,WEST CITY,850 TWIN RIVERS DR,COLUMBUS,OH,43216,9532,,018024,S
CENTRAL,4J,OHIO 2,450,43223,CENTRAL POINT FINANCE UNIT,1499 W BROAD ST,COLUMBUS,OH,43222,9998,,X2A466,S
CENTRAL,4J,OHIO 2,450,43223,WEST CITY,850 TWIN RIVERS DR,COLUMBUS,OH,43216,9532,,018024,S
CENTRAL,4J,OHIO 2,450,43224,OAKLAND PARK OH S&DC,2200 INNIS RD,COLUMBUS,OH,43224,9902,,020693,4
CENTRAL,4J,OHIO 2,450,43226,NORTHLAND RETAIL STORE,2469 E DUBLIN GRANVILLE RD,COLUMBUS,OH,43229,9996,P,X2A471,S
CENTRAL,4J,OHIO 2,450,43227,LIVINGSTON,3850 E LIVINGSTON AVE,COLUMBUS,OH,43227,9998,,X21652,S
CENTRAL,4J,OHIO 2,450,43228,COLUMBUS OH WESTLAND SDC,770 GEORGESVILLE RD,COLUMBUS,OH,43228,9922,,021159,4
CENTRAL,4J,OHIO 2,450,43229,NORTHLAND RETAIL STORE,2469 E DUBLIN GRANVILLE RD,COLUMBUS,OH,43229,9996,,X2A471,S
CENTRAL,4J,OHIO 2,450,43229,NORTHLAND,5700 MAPLE CANYON AVE,COLUMBUS,OH,43229,9998,,015123,4
CENTRAL,4J,OHIO 2,450,43230,GAHANNA,246 LINCOLN CIR STE H,COLUMBUS,OH,43230,9997,,X29863,B
CENTRAL,4J,OHIO 2,450,43230,GAHANNA ANNEX,2323 CITYGATE DR OFC 2,COLUMBUS,OH,43218,9996,,015120,4
CENTRAL,4J,OHIO 2,450,43231,OAKLAND PARK OH S&DC,2200 INNIS RD,COLUMBUS,OH,43224,9902,,020693,4
CENTRAL,4J,OHIO 2,450,43232,EASTLAND FINANCE UNIT,4255 MACSWAY AVE,COLUMBUS,OH,43232,9997,,X2A465,S
CENTRAL,4J,OHIO 2,450,43232,EASTLAND,2601 COURTRIGHT RD,COLUMBUS,OH,43232,9998,,015117,4
CENTRAL,4J,OHIO 2,450,43234,WEST WORTHINGTON,6316 NICHOLAS DR,COLUMBUS,OH,43235,9998,P,X23344,S
CENTRAL,4J,OHIO 2,450,43235,WEST WORTHINGTON,6316 NICHOLAS DR,COLUMBUS,OH,43235,9998,,X23344,S
CENTRAL,4J,OHIO 2,450,43236,CITYGATE RETAIL,2323 CITYGATE DR,COLUMBUS,OH,43218,9998,P,018159,S
CENTRAL,4J,OHIO 2,450,43240,WESTERVILLE,617 MCCORKLE BLVD,WESTERVILLE,OH,43082,9640,,X23348,P
CENTRAL,4J,OHIO 2,450,43301,MARION,230 BARKS RD W,MARION,OH,43302,9998,P,X21766,P
CENTRAL,4J,OHIO 2,450,43301,CPU COLLECTABLES MARION,206 E CENTER ST,MARION,OH,43302,3816,P,008657,5
CENTRAL,4J,OHIO 2,450,43302,MARION,230 BARKS RD W,MARION,OH,43302,9998,,X21766,P
CENTRAL,4J,OHIO 2,450,43310,BELLE CENTER,102 W MAIN ST,BELLE CENTER,OH,43310,9699,,X20195,P
CENTRAL,4J,OHIO 2,450,43310,RUSSELLS POINT,901 STATE ROUTE 708,RUSSELLS POINT,OH,43348,9997,,X22697,P
CENTRAL,4J,OHIO 2,450,43311,BELLEFONTAINE,132 S DETROIT ST,BELLEFONTAINE,OH,43311,9997,,X20199,P
CENTRAL,4J,OHIO 2,450,43314,CALEDONIA,128 S MAIN ST,CALEDONIA,OH,43314,9718,,X20423,P
CENTRAL,4J,OHIO 2,450,43315,CARDINGTON,201 S MARION ST,CARDINGTON,OH,43315,9998,,X20452,P
CENTRAL,4J,OHIO 2,450,43316,CAREY,128 N VANCE ST,CAREY,OH,43316,1081,,X20453,P
CENTRAL,4J,OHIO 2,450,43317,CHESTERVILLE,44 E SANDUSKY ST,CHESTERVILLE,OH,43317,9700,P,X20533,P
CENTRAL,4J,OHIO 2,450,43318,DE GRAFF,102 S MAIN ST,DE GRAFF,OH,43318,9432,,X20780,P
CENTRAL,4J,OHIO 2,450,43319,EAST LIBERTY,3236 S MAIN ST,EAST LIBERTY,OH,43319,9493,,X20882,P
CENTRAL,4J,OHIO 2,450,43320,EDISON,101 N BOUNDARY ST,EDISON,OH,43320,9630,,X20915,P
CENTRAL,4J,OHIO 2,450,43320,MOUNT GILEAD,37 W HIGH ST,MOUNT GILEAD,OH,43338,9998,,X21982,P
CENTRAL,4J,OHIO 2,450,43321,FULTON,114 E MAIN ST,FULTON,OH,43321,9717,,X21089,P
CENTRAL,4J,OHIO 2,450,43322,GREEN CAMP,216 MARION ST,GREEN CAMP,OH,43322,9700,P,X21186,P
CENTRAL,4J,OHIO 2,450,43323,HARPSTER,7272 WYANDOT ST,HARPSTER,OH,43323,9704,,X21254,P
CENTRAL,4J,OHIO 2,450,43324,HUNTSVILLE,6493 LIMA ST,HUNTSVILLE,OH,43324,9433,,X21374,P
CENTRAL,4J,OHIO 2,450,43324,RUSSELLS POINT,901 STATE ROUTE 708,RUSSELLS POINT,OH,43348,9997,,X22697,P
CENTRAL,4J,OHIO 2,450,43325,IBERIA,3570 STATE ROUTE 309,IBERIA,OH,43325,9700,P,X21379,P
CENTRAL,4J,OHIO 2,450,43326,KENTON,305 W FRANKLIN ST,KENTON,OH,43326,9998,,X21479,P
CENTRAL,4J,OHIO 2,450,43331,LAKEVIEW,160 S MAIN ST,LAKEVIEW,OH,43331,9550,,X21553,P
CENTRAL,4J,OHIO 2,450,43331,RUSSELLS POINT,901 STATE ROUTE 708,RUSSELLS POINT,OH,43348,9997,,X22697,P
CENTRAL,4J,OHIO 2,450,43332,LA RUE,65 S HIGH ST,LA RUE,OH,43332,9997,,X21532,P
CENTRAL,4J,OHIO 2,450,43332,RICHWOOD,12 E OTTAWA ST,RICHWOOD,OH,43344,9997,,X22606,P
CENTRAL,4J,OHIO 2,450,43334,MARENGO,97 S MAIN ST,MARENGO,OH,43334,9598,,X21761,P
CENTRAL,4J,OHIO 2,450,43336,MIDDLEBURG,12020 GREEN ST,MIDDLEBURG,OH,43336,9700,P,X21875,P
CENTRAL,4J,OHIO 2,450,43337,MORRAL,150 W NEFF ST,MORRAL,OH,43337,9381,,X21965,P
CENTRAL,4J,OHIO 2,450,43338,MOUNT GILEAD,37 W HIGH ST,MOUNT GILEAD,OH,43338,9998,,X21982,P
CENTRAL,4J,OHIO 2,450,43340,KENTON,305 W FRANKLIN ST,KENTON,OH,43326,9998,,X21479,P
CENTRAL,4J,OHIO 2,450,43340,MOUNT VICTORY,115 S MAIN ST,MOUNT VICTORY,OH,43340,8936,,X22004,P
CENTRAL,4J,OHIO 2,450,43341,NEW BLOOMINGTON,160 S MAIN ST,NEW BLOOMINGTON,OH,43341,9582,,X22081,P
CENTRAL,4J,OHIO 2,450,43342,RICHWOOD,12 E OTTAWA ST,RICHWOOD,OH,43344,9997,,X22606,P
CENTRAL,4J,OHIO 2,450,43343,DE GRAFF,102 S MAIN ST,DE GRAFF,OH,43318,9432,,X20780,P
CENTRAL,4J,OHIO 2,450,43343,QUINCY,103 S MIAMI ST,QUINCY,OH,43343,9624,,X22539,P
CENTRAL,4J,OHIO 2,450,43344,RICHWOOD,12 E OTTAWA ST,RICHWOOD,OH,43344,9997,,X22606,P
CENTRAL,4J,OHIO 2,450,43345,KENTON,305 W FRANKLIN ST,KENTON,OH,43326,9998,,X21479,P
CENTRAL,4J,OHIO 2,450,43345,MOUNT VICTORY,115 S MAIN ST,MOUNT VICTORY,OH,43340,8936,,X22004,P
CENTRAL,4J,OHIO 2,450,43346,ROUNDHEAD,17770 N MAIN ST,ROUNDHEAD,OH,43346,9700,P,X22677,P
CENTRAL,4J,OHIO 2,450,43347,BELLEFONTAINE,132 S DETROIT ST,BELLEFONTAINE,OH,43311,9997,,X20199,P
CENTRAL,4J,OHIO 2,450,43347,RUSHSYLVANIA,106 N SANDUSKY ST,RUSHSYLVANIA,OH,43347,9788,,X22691,P
CENTRAL,4J,OHIO 2,450,43348,RUSSELLS POINT,901 STATE ROUTE 708,RUSSELLS POINT,OH,43348,9997,,X22697,P
CENTRAL,4J,OHIO 2,450,43350,SPARTA,8 W MAIN ST,SPARTA,OH,43350,9700,P,X22869,P
CENTRAL,4J,OHIO 2,450,43351,UPPER SANDUSKY,122 W WYANDOT AVE,UPPER SANDUSKY,OH,43351,9998,,X23158,P
CENTRAL,4J,OHIO 2,450,43356,WALDO,117 S MARION ST,WALDO,OH,43356,9169,,X23228,P
CENTRAL,4J,OHIO 2,450,43357,BELLEFONTAINE,132 S DETROIT ST,BELLEFONTAINE,OH,43311,9997,,X20199,P
CENTRAL,4J,OHIO 2,450,43357,WEST LIBERTY,116 E BAIRD ST,WEST LIBERTY,OH,43357,9229,,X23320,P
CENTRAL,4J,OHIO 2,450,43358,WEST MANSFIELD,103 N MAIN ST,WEST MANSFIELD,OH,43358,9998,,X23324,P
CENTRAL,4J,OHIO 2,450,43359,WHARTON,124 W SANDUSKY ST,WHARTON,OH,43359,9800,,X23360,P
CENTRAL,4J,OHIO 2,450,43360,BELLEFONTAINE,132 S DETROIT ST,BELLEFONTAINE,OH,43311,9997,,X20199,P
CENTRAL,4J,OHIO 2,450,43360,ZANESFIELD,2856 SANDUSKY ST,ZANESFIELD,OH,43360,9802,,X23464,P
CENTRAL,4J,OHIO 1,440,43402,BOWLING GREEN,111 W WASHINGTON ST,BOWLING GREEN,OH,43402,2855,,X20300,P
CENTRAL,4J,OHIO 1,440,43406,BRADNER,101 W CROCKER ST,BRADNER,OH,43406,9998,,X20311,P
CENTRAL,4J,OHIO 1,440,43406,PEMBERVILLE,130 CHERRY ST,PEMBERVILLE,OH,43450,9998,,X22390,P
CENTRAL,4J,OHIO 1,440,43407,BURGOON,3189 MAIN ST,BURGOON,OH,43407,9998,,X20386,P
CENTRAL,4J,OHIO 1,440,43408,CLAY CENTER,440 MAIN ST,CLAY CENTER,OH,43408,9998,P,X20569,P
CENTRAL,4J,OHIO 1,440,43410,CLYDE,131 W BUCKEYE ST,CLYDE,OH,43410,1986,,X20605,P
CENTRAL,4J,OHIO 1,440,43412,CURTICE,7160 N LAKE ST,CURTICE,OH,43412,9998,,X20744,P
CENTRAL,4J,OHIO 1,440,43413,CYGNET,335 FRONT ST,CYGNET,OH,43413,9998,,X20750,P
CENTRAL,4J,OHIO 1,440,43414,DUNBRIDGE,10951 MIDDLETON PIKE,DUNBRIDGE,OH,43414,9998,P,X20845,P
CENTRAL,4J,OHIO 1,440,43416,ELMORE,328 RICE ST,ELMORE,OH,43416,9998,,X20937,P
CENTRAL,4J,OHIO 1,440,43420,FREMONT,2120 ENTERPRISE ST,FREMONT,OH,43420,9998,,X21078,P
CENTRAL,4J,OHIO 1,440,43430,GENOA,606 WASHINGTON ST,GENOA,OH,43430,1685,,X21117,P
CENTRAL,4J,OHIO 1,440,43431,GIBSONBURG,112 N WEBSTER ST,GIBSONBURG,OH,43431,1005,,X21133,P
CENTRAL,4J,OHIO 1,440,43432,GENOA,606 WASHINGTON ST,GENOA,OH,43430,1685,,X21117,P
CENTRAL,4J,OHIO 1,440,43433,GYPSUM,2 MACKEY LN,GYPSUM,OH,43433,9998,P,X21226,P
CENTRAL,4J,OHIO 1,440,43434,HARBOR VIEW,327 LAKEVIEW DR,HARBOR VIEW,OH,43434,9998,P,X21248,P
CENTRAL,4J,OHIO 1,440,43435,GIBSONBURG,112 N WEBSTER ST,GIBSONBURG,OH,43431,1005,,X21133,P
CENTRAL,4J,OHIO 1,440,43435,HELENA,247 MAIN ST,HELENA,OH,43435,9998,,X21296,P
CENTRAL,4J,OHIO 1,440,43436,PORT CLINTON,121 W 2ND ST,PORT CLINTON,OH,43452,9998,,X22491,P
CENTRAL,4J,OHIO 1,440,43437,JERRY CITY,460 MAIN ST,JERRY CITY,OH,43437,9998,P,X21446,P
CENTRAL,4J,OHIO 1,440,43438,KELLEYS ISLAND,427 W LAKESHORE DR,KELLEYS ISLAND,OH,43438,9998,P,X21468,P
CENTRAL,4J,OHIO 1,440,43439,LACARNE,89 N MONROE ST,LACARNE,OH,43439,9998,P,X21533,P
CENTRAL,4J,OHIO 1,440,43440,LAKESIDE MARBLEHEAD,1306 W MAIN ST,LAKESIDE MARBLEHEAD,OH,43440,2024,,X21551,P
CENTRAL,4J,OHIO 1,440,43441,LEMOYNE,3930 FREMONT PIKE,LEMOYNE,OH,43441,9998,P,X21591,P
CENTRAL,4J,OHIO 1,440,43442,GIBSONBURG,112 N WEBSTER ST,GIBSONBURG,OH,43431,1005,,X21133,P
CENTRAL,4J,OHIO 1,440,43442,LINDSEY,224 S MAIN ST,LINDSEY,OH,43442,9998,,X21634,P
CENTRAL,4J,OHIO 1,440,43443,LUCKEY,248 MAIN ST,LUCKEY,OH,43443,9998,,X21690,P
CENTRAL,4J,OHIO 1,440,43443,PEMBERVILLE,130 CHERRY ST,PEMBERVILLE,OH,43450,9998,,X22390,P
CENTRAL,4J,OHIO 1,440,43445,GENOA,606 WASHINGTON ST,GENOA,OH,43430,1685,,X21117,P
CENTRAL,4J,OHIO 1,440,43445,MARTIN,2918 1ST ST,MARTIN,OH,43445,9998,,X21777,P
CENTRAL,4J,OHIO 1,440,43446,MIDDLE BASS,891 FOX RD,MIDDLE BASS,OH,43446,8001,P,018394,C
CENTRAL,4J,OHIO 1,440,43447,MILLBURY,28506 MAIN ST,MILLBURY,OH,43447,9998,,X21897,P
CENTRAL,4J,OHIO 1,440,43449,OAK HARBOR,126 N CHURCH ST,OAK HARBOR,OH,43449,1353,,X22248,P
CENTRAL,4J,OHIO 1,440,43450,PEMBERVILLE,130 CHERRY ST,PEMBERVILLE,OH,43450,9998,,X22390,P
CENTRAL,4J,OHIO 1,440,43451,PORTAGE,101 S FINDLAY PIKE,PORTAGE,OH,43451,9998,,X22497,P
CENTRAL,4J,OHIO 1,440,43452,PORT CLINTON,121 W 2ND ST,PORT CLINTON,OH,43452,9998,,X22491,P
CENTRAL,4J,OHIO 1,440,43456,PUT IN BAY,425 LANGRAM RD,PUT IN BAY,OH,43456,9998,P,X22532,P
CENTRAL,4J,OHIO 1,440,43457,RISINGSUN,356 MAIN ST,RISINGSUN,OH,43457,9998,,X22624,P
CENTRAL,4J,OHIO 1,440,43458,ROCKY RIDGE,14800 W 3RD ST,ROCKY RIDGE,OH,43458,9998,P,X22654,P
CENTRAL,4J,OHIO 1,440,43460,ROSSFORD,313 GLENWOOD RD,ROSSFORD,OH,43460,9998,,X22674,B
CENTRAL,4J,OHIO 1,440,43460,CENTRAL,430 BROADWAY ST,TOLEDO,OH,43604,9998,,014866,4
CENTRAL,4J,OHIO 1,440,43462,RUDOLPH,14018 MERMILL RD,RUDOLPH,OH,43462,9998,,X22684,P
CENTRAL,4J,OHIO 1,440,43463,STONY RIDGE,5725 FREMONT PIKE,STONY RIDGE,OH,43463,9998,P,X23000,P
CENTRAL,4J,OHIO 1,440,43464,CLYDE,131 W BUCKEYE ST,CLYDE,OH,43410,1986,,X20605,P
CENTRAL,4J,OHIO 1,440,43464,VICKERY,5110 COUNTY ROAD 247,VICKERY,OH,43464,9998,,X23191,P
CENTRAL,4J,OHIO 1,440,43465,WALBRIDGE,419 N MAIN ST,WALBRIDGE,OH,43465,1010,,X23227,P
CENTRAL,4J,OHIO 1,440,43466,PEMBERVILLE,130 CHERRY ST,PEMBERVILLE,OH,43450,9998,,X22390,P
CENTRAL,4J,OHIO 1,440,43466,WAYNE,101 W MAIN ST,WAYNE,OH,43466,9998,,X23287,P
CENTRAL,4J,OHIO 1,440,43467,WEST MILLGROVE,6491 MAIN ST,WEST MILLGROVE,OH,43467,9998,P,X23327,P
CENTRAL,4J,OHIO 1,440,43468,WILLISTON,21062 W TOLEDO ST,WILLISTON,OH,43468,9998,P,X23388,P
CENTRAL,4J,OHIO 1,440,43469,WOODVILLE,108 W MAIN ST,WOODVILLE,OH,43469,1105,,X23427,P
CENTRAL,4J,OHIO 1,440,43501,ALVORDTON,119 E MAIN ST,ALVORDTON,OH,43501,9998,,X20059,P
CENTRAL,4J,OHIO 1,440,43501,WEST UNITY,115 E JACKSON ST,WEST UNITY,OH,43570,9998,,X23341,P
CENTRAL,4J,OHIO 1,440,43502,ARCHBOLD,210 DITTO ST,ARCHBOLD,OH,43502,7700,,X20096,P
CENTRAL,4J,OHIO 1,440,43504,BERKEY,12353 SYLVANIA METAMORA RD,BERKEY,OH,43504,9998,,X20221,P
CENTRAL,4J,OHIO 1,440,43504,SYLVANIA,5745 POST OFFICE WAY,SYLVANIA,OH,43560,9998,,X23045,P
CENTRAL,4J,OHIO 1,440,43505,BLAKESLEE,514 WASHINGTON ST,BLAKESLEE,OH,43505,9998,P,X20262,P
CENTRAL,4J,OHIO 1,440,43506,BRYAN,142 N MAIN ST,BRYAN,OH,43506,2349,,X20362,P
CENTRAL,4J,OHIO 1,440,43510,COLTON,637 HENRY ST,COLTON,OH,43510,9998,P,X20635,P
CENTRAL,4J,OHIO 1,440,43511,CUSTAR,8906 CUSTAR RD,CUSTAR,OH,43511,9998,,X20745,P
CENTRAL,4J,OHIO 1,440,43511,DESHLER,106 E MAIN ST,DESHLER,OH,43516,1286,,X20807,P
CENTRAL,4J,OHIO 1,440,43512,DEFIANCE,420 W 2ND ST,DEFIANCE,OH,43512,9998,,X20791,P
CENTRAL,4J,OHIO 1,440,43515,DELTA,6660 US HIGHWAY 20A,DELTA,OH,43515,9370,,X20799,P
CENTRAL,4J,OHIO 1,440,43516,DESHLER,106 E MAIN ST,DESHLER,OH,43516,1286,,X20807,P
CENTRAL,4J,OHIO 1,440,43517,EDGERTON,207 N MICHIGAN AVE,EDGERTON,OH,43517,9998,,X20911,P
CENTRAL,4J,OHIO 1,440,43518,EDGERTON,207 N MICHIGAN AVE,EDGERTON,OH,43517,9998,,X20911,P
CENTRAL,4J,OHIO 1,440,43518,EDON,102 N MICHIGAN ST,EDON,OH,43518,9998,,X20916,P
CENTRAL,4J,OHIO 1,440,43520,FARMER,3948 STATE ROUTE 2,FARMER,OH,43520,9998,P,X20992,P
CENTRAL,4J,OHIO 1,440,43521,FAYETTE,101 S CHERRY ST,FAYETTE,OH,43521,9998,,X20999,P
CENTRAL,4J,OHIO 1,440,43522,GRAND RAPIDS,17565 WAPAKONETA RD,GRAND RAPIDS,OH,43522,9998,,X21170,P
CENTRAL,4J,OHIO 1,440,43524,DESHLER,106 E MAIN ST,DESHLER,OH,43516,1286,,X20807,P
CENTRAL,4J,OHIO 1,440,43524,HAMLER,335 RANDOLPH ST,HAMLER,OH,43524,9998,,X21236,P
CENTRAL,4J,OHIO 1,440,43525,BOWLING GREEN,111 W WASHINGTON ST,BOWLING GREEN,OH,43402,2855,,X20300,P
CENTRAL,4J,OHIO 1,440,43526,HICKSVILLE,110 E EDGERTON ST,HICKSVILLE,OH,43526,1484,,X21307,P
CENTRAL,4J,OHIO 1,440,43527,HOLGATE,165 N WILHELM ST,HOLGATE,OH,43527,9998,,X21337,P
CENTRAL,4J,OHIO 1,440,43528,HOLLAND,6923 ANGOLA RD,HOLLAND,OH,43528,9998,,X21338,P
CENTRAL,4J,OHIO 1,440,43529,HOYTVILLE,2521 N MAIN ST,HOYTVILLE,OH,43529,9998,P,X21357,P
CENTRAL,4J,OHIO 1,440,43530,JEWELL,7852 INDEPENDENCE RD,JEWELL,OH,43530,9998,P,X21450,P
CENTRAL,4J,OHIO 1,440,43531,PIONEER,105 W 1ST ST,PIONEER,OH,43554,9998,,X22432,P
CENTRAL,4J,OHIO 1,440,43532,LIBERTY CENTER,109 EAST ST,LIBERTY CENTER,OH,43532,9998,,X21608,P
CENTRAL,4J,OHIO 1,440,43533,LYONS,105 N ADRIAN ST,LYONS,OH,43533,9998,,X21704,P
CENTRAL,4J,OHIO 1,440,43534,GRAND RAPIDS,17565 WAPAKONETA RD,GRAND RAPIDS,OH,43522,9998,,X21170,P
CENTRAL,4J,OHIO 1,440,43534,MC CLURE,232 S EAST ST,MC CLURE,OH,43534,9998,,X21804,P
CENTRAL,4J,OHIO 1,440,43535,MALINTA,110 N TURKEYFOOT AVE,MALINTA,OH,43535,9998,,X21736,P
CENTRAL,4J,OHIO 1,440,43536,HICKSVILLE,110 E EDGERTON ST,HICKSVILLE,OH,43526,1484,,X21307,P
CENTRAL,4J,OHIO 1,440,43537,MAUMEE,1375 FORD ST,MAUMEE,OH,43537,1763,,X21791,P
CENTRAL,4J,OHIO 1,440,43540,METAMORA,107 W MAIN ST,METAMORA,OH,43540,9998,,X21852,P
CENTRAL,4J,OHIO 1,440,43542,MONCLOVA,7959 MONCLOVA RD,MONCLOVA,OH,43542,9998,,X21937,P
CENTRAL,4J,OHIO 1,440,43543,MONTPELIER,209 EMPIRE ST,MONTPELIER,OH,43543,1366,,X21953,P
CENTRAL,4J,OHIO 1,440,43545,NAPOLEON,206 W WASHINGTON ST,NAPOLEON,OH,43545,1773,,X22052,P
CENTRAL,4J,OHIO 1,440,43547,NEAPOLIS,8250 MAIN ST,NEAPOLIS,OH,43547,9998,P,X22059,P
CENTRAL,4J,OHIO 1,440,43548,NEW BAVARIA,867 WALNUT ST,NEW BAVARIA,OH,43548,9998,,X22078,P
CENTRAL,4J,OHIO 1,440,43549,BRYAN,142 N MAIN ST,BRYAN,OH,43506,2349,,X20362,P
CENTRAL,4J,OHIO 1,440,43549,NEY,170 E MAIN ST,NEY,OH,43549,9998,,X22162,P
CENTRAL,4J,OHIO 1,440,43551,PERRYSBURG,1205 LOUISIANA AVE,PERRYSBURG,OH,43551,2354,,X22408,P
CENTRAL,4J,OHIO 1,440,43552,PERRYSBURG,1205 LOUISIANA AVE,PERRYSBURG,OH,43551,2354,P,X22408,P
CENTRAL,4J,OHIO 1,440,43553,PETTISVILLE,201 FRONT ST,PETTISVILLE,OH,43553,9998,P,X22414,P
CENTRAL,4J,OHIO 1,440,43554,PIONEER,105 W 1ST ST,PIONEER,OH,43554,9998,,X22432,P
CENTRAL,4J,OHIO 1,440,43555,RIDGEVILLE CORNERS,20348 COUNTY ROAD X,RIDGEVILLE CORNERS,OH,43555,9998,P,X22613,P
CENTRAL,4J,OHIO 1,440,43556,SHERWOOD,109 N HARRISON ST,SHERWOOD,OH,43556,9998,,X22804,P
CENTRAL,4J,OHIO 1,440,43557,STRYKER,110 S DEFIANCE ST,STRYKER,OH,43557,9998,,X23017,P
CENTRAL,4J,OHIO 1,440,43558,SWANTON,250 S HALLETT AVE,SWANTON,OH,43558,1524,,X23039,P
CENTRAL,4J,OHIO 1,440,43560,SYLVANIA,5745 POST OFFICE WAY,SYLVANIA,OH,43560,9998,,X23045,P
CENTRAL,4J,OHIO 1,440,43565,TONTOGANY,17666 KELLOGG RD,TONTOGANY,OH,43565,9998,P,X23091,P
CENTRAL,4J,OHIO 1,440,43566,WATERVILLE,12 S 3RD ST,WATERVILLE,OH,43566,1534,,X23276,P
CENTRAL,4J,OHIO 1,440,43567,WAUSEON,124 E ELM ST,WAUSEON,OH,43567,1489,,X23278,P
CENTRAL,4J,OHIO 1,440,43569,WESTON,13172 MAIN ST,WESTON,OH,43569,9998,,X23354,P
CENTRAL,4J,OHIO 1,440,43570,WEST UNITY,115 E JACKSON ST,WEST UNITY,OH,43570,9998,,X23341,P
CENTRAL,4J,OHIO 1,440,43571,WHITEHOUSE,6822 PROVIDENCE ST,WHITEHOUSE,OH,43571,9998,,X23370,P
CENTRAL,4J,OHIO 1,440,43603,CENTRAL,235 N ERIE ST,TOLEDO,OH,43604,9398,P,001461,S
CENTRAL,4J,OHIO 1,440,43604,CENTRAL,430 BROADWAY ST,TOLEDO,OH,43604,9998,,014866,4
CENTRAL,4J,OHIO 1,440,43605,TOLEDO,435 S SAINT CLAIR ST,TOLEDO,OH,43601,9998,,X23088,P
CENTRAL,4J,OHIO 1,440,43605,STATION A,225 MAIN ST,TOLEDO,OH,43605,2035,,018713,S
CENTRAL,4J,OHIO 1,440,43606,KENWOOD,2941 HAUGHTON DR,TOLEDO,OH,43606,9998,,X21481,S
CENTRAL,4J,OHIO 1,440,43607,MIDTOWN,1609 DORR ST,TOLEDO,OH,43607,9998,,X20413,S
CENTRAL,4J,OHIO 1,440,43607,TOLEDO,435 S SAINT CLAIR ST,TOLEDO,OH,43601,9998,,X23088,P
CENTRAL,4J,OHIO 1,440,43608,TOLEDO,435 S SAINT CLAIR ST,TOLEDO,OH,43601,9998,,X23088,P
CENTRAL,4J,OHIO 1,440,43608,MANHATTAN,549 E MANHATTAN BLVD,TOLEDO,OH,43608,1270,,018645,S
CENTRAL,4J,OHIO 1,440,43609,SOUTH TOLEDO,1144 S DETROIT AVE,TOLEDO,OH,43614,9998,,001479,S
CENTRAL,4J,OHIO 1,440,43610,OLD WEST END,2280 ASHLAND AVE,TOLEDO,OH,43620,9998,,X22290,S
CENTRAL,4J,OHIO 1,440,43610,TOLEDO,435 S SAINT CLAIR ST,TOLEDO,OH,43601,9998,,X23088,P
CENTRAL,4J,OHIO 1,440,43611,POINT PLACE STATION,4445 N SUMMIT ST,TOLEDO,OH,43611,9998,,X22481,S
CENTRAL,4J,OHIO 1,440,43611,TOLEDO,435 S SAINT CLAIR ST,TOLEDO,OH,43601,9998,,X23088,P
CENTRAL,4J,OHIO 1,440,43612,WEST TOLEDO,1568 W SYLVANIA AVE,TOLEDO,OH,43612,9998,,X23337,S
CENTRAL,4J,OHIO 1,440,43613,WERNERT,2618 TREMAINSVILLE RD,TOLEDO,OH,43613,9998,,X23298,S
CENTRAL,4J,OHIO 1,440,43614,SOUTH TOLEDO,1144 S DETROIT AVE,TOLEDO,OH,43614,9998,,001479,S
CENTRAL,4J,OHIO 1,440,43615,REYNOLDS CORNERS,6020 W BANCROFT ST,TOLEDO,OH,43615,9998,,X22588,S
CENTRAL,4J,OHIO 1,440,43616,OREGON,3054 DUSTIN RD,OREGON,OH,43616,9998,,X22313,B
CENTRAL,4J,OHIO 1,440,43617,REYNOLDS CORNERS,6020 W BANCROFT ST,TOLEDO,OH,43615,9998,,X22588,S
CENTRAL,4J,OHIO 1,440,43619,OREGON,3054 DUSTIN RD,OREGON,OH,43616,9998,,X22313,B
CENTRAL,4J,OHIO 1,440,43620,TOLEDO,435 S SAINT CLAIR ST,TOLEDO,OH,43601,9998,,X23088,P
CENTRAL,4J,OHIO 1,440,43623,FRANKLIN PARK,5151 MONROE ST,TOLEDO,OH,43623,9998,,X21064,S
CENTRAL,4J,OHIO 1,440,43635,REYNOLDS CORNERS,6020 W BANCROFT ST,TOLEDO,OH,43615,9998,P,X22588,S
CENTRAL,4J,OHIO 1,440,43697,TOLEDO,435 S SAINT CLAIR ST,TOLEDO,OH,43601,9998,P,X23088,P
CENTRAL,4J,OHIO 1,440,43699,TOLEDO,435 S SAINT CLAIR ST,TOLEDO,OH,43601,9998,P,X23088,P
CENTRAL,4J,OHIO 2,450,43701,ZANESVILLE,900 MCINTIRE AVE,ZANESVILLE,OH,43701,9998,,X23465,P
CENTRAL,4J,OHIO 2,450,43702,ZANESVILLE,900 MCINTIRE AVE,ZANESVILLE,OH,43701,9998,P,X23465,P
CENTRAL,4J,OHIO 2,450,43702,ZANE STREET,1035 ZANE ST,ZANESVILLE,OH,43701,9996,P,011648,S
CENTRAL,4J,OHIO 2,450,43711,AVA,50614 STATE ROUTE 821,AVA,OH,43711,9900,P,X20127,P
CENTRAL,4J,OHIO 2,450,43713,BARNESVILLE,116 E CHURCH ST,BARNESVILLE,OH,43713,9998,,X20154,P
CENTRAL,4J,OHIO 2,450,43716,BEALLSVILLE,52731 OHIO AVE,BEALLSVILLE,OH,43716,9900,,X20173,P
CENTRAL,4J,OHIO 2,450,43717,BELLE VALLEY,200 LIBERTY ST,BELLE VALLEY,OH,43717,9900,P,X20197,P
CENTRAL,4J,OHIO 2,450,43718,BELMONT,128 W MAIN ST,BELMONT,OH,43718,9901,,X20205,P
CENTRAL,4J,OHIO 2,450,43719,BETHESDA,111 S MAIN ST,BETHESDA,OH,43719,9901,,X20236,P
CENTRAL,4J,OHIO 2,450,43720,BLUE ROCK,8780 S RIVER RD,BLUE ROCK,OH,43720,9900,,X20280,P
CENTRAL,4J,OHIO 2,450,43720,PHILO,265 MAIN ST,PHILO,OH,43771,9900,,X22420,P
CENTRAL,4J,OHIO 2,450,43721,GRATIOT,349 MAIN ST,GRATIOT,OH,43740,9900,P,X21177,P
CENTRAL,4J,OHIO 2,450,43722,BUFFALO,11985 CLAY PIKE RD,BUFFALO,OH,43722,9900,P,X20377,P
CENTRAL,4J,OHIO 2,450,43723,BYESVILLE,209 WATSON AVE,BYESVILLE,OH,43723,9998,,X20408,P
CENTRAL,4J,OHIO 2,450,43724,CALDWELL,601 WEST ST,CALDWELL,OH,43724,9998,,X20422,P
CENTRAL,4J,OHIO 2,450,43725,CAMBRIDGE,954 WHEELING AVE,CAMBRIDGE,OH,43725,9998,,X20425,P
CENTRAL,4J,OHIO 2,450,43727,CHANDLERSVILLE,8875 CHANDLERSVILLE RD,CHANDLERSVILLE,OH,43727,9900,,X20508,P
CENTRAL,4J,OHIO 2,450,43727,PHILO,265 MAIN ST,PHILO,OH,43771,9900,,X22420,P
CENTRAL,4J,OHIO 2,450,43728,CHESTERHILL,7402 MARION ST,CHESTERHILL,OH,43728,9997,,X20531,P
CENTRAL,4J,OHIO 2,450,43730,CORNING,105 WASHINGTON ST,CORNING,OH,43730,9900,,X20698,P
CENTRAL,4J,OHIO 2,450,43730,NEW LEXINGTON,200 W BROWN ST,NEW LEXINGTON,OH,43764,9998,,X22108,P
CENTRAL,4J,OHIO 2,450,43731,CROOKSVILLE,200 E MAIN ST,CROOKSVILLE,OH,43731,9902,,X20734,P
CENTRAL,4J,OHIO 2,450,43732,CUMBERLAND,301 MILL ST,CUMBERLAND,OH,43732,9901,,X20741,P
CENTRAL,4J,OHIO 2,450,43732,PLEASANT CITY,210 MAIN ST,PLEASANT CITY,OH,43772,9900,,X22449,P
CENTRAL,4J,OHIO 2,450,43733,DERWENT,10936 CLAY PIKE RD,DERWENT,OH,43733,9900,P,X20806,P
CENTRAL,4J,OHIO 2,450,43734,DUNCAN FALLS,315 MAIN ST,DUNCAN FALLS,OH,43734,9900,,X20846,P
CENTRAL,4J,OHIO 2,450,43735,EAST FULTONHAM,6970 AXLINE AVE,EAST FULTONHAM,OH,43735,9900,P,X20880,P
CENTRAL,4J,OHIO 2,450,43739,GLENFORD,4627 STATE ROUTE 204,GLENFORD,OH,43739,9900,,X21148,P
CENTRAL,4J,OHIO 2,450,43740,GRATIOT,349 MAIN ST,GRATIOT,OH,43740,9900,P,X21177,P
CENTRAL,4J,OHIO 2,450,43747,WOODSFIELD,125 N MAIN ST,WOODSFIELD,OH,43793,9998,,X23425,P
CENTRAL,4J,OHIO 2,450,43748,JUNCTION CITY,114 W MAIN ST,JUNCTION CITY,OH,43748,9900,,X21459,P
CENTRAL,4J,OHIO 2,450,43749,CAMBRIDGE,954 WHEELING AVE,CAMBRIDGE,OH,43725,9998,,X20425,P
CENTRAL,4J,OHIO 2,450,43749,KIMBOLTON,114 S MAIN ST,KIMBOLTON,OH,43749,9900,,X21497,P
CENTRAL,4J,OHIO 2,450,43754,LEWISVILLE,33212 RAILROAD ST,LEWISVILLE,OH,43754,9900,,X21603,P
CENTRAL,4J,OHIO 2,450,43754,WOODSFIELD,125 N MAIN ST,WOODSFIELD,OH,43793,9998,,X23425,P
CENTRAL,4J,OHIO 2,450,43755,LORE CITY,200 MAIN ST NW,LORE CITY,OH,43755,9901,,X21675,P
CENTRAL,4J,OHIO 2,450,43756,MCCONNELSVILLE,83 S KENNEBEC AVE,MCCONNELSVILLE,OH,43756,9998,,X21806,P
CENTRAL,4J,OHIO 2,450,43758,MALTA,534 N MAIN ST,MALTA,OH,43758,9900,,X21737,P
CENTRAL,4J,OHIO 2,450,43758,MCCONNELSVILLE,83 S KENNEBEC AVE,MCCONNELSVILLE,OH,43756,9998,,X21806,P
CENTRAL,4J,OHIO 2,450,43759,MORRISTOWN,126 E MAIN ST,MORRISTOWN,OH,43759,9900,P,X21967,P
CENTRAL,4J,OHIO 2,450,43760,GLENFORD,4627 STATE ROUTE 204,GLENFORD,OH,43739,9900,,X21148,P
CENTRAL,4J,OHIO 2,450,43761,MOXAHALA,3310 STATE ROUTE 13 SE,MOXAHALA,OH,43761,9900,P,X22010,P
CENTRAL,4J,OHIO 2,450,43762,NEW CONCORD,61 W MAIN ST,NEW CONCORD,OH,43762,9998,,X22088,P
CENTRAL,4J,OHIO 2,450,43764,NEW LEXINGTON,200 W BROWN ST,NEW LEXINGTON,OH,43764,9998,,X22108,P
CENTRAL,4J,OHIO 2,450,43766,NEW LEXINGTON,200 W BROWN ST,NEW LEXINGTON,OH,43764,9998,,X22108,P
CENTRAL,4J,OHIO 2,450,43767,NEW CONCORD,61 W MAIN ST,NEW CONCORD,OH,43762,9998,,X22088,P
CENTRAL,4J,OHIO 2,450,43767,NORWICH,10445 MAIN ST,NORWICH,OH,43767,9900,,X22230,P
CENTRAL,4J,OHIO 2,450,43768,OLD WASHINGTON,204 OLD NATIONAL RD,OLD WASHINGTON,OH,43768,9901,P,X22289,P
CENTRAL,4J,OHIO 2,450,43771,PHILO,265 MAIN ST,PHILO,OH,43771,9900,,X22420,P
CENTRAL,4J,OHIO 2,450,43772,PLEASANT CITY,210 MAIN ST,PLEASANT CITY,OH,43772,9900,,X22449,P
CENTRAL,4J,OHIO 2,450,43773,QUAKER CITY,151 SOUTH ST,QUAKER CITY,OH,43773,9900,,X22537,P
CENTRAL,4J,OHIO 2,450,43777,ROSEVILLE,226 N MAIN ST,ROSEVILLE,OH,43777,9901,,X22670,P
CENTRAL,4J,OHIO 2,450,43778,QUAKER CITY,151 SOUTH ST,QUAKER CITY,OH,43773,9900,,X22537,P
CENTRAL,4J,OHIO 2,450,43780,SENECAVILLE,206 HIGH ST,SENECAVILLE,OH,43780,9900,,X22765,P
CENTRAL,4J,OHIO 2,450,43782,NEW LEXINGTON,200 W BROWN ST,NEW LEXINGTON,OH,43764,9998,,X22108,P
CENTRAL,4J,OHIO 2,450,43783,SOMERSET,320 S COLUMBUS ST,SOMERSET,OH,43783,9900,,X22832,P
CENTRAL,4J,OHIO 2,450,43786,STAFFORD,42385 MILL ST,STAFFORD,OH,43786,9900,P,002762,C
CENTRAL,4J,OHIO 2,450,43787,MCCONNELSVILLE,83 S KENNEBEC AVE,MCCONNELSVILLE,OH,43756,9998,,X21806,P
CENTRAL,4J,OHIO 2,450,43787,STOCKPORT,1975 MAIN ST,STOCKPORT,OH,43787,9900,,X22995,P
CENTRAL,4J,OHIO 2,450,43788,SUMMERFIELD,300 W CROSS ST,SUMMERFIELD,OH,43788,9900,,X23027,P
CENTRAL,4J,OHIO 2,450,43791,WHITE COTTAGE,3880 ROBERTS ADDITION,WHITE COTTAGE,OH,43791,9900,P,X23366,P
CENTRAL,4J,OHIO 2,450,43793,WOODSFIELD,125 N MAIN ST,WOODSFIELD,OH,43793,9998,,X23425,P
CENTRAL,4J,OHIO 2,450,43802,ADAMSVILLE,8125 EAST ST,ADAMSVILLE,OH,43802,9998,,X20020,P
CENTRAL,4J,OHIO 2,450,43802,DRESDEN,25 W 4TH ST,DRESDEN,OH,43821,9046,,X20837,P
CENTRAL,4J,OHIO 2,450,43803,BAKERSVILLE,59505 COUNTY ROAD 2,BAKERSVILLE,OH,43803,9000,P,002757,C
CENTRAL,4J,OHIO 2,450,43804,BALTIC,105 N RAY ST,BALTIC,OH,43804,9092,,X20143,P
CENTRAL,4J,OHIO 2,450,43811,CONESVILLE,504 MARQUAND AVE,CONESVILLE,OH,43811,9772,,X20654,P
CENTRAL,4J,OHIO 2,450,43812,COSHOCTON,516 CHESTNUT ST FRNT,COSHOCTON,OH,43812,9998,,X20704,P
CENTRAL,4J,OHIO 2,450,43821,DRESDEN,25 W 4TH ST,DRESDEN,OH,43821,9046,,X20837,P
CENTRAL,4J,OHIO 2,450,43822,FRAZEYSBURG,24 N STATE ST,FRAZEYSBURG,OH,43822,9014,,X21066,P
CENTRAL,4J,OHIO 2,450,43824,FRESNO,54259 TOWNSHIP ROAD 172,FRESNO,OH,43824,9064,,X21079,P
CENTRAL,4J,OHIO 2,450,43824,WEST LAFAYETTE,501 W MAIN ST,WEST LAFAYETTE,OH,43845,1174,,X23316,P
CENTRAL,4J,OHIO 2,450,43830,NASHPORT,7764 OBANNON RD,NASHPORT,OH,43830,9418,,X22053,P
CENTRAL,4J,OHIO 2,450,43832,NEWCOMERSTOWN,133 W CANAL ST,NEWCOMERSTOWN,OH,43832,1197,,X22148,P
CENTRAL,4J,OHIO 2,450,43836,PLAINFIELD,103 E MAIN ST,PLAINFIELD,OH,43836,9000,P,004283,C
CENTRAL,4J,OHIO 2,450,43837,NEWCOMERSTOWN,133 W CANAL ST,NEWCOMERSTOWN,OH,43832,1197,,X22148,P
CENTRAL,4J,OHIO 2,450,43837,PORT WASHINGTON,103 SAINT CLAIRSVILLE RD SW,PORT WASHINGTON,OH,43837,9719,,X22495,P
CENTRAL,4J,OHIO 2,450,43840,BALTIC,105 N RAY ST,BALTIC,OH,43804,9092,,X20143,P
CENTRAL,4J,OHIO 2,450,43840,STONE CREEK,107 W JEFFERSON ST,STONE CREEK,OH,43840,9009,,X22997,P
CENTRAL,4J,OHIO 2,450,43842,TRINWAY,12925 MAIN ST,TRINWAY,OH,43842,9000,P,X23107,P
CENTRAL,4J,OHIO 2,450,43843,WALHONDING,33118 STATE ROUTE 715,WALHONDING,OH,43843,9701,,X23230,P
CENTRAL,4J,OHIO 2,450,43843,WARSAW,803 E MAIN ST,WARSAW,OH,43844,9050,,X23251,P
CENTRAL,4J,OHIO 2,450,43844,WARSAW,803 E MAIN ST,WARSAW,OH,43844,9050,,X23251,P
CENTRAL,4J,OHIO 2,450,43845,WEST LAFAYETTE,501 W MAIN ST,WEST LAFAYETTE,OH,43845,1174,,X23316,P
CENTRAL,4J,OHIO 1,440,43901,ADENA,16 W MAIN ST,ADENA,OH,43901,9800,,X20024,P
CENTRAL,4J,OHIO 1,440,43901,DILLONVALE,132 SMITHFIELD ST,DILLONVALE,OH,43917,9800,,X20816,P
CENTRAL,4J,OHIO 1,440,43903,AMSTERDAM,116 S MAIN ST,AMSTERDAM,OH,43903,7947,,X20076,P
CENTRAL,4J,OHIO 1,440,43905,BARTON,70659 MAIN ST,BARTON,OH,43905,9800,P,X20157,P
CENTRAL,4J,OHIO 1,440,43906,BELLAIRE,451 33RD ST,BELLAIRE,OH,43906,9998,,X20191,P
CENTRAL,4J,OHIO 1,440,43907,CADIZ,82422 CADIZ JEWETT RD,CADIZ,OH,43907,9802,,X20416,P
CENTRAL,4J,OHIO 1,440,43908,BERGHOLZ,254 2ND ST,BERGHOLZ,OH,43908,9800,,X20220,P
CENTRAL,4J,OHIO 1,440,43909,BLAINE,53739 NATIONAL RD,BLAINE,OH,43909,9800,P,X20259,P
CENTRAL,4J,OHIO 1,440,43910,BLOOMINGDALE,111 HIGH ST,BLOOMINGDALE,OH,43910,9800,,X20273,P
CENTRAL,4J,OHIO 1,440,43912,BRIDGEPORT,300 S LINCOLN AVE,BRIDGEPORT,OH,43912,9998,,X20323,P
CENTRAL,4J,OHIO 1,440,43913,BRILLIANT,801 3RD ST,BRILLIANT,OH,43913,9998,,X20327,P
CENTRAL,4J,OHIO 1,440,43913,STEUBENVILLE,150 N 3RD ST,STEUBENVILLE,OH,43952,9998,,X22986,P
CENTRAL,4J,OHIO 1,440,43915,CLARINGTON,506 MARKET ST,CLARINGTON,OH,43915,9800,,X20557,P
CENTRAL,4J,OHIO 1,440,43916,COLERAIN,72120 STATE ROUTE 250,COLERAIN,OH,43916,9800,P,X20620,P
CENTRAL,4J,OHIO 1,440,43917,DILLONVALE,132 SMITHFIELD ST,DILLONVALE,OH,43917,9800,,X20816,P
CENTRAL,4J,OHIO 1,440,43920,CALCUTTA,15713 STATE ROUTE 170,EAST LIVERPOOL,OH,43920,9633,,X20421,B
CENTRAL,4J,OHIO 1,440,43920,EAST LIVERPOOL,515 WALNUT ST,EAST LIVERPOOL,OH,43920,9800,,X20884,P
CENTRAL,4J,OHIO 1,440,43925,EAST SPRINGFIELD,9889 COUNTY ROAD 39,EAST SPRINGFIELD,OH,43925,9997,P,X20894,P
CENTRAL,4J,OHIO 1,440,43926,EMPIRE,170 NESSLEY ST,EMPIRE,OH,43926,9800,P,X20942,P
CENTRAL,4J,OHIO 1,440,43927,SAINT CLAIRSVILLE,2 RESERVOIR RD,SAINT CLAIRSVILLE,OH,43950,9998,P,X22713,P
CENTRAL,4J,OHIO 1,440,43928,GLENCOE,50073 1ST ST,GLENCOE,OH,43928,9800,P,X21146,P
CENTRAL,4J,OHIO 1,440,43930,HAMMONDSVILLE,15481 STATE ROUTE 213,HAMMONDSVILLE,OH,43930,9800,,X21238,P
CENTRAL,4J,OHIO 1,440,43930,WELLSVILLE,1075 MAIN ST,WELLSVILLE,OH,43968,1392,,X23297,P
CENTRAL,4J,OHIO 1,440,43931,HANNIBAL,52758 BOSTON HILL RD,HANNIBAL,OH,43931,9800,P,X21241,P
CENTRAL,4J,OHIO 1,440,43932,IRONDALE,210 EAST AVE,IRONDALE,OH,43932,9997,,X21393,P
CENTRAL,4J,OHIO 1,440,43932,WELLSVILLE,1075 MAIN ST,WELLSVILLE,OH,43968,1392,,X23297,P
CENTRAL,4J,OHIO 1,440,43933,JACOBSBURG,60630 MAIN ST,JACOBSBURG,OH,43933,9800,,X21422,P
CENTRAL,4J,OHIO 1,440,43933,SAINT CLAIRSVILLE,2 RESERVOIR RD,SAINT CLAIRSVILLE,OH,43950,9998,,X22713,P
CENTRAL,4J,OHIO 1,440,43934,LANSING,55157 NATIONAL RD,LANSING,OH,43934,9997,P,X21560,P
CENTRAL,4J,OHIO 1,440,43935,MARTINS FERRY,101 N 5TH ST,MARTINS FERRY,OH,43935,9998,,X21778,P
CENTRAL,4J,OHIO 1,440,43937,MAYNARD,71480 HALL ST,MAYNARD,OH,43937,9800,P,X21800,P
CENTRAL,4J,OHIO 1,440,43938,MINGO JUNCTION,679 COMMERCIAL ST,MINGO JUNCTION,OH,43938,9998,,X21928,P
CENTRAL,4J,OHIO 1,440,43939,MOUNT PLEASANT,243 UNION ST,MOUNT PLEASANT,OH,43939,9800,P,X21995,P
CENTRAL,4J,OHIO 1,440,43940,NEFFS,54061 PIKE ST,NEFFS,OH,43940,9800,P,X22061,P
CENTRAL,4J,OHIO 1,440,43941,SMITHFIELD,1303 MAIN ST,SMITHFIELD,OH,43948,9997,P,X22819,P
CENTRAL,4J,OHIO 1,440,43942,POWHATAN POINT,335 HIGHWAY 7 N,POWHATAN POINT,OH,43942,1279,,X22509,P
CENTRAL,4J,OHIO 1,440,43943,MARTINS FERRY,101 N 5TH ST,MARTINS FERRY,OH,43935,9998,,X21778,P
CENTRAL,4J,OHIO 1,440,43943,RAYLAND,140 MAIN ST,RAYLAND,OH,43943,9800,,X22556,P
CENTRAL,4J,OHIO 1,440,43944,RICHMOND,36 E MAIN ST,RICHMOND,OH,43944,9800,,X22600,P
CENTRAL,4J,OHIO 1,440,43945,SALINEVILLE,37 W MAIN ST,SALINEVILLE,OH,43945,9998,,X22725,P
CENTRAL,4J,OHIO 1,440,43946,SARDIS,37296 5TH AVE,SARDIS,OH,43946,9800,,X22740,P
CENTRAL,4J,OHIO 1,440,43947,SHADYSIDE,3989 LINCOLN AVE,SHADYSIDE,OH,43947,9998,,X22774,P
CENTRAL,4J,OHIO 1,440,43948,SMITHFIELD,1303 MAIN ST,SMITHFIELD,OH,43948,9997,P,X22819,P
CENTRAL,4J,OHIO 1,440,43950,SAINT CLAIRSVILLE,2 RESERVOIR RD,SAINT CLAIRSVILLE,OH,43950,9998,,X22713,P
CENTRAL,4J,OHIO 1,440,43951,LAFFERTY,43126 MOUNT HOPE RD,LAFFERTY,OH,43951,9997,P,X21536,P
CENTRAL,4J,OHIO 1,440,43952,STEUBENVILLE,150 N 3RD ST,STEUBENVILLE,OH,43952,9998,,X22986,P
CENTRAL,4J,OHIO 1,440,43953,STEUBENVILLE,150 N 3RD ST,STEUBENVILLE,OH,43952,9998,,X22986,P
CENTRAL,4J,OHIO 1,440,43953,WINTERSVILLE,210 LURAY DR,STEUBENVILLE,OH,43953,3977,,X23417,B
CENTRAL,4J,OHIO 1,440,43961,STRATTON,107 2ND AVE,STRATTON,OH,43961,9800,P,X23008,P
CENTRAL,4J,OHIO 1,440,43962,SUMMITVILLE,15521 STATE ROUTE 644,SUMMITVILLE,OH,43962,9800,P,X23033,P
CENTRAL,4J,OHIO 1,440,43963,MARTINS FERRY,101 N 5TH ST,MARTINS FERRY,OH,43935,9998,,X21778,P
CENTRAL,4J,OHIO 1,440,43963,TILTONSVILLE,218 GRANDVIEW AVE,TILTONSVILLE,OH,43963,9998,,X23077,P
CENTRAL,4J,OHIO 1,440,43964,TORONTO,106 S 4TH ST,TORONTO,OH,43964,9998,,X23093,P
CENTRAL,4J,OHIO 1,440,43967,WARNOCK,47590 W BROOKLYN ST,WARNOCK,OH,43967,9800,P,X23243,P
CENTRAL,4J,OHIO 1,440,43968,WELLSVILLE,1075 MAIN ST,WELLSVILLE,OH,43968,1392,,X23297,P
CENTRAL,4J,OHIO 1,440,43970,AMSTERDAM,116 S MAIN ST,AMSTERDAM,OH,43903,7947,P,X20076,P
CENTRAL,4J,OHIO 1,440,43971,MARTINS FERRY,101 N 5TH ST,MARTINS FERRY,OH,43935,9998,,X21778,P
CENTRAL,4J,OHIO 1,440,43971,YORKVILLE,325 PUBLIC RD,YORKVILLE,OH,43971,1252,,X23456,P
CENTRAL,4J,OHIO 1,440,43972,SAINT CLAIRSVILLE,2 RESERVOIR RD,SAINT CLAIRSVILLE,OH,43950,9998,P,X22713,P
CENTRAL,4J,OHIO 1,440,43973,FREEPORT,101 S PHILADELPHIA ST,FREEPORT,OH,43973,8941,,X21077,P
CENTRAL,4J,OHIO 1,440,43974,HARRISVILLE,49364 MAIN ST,HARRISVILLE,OH,43974,9800,P,X21267,P
CENTRAL,4J,OHIO 1,440,43976,HOPEDALE,165 MILLER STATION RD,HOPEDALE,OH,43976,9800,,X21349,P
CENTRAL,4J,OHIO 1,440,43977,HOLLOWAY,120 E MAIN ST,HOLLOWAY,OH,43985,9800,,X21342,P
CENTRAL,4J,OHIO 1,440,43981,NEW ATHENS,128 S MAIN ST,NEW ATHENS,OH,43981,9800,P,X22076,P
CENTRAL,4J,OHIO 1,440,43983,PIEDMONT,33031 W MAIN ST,PIEDMONT,OH,43983,9800,,X22426,P
CENTRAL,4J,OHIO 1,440,43984,JEWETT,102 W MAIN ST,JEWETT,OH,43986,9800,P,X21451,P
CENTRAL,4J,OHIO 1,440,43985,HOLLOWAY,120 E MAIN ST,HOLLOWAY,OH,43985,9800,P,X21342,P
CENTRAL,4J,OHIO 1,440,43986,HOPEDALE,165 MILLER STATION RD,HOPEDALE,OH,43976,9800,,X21349,P
CENTRAL,4J,OHIO 1,440,43986,JEWETT,102 W MAIN ST,JEWETT,OH,43986,9800,,X21451,P
CENTRAL,4J,OHIO 1,440,43988,SCIO,114 E MAIN ST,SCIO,OH,43988,9800,,X22749,P
CENTRAL,4J,OHIO 1,440,44001,AMHERST,350 N LEAVITT RD,AMHERST,OH,44001,9998,,X20070,P
CENTRAL,4J,OHIO 1,440,44003,ANDOVER,275 E MAIN ST,ANDOVER,OH,44003,9802,,X20079,P
CENTRAL,4J,OHIO 1,440,44004,ASHTABULA,4307 STATION AVE,ASHTABULA,OH,44004,9998,,X20110,P
CENTRAL,4J,OHIO 1,440,44005,ASHTABULA,4307 STATION AVE,ASHTABULA,OH,44004,9998,P,X20110,P
CENTRAL,4J,OHIO 1,440,44005,HARBOR,718 LAKE AVE STE 1,ASHTABULA,OH,44004,3281,P,X21246,S
CENTRAL,4J,OHIO 1,440,44010,AUSTINBURG,2773 STATE ROUTE 307,AUSTINBURG,OH,44010,9801,,X20125,P
CENTRAL,4J,OHIO 1,440,44010,GENEVA,1041 S BROADWAY,GENEVA,OH,44041,9998,,X21115,P
CENTRAL,4J,OHIO 1,440,44011,AVON,36225 DETROIT RD,AVON,OH,44011,9998,,X20129,P
CENTRAL,4J,OHIO 1,440,44012,AVON LAKE,33501 LAKE RD STE B,AVON LAKE,OH,44012,9998,,X20130,P
CENTRAL,4J,OHIO 1,440,44017,BEREA,24 SEMINARY ST,BEREA,OH,44017,9998,,X20219,P
CENTRAL,4J,OHIO 1,440,44021,BURTON,14519 N CHESHIRE ST,BURTON,OH,44021,9803,,X20397,P
CENTRAL,4J,OHIO 1,440,44022,CHAGRIN FALLS,160 E WASHINGTON ST,CHAGRIN FALLS,OH,44022,9998,,X20500,P
CENTRAL,4J,OHIO 1,440,44023,CHAGRIN FALLS,160 E WASHINGTON ST,CHAGRIN FALLS,OH,44022,9998,,X20500,P
CENTRAL,4J,OHIO 1,440,44024,CHARDON,150 CENTER ST,CHARDON,OH,44024,9998,,X20511,P
CENTRAL,4J,OHIO 1,440,44026,CHESTERLAND,12804 CHILLICOTHE RD,CHESTERLAND,OH,44026,9998,,X20532,P
CENTRAL,4J,OHIO 1,440,44028,COLUMBIA STATION,26535 ROYALTON RD,COLUMBIA STATION,OH,44028,9058,,X20640,P
CENTRAL,4J,OHIO 1,440,44030,CONNEAUT,268 STATE ST,CONNEAUT,OH,44030,9998,,X20658,P
CENTRAL,4J,OHIO 1,440,44032,DORSET,2477 STATE ROUTE 193,DORSET,OH,44032,9803,,X20829,P
CENTRAL,4J,OHIO 1,440,44032,JEFFERSON,37 W JEFFERSON ST,JEFFERSON,OH,44047,9998,,X21433,P
CENTRAL,4J,OHIO 1,440,44033,EAST CLARIDON,12442 OLD STATE RD,EAST CLARIDON,OH,44033,9800,P,X20872,P
CENTRAL,4J,OHIO 1,440,44035,ELYRIA,345 E BRIDGE ST,ELYRIA,OH,44035,5254,,X20941,P
CENTRAL,4J,OHIO 1,440,44036,ELYRIA,345 E BRIDGE ST,ELYRIA,OH,44035,5254,P,X20941,P
CENTRAL,4J,OHIO 1,440,44039,NORTH RIDGEVILLE,34760 CENTER RIDGE RD,NORTH RIDGEVILLE,OH,44039,3184,,X22204,B
CENTRAL,4J,OHIO 1,440,44040,GATES MILLS,1500 CHAGRIN RIVER RD,GATES MILLS,OH,44040,9378,,X21108,P
CENTRAL,4J,OHIO 1,440,44041,GENEVA,1041 S BROADWAY,GENEVA,OH,44041,9998,,X21115,P
CENTRAL,4J,OHIO 1,440,44044,GRAFTON,926 N MAIN ST,GRAFTON,OH,44044,1470,,X21168,P
CENTRAL,4J,OHIO 1,440,44045,GRAND RIVER,340 WETMORE AVE,GRAND RIVER,OH,44045,9800,P,X21171,P
CENTRAL,4J,OHIO 1,440,44046,HUNTSBURG,12341 MADISON RD,HUNTSBURG,OH,44046,9800,,X21373,P
CENTRAL,4J,OHIO 1,440,44047,JEFFERSON,37 W JEFFERSON ST,JEFFERSON,OH,44047,9998,,X21433,P
CENTRAL,4J,OHIO 1,440,44048,ASHTABULA,4307 STATION AVE,ASHTABULA,OH,44004,9998,,X20110,P
CENTRAL,4J,OHIO 1,440,44048,KINGSVILLE,3110 W MAIN ST,KINGSVILLE,OH,44048,9817,,X21506,P
CENTRAL,4J,OHIO 1,440,44049,KIPTON,206 STATE ST,KIPTON,OH,44049,9800,P,X21512,P
CENTRAL,4J,OHIO 1,440,44050,LAGRANGE,112 PUBLIC SQ,LAGRANGE,OH,44050,9840,,X21537,P
CENTRAL,4J,OHIO 1,440,44052,LORAIN,439 W 4TH ST,LORAIN,OH,44052,1655,,X21672,P
CENTRAL,4J,OHIO 1,440,44052,LORAIN COLORADO AVE,3190 COLORADO AVE,LORAIN,OH,44052,9998,,014530,S
CENTRAL,4J,OHIO 1,440,44053,LORAIN COLORADO AVE,3190 COLORADO AVE,LORAIN,OH,44052,9998,,014530,S
CENTRAL,4J,OHIO 1,440,44054,LORAIN COLORADO AVE,3190 COLORADO AVE,LORAIN,OH,44052,9998,,014530,S
CENTRAL,4J,OHIO 1,440,44055,LORAIN COLORADO AVE,3190 COLORADO AVE,LORAIN,OH,44052,9998,,014530,S
CENTRAL,4J,OHIO 1,440,44056,NORTHFIELD,10377 VALLEY VIEW RD,MACEDONIA,OH,44056,9998,,X22215,P
CENTRAL,4J,OHIO 1,440,44057,MADISON,375 N LAKE ST,MADISON,OH,44057,9992,,X21713,P
CENTRAL,4J,OHIO 1,440,44060,MENTOR,8600 TYLER BLVD,MENTOR,OH,44060,9998,,X21846,P
CENTRAL,4J,OHIO 1,440,44061,MENTOR,8600 TYLER BLVD,MENTOR,OH,44060,9998,P,X21846,P
CENTRAL,4J,OHIO 1,440,44062,MIDDLEFIELD,15993 E HIGH ST,MIDDLEFIELD,OH,44062,9800,,X21878,P
CENTRAL,4J,OHIO 1,440,44064,CHARDON,150 CENTER ST,CHARDON,OH,44024,9998,,X20511,P
CENTRAL,4J,OHIO 1,440,44064,MONTVILLE,16576 GAR HWY,MONTVILLE,OH,44064,8743,,X21954,P
CENTRAL,4J,OHIO 1,440,44065,BURTON,14519 N CHESHIRE ST,BURTON,OH,44021,9803,,X20397,P
CENTRAL,4J,OHIO 1,440,44065,NEWBURY,10756 KINSMAN RD,NEWBURY,OH,44065,9800,,X22145,P
CENTRAL,4J,OHIO 1,440,44067,NORTHFIELD,10377 VALLEY VIEW RD,MACEDONIA,OH,44056,9998,,X22215,P
CENTRAL,4J,OHIO 1,440,44068,NORTH KINGSVILLE,2716 E CENTER,NORTH KINGSVILLE,OH,44068,9800,P,X22194,P
CENTRAL,4J,OHIO 1,440,44070,NORTH OLMSTED,28475 LORAIN RD,NORTH OLMSTED,OH,44070,9998,,X22201,P
CENTRAL,4J,OHIO 1,440,44072,NOVELTY,14837 CHILLICOTHE RD,NOVELTY,OH,44072,9998,,X22233,P
CENTRAL,4J,OHIO 1,440,44074,OBERLIN,68 S MAIN ST,OBERLIN,OH,44074,1645,,X22264,P
CENTRAL,4J,OHIO 1,440,44076,ORWELL,47 S MAPLE ST,ORWELL,OH,44076,9998,,X22320,P
CENTRAL,4J,OHIO 1,440,44077,FAIRPORT HARBOR,705 HIGH ST,FAIRPORT HARBOR,OH,44077,5514,,X20979,B
CENTRAL,4J,OHIO 1,440,44077,PAINESVILLE,215 E JACKSON ST,PAINESVILLE,OH,44077,9998,,X22350,P
CENTRAL,4J,OHIO 1,440,44080,PARKMAN,18315 MAIN ST,PARKMAN,OH,44080,9803,P,X22365,P
CENTRAL,4J,OHIO 1,440,44081,MADISON,375 N LAKE ST,MADISON,OH,44057,9992,,X21713,P
CENTRAL,4J,OHIO 1,440,44081,PERRY,3754 CENTER RD,PERRY,OH,44081,9800,,X22404,P
CENTRAL,4J,OHIO 1,440,44082,PIERPONT,62 STATE ROUTE 7 S,PIERPONT,OH,44082,9800,,X22427,P
CENTRAL,4J,OHIO 1,440,44084,ROCK CREEK,3046 E WATER ST,ROCK CREEK,OH,44084,9800,,X22647,P
CENTRAL,4J,OHIO 1,440,44085,ORWELL,47 S MAPLE ST,ORWELL,OH,44076,9998,,X22320,P
CENTRAL,4J,OHIO 1,440,44085,ROME,3232 US HIGHWAY 6,ROME,OH,44085,9688,,X22661,P
CENTRAL,4J,OHIO 1,440,44086,MADISON,375 N LAKE ST,MADISON,OH,44057,9992,,X21713,P
CENTRAL,4J,OHIO 1,440,44086,THOMPSON,6714 MADISON RD,THOMPSON,OH,44086,8774,,X23069,P
CENTRAL,4J,OHIO 1,440,44087,TWINSBURG,8935 DARROW RD,TWINSBURG,OH,44087,9998,,X23122,P
CENTRAL,4J,OHIO 1,440,44088,UNIONVILLE,6887 S RIDGE RD,UNIONVILLE,OH,44088,9800,P,X23138,P
CENTRAL,4J,OHIO 1,440,44089,VERMILION,4325 LIBERTY AVE,VERMILION,OH,44089,9998,,X23180,P
CENTRAL,4J,OHIO 1,440,44090,WELLINGTON,101 MCCORMICK ST,WELLINGTON,OH,44090,9998,,X23295,P
CENTRAL,4J,OHIO 1,440,44092,WICKLIFFE,1400 LLOYD RD,WICKLIFFE,OH,44092,2366,,X23372,P
CENTRAL,4J,OHIO 1,440,44093,ANDOVER,275 E MAIN ST,ANDOVER,OH,44003,9802,,X20079,P
CENTRAL,4J,OHIO 1,440,44093,WILLIAMSFIELD,5911 US ROUTE 322,WILLIAMSFIELD,OH,44093,9803,,X23382,P
CENTRAL,4J,OHIO 1,440,44094,WILLOUGHBY,4040 ERIE ST,WILLOUGHBY,OH,44094,9998,,X23389,P
CENTRAL,4J,OHIO 1,440,44095,WILLOWICK,260 E 312TH ST,WILLOWICK,OH,44095,9998,,X23397,B
CENTRAL,4J,OHIO 1,440,44096,WILLOUGHBY,4040 ERIE ST,WILLOUGHBY,OH,44094,9998,P,X23389,P
CENTRAL,4J,OHIO 1,440,44097,WILLOWICK,260 E 312TH ST,WILLOWICK,OH,44095,9998,P,X23397,B
CENTRAL,4J,OHIO 1,440,44099,ORWELL,47 S MAPLE ST,ORWELL,OH,44076,9998,,X22320,P
CENTRAL,4J,OHIO 1,440,44099,WINDSOR,5103 STATE ROUTE 322,WINDSOR,OH,44099,9808,,X23409,P
CENTRAL,4J,OHIO 1,440,44101,CARRIER SECTIONS,2201 BROADWAY AVE,CLEVELAND,OH,44101,9007,P,X20458,4
CENTRAL,4J,OHIO 1,440,44101,CLEVELAND,2400 ORANGE AVE,CLEVELAND,OH,44101,9003,P,X20578,P
CENTRAL,4J,OHIO 1,440,44102,A STATION CLEVELAND,6600 LORAIN AVE,CLEVELAND,OH,44102,9998,,X20002,S
CENTRAL,4J,OHIO 1,440,44103,B STATION CLEVELAND,1650 E 55TH ST,CLEVELAND,OH,44103,9998,,X20136,S
CENTRAL,4J,OHIO 1,440,44104,B STATION CLEVELAND,1650 E 55TH ST,CLEVELAND,OH,44103,9998,,X20136,S
CENTRAL,4J,OHIO 1,440,44104,JESSE C OWENS,5600 WOODLAND AVE,CLEVELAND,OH,44104,9998,,X21449,S
CENTRAL,4J,OHIO 1,440,44105,NEWBURG,8745 BROADWAY AVE,CLEVELAND,OH,44105,9998,,X22141,S
CENTRAL,4J,OHIO 1,440,44106,B STATION CLEVELAND,1650 E 55TH ST,CLEVELAND,OH,44103,9998,,X20136,S
CENTRAL,4J,OHIO 1,440,44106,UNIVERSITY CENTER,1950 E 101ST ST,CLEVELAND,OH,44106,9998,,X23150,S
CENTRAL,4J,OHIO 1,440,44107,LAKEWOOD,1475 WARREN RD,LAKEWOOD,OH,44107,9998,,X21555,B
CENTRAL,4J,OHIO 1,440,44108,GLENVILLE BRATENAHL,630 E 105TH ST,CLEVELAND,OH,44108,9998,,X21150,S
CENTRAL,4J,OHIO 1,440,44109,PEARLBROOK,4160 PEARL RD,CLEVELAND,OH,44109,9998,,X22384,S
CENTRAL,4J,OHIO 1,440,44110,COLLINWOOD,890 E 152ND ST,CLEVELAND,OH,44110,9998,,X20630,S
CENTRAL,4J,OHIO 1,440,44111,WEST PARK,14500 LORAIN AVE,CLEVELAND,OH,44111,9998,,X23329,S
CENTRAL,4J,OHIO 1,440,44112,CLEVELAND HEIGHTS,3 SEVERANCE CIR,CLEVELAND HEIGHTS,OH,44118,9998,,X20582,B
CENTRAL,4J,OHIO 1,440,44112,EAST CLEVELAND,1700 SHAW AVE,CLEVELAND,OH,44112,9998,,X20874,B
CENTRAL,4J,OHIO 1,440,44113,CARRIER SECTIONS,2201 BROADWAY AVE,CLEVELAND,OH,44101,9007,,X20458,4
CENTRAL,4J,OHIO 1,440,44114,CARRIER SECTIONS,2201 BROADWAY AVE,CLEVELAND,OH,44101,9007,,X20458,4
CENTRAL,4J,OHIO 1,440,44114,PUBLIC SQUARE,410 SUPERIOR AVE,CLEVELAND,OH,44114,9998,,X22524,S
CENTRAL,4J,OHIO 1,440,44115,CARRIER SECTIONS,2201 BROADWAY AVE,CLEVELAND,OH,44101,9007,,X20458,4
CENTRAL,4J,OHIO 1,440,44115,PUBLIC SQUARE,410 SUPERIOR AVE,CLEVELAND,OH,44114,9998,,X22524,S
CENTRAL,4J,OHIO 1,440,44116,ROCKY RIVER,19525 HILLIARD BLVD,ROCKY RIVER,OH,44116,9998,,X22655,B
CENTRAL,4J,OHIO 1,440,44117,EUCLID,21551 EUCLID AVE,EUCLID,OH,44117,9998,,X20954,B
CENTRAL,4J,OHIO 1,440,44117,RICHMOND HEIGHTS,454 RICHMOND RD,CLEVELAND,OH,44143,9998,,X22603,B
CENTRAL,4J,OHIO 1,440,44118,CLEVELAND HEIGHTS,3 SEVERANCE CIR,CLEVELAND HEIGHTS,OH,44118,9998,,X20582,B
CENTRAL,4J,OHIO 1,440,44119,BEACHLAND,891 E 185TH ST,CLEVELAND,OH,44119,9998,,X20171,S
CENTRAL,4J,OHIO 1,440,44120,SHAKER FINANCE,2855 E 130TH ST,CLEVELAND,OH,44120,2191,,X21582,S
CENTRAL,4J,OHIO 1,440,44120,SHAKER HEIGHTS,3675 WARRENSVILLE CENTER RD,CLEVELAND,OH,44120,5200,,X22776,S
CENTRAL,4J,OHIO 1,440,44121,SOUTH EUCLID,1568 S GREEN RD,CLEVELAND,OH,44121,4048,,X22847,B
CENTRAL,4J,OHIO 1,440,44122,BEACHWOOD,3695 GREEN RD,BEACHWOOD,OH,44122,9998,,X20172,B
CENTRAL,4J,OHIO 1,440,44123,NOBLE,25101 N LAKELAND BLVD,EUCLID,OH,44132,9998,,X22171,B
CENTRAL,4J,OHIO 1,440,44124,LYNDHURST MAYFIELD,5815 LANDERBROOK DR,CLEVELAND,OH,44124,9998,,X21700,B
CENTRAL,4J,OHIO 1,440,44125,GARFIELD HEIGHTS,12401 ROCKSIDE RD,CLEVELAND,OH,44125,9998,,X21105,B
CENTRAL,4J,OHIO 1,440,44126,FAIRVIEW PARK,22350 BROOKPARK RD,CLEVELAND,OH,44126,9998,,013365,B
CENTRAL,4J,OHIO 1,440,44127,NEWBURG,8745 BROADWAY AVE,CLEVELAND,OH,44105,9998,,X22141,S
CENTRAL,4J,OHIO 1,440,44127,WILLOW,5725 PORTAGE AVE,CLEVELAND,OH,44127,9998,,X23393,S
CENTRAL,4J,OHIO 1,440,44128,CRANWOOD,16828 HARVARD AVE,CLEVELAND,OH,44128,2251,,X20721,S
CENTRAL,4J,OHIO 1,440,44128,SHAKER HEIGHTS,3675 WARRENSVILLE CENTER RD,CLEVELAND,OH,44120,5200,,X22776,S
CENTRAL,4J,OHIO 1,440,44129,PARMA,7801 DAY DR,CLEVELAND,OH,44129,9998,,X22367,B
CENTRAL,4J,OHIO 1,440,44130,MIDPARK,13301 SMITH RD,CLEVELAND,OH,44130,9998,,X21887,B
CENTRAL,4J,OHIO 1,440,44131,INDEPENDENCE,6509 BRECKSVILLE RD,INDEPENDENCE,OH,44131,4854,,X21382,B
CENTRAL,4J,OHIO 1,440,44132,NOBLE,25101 N LAKELAND BLVD,EUCLID,OH,44132,9998,,X22171,B
CENTRAL,4J,OHIO 1,440,44133,NORTH ROYALTON,13901 STATE RD,NORTH ROYALTON,OH,44133,9998,,X22206,B
CENTRAL,4J,OHIO 1,440,44134,BRIGGS,5611 STATE RD,CLEVELAND,OH,44134,2262,,X20325,B
CENTRAL,4J,OHIO 1,440,44135,PURITAS PARK,14039 PURITAS AVE,CLEVELAND,OH,44135,9998,,X22529,S
CENTRAL,4J,OHIO 1,440,44136,STRONGSVILLE,15500 PEARL RD,STRONGSVILLE,OH,44136,9998,,X23015,B
CENTRAL,4J,OHIO 1,440,44137,BEDFORD,89 WILLIS ST,BEDFORD,OH,44146,9998,,X20184,B
CENTRAL,4J,OHIO 1,440,44138,OLMSTED FALLS,8000 BROOKSIDE DR,OLMSTED FALLS,OH,44138,9998,,X22297,B
CENTRAL,4J,OHIO 1,440,44139,SOLON,33333 STATION ST,SOLON,OH,44139,9998,,013306,S
CENTRAL,4J,OHIO 1,440,44140,BAY VILLAGE,27106 E OVIATT RD,BAY VILLAGE,OH,44140,9998,,X20166,B
CENTRAL,4J,OHIO 1,440,44141,BROADVIEW HEIGHTS,2525 E ROYALTON RD STE 8,BROADVIEW HEIGHTS,OH,44147,2841,,X20334,B
CENTRAL,4J,OHIO 1,440,44141,BRECKSVILLE DPOBU,9009 BRECKSVILLE RD,BRECKSVILLE,OH,44141,2313,,011183,6
CENTRAL,4J,OHIO 1,440,44142,MIDPARK,13301 SMITH RD,CLEVELAND,OH,44130,9998,,X21887,B
CENTRAL,4J,OHIO 1,440,44143,RICHMOND HEIGHTS,454 RICHMOND RD,CLEVELAND,OH,44143,9998,,X22603,B
CENTRAL,4J,OHIO 1,440,44144,BROOKLYN,6200 BIDDULPH RD,CLEVELAND,OH,44144,9998,,X20342,B
CENTRAL,4J,OHIO 1,440,44145,WESTLAKE,27300 CENTER RIDGE RD,WESTLAKE,OH,44145,9998,,X23351,B
CENTRAL,4J,OHIO 1,440,44146,BEDFORD,89 WILLIS ST,BEDFORD,OH,44146,9998,,X20184,B
CENTRAL,4J,OHIO 1,440,44147,BROADVIEW HEIGHTS,2525 E ROYALTON RD STE 8,BROADVIEW HEIGHTS,OH,44147,2841,,X20334,B
CENTRAL,4J,OHIO 1,440,44149,STRONGSVILLE,15500 PEARL RD,STRONGSVILLE,OH,44136,9998,,X23015,B
CENTRAL,4J,OHIO 1,440,44181,AMC FINANCE UNIT,5801 POSTAL RD,CLEVELAND,OH,44181,9600,P,X20579,B
CENTRAL,4J,OHIO 1,440,44199,ERIEVIEW,1240 E 9TH ST,CLEVELAND,OH,44199,9998,,X20950,S
CENTRAL,4J,OHIO 1,440,44201,ATWATER,6713 WATERLOO RD,ATWATER,OH,44201,9998,,X20119,P
CENTRAL,4J,OHIO 1,440,44202,AURORA,400 AURORA COMMONS CIR,AURORA,OH,44202,9998,,X20123,P
CENTRAL,4J,OHIO 1,440,44203,BARBERTON,531 WOOSTER RD W,BARBERTON,OH,44203,9998,,X20151,P
CENTRAL,4J,OHIO 1,440,44203,NORTON,3200 GREENWICH RD RM 75,NORTON,OH,44203,9903,,X22227,B
CENTRAL,4J,OHIO 1,440,44210,BATH,1970 N CLEVELAND MASSILLON RD,BATH,OH,44210,9800,P,X20164,P
CENTRAL,4J,OHIO 1,440,44211,KENT,626 FRANKLIN AVE,KENT,OH,44240,9998,P,X21477,P
CENTRAL,4J,OHIO 1,440,44212,BRUNSWICK,3955 CENTER RD,BRUNSWICK,OH,44212,9998,,X20358,P
CENTRAL,4J,OHIO 1,440,44214,LODI,149 HARRIS ST,LODI,OH,44254,9998,,X21661,P
CENTRAL,4J,OHIO 1,440,44215,CHIPPEWA LAKE,5825 HEATHERHEDGE DR,CHIPPEWA LAKE,OH,44215,9998,,X20540,P
CENTRAL,4J,OHIO 1,440,44215,MEDINA CARRIER ANNEX,1195 INDUSTRIAL PKWY,MEDINA,OH,44256,9507,,001812,4
CENTRAL,4J,OHIO 1,440,44216,CLINTON,2733 W COMET RD,CLINTON,OH,44216,9998,,X20596,P
CENTRAL,4J,OHIO 1,440,44217,CRESTON,122 S MAIN ST,CRESTON,OH,44217,9998,,X20728,P
CENTRAL,4J,OHIO 1,440,44221,STATE ROAD,3345 STATE RD,CUYAHOGA FALLS,OH,44223,2551,,X22977,S
CENTRAL,4J,OHIO 1,440,44222,CUYAHOGA FALLS,2054 2ND ST,CUYAHOGA FALLS,OH,44221,9998,P,X20747,P
CENTRAL,4J,OHIO 1,440,44223,STATE ROAD,3345 STATE RD,CUYAHOGA FALLS,OH,44223,2551,,X22977,S
CENTRAL,4J,OHIO 1,440,44224,STOW,3900 DARROW RD,STOW,OH,44224,9998,,X23004,B
CENTRAL,4J,OHIO 1,440,44230,DOYLESTOWN,85 GATES ST,DOYLESTOWN,OH,44230,9998,,X20834,P
CENTRAL,4J,OHIO 1,440,44231,GARRETTSVILLE,10809 NORTH ST,GARRETTSVILLE,OH,44231,9998,,X21107,P
CENTRAL,4J,OHIO 1,440,44232,GREEN,4735 MASSILLON RD,GREEN,OH,44232,9800,P,X21199,P
CENTRAL,4J,OHIO 1,440,44233,HINCKLEY,1294 RIDGE RD,HINCKLEY,OH,44233,9998,,X21331,P
CENTRAL,4J,OHIO 1,440,44234,HIRAM,11676 HAYDEN AVE,HIRAM,OH,44234,9802,,X21332,P
CENTRAL,4J,OHIO 1,440,44235,HOMERVILLE,12079 GREENWICH RD,HOMERVILLE,OH,44235,9998,,X21345,P
CENTRAL,4J,OHIO 1,440,44235,LODI,149 HARRIS ST,LODI,OH,44254,9998,,X21661,P
CENTRAL,4J,OHIO 1,440,44236,HUDSON,68 RAVENNA ST,HUDSON,OH,44236,9998,,X21363,P
CENTRAL,4J,OHIO 1,440,44240,KENT,626 FRANKLIN AVE,KENT,OH,44240,9998,,X21477,P
CENTRAL,4J,OHIO 1,440,44241,KENT,626 FRANKLIN AVE,KENT,OH,44240,9998,,X21477,P
CENTRAL,4J,OHIO 1,440,44241,STREETSBORO,1639 STREETSBORO PLZ,STREETSBORO,OH,44241,9998,,X23011,B
CENTRAL,4J,OHIO 1,440,44250,LAKEMORE,1370 MAIN ST,LAKEMORE,OH,44250,9800,P,X21547,P
CENTRAL,4J,OHIO 1,440,44251,WESTFIELD CENTER,6701 GREENWICH RD,WESTFIELD CENTER,OH,44251,9800,P,X23350,P
CENTRAL,4J,OHIO 1,440,44253,MEDINA,303 N COURT ST,MEDINA,OH,44256,9998,,X21836,P
CENTRAL,4J,OHIO 1,440,44253,MEDINA CARRIER ANNEX,1195 INDUSTRIAL PKWY,MEDINA,OH,44256,9507,,001812,4
CENTRAL,4J,OHIO 1,440,44254,LODI,149 HARRIS ST,LODI,OH,44254,9998,,X21661,P
CENTRAL,4J,OHIO 1,440,44255,MANTUA,10748 N MAIN ST,MANTUA,OH,44255,9800,,X21745,P
CENTRAL,4J,OHIO 1,440,44256,MEDINA CARRIER ANNEX,1195 INDUSTRIAL PKWY,MEDINA,OH,44256,9507,,001812,4
CENTRAL,4J,OHIO 1,440,44258,MEDINA,303 N COURT ST,MEDINA,OH,44256,9998,P,X21836,P
CENTRAL,4J,OHIO 1,440,44260,MOGADORE,3993 MOGADORE RD,MOGADORE,OH,44260,9998,,X21933,P
CENTRAL,4J,OHIO 1,440,44262,MUNROE FALLS,38 S MAIN ST,MUNROE FALLS,OH,44262,9998,,X22029,P
CENTRAL,4J,OHIO 1,440,44262,STOW,3900 DARROW RD,STOW,OH,44224,9998,,X23004,B
CENTRAL,4J,OHIO 1,440,44264,PENINSULA,1921 BRONSON ST,PENINSULA,OH,44264,9998,,X22392,P
CENTRAL,4J,OHIO 1,440,44265,RANDOLPH,3984 WATERLOO RD,RANDOLPH,OH,44265,9800,P,X22547,P
CENTRAL,4J,OHIO 1,440,44266,RAVENNA,150 N CHESTNUT ST,RAVENNA,OH,44266,9998,,X22553,P
CENTRAL,4J,OHIO 1,440,44270,RITTMAN,100 N MAIN ST,RITTMAN,OH,44270,9998,,X22626,P
CENTRAL,4J,OHIO 1,440,44272,ROOTSTOWN,4865 TALLMADGE RD,ROOTSTOWN,OH,44272,9998,,X22664,P
CENTRAL,4J,OHIO 1,440,44273,SEVILLE,44 E MARKET ST,SEVILLE,OH,44273,9998,,X22769,P
CENTRAL,4J,OHIO 1,440,44274,SHARON CENTER,1332 SHARON COPLEY RD,SHARON CENTER,OH,44274,9800,P,X22785,P
CENTRAL,4J,OHIO 1,440,44275,SPENCER,106 S JACKSON ST,SPENCER,OH,44275,9998,,X22871,P
CENTRAL,4J,OHIO 1,440,44276,CRESTON,122 S MAIN ST,CRESTON,OH,44217,9998,,X20728,P
CENTRAL,4J,OHIO 1,440,44278,TALLMADGE,162 NORTHEAST AVE,TALLMADGE,OH,44278,9998,,X23051,P
CENTRAL,4J,OHIO 1,440,44280,VALLEY CITY,1409 BARN RUN DR,VALLEY CITY,OH,44280,9998,,X23164,P
CENTRAL,4J,OHIO 1,440,44281,WADSWORTH,165 BROAD ST,WADSWORTH,OH,44281,2188,,X23220,P
CENTRAL,4J,OHIO 1,440,44282,WADSWORTH,119 S LYMAN ST,WADSWORTH,OH,44281,9997,P,007603,S
CENTRAL,4J,OHIO 1,440,44285,WAYLAND,6243 WAYLAND RD,WAYLAND,OH,44285,9800,P,X23282,P
CENTRAL,4J,OHIO 1,440,44286,RICHFIELD,3900 BROADVIEW RD,RICHFIELD,OH,44286,9998,,X22592,P
CENTRAL,4J,OHIO 1,440,44287,WEST SALEM,7 S MAIN ST,WEST SALEM,OH,44287,9998,,X23335,P
CENTRAL,4J,OHIO 1,440,44288,WINDHAM,9575 E CENTER ST,WINDHAM,OH,44288,9998,,X23406,P
CENTRAL,4J,OHIO 1,440,44301,FIRESTONE PARK,2001 BROWN ST,AKRON,OH,44319,9998,,X21019,S
CENTRAL,4J,OHIO 1,440,44302,FIVE POINTS,634 W EXCHANGE ST,AKRON,OH,44302,9998,,X21025,S
CENTRAL,4J,OHIO 1,440,44303,FIVE POINTS,634 W EXCHANGE ST,AKRON,OH,44302,9998,,X21025,S
CENTRAL,4J,OHIO 1,440,44304,FIVE POINTS,634 W EXCHANGE ST,AKRON,OH,44302,9998,,X21025,S
CENTRAL,4J,OHIO 1,440,44305,SOUTH ARLINGTON,1237 S ARLINGTON ST,AKRON,OH,44306,9998,,X22840,S
CENTRAL,4J,OHIO 1,440,44306,SOUTH ARLINGTON,1237 S ARLINGTON ST,AKRON,OH,44306,9998,,X22840,S
CENTRAL,4J,OHIO 1,440,44307,FIVE POINTS,634 W EXCHANGE ST,AKRON,OH,44302,9998,,X21025,S
CENTRAL,4J,OHIO 1,440,44308,AKRON,675 WOLF LEDGES PKWY RM 104,AKRON,OH,44309,9998,,X20035,P
CENTRAL,4J,OHIO 1,440,44308,FIVE POINTS,634 W EXCHANGE ST,AKRON,OH,44302,9998,,X21025,S
CENTRAL,4J,OHIO 1,440,44309,AKRON,675 WOLF LEDGES PKWY RM 104,AKRON,OH,44309,9998,P,X20035,P
CENTRAL,4J,OHIO 1,440,44310,NORTH HILL,574 E CUYAHOGA FALLS AVE,AKRON,OH,44310,9998,,X22189,S
CENTRAL,4J,OHIO 1,440,44311,FIVE POINTS,634 W EXCHANGE ST,AKRON,OH,44302,9998,,X21025,S
CENTRAL,4J,OHIO 1,440,44312,ELLET,2390 WEDGEWOOD DR,AKRON,OH,44312,9998,,X20930,S
CENTRAL,4J,OHIO 1,440,44313,FAIRLAWN,2711 W MARKET ST,FAIRLAWN,OH,44333,9998,,X20974,B
CENTRAL,4J,OHIO 1,440,44314,KENMORE,2394 EAST AVE,AKRON,OH,44314,9998,,X21471,S
CENTRAL,4J,OHIO 1,440,44319,FIRESTONE PARK,2001 BROWN ST,AKRON,OH,44319,9998,,X21019,S
CENTRAL,4J,OHIO 1,440,44320,FIVE POINTS,634 W EXCHANGE ST,AKRON,OH,44302,9998,,X21025,S
CENTRAL,4J,OHIO 1,440,44321,COPLEY,3840 RIDGEWOOD RD,COPLEY,OH,44321,9998,,X20692,B
CENTRAL,4J,OHIO 1,440,44333,FAIRLAWN,2711 W MARKET ST,FAIRLAWN,OH,44333,9998,,X20974,B
CENTRAL,4J,OHIO 1,440,44334,FAIRLAWN,2711 W MARKET ST,FAIRLAWN,OH,44333,9998,P,X20974,B
CENTRAL,4J,OHIO 1,440,44372,FAIRLAWN,2711 W MARKET ST,FAIRLAWN,OH,44333,9998,P,X20974,B
CENTRAL,4J,OHIO 1,440,44401,BERLIN CENTER,15401 W AKRON CANFIELD RD,BERLIN CENTER,OH,44401,9800,,X20224,P
CENTRAL,4J,OHIO 1,440,44402,BRISTOLVILLE,1850 STATE ROUTE 88,BRISTOLVILLE,OH,44402,9998,,X20332,P
CENTRAL,4J,OHIO 1,440,44403,BROOKFIELD,6875 WARREN SHARON RD,BROOKFIELD,OH,44403,9800,,X20340,P
CENTRAL,4J,OHIO 1,440,44403,MASURY,7835 ELM ST,MASURY,OH,44438,9998,,X21789,P
CENTRAL,4J,OHIO 1,440,44404,KINSMAN,8289 STATE ST,KINSMAN,OH,44428,9800,,X21509,P
CENTRAL,4J,OHIO 1,440,44405,CAMPBELL,220 12TH ST,CAMPBELL,OH,44405,9998,,X20432,P
CENTRAL,4J,OHIO 1,440,44406,CANFIELD,44 N BROAD ST,CANFIELD,OH,44406,9998,,X20444,P
CENTRAL,4J,OHIO 1,440,44408,COLUMBIANA,149 S MAIN ST STE 2,COLUMBIANA,OH,44408,9998,,X20641,P
CENTRAL,4J,OHIO 1,440,44410,CORTLAND,307 S HIGH ST,CORTLAND,OH,44410,9998,,X20701,P
CENTRAL,4J,OHIO 1,440,44411,DEERFIELD,1365 STATE ROUTE 14,DEERFIELD,OH,44411,9800,,X20786,P
CENTRAL,4J,OHIO 1,440,44412,DIAMOND,10096 TALLMADGE RD,DIAMOND,OH,44412,9800,,X20812,P
CENTRAL,4J,OHIO 1,440,44412,LAKE MILTON,17839 MAHONING AVE,LAKE MILTON,OH,44429,9800,,X21543,P
CENTRAL,4J,OHIO 1,440,44413,EAST PALESTINE,269 N MARKET ST,EAST PALESTINE,OH,44413,9998,,X20890,P
CENTRAL,4J,OHIO 1,440,44415,ELKTON,42188 STATE ROUTE 154,ELKTON,OH,44415,9800,P,X20928,P
CENTRAL,4J,OHIO 1,440,44416,ELLSWORTH,6036 S SALEM WARREN RD,ELLSWORTH,OH,44416,9997,P,X20935,P
CENTRAL,4J,OHIO 1,440,44417,KINSMAN,8289 STATE ST,KINSMAN,OH,44428,9800,,X21509,P
CENTRAL,4J,OHIO 1,440,44418,CORTLAND,307 S HIGH ST,CORTLAND,OH,44410,9998,,X20701,P
CENTRAL,4J,OHIO 1,440,44418,FOWLER,3455 YOUNGSTOWN KINGSVILLE RD,FOWLER,OH,44418,9800,,X21055,P
CENTRAL,4J,OHIO 1,440,44420,GIRARD,19 N MARKET ST,GIRARD,OH,44420,9998,,X21136,P
CENTRAL,4J,OHIO 1,440,44422,GREENFORD,12184 LISBON RD,GREENFORD,OH,44422,9800,P,X21196,P
CENTRAL,4J,OHIO 1,440,44423,HANOVERTON,29959 MARKET ST,HANOVERTON,OH,44423,9800,,X21243,P
CENTRAL,4J,OHIO 1,440,44424,HARTFORD,6893 STATE ROUTE 305,HARTFORD,OH,44424,9800,P,X21270,P
CENTRAL,4J,OHIO 1,440,44425,HUBBARD,44 E LIBERTY ST,HUBBARD,OH,44425,9998,,X21358,P
CENTRAL,4J,OHIO 1,440,44427,HANOVERTON,29959 MARKET ST,HANOVERTON,OH,44423,9800,,X21243,P
CENTRAL,4J,OHIO 1,440,44427,KENSINGTON,11011 STATE ROUTE 644,KENSINGTON,OH,44427,9800,,X21476,P
CENTRAL,4J,OHIO 1,440,44428,KINSMAN,8289 STATE ST,KINSMAN,OH,44428,9800,,X21509,P
CENTRAL,4J,OHIO 1,440,44429,LAKE MILTON,17839 MAHONING AVE,LAKE MILTON,OH,44429,9800,,X21543,P
CENTRAL,4J,OHIO 1,440,44430,LEAVITTSBURG,3825 W MARKET ST,LEAVITTSBURG,OH,44430,9800,,X21576,P
CENTRAL,4J,OHIO 1,440,44431,LEETONIA,235 MAIN ST,LEETONIA,OH,44431,9998,,X21587,P
CENTRAL,4J,OHIO 1,440,44432,LISBON,7983 DICKEY DR,LISBON,OH,44432,9998,,X21640,P
CENTRAL,4J,OHIO 1,440,44436,LOWELLVILLE,10 E LIBERTY ST,LOWELLVILLE,OH,44436,9998,,X21685,P
CENTRAL,4J,OHIO 1,440,44437,GIRARD,19 N MARKET ST,GIRARD,OH,44420,9998,,X21136,P
CENTRAL,4J,OHIO 1,440,44437,MC DONALD,500 OHIO AVE,MC DONALD,OH,44437,9998,,X21809,P
CENTRAL,4J,OHIO 1,440,44438,MASURY,7835 ELM ST,MASURY,OH,44438,9998,,X21789,P
CENTRAL,4J,OHIO 1,440,44439,MESOPOTAMIA,4370 KINSMAN RD,MESOPOTAMIA,OH,44439,9800,P,X21850,P
CENTRAL,4J,OHIO 1,440,44440,NILES,43 W PARK AVE,NILES,OH,44446,9998,,X22163,P
CENTRAL,4J,OHIO 1,440,44441,EAST PALESTINE,269 N MARKET ST,EAST PALESTINE,OH,44413,9998,,X20890,P
CENTRAL,4J,OHIO 1,440,44441,NEGLEY,7560 COMMERCE ST,NEGLEY,OH,44441,9800,,X22062,P
CENTRAL,4J,OHIO 1,440,44442,NEW MIDDLETOWN,10399 MAIN ST,NEW MIDDLETOWN,OH,44442,9800,,X22120,P
CENTRAL,4J,OHIO 1,440,44443,NEW SPRINGFIELD,13813 GRANT ST,NEW SPRINGFIELD,OH,44443,9800,,X22132,P
CENTRAL,4J,OHIO 1,440,44444,NEWTON FALLS,112 RIDGE RD,NEWTON FALLS,OH,44444,9998,,X22156,P
CENTRAL,4J,OHIO 1,440,44445,NEW WATERFORD,3818 W MAIN ST,NEW WATERFORD,OH,44445,9800,,X22136,P
CENTRAL,4J,OHIO 1,440,44446,NILES,43 W PARK AVE,NILES,OH,44446,9998,,X22163,P
CENTRAL,4J,OHIO 1,440,44449,NORTH BENTON,9131 12TH ST,NORTH BENTON,OH,44449,9800,,X22176,P
CENTRAL,4J,OHIO 1,440,44450,NORTH BLOOMFIELD,8829 STATE ROUTE 45,NORTH BLOOMFIELD,OH,44450,9800,,X22177,P
CENTRAL,4J,OHIO 1,440,44451,NORTH JACKSON,263 S SALEM WARREN RD,NORTH JACKSON,OH,44451,9800,,X22192,P
CENTRAL,4J,OHIO 1,440,44452,NORTH LIMA,11675 SOUTH AVE,NORTH LIMA,OH,44452,9800,,X22198,P
CENTRAL,4J,OHIO 1,440,44453,ORANGEVILLE,7401 STATELINE RD,ORANGEVILLE,OH,44453,9800,P,X22310,P
CENTRAL,4J,OHIO 1,440,44454,PETERSBURG,6363 E GARFIELD RD,PETERSBURG,OH,44454,9800,,X22412,P
CENTRAL,4J,OHIO 1,440,44455,LISBON,7983 DICKEY DR,LISBON,OH,44432,9998,,X21640,P
CENTRAL,4J,OHIO 1,440,44455,ROGERS CARRIERS,7983 DICKEY DR,LISBON,OH,44432,9908,,021628,Z
CENTRAL,4J,OHIO 1,440,44460,SALEM,275 PENN AVE,SALEM,OH,44460,9998,,X22722,P
CENTRAL,4J,OHIO 1,440,44470,SOUTHINGTON,3307 STATE ROUTE 534,SOUTHINGTON,OH,44470,9800,,X22865,P
CENTRAL,4J,OHIO 1,440,44471,STRUTHERS,195 S BRIDGE ST,STRUTHERS,OH,44471,9998,,X23016,P
CENTRAL,4J,OHIO 1,440,44473,VIENNA,4411 WARREN SHARON RD,VIENNA,OH,44473,9800,,X23195,P
CENTRAL,4J,OHIO 1,440,44481,WARREN,201 HIGH ST NE,WARREN,OH,44481,9998,,X23244,P
CENTRAL,4J,OHIO 1,440,44482,WARREN,201 HIGH ST NE,WARREN,OH,44481,9998,P,X23244,P
CENTRAL,4J,OHIO 1,440,44483,WARREN,201 HIGH ST NE,WARREN,OH,44481,9998,,X23244,P
CENTRAL,4J,OHIO 1,440,44484,CPU HOWLAND TOWNSHIP,205 NILES CORTLAND RD NE,WARREN,OH,44484,1939,,X20676,5
CENTRAL,4J,OHIO 1,440,44484,WARREN SOUTH,2807 NILES RD SE,WARREN,OH,44484,9998,,X22361,S
CENTRAL,4J,OHIO 1,440,44485,WARREN SOUTH,2807 NILES RD SE,WARREN,OH,44484,9998,,X22361,S
CENTRAL,4J,OHIO 1,440,44490,WASHINGTONVILLE,195 E MAIN ST,WASHINGTONVILLE,OH,44490,9800,,X23269,P
CENTRAL,4J,OHIO 1,440,44491,BRISTOLVILLE,1850 STATE ROUTE 88,BRISTOLVILLE,OH,44402,9998,,X20332,P
CENTRAL,4J,OHIO 1,440,44491,WEST FARMINGTON,226 E MAIN ST,WEST FARMINGTON,OH,44491,9998,,X23313,P
CENTRAL,4J,OHIO 1,440,44493,WINONA,32036 WINONA RD,WINONA,OH,44493,9800,P,X23415,P
CENTRAL,4J,OHIO 1,440,44501,YOUNGSTOWN,99 S WALNUT ST RM 203,YOUNGSTOWN,OH,44501,9998,P,X23460,P
CENTRAL,4J,OHIO 1,440,44502,YOUNGSTOWN,99 S WALNUT ST RM 203,YOUNGSTOWN,OH,44501,9998,,X23460,P
CENTRAL,4J,OHIO 1,440,44503,YOUNGSTOWN,99 S WALNUT ST RM 203,YOUNGSTOWN,OH,44501,9998,,X23460,P
CENTRAL,4J,OHIO 1,440,44504,YOUNGSTOWN,99 S WALNUT ST RM 203,YOUNGSTOWN,OH,44501,9998,,X23460,P
CENTRAL,4J,OHIO 1,440,44504,NORTH SIDE,669 GYPSY LN UNIT 22,YOUNGSTOWN,OH,44505,2417,,018775,S
CENTRAL,4J,OHIO 1,440,44505,YOUNGSTOWN,99 S WALNUT ST RM 203,YOUNGSTOWN,OH,44501,9998,,X23460,P
CENTRAL,4J,OHIO 1,440,44506,YOUNGSTOWN,99 S WALNUT ST RM 203,YOUNGSTOWN,OH,44501,9998,,X23460,P
CENTRAL,4J,OHIO 1,440,44507,YOUNGSTOWN,99 S WALNUT ST RM 203,YOUNGSTOWN,OH,44501,9998,,X23460,P
CENTRAL,4J,OHIO 1,440,44509,WEST SIDE,2030 MAHONING AVE,YOUNGSTOWN,OH,44509,9998,,X23336,S
CENTRAL,4J,OHIO 1,440,44509,YOUNGSTOWN,99 S WALNUT ST RM 203,YOUNGSTOWN,OH,44501,9998,,X23460,P
CENTRAL,4J,OHIO 1,440,44510,YOUNGSTOWN,99 S WALNUT ST RM 203,YOUNGSTOWN,OH,44501,9998,,X23460,P
CENTRAL,4J,OHIO 1,440,44511,CORNERSBURG,3375 CANFIELD RD,YOUNGSTOWN,OH,44511,9998,,X20696,S
CENTRAL,4J,OHIO 1,440,44511,YOUNGSTOWN,99 S WALNUT ST RM 203,YOUNGSTOWN,OH,44501,9998,,X23460,P
CENTRAL,4J,OHIO 1,440,44512,BOARDMAN,407 BOARDMAN CANFIELD RD,YOUNGSTOWN,OH,44512,9998,,X20282,B
CENTRAL,4J,OHIO 1,440,44513,BOARDMAN,407 BOARDMAN CANFIELD RD,YOUNGSTOWN,OH,44512,9998,P,X20282,B
CENTRAL,4J,OHIO 1,440,44514,POLAND,125 W MCKINLEY WAY,YOUNGSTOWN,OH,44514,9998,,X22484,B
CENTRAL,4J,OHIO 1,440,44515,AUSTINTOWN,6000 MAHONING AVE STE 120,YOUNGSTOWN,OH,44515,9998,,X20126,B
CENTRAL,4J,OHIO 1,440,44601,ALLIANCE,36 S ARCH AVE,ALLIANCE,OH,44601,9998,,X20051,P
CENTRAL,4J,OHIO 1,440,44606,APPLE CREEK,33 MAPLE ST,APPLE CREEK,OH,44606,9801,,X20088,P
CENTRAL,4J,OHIO 1,440,44607,AUGUSTA,8081 KENSINGTON RD NE,AUGUSTA,OH,44607,9800,P,X20122,P
CENTRAL,4J,OHIO 1,440,44608,BEACH CITY,130 E MAIN ST,BEACH CITY,OH,44608,9800,,X20170,P
CENTRAL,4J,OHIO 1,440,44609,BELOIT,13666 S MAIN ST,BELOIT,OH,44609,9998,,X20207,P
CENTRAL,4J,OHIO 1,440,44609,SEBRING,196 W OHIO AVE,SEBRING,OH,44672,9998,,X22760,P
CENTRAL,4J,OHIO 1,440,44610,BERLIN,5520 OAK ST,BERLIN,OH,44610,9800,P,X20223,P
CENTRAL,4J,OHIO 1,440,44611,BIG PRAIRIE,13214 STATE ROUTE 226,BIG PRAIRIE,OH,44611,9998,,X20246,P
CENTRAL,4J,OHIO 1,440,44611,SHREVE,229 JONES ST,SHREVE,OH,44676,9800,,X22811,P
CENTRAL,4J,OHIO 1,440,44612,BOLIVAR,164 CANAL ST SE,BOLIVAR,OH,44612,9800,,X20284,P
CENTRAL,4J,OHIO 1,440,44613,NAVARRE,33 CANAL ST W,NAVARRE,OH,44662,9998,,X22057,P
CENTRAL,4J,OHIO 1,440,44614,CANAL FULTON,210 S CANAL ST,CANAL FULTON,OH,44614,9998,,X20438,P
CENTRAL,4J,OHIO 1,440,44615,CARROLLTON,246 S LISBON ST,CARROLLTON,OH,44615,9998,,X20460,P
CENTRAL,4J,OHIO 1,440,44617,CHARM,4440 STATE ROUTE 557 STE C,CHARM,OH,44617,9998,P,X20513,P
CENTRAL,4J,OHIO 1,440,44618,DALTON,20 W MAIN ST,DALTON,OH,44618,9801,,X20756,P
CENTRAL,4J,OHIO 1,440,44619,DAMASCUS,16098 W SALEM ALLIANCE RD,DAMASCUS,OH,44619,9800,P,X20759,P
CENTRAL,4J,OHIO 1,440,44620,DELLROY,3 E MAIN ST,DELLROY,OH,44620,9801,,X20795,P
CENTRAL,4J,OHIO 1,440,44621,DENNISON,115 N 3RD ST STE 2,DENNISON,OH,44621,9998,,X20801,P
CENTRAL,4J,OHIO 1,440,44621,UHRICHSVILLE,305 E 3RD ST,UHRICHSVILLE,OH,44683,9998,,X23126,P
CENTRAL,4J,OHIO 1,440,44622,DOVER,230 W 3RD ST,DOVER,OH,44622,9998,,X20830,P
CENTRAL,4J,OHIO 1,440,44624,DUNDEE,6759 STATE ROUTE 93 NW,DUNDEE,OH,44624,9800,,X20848,P
CENTRAL,4J,OHIO 1,440,44625,EAST ROCHESTER,24781 US ROUTE 30,EAST ROCHESTER,OH,44625,9998,,X20891,P
CENTRAL,4J,OHIO 1,440,44625,MINERVA,112 W HIGH ST,MINERVA,OH,44657,9998,,X21923,P
CENTRAL,4J,OHIO 1,440,44626,EAST SPARTA,2039 WALNUT ST SE,EAST SPARTA,OH,44626,9800,,X20893,P
CENTRAL,4J,OHIO 1,440,44627,FREDERICKSBURG,147 WATER ST,FREDERICKSBURG,OH,44627,9801,,X21070,P
CENTRAL,4J,OHIO 1,440,44628,GLENMONT,125 MAIN ST,GLENMONT,OH,44628,9800,,X21149,P
CENTRAL,4J,OHIO 1,440,44628,KILLBUCK,182 W FRONT ST,KILLBUCK,OH,44637,9800,,X21493,P
CENTRAL,4J,OHIO 1,440,44629,GNADENHUTTEN,139 N WALNUT ST,GNADENHUTTEN,OH,44629,9800,,X21154,P
CENTRAL,4J,OHIO 1,440,44630,GREENTOWN,9635 CLEVELAND AVE NW,GREENTOWN,OH,44630,9800,P,X21200,P
CENTRAL,4J,OHIO 1,440,44632,HARTVILLE,861 W MAPLE ST,HARTVILLE,OH,44632,9998,,X21275,P
CENTRAL,4J,OHIO 1,440,44632,UNIONTOWN,11230 CLEVELAND AVE NW,UNIONTOWN,OH,44685,9998,,X23137,P
CENTRAL,4J,OHIO 1,440,44633,HOLMESVILLE,201 S MILLERSBURG ST,HOLMESVILLE,OH,44633,9801,,X21343,P
CENTRAL,4J,OHIO 1,440,44634,ALLIANCE,36 S ARCH AVE,ALLIANCE,OH,44601,9998,,X20051,P
CENTRAL,4J,OHIO 1,440,44634,HOMEWORTH,4434 MIDDLE ST,HOMEWORTH,OH,44634,9801,,X21346,P
CENTRAL,4J,OHIO 1,440,44636,KIDRON,4698 KIDRON RD,KIDRON,OH,44636,9800,P,X21489,P
CENTRAL,4J,OHIO 1,440,44637,KILLBUCK,182 W FRONT ST,KILLBUCK,OH,44637,9800,,X21493,P
CENTRAL,4J,OHIO 1,440,44638,LAKEVILLE,13989 STATE ROUTE 226,LAKEVILLE,OH,44638,9998,,X21554,P
CENTRAL,4J,OHIO 1,440,44638,SHREVE,229 JONES ST,SHREVE,OH,44676,9800,,X22811,P
CENTRAL,4J,OHIO 1,440,44639,LEESVILLE,95 S WATER ST,LEESVILLE,OH,44639,9800,P,X21586,P
CENTRAL,4J,OHIO 1,440,44640,LIMAVILLE,25 E MAIN ST,LIMAVILLE,OH,44640,9800,P,X21619,P
CENTRAL,4J,OHIO 1,440,44641,LOUISVILLE,1000 N CHAPEL ST,LOUISVILLE,OH,44641,9998,,X21680,P
CENTRAL,4J,OHIO 1,440,44643,MAGNOLIA,155 CANAL ST,MAGNOLIA,OH,44643,9800,,X21727,P
CENTRAL,4J,OHIO 1,440,44644,MALVERN,116 E PORTER ST,MALVERN,OH,44644,9800,,X21738,P
CENTRAL,4J,OHIO 1,440,44645,MARSHALLVILLE,3 N MAIN ST,MARSHALLVILLE,OH,44645,9801,,X21775,P
CENTRAL,4J,OHIO 1,440,44646,MASSILLON,333 ERIE ST S,MASSILLON,OH,44646,9998,,X21788,P
CENTRAL,4J,OHIO 1,440,44647,MASSILLON,333 ERIE ST S,MASSILLON,OH,44646,9998,,X21788,P
CENTRAL,4J,OHIO 1,440,44648,MASSILLON,333 ERIE ST S,MASSILLON,OH,44646,9998,P,X21788,P
CENTRAL,4J,OHIO 1,440,44650,MAXIMO,6995 OAKHILL AVE NE,MAXIMO,OH,44650,9800,P,X21792,P
CENTRAL,4J,OHIO 1,440,44651,MECHANICSTOWN,7077 SALINEVILLE RD NE,MECHANICSTOWN,OH,44651,9800,,X21835,P
CENTRAL,4J,OHIO 1,440,44652,MIDDLEBRANCH,7940 MIDDLEBRANCH AVE NE,MIDDLEBRANCH,OH,44652,9800,P,X21873,P
CENTRAL,4J,OHIO 1,440,44653,MIDVALE,3096 BARNHILL RD,MIDVALE,OH,44653,9800,P,X21890,P
CENTRAL,4J,OHIO 1,440,44654,MILLERSBURG,56 S WASHINGTON ST,MILLERSBURG,OH,44654,9998,,X21902,P
CENTRAL,4J,OHIO 1,440,44656,MINERAL CITY,8618 N HIGH ST,MINERAL CITY,OH,44656,9800,,X21919,P
CENTRAL,4J,OHIO 1,440,44657,MINERVA,112 W HIGH ST,MINERVA,OH,44657,9998,,X21923,P
CENTRAL,4J,OHIO 1,440,44659,MOUNT EATON,15924 MAIN ST,MOUNT EATON,OH,44659,9800,P,X21980,P
CENTRAL,4J,OHIO 1,440,44660,MOUNT HOPE,7789 COUNTY ROAD 77,MILLERSBURG,OH,44654,9906,P,X21985,P
CENTRAL,4J,OHIO 1,440,44661,NASHVILLE,111 W MILLERSBURG ST,NASHVILLE,OH,44661,9800,P,X22054,P
CENTRAL,4J,OHIO 1,440,44662,NAVARRE,33 CANAL ST W,NAVARRE,OH,44662,9998,,X22057,P
CENTRAL,4J,OHIO 1,440,44663,NEW PHILADELPHIA,210 N BROADWAY ST,NEW PHILADELPHIA,OH,44663,9998,,X22122,P
CENTRAL,4J,OHIO 1,440,44665,NORTH GEORGETOWN,27416 MAIN ST,NORTH GEORGETOWN,OH,44665,9800,P,X22185,P
CENTRAL,4J,OHIO 1,440,44666,NORTH LAWRENCE,3930 ALABAMA AVE NW,NORTH LAWRENCE,OH,44666,9801,,X22195,P
CENTRAL,4J,OHIO 1,440,44667,ORRVILLE,145 N VINE ST,ORRVILLE,OH,44667,9998,,X22319,P
CENTRAL,4J,OHIO 1,440,44669,MINERVA,112 W HIGH ST,MINERVA,OH,44657,9998,,X21923,P
CENTRAL,4J,OHIO 1,440,44669,PARIS,12550 LISBON ST SE,PARIS,OH,44669,9998,,X22362,P
CENTRAL,4J,OHIO 1,440,44670,ROBERTSVILLE,11315 LINCOLN ST SE,ROBERTSVILLE,OH,44670,9800,P,X22643,P
CENTRAL,4J,OHIO 1,440,44671,SANDYVILLE,11248 SANDYVILLE RD NE,SANDYVILLE,OH,44671,9800,P,X22736,P
CENTRAL,4J,OHIO 1,440,44672,SEBRING,196 W OHIO AVE,SEBRING,OH,44672,9998,,X22760,P
CENTRAL,4J,OHIO 1,440,44675,SHERRODSVILLE,27 S SHERROD AVE,SHERRODSVILLE,OH,44675,9800,,X22803,P
CENTRAL,4J,OHIO 1,440,44676,SHREVE,229 JONES ST,SHREVE,OH,44676,9800,,X22811,P
CENTRAL,4J,OHIO 1,440,44677,SMITHVILLE,152 E MAIN ST,SMITHVILLE,OH,44677,9998,,X22820,P
CENTRAL,4J,OHIO 1,440,44678,SOMERDALE,6088 STATE ROUTE 212 NE STE A,SOMERDALE,OH,44678,9800,P,X22831,P
CENTRAL,4J,OHIO 1,440,44680,STRASBURG,120 N WOOSTER AVE,STRASBURG,OH,44680,9998,,X23006,P
CENTRAL,4J,OHIO 1,440,44681,SUGARCREEK,210 FACTORY ST NE,SUGARCREEK,OH,44681,9998,,X23022,P
CENTRAL,4J,OHIO 1,440,44682,TUSCARAWAS,105 N MAIN ST,TUSCARAWAS,OH,44682,9800,P,X23118,P
CENTRAL,4J,OHIO 1,440,44683,UHRICHSVILLE,305 E 3RD ST,UHRICHSVILLE,OH,44683,9998,,X23126,P
CENTRAL,4J,OHIO 1,440,44685,UNIONTOWN,11230 CLEVELAND AVE NW,UNIONTOWN,OH,44685,9998,,X23137,P
CENTRAL,4J,OHIO 1,440,44687,WALNUT CREEK,4878 OLDE PUMP ST,WALNUT CREEK,OH,44687,9800,P,X23232,P
CENTRAL,4J,OHIO 1,440,44688,WAYNESBURG,157 E LISBON ST,WAYNESBURG,OH,44688,9800,,X23289,P
CENTRAL,4J,OHIO 1,440,44689,BEACH CITY,130 E MAIN ST,BEACH CITY,OH,44608,9800,,X20170,P
CENTRAL,4J,OHIO 1,440,44689,WILMOT,305 W MAIN ST,WILMOT,OH,44689,9800,,X23403,P
CENTRAL,4J,OHIO 1,440,44690,WINESBURG,2162 W MAIN ST,WINESBURG,OH,44690,9800,P,X23411,P
CENTRAL,4J,OHIO 1,440,44691,WOOSTER,153 E SOUTH ST,WOOSTER,OH,44691,9998,,X23428,P
CENTRAL,4J,OHIO 1,440,44695,BOWERSTON,212 MAIN ST,BOWERSTON,OH,44695,9800,,X20296,P
CENTRAL,4J,OHIO 1,440,44697,ZOAR,171 W 1ST ST,ZOAR,OH,44697,9800,P,X23468,P
CENTRAL,4J,OHIO 1,440,44699,UHRICHSVILLE,305 E 3RD ST,UHRICHSVILLE,OH,44683,9998,,X23126,P
CENTRAL,4J,OHIO 1,440,44701,NEW MARKET,220 4TH ST SW,CANTON,OH,44702,9998,P,X22115,S
CENTRAL,4J,OHIO 1,440,44702,NEW MARKET,220 4TH ST SW,CANTON,OH,44702,9998,,X22115,S
CENTRAL,4J,OHIO 1,440,44703,NEW MARKET,220 4TH ST SW,CANTON,OH,44702,9998,,X22115,S
CENTRAL,4J,OHIO 1,440,44704,NEW MARKET,220 4TH ST SW,CANTON,OH,44702,9998,,X22115,S
CENTRAL,4J,OHIO 1,440,44705,NE WATERWORKS,1930 SPANGLER RD NE,CANTON,OH,44705,9998,,X22058,B
CENTRAL,4J,OHIO 1,440,44705,CANTON OH S&DC,2650 CLEVELAND AVE NW,CANTON,OH,44711,9902,,020648,4
CENTRAL,4J,OHIO 1,440,44706,NEW MARKET,220 4TH ST SW,CANTON,OH,44702,9998,,X22115,S
CENTRAL,4J,OHIO 1,440,44707,NEW MARKET,220 4TH ST SW,CANTON,OH,44702,9998,,X22115,S
CENTRAL,4J,OHIO 1,440,44707,NORTH INDUSTRY,4724 CLEVELAND AVE S,CANTON,OH,44707,9998,,X22191,B
CENTRAL,4J,OHIO 1,440,44708,COUNTRY FAIR,4025 TUSCARAWAS ST W,CANTON,OH,44708,9998,,X20705,S
CENTRAL,4J,OHIO 1,440,44709,CANTON OH S&DC,2650 CLEVELAND AVE NW,CANTON,OH,44711,9902,,020648,4
CENTRAL,4J,OHIO 1,440,44710,NEW MARKET,220 4TH ST SW,CANTON,OH,44702,9998,,X22115,S
CENTRAL,4J,OHIO 1,440,44711,CANTON OH S&DC,2650 CLEVELAND AVE NW,CANTON,OH,44711,9902,P,020648,4
CENTRAL,4J,OHIO 1,440,44714,CANTON OH S&DC,2650 CLEVELAND AVE NW,CANTON,OH,44711,9902,,020648,4
CENTRAL,4J,OHIO 1,440,44718,JACKSON BELDEN,4420 DRESSLER RD NW,CANTON,OH,44718,9998,,X21412,B
CENTRAL,4J,OHIO 1,440,44720,NORTH CANTON,2201 E MAPLE ST,NORTH CANTON,OH,44720,9997,,018933,B
CENTRAL,4J,OHIO 1,440,44720,CANTON OH S&DC,2650 CLEVELAND AVE NW,CANTON,OH,44711,9902,,020648,4
CENTRAL,4J,OHIO 1,440,44721,CANTON OH S&DC,2650 CLEVELAND AVE NW,CANTON,OH,44711,9902,,020648,4
CENTRAL,4J,OHIO 1,440,44730,EAST CANTON,117 NASSAU ST W,EAST CANTON,OH,44730,9998,,X20871,B
CENTRAL,4J,OHIO 1,440,44730,NEW MARKET,220 4TH ST SW,CANTON,OH,44702,9998,,X22115,S
CENTRAL,4J,OHIO 1,440,44735,JACKSON BELDEN,4420 DRESSLER RD NW,CANTON,OH,44718,9998,P,X21412,B
CENTRAL,4J,OHIO 1,440,44802,ALVADA,12125 W COUNTY ROAD 10,ALVADA,OH,44802,9800,,X20058,P
CENTRAL,4J,OHIO 1,440,44802,FOSTORIA,202 W CENTER ST,FOSTORIA,OH,44830,9998,,X21051,P
CENTRAL,4J,OHIO 1,440,44804,ARCADIA,106 N MAIN ST,ARCADIA,OH,44804,9800,,X20094,P
CENTRAL,4J,OHIO 1,440,44805,ASHLAND,530 CLAREMONT AVE,ASHLAND,OH,44805,9998,,X20107,P
CENTRAL,4J,OHIO 1,440,44807,ATTICA,7 S MAIN ST,ATTICA,OH,44807,9800,,X20117,P
CENTRAL,4J,OHIO 1,440,44809,BASCOM,5755 W TIFFIN ST,BASCOM,OH,44809,9800,P,X20158,P
CENTRAL,4J,OHIO 1,440,44811,BELLEVUE,140 N SANDUSKY ST,BELLEVUE,OH,44811,9998,,X20202,P
CENTRAL,4J,OHIO 1,440,44813,BELLVILLE,105 BELL ST,BELLVILLE,OH,44813,9998,,X20204,P
CENTRAL,4J,OHIO 1,440,44814,BERLIN HEIGHTS,2 E MAIN ST,BERLIN HEIGHTS,OH,44814,9801,,X20225,P
CENTRAL,4J,OHIO 1,440,44815,BETTSVILLE,203 STATE ST,BETTSVILLE,OH,44815,9998,P,X20239,P
CENTRAL,4J,OHIO 1,440,44816,WAKEMAN,16 W MAIN ST,WAKEMAN,OH,44889,9998,P,X23226,P
CENTRAL,4J,OHIO 1,440,44817,FOSTORIA,202 W CENTER ST,FOSTORIA,OH,44830,9998,,X21051,P
CENTRAL,4J,OHIO 1,440,44818,BLOOMVILLE,10 S MARION ST,BLOOMVILLE,OH,44818,9800,,X20275,P
CENTRAL,4J,OHIO 1,440,44820,BUCYRUS,301 S POPLAR ST,BUCYRUS,OH,44820,9998,,X20374,P
CENTRAL,4J,OHIO 1,440,44822,BUTLER,14 W ELM ST,BUTLER,OH,44822,9802,,X20404,P
CENTRAL,4J,OHIO 1,440,44824,CASTALIA,105 N WATER ST,CASTALIA,OH,44824,9800,,X20468,P
CENTRAL,4J,OHIO 1,440,44825,CHATFIELD,6890 SANDUSKY ST,CHATFIELD,OH,44825,9800,P,X20516,P
CENTRAL,4J,OHIO 1,440,44826,COLLINS,2728 N RAILROAD ST,COLLINS,OH,44826,9801,,X20626,P
CENTRAL,4J,OHIO 1,440,44826,WAKEMAN,16 W MAIN ST,WAKEMAN,OH,44889,9998,,X23226,P
CENTRAL,4J,OHIO 1,440,44827,CRESTLINE,244 N SELTZER ST,CRESTLINE,OH,44827,9998,,X20727,P
CENTRAL,4J,OHIO 1,440,44828,FLAT ROCK,15909 JEFFERSON ST,FLAT ROCK,OH,44828,9800,P,X21027,P
CENTRAL,4J,OHIO 1,440,44830,FOSTORIA,202 W CENTER ST,FOSTORIA,OH,44830,9998,,X21051,P
CENTRAL,4J,OHIO 1,440,44833,GALION,133 N COLUMBUS ST,GALION,OH,44833,9998,,X21096,P
CENTRAL,4J,OHIO 1,440,44836,GREEN SPRINGS,108 S BROADWAY ST,GREEN SPRINGS,OH,44836,9998,,X21187,P
CENTRAL,4J,OHIO 1,440,44836,TIFFIN,175 S MONROE ST,TIFFIN,OH,44883,9998,,X23076,P
CENTRAL,4J,OHIO 1,440,44837,GREENWICH,18 MAIN ST,GREENWICH,OH,44837,9998,,X21204,P
CENTRAL,4J,OHIO 1,440,44838,HAYESVILLE,1 E MAIN ST,HAYESVILLE,OH,44838,9800,P,X21284,P
CENTRAL,4J,OHIO 1,440,44839,HURON,378 MAIN ST,HURON,OH,44839,9998,,X21375,P
CENTRAL,4J,OHIO 1,440,44840,JEROMESVILLE,21 S HIGH ST,JEROMESVILLE,OH,44840,9800,,X21445,P
CENTRAL,4J,OHIO 1,440,44841,KANSAS,6047 MAIN ST,KANSAS,OH,44841,9800,,X21464,P
CENTRAL,4J,OHIO 1,440,44842,LOUDONVILLE,124 S WATER ST,LOUDONVILLE,OH,44842,9998,,X21679,P
CENTRAL,4J,OHIO 1,440,44843,BUTLER,14 W ELM ST,BUTLER,OH,44822,9802,,X20404,P
CENTRAL,4J,OHIO 1,440,44843,LUCAS,36 W MAIN ST,LUCAS,OH,44843,9800,,X21688,P
CENTRAL,4J,OHIO 1,440,44844,MC CUTCHENVILLE,172 STATE HIGHWAY 53 N,MC CUTCHENVILLE,OH,44844,9800,,X21807,P
CENTRAL,4J,OHIO 1,440,44846,MILAN,11 E CHURCH ST,MILAN,OH,44846,9801,,X21894,P
CENTRAL,4J,OHIO 1,440,44847,MONROEVILLE,10 N MAIN ST,MONROEVILLE,OH,44847,9801,,X21949,P
CENTRAL,4J,OHIO 1,440,44848,NANKIN,953 STATE ROUTE 58,NANKIN,OH,44848,9800,P,X22051,P
CENTRAL,4J,OHIO 1,440,44849,BUCYRUS,301 S POPLAR ST,BUCYRUS,OH,44820,9998,,X20374,P
CENTRAL,4J,OHIO 1,440,44849,NEVADA,115 N MAIN ST,NEVADA,OH,44849,9800,,X22068,P
CENTRAL,4J,OHIO 1,440,44850,NEW HAVEN,3991 CENTER ST,NEW HAVEN,OH,44850,9800,P,X22102,P
CENTRAL,4J,OHIO 1,440,44851,NEW LONDON,86 E MAIN ST,NEW LONDON,OH,44851,9998,,X22109,P
CENTRAL,4J,OHIO 1,440,44853,NEW RIEGEL,13 N PERRY ST,NEW RIEGEL,OH,44853,9800,,X22128,P
CENTRAL,4J,OHIO 1,440,44853,TIFFIN,175 S MONROE ST,TIFFIN,OH,44883,9998,,X23076,P
CENTRAL,4J,OHIO 1,440,44854,ATTICA,7 S MAIN ST,ATTICA,OH,44807,9800,,X20117,P
CENTRAL,4J,OHIO 1,440,44854,NEW WASHINGTON,214 W MANSFIELD ST,NEW WASHINGTON,OH,44854,9800,,X22135,P
CENTRAL,4J,OHIO 1,440,44855,GREENWICH,18 MAIN ST,GREENWICH,OH,44837,9998,,X21204,P
CENTRAL,4J,OHIO 1,440,44855,NORTH FAIRFIELD,1 N MAIN ST,NORTH FAIRFIELD,OH,44855,9800,,X22184,P
CENTRAL,4J,OHIO 1,440,44856,CRESTLINE,244 N SELTZER ST,CRESTLINE,OH,44827,9998,P,X20727,P
CENTRAL,4J,OHIO 1,440,44857,NORWALK,16 WHITTLESEY AVE,NORWALK,OH,44857,9998,,X22229,P
CENTRAL,4J,OHIO 1,440,44859,NEW LONDON,86 E MAIN ST,NEW LONDON,OH,44851,9998,,X22109,P
CENTRAL,4J,OHIO 1,440,44859,NOVA,246 STATE ROUTE 511,NOVA,OH,44859,9800,,X22232,P
CENTRAL,4J,OHIO 1,440,44860,OCEOLA,3910 MARION MELMORE RD,OCEOLA,OH,44860,9800,P,X22266,P
CENTRAL,4J,OHIO 1,440,44861,OLD FORT,8064 MAIN ST,OLD FORT,OH,44861,9800,P,X22283,P
CENTRAL,4J,OHIO 1,440,44862,ONTARIO,3656 PARK AVE W,ONTARIO,OH,44862,9800,P,X22301,P
CENTRAL,4J,OHIO 1,440,44864,PERRYSVILLE,112 W 1ST ST,PERRYSVILLE,OH,44864,9801,,X22409,P
CENTRAL,4J,OHIO 1,440,44865,PLYMOUTH,27 PLYMOUTH ST,PLYMOUTH,OH,44865,9998,,X22475,P
CENTRAL,4J,OHIO 1,440,44866,JEROMESVILLE,21 S HIGH ST,JEROMESVILLE,OH,44840,9800,,X21445,P
CENTRAL,4J,OHIO 1,440,44866,POLK,103 W CONGRESS ST,POLK,OH,44866,9800,,X22486,P
CENTRAL,4J,OHIO 1,440,44867,REPUBLIC,300 MADISON ST,REPUBLIC,OH,44867,9801,,X22586,P
CENTRAL,4J,OHIO 1,440,44867,TIFFIN,175 S MONROE ST,TIFFIN,OH,44883,9998,,X23076,P
CENTRAL,4J,OHIO 1,440,44870,SANDUSKY,2220 CALDWELL ST,SANDUSKY,OH,44870,9998,,X22734,P
CENTRAL,4J,OHIO 1,440,44871,SANDUSKY,2220 CALDWELL ST,SANDUSKY,OH,44870,9998,P,X22734,P
CENTRAL,4J,OHIO 1,440,44874,SAVANNAH,2 E MAIN ST,SAVANNAH,OH,44874,9800,P,X22742,P
CENTRAL,4J,OHIO 1,440,44875,SHELBY,26 N GAMBLE ST,SHELBY,OH,44875,9998,,X22796,P
CENTRAL,4J,OHIO 1,440,44878,PLYMOUTH,27 PLYMOUTH ST,PLYMOUTH,OH,44865,9998,,X22475,P
CENTRAL,4J,OHIO 1,440,44878,SHILOH,9 W MAIN ST,SHILOH,OH,44878,9800,,X22805,P
CENTRAL,4J,OHIO 1,440,44880,SPENCER,106 S JACKSON ST,SPENCER,OH,44275,9998,,X22871,P
CENTRAL,4J,OHIO 1,440,44880,SULLIVAN,245 TOWNSHIP ROAD 481,SULLIVAN,OH,44880,9785,,X23023,P
CENTRAL,4J,OHIO 1,440,44881,SULPHUR SPRINGS,4861 ZEIGLER RD,SULPHUR SPRINGS,OH,44881,9800,P,X23025,P
CENTRAL,4J,OHIO 1,440,44882,SYCAMORE,201 S SYCAMORE AVE,SYCAMORE,OH,44882,9800,,X23042,P
CENTRAL,4J,OHIO 1,440,44883,TIFFIN,175 S MONROE ST,TIFFIN,OH,44883,9998,,X23076,P
CENTRAL,4J,OHIO 1,440,44887,SHELBY,26 N GAMBLE ST,SHELBY,OH,44875,9998,,X22796,P
CENTRAL,4J,OHIO 1,440,44887,TIRO,104 N MAIN ST,TIRO,OH,44887,9800,,X23084,P
CENTRAL,4J,OHIO 1,440,44889,WAKEMAN,16 W MAIN ST,WAKEMAN,OH,44889,9998,,X23226,P
CENTRAL,4J,OHIO 1,440,44890,WILLARD,210 S MYRTLE AVE,WILLARD,OH,44890,9998,,X23378,P
CENTRAL,4J,OHIO 1,440,44901,MANSFIELD,200 N DIAMOND ST,MANSFIELD,OH,44901,1006,P,X21744,P
CENTRAL,4J,OHIO 1,440,44902,MANSFIELD,200 N DIAMOND ST,MANSFIELD,OH,44901,1006,,X21744,P
CENTRAL,4J,OHIO 1,440,44903,MANSFIELD,200 N DIAMOND ST,MANSFIELD,OH,44901,1006,,X21744,P
CENTRAL,4J,OHIO 1,440,44904,LEXINGTON,24 SHORT ST,LEXINGTON,OH,44904,9998,,X21604,B
CENTRAL,4J,OHIO 1,440,44904,MANSFIELD,200 N DIAMOND ST,MANSFIELD,OH,44901,1006,,X21744,P
CENTRAL,4J,OHIO 1,440,44905,MANSFIELD,200 N DIAMOND ST,MANSFIELD,OH,44901,1006,,X21744,P
CENTRAL,4J,OHIO 1,440,44906,MANSFIELD,200 N DIAMOND ST,MANSFIELD,OH,44901,1006,,X21744,P
CENTRAL,4J,OHIO 1,440,44906,SHERMAN,1343 PARK AVE W,MANSFIELD,OH,44906,9998,,X22802,S
CENTRAL,4J,OHIO 1,440,44907,MANSFIELD,200 N DIAMOND ST,MANSFIELD,OH,44901,1006,,X21744,P
CENTRAL,4J,OHIO 1,440,44907,SOUTHWEST,672 1/2 LOGAN RD,MANSFIELD,OH,44907,9998,,X22867,S
CENTRAL,4J,OHIO 2,450,45001,ADDYSTON,234 MAIN ST,ADDYSTON,OH,45001,9998,P,X20022,P
CENTRAL,4J,OHIO 2,450,45002,CLEVES,650 N MIAMI AVE,CLEVES,OH,45002,9998,,X20585,P
CENTRAL,4J,OHIO 2,450,45003,COLLEGE CORNER,18 LIBERTY AVE,COLLEGE CORNER,OH,45003,9998,,X20623,P
CENTRAL,4J,OHIO 2,450,45005,FRANKLIN,712 E 2ND ST,FRANKLIN,OH,45005,9998,,X21059,P
CENTRAL,4J,OHIO 2,450,45005,CARLISLE,769 CENTRAL AVE,FRANKLIN,OH,45005,9997,,001888,S
CENTRAL,4J,OHIO 2,450,45011,FAIRFIELD,700 WESSEL DR,FAIRFIELD,OH,45014,9998,,X20970,B
CENTRAL,4J,OHIO 2,450,45012,HAMILTON,105 COURT ST,HAMILTON,OH,45011,9998,P,X21234,P
CENTRAL,4J,OHIO 2,450,45013,HAMILTON,105 COURT ST,HAMILTON,OH,45011,9998,,X21234,P
CENTRAL,4J,OHIO 2,450,45013,ROSSVILLE,865 FRANKLIN ST,HAMILTON,OH,45013,9998,,X22676,B
CENTRAL,4J,OHIO 2,450,45014,FAIRFIELD,700 WESSEL DR,FAIRFIELD,OH,45014,9998,,X20970,B
CENTRAL,4J,OHIO 2,450,45015,FAIRFIELD,700 WESSEL DR,FAIRFIELD,OH,45014,9998,,X20970,B
CENTRAL,4J,OHIO 2,450,45018,FAIRFIELD,700 WESSEL DR,FAIRFIELD,OH,45014,9998,P,X20970,B
CENTRAL,4J,OHIO 2,450,45030,HARRISON,420 S STATE ST,HARRISON,OH,45030,9998,,X21263,P
CENTRAL,4J,OHIO 2,450,45032,HARVEYSBURG,46 W MAIN ST,HARVEYSBURG,OH,45032,9998,P,X21276,P
CENTRAL,4J,OHIO 2,450,45034,KINGS MILLS,1985 KING AVE,KINGS MILLS,OH,45034,9998,,X21503,P
CENTRAL,4J,OHIO 2,450,45036,LEBANON,230 NEW ST,LEBANON,OH,45036,9998,,X21577,P
CENTRAL,4J,OHIO 2,450,45039,MAINEVILLE,7878 S STATE ROUTE 48,MAINEVILLE,OH,45039,9998,,X21731,P
CENTRAL,4J,OHIO 2,450,45040,MASON,6338 SNIDER RD,MASON,OH,45040,9998,,X21785,P
CENTRAL,4J,OHIO 2,450,45041,MIAMITOWN,6739 HAMILTON CLEVES RD,MIAMITOWN,OH,45041,9998,P,X21863,P
CENTRAL,4J,OHIO 2,450,45042,MIDDLETOWN,320 N VERITY PKWY,MIDDLETOWN,OH,45042,9998,,X21882,P
CENTRAL,4J,OHIO 2,450,45044,MIDDLETOWN,320 N VERITY PKWY,MIDDLETOWN,OH,45042,9998,,X21882,P
CENTRAL,4J,OHIO 2,450,45050,MONROE,301 S MAIN ST,MONROE,OH,45050,9998,,X21944,P
CENTRAL,4J,OHIO 2,450,45052,NORTH BEND,135 SYMMES AVE,NORTH BEND,OH,45052,9998,,X22175,P
CENTRAL,4J,OHIO 2,450,45053,OKEANA,6179 CINCINNATI BROOKVILLE RD,OKEANA,OH,45053,9998,,X22280,P
CENTRAL,4J,OHIO 2,450,45054,LEBANON,230 NEW ST,LEBANON,OH,45036,9998,,X21577,P
CENTRAL,4J,OHIO 2,450,45055,OVERPECK,4212 TRENTON RD,OVERPECK,OH,45055,9998,P,X22334,P
CENTRAL,4J,OHIO 2,450,45056,OXFORD,5145 BROWN RD,OXFORD,OH,45056,9998,,X22342,P
CENTRAL,4J,OHIO 2,450,45061,ROSS,4275 HAMILTON CLEVES HWY,ROSS,OH,45061,9998,P,X22672,P
CENTRAL,4J,OHIO 2,450,45062,SEVEN MILE,400 N MAIN ST,SEVEN MILE,OH,45062,9998,P,X22767,P
CENTRAL,4J,OHIO 2,450,45063,SHANDON,4801 CINCINNATI BROOKVILLE RD,SHANDON,OH,45063,9998,P,X22779,P
CENTRAL,4J,OHIO 2,450,45064,SOMERVILLE,156 S MAIN ST,SOMERVILLE,OH,45064,9998,,X22834,P
CENTRAL,4J,OHIO 2,450,45065,SOUTH LEBANON,219 E FOREST AVE,SOUTH LEBANON,OH,45065,9998,,X22849,P
CENTRAL,4J,OHIO 2,450,45066,SPRINGBORO,55 S PIONEER BLVD,SPRINGBORO,OH,45066,9998,,X22888,P
CENTRAL,4J,OHIO 2,450,45067,TRENTON,290 EDGEWOOD DR,TRENTON,OH,45067,9998,,X23101,P
CENTRAL,4J,OHIO 2,450,45068,WAYNESVILLE,235 MIAMI ST,WAYNESVILLE,OH,45068,9998,,X23291,P
CENTRAL,4J,OHIO 2,450,45069,WEST CHESTER,8730 CINCINNATI DAYTON RD,WEST CHESTER,OH,45069,9998,,X23309,P
CENTRAL,4J,OHIO 2,450,45070,WEST ELKTON,117 N MAIN ST,WEST ELKTON,OH,45070,9998,P,X23311,P
CENTRAL,4J,OHIO 2,450,45071,WEST CHESTER,8730 CINCINNATI DAYTON RD,WEST CHESTER,OH,45069,9998,P,X23309,P
CENTRAL,4J,OHIO 2,450,45101,ABERDEEN,720 US HIGHWAY 52,ABERDEEN,OH,45101,9998,,X20005,P
CENTRAL,4J,OHIO 2,450,45102,AMELIA,7 S KLINE AVE,AMELIA,OH,45102,9998,,X20062,P
CENTRAL,4J,OHIO 2,450,45103,BATAVIA,575 W MAIN ST,BATAVIA,OH,45103,9998,,X20161,P
CENTRAL,4J,OHIO 2,450,45105,BENTONVILLE,7785 STATE ROUTE 41,BENTONVILLE,OH,45105,9998,P,X20216,P
CENTRAL,4J,OHIO 2,450,45106,BETHEL,213 N EAST ST,BETHEL,OH,45106,9998,,X20233,P
CENTRAL,4J,OHIO 2,450,45107,BLANCHESTER,115 S WRIGHT ST,BLANCHESTER,OH,45107,9998,,X20263,P
CENTRAL,4J,OHIO 2,450,45112,CHILO,302 WASHINGTON ST,CHILO,OH,45112,9998,P,X20537,P
CENTRAL,4J,OHIO 2,450,45113,CLARKSVILLE,75 SPRING HILL RD,CLARKSVILLE,OH,45113,9998,,X20563,P
CENTRAL,4J,OHIO 2,450,45115,DECATUR,6471 HUFF HILL RD,DECATUR,OH,45115,9998,P,X20782,P
CENTRAL,4J,OHIO 2,450,45118,FAYETTEVILLE,201 S APPLE ST,FAYETTEVILLE,OH,45118,9998,,X21001,P
CENTRAL,4J,OHIO 2,450,45119,FEESBURG,8696 STATE ROUTE 505,FEESBURG,OH,45119,9998,P,X21007,P
CENTRAL,4J,OHIO 2,450,45120,FELICITY,323 W WALNUT ST,FELICITY,OH,45120,9998,,X21008,P
CENTRAL,4J,OHIO 2,450,45121,GEORGETOWN,201 E GRANT AVE,GEORGETOWN,OH,45121,9998,,X21120,P
CENTRAL,4J,OHIO 2,450,45122,GOSHEN,1978 MAIN ST,GOSHEN,OH,45122,9998,,X21164,P
CENTRAL,4J,OHIO 2,450,45122,MILFORD,100 CASTLEBERRY CT,MILFORD,OH,45150,9998,,X21895,P
CENTRAL,4J,OHIO 2,450,45123,GREENFIELD,233 JEFFERSON ST,GREENFIELD,OH,45123,9998,,X21193,P
CENTRAL,4J,OHIO 2,450,45130,HAMERSVILLE,202 W MAIN ST,HAMERSVILLE,OH,45130,9998,,X21231,P
CENTRAL,4J,OHIO 2,450,45131,HIGGINSPORT,400 WASHINGTON ST,HIGGINSPORT,OH,45131,9998,P,X21312,P
CENTRAL,4J,OHIO 2,450,45132,HIGHLAND,7914 W MAIN ST,HIGHLAND,OH,45132,9998,P,X21315,P
CENTRAL,4J,OHIO 2,450,45133,HILLSBORO,301 N HIGH ST SIDE,HILLSBORO,OH,45133,1167,,X21327,P
CENTRAL,4J,OHIO 2,450,45135,LEESBURG,44 E MAIN ST,LEESBURG,OH,45135,9998,,X21585,P
CENTRAL,4J,OHIO 2,450,45140,LOVELAND,200 LOVELAND MADEIRA RD,LOVELAND,OH,45140,9998,,X21681,P
CENTRAL,4J,OHIO 2,450,45142,LYNCHBURG,264 N MAIN ST,LYNCHBURG,OH,45142,9998,,X21698,P
CENTRAL,4J,OHIO 2,450,45144,MANCHESTER,301 PIKE ST,MANCHESTER,OH,45144,9998,,X21739,P
CENTRAL,4J,OHIO 2,450,45146,NEW VIENNA,209 W MAIN ST,NEW VIENNA,OH,45159,9998,,X22134,P
CENTRAL,4J,OHIO 2,450,45147,MIAMIVILLE,352 CENTER ST,MIAMIVILLE,OH,45147,9998,P,X21865,P
CENTRAL,4J,OHIO 2,450,45148,NEW VIENNA,209 W MAIN ST,NEW VIENNA,OH,45159,9998,,X22134,P
CENTRAL,4J,OHIO 2,450,45150,MILFORD,100 CASTLEBERRY CT,MILFORD,OH,45150,9998,,X21895,P
CENTRAL,4J,OHIO 2,450,45152,MORROW,531 W PIKE ST,MORROW,OH,45152,9998,,X21968,P
CENTRAL,4J,OHIO 2,450,45153,MOSCOW,30 WELLS ST,MOSCOW,OH,45153,9998,,X21969,P
CENTRAL,4J,OHIO 2,450,45154,MOUNT ORAB,202 E MAIN ST,MOUNT ORAB,OH,45154,9998,,X21990,P
CENTRAL,4J,OHIO 2,450,45155,MOWRYSTOWN,2 W MAIN ST,MOWRYSTOWN,OH,45155,9998,P,X22008,P
CENTRAL,4J,OHIO 2,450,45156,CHILO,302 WASHINGTON ST,CHILO,OH,45112,9998,P,X20537,P
CENTRAL,4J,OHIO 2,450,45157,NEW RICHMOND,501 MARKET ST,NEW RICHMOND,OH,45157,9998,,X22127,P
CENTRAL,4J,OHIO 2,450,45158,NEWTONSVILLE,854 WRIGHT ST,NEWTONSVILLE,OH,45158,9998,P,X22157,P
CENTRAL,4J,OHIO 2,450,45159,NEW VIENNA,209 W MAIN ST,NEW VIENNA,OH,45159,9998,,X22134,P
CENTRAL,4J,OHIO 2,450,45160,OWENSVILLE,285 W MAIN ST,OWENSVILLE,OH,45160,9998,,X22338,P
CENTRAL,4J,OHIO 2,450,45162,MORROW,531 W PIKE ST,MORROW,OH,45152,9998,,X21968,P
CENTRAL,4J,OHIO 2,450,45162,PLEASANT PLAIN,10069 STATE ROUTE 132,PLEASANT PLAIN,OH,45162,9998,,X22457,P
CENTRAL,4J,OHIO 2,450,45164,PORT WILLIAM,227 MAIN ST,PORT WILLIAM,OH,45164,9998,P,X22496,P
CENTRAL,4J,OHIO 2,450,45166,REESVILLE,540 N STATE ROUTE 72,REESVILLE,OH,45166,9998,P,X22573,P
CENTRAL,4J,OHIO 2,450,45167,RIPLEY,100 S 2ND ST,RIPLEY,OH,45167,9998,,X22621,P
CENTRAL,4J,OHIO 2,450,45168,GEORGETOWN,201 E GRANT AVE,GEORGETOWN,OH,45121,9998,,X21120,P
CENTRAL,4J,OHIO 2,450,45169,SABINA,39 N HOWARD ST,SABINA,OH,45169,9998,,X22709,P
CENTRAL,4J,OHIO 2,450,45171,SARDINIA,104 BROAD ST,SARDINIA,OH,45171,9998,,X22739,P
CENTRAL,4J,OHIO 2,450,45172,SINKING SPRING,103 S MAIN ST,SINKING SPRING,OH,45172,9998,P,X22818,P
CENTRAL,4J,OHIO 2,450,45174,MILFORD,100 CASTLEBERRY CT,MILFORD,OH,45150,9998,,X21895,P
CENTRAL,4J,OHIO 2,450,45174,TERRACE PARK,409 TERRACE PL,TERRACE PARK,OH,45174,9998,,X23057,P
CENTRAL,4J,OHIO 2,450,45176,BATAVIA,575 W MAIN ST,BATAVIA,OH,45103,9998,,X20161,P
CENTRAL,4J,OHIO 2,450,45176,WILLIAMSBURG,332 W MAIN ST,WILLIAMSBURG,OH,45176,9998,,X23381,P
CENTRAL,4J,OHIO 2,450,45177,WILMINGTON,1515 ALEX DR,WILMINGTON,OH,45177,9998,,X23402,P
CENTRAL,4J,OHIO 2,450,45201,QUEEN CITY,525 VINE ST STE 1,CINCINNATI,OH,45202,9998,P,X21054,S
CENTRAL,4J,OHIO 2,450,45201,MID CITY CINCINNATI,990 DALTON AVE,CINCINNATI,OH,45203,9998,P,X29452,4
CENTRAL,4J,OHIO 2,450,45202,MID CITY CINCINNATI,990 DALTON AVE,CINCINNATI,OH,45203,9998,,X29452,4
CENTRAL,4J,OHIO 2,450,45203,MID CITY CINCINNATI,990 DALTON AVE,CINCINNATI,OH,45203,9998,,X29452,4
CENTRAL,4J,OHIO 2,450,45204,MID CITY CINCINNATI,990 DALTON AVE,CINCINNATI,OH,45203,9998,,X29452,4
CENTRAL,4J,OHIO 2,450,45205,PRICE HILL,975 ENRIGHT AVE,CINCINNATI,OH,45205,9998,,X22513,S
CENTRAL,4J,OHIO 2,450,45205,MID CITY CINCINNATI,990 DALTON AVE,CINCINNATI,OH,45203,9998,,X29452,4
CENTRAL,4J,OHIO 2,450,45206,NORWOOD,4515 ALLISON ST,CINCINNATI,OH,45212,9998,,X22231,B
CENTRAL,4J,OHIO 2,450,45206,WALNUT HILLS,2344 KEMPER LN,CINCINNATI,OH,45206,9998,,X23235,S
CENTRAL,4J,OHIO 2,450,45207,NORWOOD,4515 ALLISON ST,CINCINNATI,OH,45212,9998,,X22231,B
CENTRAL,4J,OHIO 2,450,45208,HYDE PARK,2639 ERIE AVE,CINCINNATI,OH,45208,9998,,X21377,S
CENTRAL,4J,OHIO 2,450,45208,MURRAY,5545 MURRAY AVE,CINCINNATI,OH,45227,9998,,X29610,4
CENTRAL,4J,OHIO 2,450,45209,OAKLEY,3874 PAXTON AVE,CINCINNATI,OH,45209,9998,,X22258,S
CENTRAL,4J,OHIO 2,450,45209,MURRAY,5545 MURRAY AVE,CINCINNATI,OH,45227,9998,,X29610,4
CENTRAL,4J,OHIO 2,450,45211,WESTWOOD,3336 HARRISON AVE,CINCINNATI,OH,45211,9998,,X23358,B
CENTRAL,4J,OHIO 2,450,45212,NORWOOD,4515 ALLISON ST,CINCINNATI,OH,45212,9998,,X22231,B
CENTRAL,4J,OHIO 2,450,45213,TAFT,7350 MONTGOMERY RD,CINCINNATI,OH,45236,9998,,X23050,B
CENTRAL,4J,OHIO 2,450,45214,MID CITY CINCINNATI,990 DALTON AVE,CINCINNATI,OH,45203,9998,,X29452,4
CENTRAL,4J,OHIO 2,450,45215,LOCKLAND,117 ANNA ST,CINCINNATI,OH,45215,9998,,X21656,B
CENTRAL,4J,OHIO 2,450,45216,SAINT BERNARD,5115 VINE ST,CINCINNATI,OH,45217,9998,,X22711,B
CENTRAL,4J,OHIO 2,450,45217,SAINT BERNARD,5115 VINE ST,CINCINNATI,OH,45217,9998,,X22711,B
CENTRAL,4J,OHIO 2,450,45218,PARKDALE,670 NORTHLAND BLVD,CINCINNATI,OH,45240,9998,,X22364,B
CENTRAL,4J,OHIO 2,450,45219,CORRYVILLE,2917 SHORT VINE ST,CINCINNATI,OH,45219,9998,,X20700,S
CENTRAL,4J,OHIO 2,450,45220,BURNET WOODS,362 LUDLOW AVE,CINCINNATI,OH,45220,9998,,X20394,S
CENTRAL,4J,OHIO 2,450,45220,CORRYVILLE,2917 SHORT VINE ST,CINCINNATI,OH,45219,9998,,X20700,S
CENTRAL,4J,OHIO 2,450,45222,ROSELAWN,1730 SECTION RD,CINCINNATI,OH,45222,9998,P,X22669,B
CENTRAL,4J,OHIO 2,450,45223,CORRYVILLE,2917 SHORT VINE ST,CINCINNATI,OH,45219,9998,,X20700,S
CENTRAL,4J,OHIO 2,450,45224,COLLEGE HL,1531 CEDAR AVE,CINCINNATI,OH,45224,9998,,X20625,B
CENTRAL,4J,OHIO 2,450,45224,GROESBECK,8721 COLERAIN AVE,CINCINNATI,OH,45251,9998,,X21213,B
CENTRAL,4J,OHIO 2,450,45225,CORRYVILLE,2917 SHORT VINE ST,CINCINNATI,OH,45219,9998,,X20700,S
CENTRAL,4J,OHIO 2,450,45226,MURRAY,5545 MURRAY AVE,CINCINNATI,OH,45227,9998,,X29610,4
CENTRAL,4J,OHIO 2,450,45227,OAKLEY,3874 PAXTON AVE,CINCINNATI,OH,45209,9998,,X22258,S
CENTRAL,4J,OHIO 2,450,45227,MURRAY,5545 MURRAY AVE,CINCINNATI,OH,45227,9998,,X29610,4
CENTRAL,4J,OHIO 2,450,45229,SAINT BERNARD,5115 VINE ST,CINCINNATI,OH,45217,9998,,X22711,B
CENTRAL,4J,OHIO 2,450,45230,MOUNT WASHINGTON,6117 CAMPUS LN,CINCINNATI,OH,45230,9998,,X22006,S
CENTRAL,4J,OHIO 2,450,45231,MOUNT HEALTHY,7504 PERRY ST,CINCINNATI,OH,45231,9998,,X21983,B
CENTRAL,4J,OHIO 2,450,45232,SAINT BERNARD,5115 VINE ST,CINCINNATI,OH,45217,9998,,X22711,B
CENTRAL,4J,OHIO 2,450,45233,SAYLER PARK,6605 GRACELY DR FRNT,CINCINNATI,OH,45233,1185,,X22746,B
CENTRAL,4J,OHIO 2,450,45233,WESTERN HILLS,5241 CROOKSHANK RD,CINCINNATI,OH,45238,9998,,X23346,4
CENTRAL,4J,OHIO 2,450,45236,TAFT,7350 MONTGOMERY RD,CINCINNATI,OH,45236,9998,,X23050,B
CENTRAL,4J,OHIO 2,450,45237,NORWOOD,4515 ALLISON ST,CINCINNATI,OH,45212,9998,,X22231,B
CENTRAL,4J,OHIO 2,450,45238,WESTERN HILLS,5241 CROOKSHANK RD,CINCINNATI,OH,45238,9998,,X23346,4
CENTRAL,4J,OHIO 2,450,45239,GROESBECK,8721 COLERAIN AVE,CINCINNATI,OH,45251,9998,,X21213,B
CENTRAL,4J,OHIO 2,450,45240,PARKDALE,670 NORTHLAND BLVD,CINCINNATI,OH,45240,9998,,X22364,B
CENTRAL,4J,OHIO 2,450,45241,SHARONVILLE,11069 READING RD,CINCINNATI,OH,45241,9998,,X22787,B
CENTRAL,4J,OHIO 2,450,45242,SYCAMORE,4914 COOPER RD,CINCINNATI,OH,45242,9998,,X23041,S
CENTRAL,4J,OHIO 2,450,45243,MADEIRA,7737 LAUREL AVE,CINCINNATI,OH,45243,9998,,X21711,B
CENTRAL,4J,OHIO 2,450,45243,MURRAY,5545 MURRAY AVE,CINCINNATI,OH,45227,9998,,X29610,4
CENTRAL,4J,OHIO 2,450,45244,ANDERSON,1320 NAGEL RD,CINCINNATI,OH,45255,9998,,X20077,B
CENTRAL,4J,OHIO 2,450,45245,ANDERSON,1320 NAGEL RD,CINCINNATI,OH,45255,9998,,X20077,B
CENTRAL,4J,OHIO 2,450,45246,PARKDALE,670 NORTHLAND BLVD,CINCINNATI,OH,45240,9998,,X22364,B
CENTRAL,4J,OHIO 2,450,45247,GROESBECK,8721 COLERAIN AVE,CINCINNATI,OH,45251,9998,,X21213,B
CENTRAL,4J,OHIO 2,450,45248,WESTWOOD,3336 HARRISON AVE,CINCINNATI,OH,45211,9998,,X23358,B
CENTRAL,4J,OHIO 2,450,45249,SYMMES,9370 FIELDS ERTEL RD,CINCINNATI,OH,45249,9998,,000414,B
CENTRAL,4J,OHIO 2,450,45250,MAIN OFFICE CINCINNATI,1623 DALTON AVE,CINCINNATI,OH,45234,8902,P,X21728,S
CENTRAL,4J,OHIO 2,450,45251,GROESBECK,8721 COLERAIN AVE,CINCINNATI,OH,45251,9998,,X21213,B
CENTRAL,4J,OHIO 2,450,45252,GROESBECK,8721 COLERAIN AVE,CINCINNATI,OH,45251,9998,,X21213,B
CENTRAL,4J,OHIO 2,450,45253,GROESBECK,8721 COLERAIN AVE,CINCINNATI,OH,45251,9998,P,X21213,B
CENTRAL,4J,OHIO 2,450,45254,ANDERSON,1320 NAGEL RD,CINCINNATI,OH,45255,9998,P,X20077,B
CENTRAL,4J,OHIO 2,450,45255,ANDERSON,1320 NAGEL RD,CINCINNATI,OH,45255,9998,,X20077,B
CENTRAL,4J,OHIO 2,450,45258,DONALD L MARRS,3644 WERK RD,CINCINNATI,OH,45258,9998,P,X20824,S
CENTRAL,4J,OHIO 2,450,45262,SHARONVILLE,11069 READING RD,CINCINNATI,OH,45241,9998,P,X22787,B
CENTRAL,4J,OHIO 2,450,45280,MAIN OFFICE CINCINNATI,1623 DALTON AVE,CINCINNATI,OH,45234,8902,P,X21728,S
CENTRAL,4J,OHIO 2,450,45301,ALPHA,748 ALPHA RD,ALPHA,OH,45301,9998,P,X20055,P
CENTRAL,4J,OHIO 2,450,45302,ANNA,103 N 2ND ST,ANNA,OH,45302,9998,,X20081,P
CENTRAL,4J,OHIO 2,450,45303,ANSONIA,112 N MAIN ST,ANSONIA,OH,45303,9998,,X20082,P
CENTRAL,4J,OHIO 2,450,45304,ARCANUM,10 S MAIN ST,ARCANUM,OH,45304,1220,,X20095,P
CENTRAL,4J,OHIO 2,450,45305,BELLBROOK,22 N EAST ST,BELLBROOK,OH,45305,9998,,X20193,P
CENTRAL,4J,OHIO 2,450,45305,WASHINGTON TWP OH S&DC,7525 PARAGON RD,DAYTON,OH,45459,9935,,020694,4
CENTRAL,4J,OHIO 2,450,45306,BOTKINS,106 S MILL ST,BOTKINS,OH,45306,9998,,X20293,P
CENTRAL,4J,OHIO 2,450,45307,BOWERSVILLE,3180 MAYSVILLE ST,BOWERSVILLE,OH,45307,9998,P,X20297,P
CENTRAL,4J,OHIO 2,450,45308,BRADFORD,210 N MIAMI AVE,BRADFORD,OH,45308,9998,,X20309,P
CENTRAL,4J,OHIO 2,450,45309,BROOKVILLE,22 MULBERRY ST,BROOKVILLE,OH,45309,9998,,X20346,P
CENTRAL,4J,OHIO 2,450,45310,BURKETTSVILLE,25 W MAIN ST,BURKETTSVILLE,OH,45310,9998,P,X20387,P
CENTRAL,4J,OHIO 2,450,45311,CAMDEN,32 W CENTRAL AVE,CAMDEN,OH,45311,9998,,X20426,P
CENTRAL,4J,OHIO 2,450,45311,EATON,111 W MAIN ST,EATON,OH,45320,9998,,X20902,P
CENTRAL,4J,OHIO 2,450,45312,CASSTOWN,101 N MAIN ST,CASSTOWN,OH,45312,9998,,X20467,P
CENTRAL,4J,OHIO 2,450,45314,CEDARVILLE,102 N MAIN ST,CEDARVILLE,OH,45314,9998,,X20476,P
CENTRAL,4J,OHIO 2,450,45315,CLAYTON,196 TALMADGE RD,CLAYTON,OH,45315,9998,,X20572,P
CENTRAL,4J,OHIO 2,450,45317,CASSTOWN,101 N MAIN ST,CASSTOWN,OH,45312,9998,,X20467,P
CENTRAL,4J,OHIO 2,450,45317,CONOVER,7711 N ALCONY CONOVER RD,CONOVER,OH,45317,9998,,X20663,P
CENTRAL,4J,OHIO 2,450,45318,COVINGTON,8 E SPRING ST,COVINGTON,OH,45318,9998,,X20713,P
CENTRAL,4J,OHIO 2,450,45318,PIQUA,220 N WAYNE ST,PIQUA,OH,45356,9998,,X22433,P
CENTRAL,4J,OHIO 2,450,45319,DONNELSVILLE,17 S HAMPTON RD,DONNELSVILLE,OH,45319,9998,P,X20825,P
CENTRAL,4J,OHIO 2,450,45320,EATON,111 W MAIN ST,EATON,OH,45320,9998,,X20902,P
CENTRAL,4J,OHIO 2,450,45321,ELDORADO,100 N MAPLE ST,ELDORADO,OH,45321,9998,,X20922,P
CENTRAL,4J,OHIO 2,450,45322,ENGLEWOOD,116 W NATIONAL RD,ENGLEWOOD,OH,45322,9998,,X20944,P
CENTRAL,4J,OHIO 2,450,45323,ENON,27 N XENIA DR,ENON,OH,45323,9998,,X20945,P
CENTRAL,4J,OHIO 2,450,45324,FAIRBORN,67 W HEBBLE AVE,FAIRBORN,OH,45324,9998,,X20965,P
CENTRAL,4J,OHIO 2,450,45325,GERMANTOWN,205 E MARKET ST,GERMANTOWN,OH,45327,9998,,X21125,P
CENTRAL,4J,OHIO 2,450,45326,PIQUA,220 N WAYNE ST,PIQUA,OH,45356,9998,,X22433,P
CENTRAL,4J,OHIO 2,450,45327,GERMANTOWN,205 E MARKET ST,GERMANTOWN,OH,45327,9998,,X21125,P
CENTRAL,4J,OHIO 2,450,45328,GETTYSBURG,105A CLAY ST,GETTYSBURG,OH,45328,9998,P,X21130,P
CENTRAL,4J,OHIO 2,450,45330,GRATIS,100 E FRANKLIN ST,GRATIS,OH,45330,9998,P,X21178,P
CENTRAL,4J,OHIO 2,450,45331,GREENVILLE,101 E MAIN ST,GREENVILLE,OH,45331,9998,,X21201,P
CENTRAL,4J,OHIO 2,450,45332,HOLLANSBURG,124 N MAIN ST,HOLLANSBURG,OH,45332,9998,,X21340,P
CENTRAL,4J,OHIO 2,450,45333,HOUSTON,3733 STATE ROUTE 66,HOUSTON,OH,45333,9998,,X21353,P
CENTRAL,4J,OHIO 2,450,45333,PIQUA,220 N WAYNE ST,PIQUA,OH,45356,9998,,X22433,P
CENTRAL,4J,OHIO 2,450,45334,JACKSON CENTER,114 E PIKE ST,JACKSON CENTER,OH,45334,9998,,X21413,P
CENTRAL,4J,OHIO 2,450,45335,JAMESTOWN,37 N LIMESTONE ST,JAMESTOWN,OH,45335,9998,,X21424,P
CENTRAL,4J,OHIO 2,450,45336,KETTLERSVILLE,16620 KETTLERSVILLE RD,KETTLERSVILLE,OH,45336,9998,P,X21486,P
CENTRAL,4J,OHIO 2,450,45337,LAURA,203 S MAIN ST,LAURA,OH,45337,9998,,X21567,P
CENTRAL,4J,OHIO 2,450,45337,WEST MILTON,30 N MAIN ST,WEST MILTON,OH,45383,9998,,X23328,P
CENTRAL,4J,OHIO 2,450,45338,LEWISBURG,723 N COMMERCE ST,LEWISBURG,OH,45338,9998,,X21601,P
CENTRAL,4J,OHIO 2,450,45339,PLEASANT HILL,102 N MAIN ST,PLEASANT HILL,OH,45359,9998,,X22454,P
CENTRAL,4J,OHIO 2,450,45340,JACKSON CENTER,114 E PIKE ST,JACKSON CENTER,OH,45334,9998,,X21413,P
CENTRAL,4J,OHIO 2,450,45340,MAPLEWOOD,21611 MAPLEWOOD RD,MAPLEWOOD,OH,45340,9998,,X21755,P
CENTRAL,4J,OHIO 2,450,45341,MEDWAY,117 W MAIN ST,MEDWAY,OH,45341,9998,,X21837,P
CENTRAL,4J,OHIO 2,450,45341,NEW CARLISLE,107 W LAKE AVE,NEW CARLISLE,OH,45344,9998,,X22085,P
CENTRAL,4J,OHIO 2,450,45342,MIAMISBURG,240 S HEINCKE RD,MIAMISBURG,OH,45342,9998,,X21862,P
CENTRAL,4J,OHIO 2,450,45343,MIAMISBURG,240 S HEINCKE RD,MIAMISBURG,OH,45342,9998,P,X21862,P
CENTRAL,4J,OHIO 2,450,45344,NEW CARLISLE,107 W LAKE AVE,NEW CARLISLE,OH,45344,9998,,X22085,P
CENTRAL,4J,OHIO 2,450,45345,NEW LEBANON,77 W MAIN ST,NEW LEBANON,OH,45345,9998,,X22107,P
CENTRAL,4J,OHIO 2,450,45346,NEW MADISON,133 N HARRISON ST,NEW MADISON,OH,45346,9998,,X22112,P
CENTRAL,4J,OHIO 2,450,45347,NEW PARIS,306 S WASHINGTON ST,NEW PARIS,OH,45347,9998,,X22121,P
CENTRAL,4J,OHIO 2,450,45348,ROSSBURG,201 N BROAD ST,ROSSBURG,OH,45362,9998,,X22673,P
CENTRAL,4J,OHIO 2,450,45349,NORTH HAMPTON,23 N MAIN ST,NORTH HAMPTON,OH,45349,9998,P,X22187,P
CENTRAL,4J,OHIO 2,450,45350,NORTH STAR,4 S MAIN ST,NORTH STAR,OH,45350,9998,P,X22209,P
CENTRAL,4J,OHIO 2,450,45351,OSGOOD,24 W MAIN ST,OSGOOD,OH,45351,9998,P,X22321,P
CENTRAL,4J,OHIO 2,450,45352,PALESTINE,105 W CROSS ST,PALESTINE,OH,45352,9998,P,X22353,P
CENTRAL,4J,OHIO 2,450,45354,PHILLIPSBURG,15 E MAIN ST,PHILLIPSBURG,OH,45354,9998,P,X22419,P
CENTRAL,4J,OHIO 2,450,45356,PIQUA,220 N WAYNE ST,PIQUA,OH,45356,9998,,X22433,P
CENTRAL,4J,OHIO 2,450,45358,PITSBURG,100 JEFFERSON ST,PITSBURG,OH,45358,9998,P,X22435,P
CENTRAL,4J,OHIO 2,450,45359,PLEASANT HILL,102 N MAIN ST,PLEASANT HILL,OH,45359,9998,,X22454,P
CENTRAL,4J,OHIO 2,450,45360,PORT JEFFERSON,109 E MAIN ST,PORT JEFFERSON,OH,45360,9998,P,X22493,P
CENTRAL,4J,OHIO 2,450,45361,POTSDAM,2 W CROSS ST,POTSDAM,OH,45361,9998,P,X22505,P
CENTRAL,4J,OHIO 2,450,45362,ROSSBURG,201 N BROAD ST,ROSSBURG,OH,45362,9998,,X22673,P
CENTRAL,4J,OHIO 2,450,45363,RUSSIA,234 W MAIN ST,RUSSIA,OH,45363,9998,,X22701,P
CENTRAL,4J,OHIO 2,450,45363,VERSAILLES,6 E WARD ST,VERSAILLES,OH,45380,9998,,X23186,P
CENTRAL,4J,OHIO 2,450,45365,SIDNEY,135 N OHIO AVE,SIDNEY,OH,45365,9998,,X22813,P
CENTRAL,4J,OHIO 2,450,45368,SOUTH CHARLESTON,125 S CHILLICOTHE ST,SOUTH CHARLESTON,OH,45368,9998,,X22843,P
CENTRAL,4J,OHIO 2,450,45369,SOUTH VIENNA,21 1/2 W MAIN ST,SOUTH VIENNA,OH,45369,9998,,X22862,P
CENTRAL,4J,OHIO 2,450,45370,SPRING VALLEY,9 W MAIN ST,SPRING VALLEY,OH,45370,9998,,X22886,P
CENTRAL,4J,OHIO 2,450,45370,WASHINGTON TWP OH S&DC,7525 PARAGON RD,DAYTON,OH,45459,9935,,020694,4
CENTRAL,4J,OHIO 2,450,45371,TIPP CITY,520 N HYATT ST,TIPP CITY,OH,45371,9998,,X23080,P
CENTRAL,4J,OHIO 2,450,45372,TREMONT CITY,57 E MAIN,TREMONT CITY,OH,45372,9998,P,X23098,P
CENTRAL,4J,OHIO 2,450,45373,TROY,305 S MARKET ST OFC,TROY,OH,45373,9998,,X23111,P
CENTRAL,4J,OHIO 2,450,45377,VANDALIA,323 JAMES BOHANAN DR,VANDALIA,OH,45377,9998,,X23173,P
CENTRAL,4J,OHIO 2,450,45378,VERONA,224 E MAIN ST,VERONA,OH,45378,9998,P,X23185,P
CENTRAL,4J,OHIO 2,450,45380,VERSAILLES,6 E WARD ST,VERSAILLES,OH,45380,9998,,X23186,P
CENTRAL,4J,OHIO 2,450,45381,WEST ALEXANDRIA,15 W DAYTON ST,WEST ALEXANDRIA,OH,45381,9998,,X23302,P
CENTRAL,4J,OHIO 2,450,45382,ARCANUM,10 S MAIN ST,ARCANUM,OH,45304,1220,,X20095,P
CENTRAL,4J,OHIO 2,450,45382,WEST MANCHESTER,110 E SCOTT ST,WEST MANCHESTER,OH,45382,9998,,X23323,P
CENTRAL,4J,OHIO 2,450,45383,WEST MILTON,30 N MAIN ST,WEST MILTON,OH,45383,9998,,X23328,P
CENTRAL,4J,OHIO 2,450,45384,WILBERFORCE,1441 BRUSH ROW RD,WILBERFORCE,OH,45384,9998,P,X23374,P
CENTRAL,4J,OHIO 2,450,45385,XENIA,189 E MAIN ST,XENIA,OH,45385,9998,,X23441,P
CENTRAL,4J,OHIO 2,450,45387,YELLOW SPRINGS,120 CORRY ST,YELLOW SPRINGS,OH,45387,9998,,X23450,P
CENTRAL,4J,OHIO 2,450,45388,VERSAILLES,6 E WARD ST,VERSAILLES,OH,45380,9998,,X23186,P
CENTRAL,4J,OHIO 2,450,45388,YORKSHIRE,104 W MAIN ST,YORKSHIRE,OH,45388,9998,,X23455,P
CENTRAL,4J,OHIO 2,450,45389,CHRISTIANSBURG,6 E 1ST ST,CHRISTIANSBURG,OH,45389,9998,P,X20543,P
CENTRAL,4J,OHIO 2,450,45401,MAIN OFFICE DAYTON,1111 E 5TH ST,DAYTON,OH,45401,9705,P,X29865,S
CENTRAL,4J,OHIO 2,450,45402,DAYTON VIEW,557 SALEM AVE,DAYTON,OH,45406,9998,,X20779,S
CENTRAL,4J,OHIO 2,450,45402,MID CITY DAYTON,36 N LUDLOW ST,DAYTON,OH,45402,9998,,X21868,S
CENTRAL,4J,OHIO 2,450,45403,NORTH DAYTON,1411 FARR DR,DAYTON,OH,45404,9998,,X22182,S
CENTRAL,4J,OHIO 2,450,45404,NORTH DAYTON,1411 FARR DR,DAYTON,OH,45404,9998,,X22182,S
CENTRAL,4J,OHIO 2,450,45405,DAYTON VIEW,557 SALEM AVE,DAYTON,OH,45406,9998,,X20779,S
CENTRAL,4J,OHIO 2,450,45405,FOREST PARK,4203 N MAIN ST,DAYTON,OH,45405,9998,,018061,S
CENTRAL,4J,OHIO 2,450,45406,DAYTON VIEW,557 SALEM AVE,DAYTON,OH,45406,9998,,X20779,S
CENTRAL,4J,OHIO 2,450,45409,WRIGHT BROTHERS,1 OAKWOOD AVE,OAKWOOD,OH,45409,9998,,X23432,S
CENTRAL,4J,OHIO 2,450,45410,BEAVERCREEK,3541 DAYTON XENIA RD,DAYTON,OH,45432,9998,,X20179,B
CENTRAL,4J,OHIO 2,450,45413,NORTHRIDGE,5150 PAYNE AVE,DAYTON,OH,45414,9998,P,X22220,S
CENTRAL,4J,OHIO 2,450,45414,NORTHRIDGE,5150 PAYNE AVE,DAYTON,OH,45414,9998,,X22220,S
CENTRAL,4J,OHIO 2,450,45415,NORTHRIDGE,5150 PAYNE AVE,DAYTON,OH,45414,9998,,X22220,S
CENTRAL,4J,OHIO 2,450,45416,TROTWOOD,34 BEARDSLEY RD,DAYTON,OH,45426,9998,,X23108,B
CENTRAL,4J,OHIO 2,450,45417,PAUL LAURENCE DUNBAR,4323 W 3RD ST,DAYTON,OH,45417,9998,,X22379,S
CENTRAL,4J,OHIO 2,450,45419,WRIGHT BROTHERS,1 OAKWOOD AVE,OAKWOOD,OH,45409,9998,,X23432,S
CENTRAL,4J,OHIO 2,450,45420,DABEL,1490 FORRER BLVD,DAYTON,OH,45420,9998,,X20753,S
CENTRAL,4J,OHIO 2,450,45424,HUBER HEIGHTS,5425 FISHBURG RD,DAYTON,OH,45424,9998,,X21360,B
CENTRAL,4J,OHIO 2,450,45426,TROTWOOD,34 BEARDSLEY RD,DAYTON,OH,45426,9998,,X23108,B
CENTRAL,4J,OHIO 2,450,45428,PAUL LAURENCE DUNBAR,4323 W 3RD ST,DAYTON,OH,45417,9998,P,X22379,S
CENTRAL,4J,OHIO 2,450,45429,KETTERING,1740 E STROOP RD,DAYTON,OH,45429,9998,,X21484,B
CENTRAL,4J,OHIO 2,450,45430,BEAVERCREEK,3541 DAYTON XENIA RD,DAYTON,OH,45432,9998,,X20179,B
CENTRAL,4J,OHIO 2,450,45431,BEAVERCREEK,3541 DAYTON XENIA RD,DAYTON,OH,45432,9998,,X20179,B
CENTRAL,4J,OHIO 2,450,45432,BEAVERCREEK,3541 DAYTON XENIA RD,DAYTON,OH,45432,9998,,X20179,B
CENTRAL,4J,OHIO 2,450,45433,AMC DAYTON,2275 D ST,DAYTON,OH,45433,9910,,009012,S
CENTRAL,4J,OHIO 2,450,45433,WRIGHT PATT CARRIER ANNEX,5237 COOPER ST,DAYTON,OH,45433,9998,,017925,4
CENTRAL,4J,OHIO 2,450,45434,BEAVERCREEK,3541 DAYTON XENIA RD,DAYTON,OH,45432,9998,,X20179,B
CENTRAL,4J,OHIO 2,450,45437,AIRWAY RD,4924 AIRWAY RD,DAYTON,OH,45437,9998,P,X20032,S
CENTRAL,4J,OHIO 2,450,45439,WEST CARROLLTON,901 E CENTRAL AVE,DAYTON,OH,45449,9998,,X23307,B
CENTRAL,4J,OHIO 2,450,45440,WASHINGTON TWP OH S&DC,7525 PARAGON RD,DAYTON,OH,45459,9935,,020694,4
CENTRAL,4J,OHIO 2,450,45441,WASHINGTON TWP OH S&DC,7525 PARAGON RD,DAYTON,OH,45459,9935,P,020694,4
CENTRAL,4J,OHIO 2,450,45449,WEST CARROLLTON,901 E CENTRAL AVE,DAYTON,OH,45449,9998,,X23307,B
CENTRAL,4J,OHIO 2,450,45458,WASHINGTON TWP OH S&DC,7525 PARAGON RD,DAYTON,OH,45459,9935,,020694,4
CENTRAL,4J,OHIO 2,450,45459,WASHINGTON TWP OH S&DC,7525 PARAGON RD,DAYTON,OH,45459,9935,,020694,4
CENTRAL,4J,OHIO 2,450,45475,WASHINGTON TWP OH S&DC,7525 PARAGON RD,DAYTON,OH,45459,9935,P,020694,4
CENTRAL,4J,OHIO 2,450,45490,NORTHRIDGE,5150 PAYNE AVE,DAYTON,OH,45414,9998,P,X22220,S
CENTRAL,4J,OHIO 2,450,45501,SPRINGFIELD,150 N LIMESTONE ST,SPRINGFIELD,OH,45501,9998,P,X22891,P
CENTRAL,4J,OHIO 2,450,45502,SPRINGFIELD,150 N LIMESTONE ST,SPRINGFIELD,OH,45501,9998,,X22891,P
CENTRAL,4J,OHIO 2,450,45503,SPRINGFIELD,150 N LIMESTONE ST,SPRINGFIELD,OH,45501,9998,,X22891,P
CENTRAL,4J,OHIO 2,450,45504,SPRINGFIELD,150 N LIMESTONE ST,SPRINGFIELD,OH,45501,9998,,X22891,P
CENTRAL,4J,OHIO 2,450,45505,SPRINGFIELD,150 N LIMESTONE ST,SPRINGFIELD,OH,45501,9998,,X22891,P
CENTRAL,4J,OHIO 2,450,45506,SPRINGFIELD,150 N LIMESTONE ST,SPRINGFIELD,OH,45501,9998,,X22891,P
CENTRAL,4J,OHIO 2,450,45601,STORY PLACE,629 CENTRAL CTR,CHILLICOTHE,OH,45601,2249,,X20001,S
CENTRAL,4J,OHIO 2,450,45601,CHILLICOTHE,40 S WALNUT ST,CHILLICOTHE,OH,45601,9997,,X20536,P
CENTRAL,4J,OHIO 2,450,45612,BAINBRIDGE,121 E MAIN ST,BAINBRIDGE,OH,45612,9963,,X20140,P
CENTRAL,4J,OHIO 2,450,45613,BEAVER,5610 BEAVER PIKE,BEAVER,OH,45613,9800,,X20176,P
CENTRAL,4J,OHIO 2,450,45613,MINFORD,10623 STATE ROUTE 139,MINFORD,OH,45653,8545,,X21925,P
CENTRAL,4J,OHIO 2,450,45614,BIDWELL,15070 STATE ROUTE 554,BIDWELL,OH,45614,9998,,X20244,P
CENTRAL,4J,OHIO 2,450,45616,BLUE CREEK,20805 STATE ROUTE 125,BLUE CREEK,OH,45616,9065,,X20278,P
CENTRAL,4J,OHIO 2,450,45617,BOURNEVILLE,11684 US HIGHWAY 50 W,BOURNEVILLE,OH,45617,9800,P,X20295,P
CENTRAL,4J,OHIO 2,450,45618,CHERRY FORK,14536 STATE ROUTE 136,CHERRY FORK,OH,45618,9800,P,X20525,P
CENTRAL,4J,OHIO 2,450,45619,CHESAPEAKE,607 3RD AVE,CHESAPEAKE,OH,45619,1082,,X20528,P
CENTRAL,4J,OHIO 2,450,45620,CHESHIRE,7976 STATE ROUTE 7 N,CHESHIRE,OH,45620,9800,,X20529,P
CENTRAL,4J,OHIO 2,450,45620,GALLIPOLIS,440 2ND AVE,GALLIPOLIS,OH,45631,1191,,X21098,P
CENTRAL,4J,OHIO 2,450,45621,COALTON,11 S 2ND ST,COALTON,OH,45621,9800,P,X20614,P
CENTRAL,4J,OHIO 2,450,45623,CROWN CITY,54 CHARLES ST,CROWN CITY,OH,45623,9800,,X20739,P
CENTRAL,4J,OHIO 2,450,45628,FRANKFORT,32 N MAIN ST,FRANKFORT,OH,45628,9800,,X21058,P
CENTRAL,4J,OHIO 2,450,45629,FRANKLIN FURNACE,4202 GALLIA PIKE,FRANKLIN FURNACE,OH,45629,8610,,X21063,P
CENTRAL,4J,OHIO 2,450,45629,WHEELERSBURG,11687 GALLIA PIKE,WHEELERSBURG,OH,45694,8393,,X23361,P
CENTRAL,4J,OHIO 2,450,45630,FRIENDSHIP,13066 US HIGHWAY 52,FRIENDSHIP,OH,45630,9998,P,X21080,P
CENTRAL,4J,OHIO 2,450,45631,GALLIPOLIS,440 2ND AVE,GALLIPOLIS,OH,45631,1191,,X21098,P
CENTRAL,4J,OHIO 2,450,45634,WELLSTON,101 E BROADWAY ST,WELLSTON,OH,45692,1273,,X23296,P
CENTRAL,4J,OHIO 2,450,45636,FRANKLIN FURNACE,4202 GALLIA PIKE,FRANKLIN FURNACE,OH,45629,8610,P,X21063,P
CENTRAL,4J,OHIO 2,450,45638,IRONTON,214 N 4TH ST,IRONTON,OH,45638,9839,,X21395,P
CENTRAL,4J,OHIO 2,450,45640,JACKSON,360 E MAIN ST,JACKSON,OH,45640,9998,,X21408,P
CENTRAL,4J,OHIO 2,450,45643,KERR,178 AMBLESIDE DR,KERR,OH,45643,9800,P,X21482,P
CENTRAL,4J,OHIO 2,450,45644,KINGSTON,4 W PICKAWAY ST,KINGSTON,OH,45644,9678,,X21505,P
CENTRAL,4J,OHIO 2,450,45645,IRONTON,214 N 4TH ST,IRONTON,OH,45638,9839,,X21395,P
CENTRAL,4J,OHIO 2,450,45645,KITTS HILL,7480 STATE ROUTE 141,KITTS HILL,OH,45645,8582,,X21523,P
CENTRAL,4J,OHIO 2,450,45646,LATHAM,8502 STATE ROUTE 124,LATHAM,OH,45646,9800,,X21563,P
CENTRAL,4J,OHIO 2,450,45646,PIKETON,114 S FORSYTHE ST,PIKETON,OH,45661,8090,,X22429,P
CENTRAL,4J,OHIO 2,450,45647,CHILLICOTHE,40 S WALNUT ST,CHILLICOTHE,OH,45601,9997,,X20536,P
CENTRAL,4J,OHIO 2,450,45647,LONDONDERRY,5055 VIGO RD,LONDONDERRY,OH,45647,9785,,X21667,P
CENTRAL,4J,OHIO 2,450,45648,LUCASVILLE,38 ROBERT LUCAS RD,LUCASVILLE,OH,45648,9800,,X21689,P
CENTRAL,4J,OHIO 2,450,45651,MC ARTHUR,117 S MARKET ST,MC ARTHUR,OH,45651,1274,,X21803,P
CENTRAL,4J,OHIO 2,450,45652,LUCASVILLE,38 ROBERT LUCAS RD,LUCASVILLE,OH,45648,9800,,X21689,P
CENTRAL,4J,OHIO 2,450,45652,MC DERMOTT,100 BARKER ST,MC DERMOTT,OH,45652,9997,,X21808,P
CENTRAL,4J,OHIO 2,450,45653,MINFORD,10623 STATE ROUTE 139,MINFORD,OH,45653,8545,,X21925,P
CENTRAL,4J,OHIO 2,450,45654,MC ARTHUR,117 S MARKET ST,MC ARTHUR,OH,45651,1274,,X21803,P
CENTRAL,4J,OHIO 2,450,45656,OAK HILL,109 RAILROAD ST,OAK HILL,OH,45656,9801,,X22249,P
CENTRAL,4J,OHIO 2,450,45657,OTWAY,6969 STATE ROUTE 73,OTWAY,OH,45657,9153,,X22331,P
CENTRAL,4J,OHIO 2,450,45658,GALLIPOLIS,440 2ND AVE,GALLIPOLIS,OH,45631,1191,,X21098,P
CENTRAL,4J,OHIO 2,450,45658,PATRIOT,1584 PATRIOT RD,PATRIOT,OH,45658,9998,,X22375,P
CENTRAL,4J,OHIO 2,450,45659,IRONTON,214 N 4TH ST,IRONTON,OH,45638,9839,,X21395,P
CENTRAL,4J,OHIO 2,450,45659,PEDRO,8284 STATE ROUTE 93,PEDRO,OH,45659,8401,,X22386,P
CENTRAL,4J,OHIO 2,450,45660,PEEBLES,184 N MAIN ST,PEEBLES,OH,45660,1296,,X22387,P
CENTRAL,4J,OHIO 2,450,45661,PIKETON,114 S FORSYTHE ST,PIKETON,OH,45661,8090,,X22429,P
CENTRAL,4J,OHIO 2,450,45662,PORTSMOUTH,610 GAY ST,PORTSMOUTH,OH,45662,9998,,X22504,P
CENTRAL,4J,OHIO 2,450,45662,SCIOTOVILLE,423 HARDING AVE,PORTSMOUTH,OH,45662,5487,,X22753,S
CENTRAL,4J,OHIO 2,450,45663,PORTSMOUTH,610 GAY ST,PORTSMOUTH,OH,45662,9998,,X22504,P
CENTRAL,4J,OHIO 2,450,45669,PROCTORVILLE,6200 COUNTY ROAD 107,PROCTORVILLE,OH,45669,9104,,X22517,P
CENTRAL,4J,OHIO 2,450,45671,OTWAY,6969 STATE ROUTE 73,OTWAY,OH,45657,9153,,X22331,P
CENTRAL,4J,OHIO 2,450,45672,CHILLICOTHE,40 S WALNUT ST,CHILLICOTHE,OH,45601,9997,,X20536,P
CENTRAL,4J,OHIO 2,450,45672,RAY,36977 STATE ROUTE 327,RAY,OH,45672,8890,,X22555,P
CENTRAL,4J,OHIO 2,450,45673,RICHMOND DALE,1024 MAIN ST,RICHMOND DALE,OH,45673,9713,,X22602,P
CENTRAL,4J,OHIO 2,450,45674,RIO GRANDE,408 W COLLEGE ST,RIO GRANDE,OH,45674,9800,P,X22620,P
CENTRAL,4J,OHIO 2,450,45677,SCIOTO FURNACE,8276 STATE ROUTE 140,SCIOTO FURNACE,OH,45677,9800,P,X22750,P
CENTRAL,4J,OHIO 2,450,45678,SCOTTOWN,11168 STATE ROUTE 217,SCOTTOWN,OH,45678,8987,,X22756,P
CENTRAL,4J,OHIO 2,450,45679,SEAMAN,6886 TRI COUNTY RD,SEAMAN,OH,45679,9028,,X22758,P
CENTRAL,4J,OHIO 2,450,45680,SOUTH POINT,108 COLLINS AVE,SOUTH POINT,OH,45680,8501,,X22857,P
CENTRAL,4J,OHIO 2,450,45681,BAINBRIDGE,121 E MAIN ST,BAINBRIDGE,OH,45612,9963,,X20140,P
CENTRAL,4J,OHIO 2,450,45681,SOUTH SALEM,3067 STEWART ST,SOUTH SALEM,OH,45681,9802,,X22859,P
CENTRAL,4J,OHIO 2,450,45682,SOUTH WEBSTER,141 JACKSON ST,SOUTH WEBSTER,OH,45682,9117,,X22863,P
CENTRAL,4J,OHIO 2,450,45683,BEAVER,5610 BEAVER PIKE,BEAVER,OH,45613,9800,P,X20176,P
CENTRAL,4J,OHIO 2,450,45684,PORTSMOUTH,610 GAY ST,PORTSMOUTH,OH,45662,9998,,X22504,P
CENTRAL,4J,OHIO 2,450,45684,STOUT,14 2ND ST,STOUT,OH,45684,8977,,X23001,P
CENTRAL,4J,OHIO 2,450,45685,OAK HILL,109 RAILROAD ST,OAK HILL,OH,45656,9801,,X22249,P
CENTRAL,4J,OHIO 2,450,45685,THURMAN,315 STATE ROUTE 279,THURMAN,OH,45685,9800,,X23071,P
CENTRAL,4J,OHIO 2,450,45686,VINTON,137 MAIN ST,VINTON,OH,45686,9800,,X23199,P
CENTRAL,4J,OHIO 2,450,45688,WATERLOO,23461 STATE ROUTE 141,WATERLOO,OH,45688,9377,,X23274,P
CENTRAL,4J,OHIO 2,450,45690,WAVERLY,125 E 2ND ST,WAVERLY,OH,45690,1332,,X23279,P
CENTRAL,4J,OHIO 2,450,45692,WELLSTON,101 E BROADWAY ST,WELLSTON,OH,45692,1273,,X23296,P
CENTRAL,4J,OHIO 2,450,45693,WEST UNION,117 E NORTH ST,WEST UNION,OH,45693,1099,,X23339,P
CENTRAL,4J,OHIO 2,450,45694,WHEELERSBURG,11687 GALLIA PIKE,WHEELERSBURG,OH,45694,8393,,X23361,P
CENTRAL,4J,OHIO 2,450,45695,VINTON,137 MAIN ST,VINTON,OH,45686,9800,,X23199,P
CENTRAL,4J,OHIO 2,450,45696,WILLOW WOOD,5491 STATE ROUTE 217,WILLOW WOOD,OH,45696,9998,,X23395,P
CENTRAL,4J,OHIO 2,450,45697,WINCHESTER,19138 STATE ROUTE 136,WINCHESTER,OH,45697,9800,,X23405,P
CENTRAL,4J,OHIO 2,450,45698,ZALESKI,101 S 1ST ST,ZALESKI,OH,45698,9800,P,X23463,P
CENTRAL,4J,OHIO 2,450,45701,ATHENS,5 W STIMSON AVE,ATHENS,OH,45701,9998,,X20114,P
CENTRAL,4J,OHIO 2,450,45710,ALBANY,5303 WASHINGTON RD,ALBANY,OH,45710,8732,,X20041,P
CENTRAL,4J,OHIO 2,450,45711,AMESVILLE,20 STATE ST,AMESVILLE,OH,45711,9800,,X20068,P
CENTRAL,4J,OHIO 2,450,45711,GLOUSTER,76 HIGH ST,GLOUSTER,OH,45732,1028,,X21153,P
CENTRAL,4J,OHIO 2,450,45712,VINCENT,45 WARRIOR DR,VINCENT,OH,45784,9800,P,X23198,P
CENTRAL,4J,OHIO 2,450,45713,BARTLETT,1 MAIN ST,BARTLETT,OH,45713,9800,P,X20156,P
CENTRAL,4J,OHIO 2,450,45714,BELPRE,1105 WASHINGTON BLVD,BELPRE,OH,45714,2275,,X20208,P
CENTRAL,4J,OHIO 2,450,45715,BEVERLY,409 1/2 5TH ST,BEVERLY,OH,45715,8901,,X20241,P
CENTRAL,4J,OHIO 2,450,45716,BUCHTEL,17505 2ND ST,BUCHTEL,OH,45716,9800,P,X20363,P
CENTRAL,4J,OHIO 2,450,45719,CHAUNCEY,23 SYCAMORE ST,CHAUNCEY,OH,45719,9800,P,X20520,P
CENTRAL,4J,OHIO 2,450,45720,CHESTER,46416 STATE ROUTE 248 UNIT B,CHESTER,OH,45720,9800,P,X20530,P
CENTRAL,4J,OHIO 2,450,45723,COOLVILLE,26141 MAIN ST,COOLVILLE,OH,45723,9582,,X20688,P
CENTRAL,4J,OHIO 2,450,45724,CUTLER,9722 STATE ROUTE 555,CUTLER,OH,45724,9810,,X20746,P
CENTRAL,4J,OHIO 2,450,45724,VINCENT,45 WARRIOR DR,VINCENT,OH,45784,9800,,X23198,P
CENTRAL,4J,OHIO 2,450,45727,LOWELL,203 3RD ST,LOWELL,OH,45744,7800,,X21683,P
CENTRAL,4J,OHIO 2,450,45729,VINCENT,45 WARRIOR DR,VINCENT,OH,45784,9800,,X23198,P
CENTRAL,4J,OHIO 2,450,45732,GLOUSTER,76 HIGH ST,GLOUSTER,OH,45732,1028,,X21153,P
CENTRAL,4J,OHIO 2,450,45734,NEW MATAMORAS,515 2ND ST,NEW MATAMORAS,OH,45767,6381,,X22118,P
CENTRAL,4J,OHIO 2,450,45735,COOLVILLE,26141 MAIN ST,COOLVILLE,OH,45723,9582,,X20688,P
CENTRAL,4J,OHIO 2,450,45735,GUYSVILLE,6930 SAVANNAH ST,GUYSVILLE,OH,45735,9800,,X21225,P
CENTRAL,4J,OHIO 2,450,45739,HOCKINGPORT,699 STATE ROUTE 124,HOCKINGPORT,OH,45739,9996,P,012521,B
CENTRAL,4J,OHIO 2,450,45740,JACKSONVILLE,35 S 6TH ST,JACKSONVILLE,OH,45740,9800,P,X21420,P
CENTRAL,4J,OHIO 2,450,45741,MIDDLEPORT,320 MILL ST,MIDDLEPORT,OH,45760,1181,,X21880,P
CENTRAL,4J,OHIO 2,450,45742,BELPRE,1105 WASHINGTON BLVD,BELPRE,OH,45714,2275,,X20208,P
CENTRAL,4J,OHIO 2,450,45742,LITTLE HOCKING,3985 NEWBURY RD,LITTLE HOCKING,OH,45742,5386,,X21644,P
CENTRAL,4J,OHIO 2,450,45743,LONG BOTTOM,61462 STATE ROUTE 124,LONG BOTTOM,OH,45743,9804,,X21668,P
CENTRAL,4J,OHIO 2,450,45743,RACINE,208 S 3RD ST,RACINE,OH,45771,9804,,X22542,P
CENTRAL,4J,OHIO 2,450,45744,LOWELL,203 3RD ST,LOWELL,OH,45744,7800,,X21683,P
CENTRAL,4J,OHIO 2,450,45745,LOWER SALEM,103 MAIN ST,LOWER SALEM,OH,45745,9800,,X21687,P
CENTRAL,4J,OHIO 2,450,45750,MARIETTA,275 FRONT ST,MARIETTA,OH,45750,2937,,X21764,P
CENTRAL,4J,OHIO 2,450,45760,MIDDLEPORT,320 MILL ST,MIDDLEPORT,OH,45760,1181,,X21880,P
CENTRAL,4J,OHIO 2,450,45761,MILLFIELD,16099 MAIN ST,MILLFIELD,OH,45761,9998,,X21907,P
CENTRAL,4J,OHIO 2,450,45761,THE PLAINS,40 N PLAINS RD,THE PLAINS,OH,45780,9800,,X23067,P
CENTRAL,4J,OHIO 2,450,45764,NELSONVILLE,110 W WASHINGTON ST,NELSONVILLE,OH,45764,1180,,X22066,P
CENTRAL,4J,OHIO 2,450,45766,ALBANY,5303 WASHINGTON RD,ALBANY,OH,45710,8732,,X20041,P
CENTRAL,4J,OHIO 2,450,45766,NEW MARSHFIELD,3996 OLD STATE ROUTE 56,NEW MARSHFIELD,OH,45766,9997,,X22116,P
CENTRAL,4J,OHIO 2,450,45767,NEW MATAMORAS,515 2ND ST,NEW MATAMORAS,OH,45767,6381,,X22118,P
CENTRAL,4J,OHIO 2,450,45768,NEWPORT,19 GREENE ST,NEWPORT,OH,45768,9802,,X22153,P
CENTRAL,4J,OHIO 2,450,45768,RENO,27630 STATE ROUTE 7,RENO,OH,45773,9000,,X22583,P
CENTRAL,4J,OHIO 2,450,45769,POMEROY,212 E 2ND ST,POMEROY,OH,45769,9800,,X22488,P
CENTRAL,4J,OHIO 2,450,45770,PORTLAND,30935 HIGH ST,PORTLAND,OH,45770,9997,,X22503,P
CENTRAL,4J,OHIO 2,450,45771,RACINE,208 S 3RD ST,RACINE,OH,45771,9804,,X22542,P
CENTRAL,4J,OHIO 2,450,45772,COOLVILLE,26141 MAIN ST,COOLVILLE,OH,45723,9582,,X20688,P
CENTRAL,4J,OHIO 2,450,45772,REEDSVILLE,55420 TOWNSHIP ROAD 1016,REEDSVILLE,OH,45772,9801,,X22568,P
CENTRAL,4J,OHIO 2,450,45773,RENO,27630 STATE ROUTE 7,RENO,OH,45773,9000,,X22583,P
CENTRAL,4J,OHIO 2,450,45775,MIDDLEPORT,320 MILL ST,MIDDLEPORT,OH,45760,1181,,X21880,P
CENTRAL,4J,OHIO 2,450,45778,STEWART,8125 STATE ROUTE 329,STEWART,OH,45778,9800,,X22987,P
CENTRAL,4J,OHIO 2,450,45779,SYRACUSE,2391 3RD ST,SYRACUSE,OH,45779,9800,P,X23048,P
CENTRAL,4J,OHIO 2,450,45780,THE PLAINS,40 N PLAINS RD,THE PLAINS,OH,45780,9800,,X23067,P
CENTRAL,4J,OHIO 2,450,45782,GLOUSTER,76 HIGH ST,GLOUSTER,OH,45732,1028,P,X21153,P
CENTRAL,4J,OHIO 2,450,45783,TUPPERS PLAINS,42160 STATE ROUTE 7,TUPPERS PLAINS,OH,45783,9800,P,X23116,P
CENTRAL,4J,OHIO 2,450,45784,VINCENT,45 WARRIOR DR,VINCENT,OH,45784,9800,,X23198,P
CENTRAL,4J,OHIO 2,450,45786,BEVERLY,409 1/2 5TH ST,BEVERLY,OH,45715,8901,,X20241,P
CENTRAL,4J,OHIO 2,450,45786,WATERFORD,635 MAIN ST,WATERFORD,OH,45786,9997,,X23272,P
CENTRAL,4J,OHIO 2,450,45788,LOWELL,203 3RD ST,LOWELL,OH,45744,7800,,X21683,P
CENTRAL,4J,OHIO 1,440,45801,LIMA,350 W HIGH ST,LIMA,OH,45801,9998,,X21617,P
CENTRAL,4J,OHIO 1,440,45802,LIMA,350 W HIGH ST,LIMA,OH,45801,9998,P,X21617,P
CENTRAL,4J,OHIO 1,440,45804,LIMA,350 W HIGH ST,LIMA,OH,45801,9998,,X21617,P
CENTRAL,4J,OHIO 1,440,45805,LIMA,350 W HIGH ST,LIMA,OH,45801,9998,,X21617,P
CENTRAL,4J,OHIO 1,440,45806,CRIDERSVILLE,111 E MAIN ST,CRIDERSVILLE,OH,45806,9998,,X20729,B
CENTRAL,4J,OHIO 1,440,45806,LIMA,350 W HIGH ST,LIMA,OH,45801,9998,,X21617,P
CENTRAL,4J,OHIO 1,440,45807,ELIDA,304 E MAIN ST,ELIDA,OH,45807,9998,,X20926,B
CENTRAL,4J,OHIO 1,440,45807,LIMA,350 W HIGH ST,LIMA,OH,45801,9998,,X21617,P
CENTRAL,4J,OHIO 1,440,45808,BLUFFTON,132 S MAIN ST,BLUFFTON,OH,45817,9998,,X20281,P
CENTRAL,4J,OHIO 1,440,45810,ADA,131 S MAIN ST,ADA,OH,45810,9998,,X20014,P
CENTRAL,4J,OHIO 1,440,45812,ADA,131 S MAIN ST,ADA,OH,45810,9998,,X20014,P
CENTRAL,4J,OHIO 1,440,45812,ALGER,101 S MAIN ST,ALGER,OH,45812,9998,,X20046,P
CENTRAL,4J,OHIO 1,440,45813,ANTWERP,303 S MAIN ST,ANTWERP,OH,45813,9998,,X20087,P
CENTRAL,4J,OHIO 1,440,45814,ARLINGTON,120 W LIBERTY ST,ARLINGTON,OH,45814,9998,,X20100,P
CENTRAL,4J,OHIO 1,440,45817,BLUFFTON,132 S MAIN ST,BLUFFTON,OH,45817,9998,,X20281,P
CENTRAL,4J,OHIO 1,440,45820,CAIRO,104 W MAIN ST,CAIRO,OH,45820,9998,P,X20418,P
CENTRAL,4J,OHIO 1,440,45821,CECIL,107 N MAIN ST,CECIL,OH,45821,9998,,X20475,P
CENTRAL,4J,OHIO 1,440,45821,PAULDING,121 W JACKSON ST,PAULDING,OH,45879,9998,,X22380,P
CENTRAL,4J,OHIO 1,440,45822,CELINA,201 N MAIN ST,CELINA,OH,45822,9998,,X20480,P
CENTRAL,4J,OHIO 1,440,45826,CHICKASAW,49 W FRANKLIN ST,CHICKASAW,OH,45826,9998,P,X20535,C
CENTRAL,4J,OHIO 1,440,45827,CLOVERDALE,117 MAHONING ST,CLOVERDALE,OH,45827,9998,,X20602,P
CENTRAL,4J,OHIO 1,440,45827,OAKWOOD,223 N 1ST ST,OAKWOOD,OH,45873,9998,,X22260,P
CENTRAL,4J,OHIO 1,440,45828,COLDWATER,101 E MAIN ST,COLDWATER,OH,45828,9998,,X20618,P
CENTRAL,4J,OHIO 1,440,45830,COLUMBUS GROVE,122 N HIGH ST,COLUMBUS GROVE,OH,45830,9998,,X20644,P
CENTRAL,4J,OHIO 1,440,45831,CONTINENTAL,105 S MAIN ST,CONTINENTAL,OH,45831,9998,,X20665,P
CENTRAL,4J,OHIO 1,440,45832,CONVOY,116 W TULLY ST,CONVOY,OH,45832,9998,,X20685,P
CENTRAL,4J,OHIO 1,440,45833,DELPHOS,127 N MAIN ST,DELPHOS,OH,45833,9998,,X20798,P
CENTRAL,4J,OHIO 1,440,45835,DOLA,9924 FRANKLIN ST,DOLA,OH,45835,9998,,X20823,P
CENTRAL,4J,OHIO 1,440,45836,DUNKIRK,250 N MAIN ST,DUNKIRK,OH,45836,9998,,X20855,P
CENTRAL,4J,OHIO 1,440,45839,FINDLAY,229 W MAIN CROSS ST,FINDLAY,OH,45840,9998,P,X21014,P
CENTRAL,4J,OHIO 1,440,45840,FINDLAY,229 W MAIN CROSS ST,FINDLAY,OH,45840,9998,,X21014,P
CENTRAL,4J,OHIO 1,440,45843,FOREST,108 E LIMA ST,FOREST,OH,45843,9998,,X21041,P
CENTRAL,4J,OHIO 1,440,45844,DELPHOS,127 N MAIN ST,DELPHOS,OH,45833,9998,,X20798,P
CENTRAL,4J,OHIO 1,440,45844,FORT JENNINGS,20 S WATER ST,FORT JENNINGS,OH,45844,9998,,X21045,P
CENTRAL,4J,OHIO 1,440,45845,FORT LORAMIE,13 E PARK ST,FORT LORAMIE,OH,45845,9998,,X21046,P
CENTRAL,4J,OHIO 1,440,45845,MINSTER,62 E 4TH ST,MINSTER,OH,45865,9998,,X21930,P
CENTRAL,4J,OHIO 1,440,45846,FORT RECOVERY,206 SAINT CLAIR ST,FORT RECOVERY,OH,45846,9998,,X21047,P
CENTRAL,4J,OHIO 1,440,45848,GLANDORF,130 S MAIN ST,GLANDORF,OH,45848,9998,P,X21138,P
CENTRAL,4J,OHIO 1,440,45849,GROVER HILL,100 S MAIN ST,GROVER HILL,OH,45849,9998,,X21217,P
CENTRAL,4J,OHIO 1,440,45849,OAKWOOD,223 N 1ST ST,OAKWOOD,OH,45873,9998,,X22260,P
CENTRAL,4J,OHIO 1,440,45850,HARROD,129 W 3RD ST,HARROD,OH,45850,9998,,X21268,P
CENTRAL,4J,OHIO 1,440,45851,HAVILAND,208 MAIN ST,HAVILAND,OH,45851,9998,,X21282,P
CENTRAL,4J,OHIO 1,440,45853,KALIDA,114 W MAIN ST,KALIDA,OH,45853,9998,P,X21461,P
CENTRAL,4J,OHIO 1,440,45855,LATTY,380 2ND ST,LATTY,OH,45855,9998,P,X21566,P
CENTRAL,4J,OHIO 1,440,45856,LEIPSIC,321 S BELMORE ST,LEIPSIC,OH,45856,9998,,X21588,P
CENTRAL,4J,OHIO 1,440,45858,MC COMB,116 W SOUTH ST,MC COMB,OH,45858,9998,,X21805,P
CENTRAL,4J,OHIO 1,440,45859,MC GUFFEY,402 COURTRIGHT ST,MC GUFFEY,OH,45859,9998,P,X21810,P
CENTRAL,4J,OHIO 1,440,45860,MARIA STEIN,8629 STATE ROUTE 119,MARIA STEIN,OH,45860,9998,,X21762,P
CENTRAL,4J,OHIO 1,440,45860,MINSTER,62 E 4TH ST,MINSTER,OH,45865,9998,,X21930,P
CENTRAL,4J,OHIO 1,440,45861,MELROSE,519 STATE ST,MELROSE,OH,45861,9998,P,X21844,P
CENTRAL,4J,OHIO 1,440,45862,MENDON,113 N MAIN ST,MENDON,OH,45862,9998,,X21845,P
CENTRAL,4J,OHIO 1,440,45862,ROCKFORD,101 S MAIN ST,ROCKFORD,OH,45882,9998,,X22651,P
CENTRAL,4J,OHIO 1,440,45863,DELPHOS,127 N MAIN ST,DELPHOS,OH,45833,9998,,X20798,P
CENTRAL,4J,OHIO 1,440,45863,MIDDLE POINT,206 E JACKSON ST,MIDDLE POINT,OH,45863,9998,,X21870,P
CENTRAL,4J,OHIO 1,440,45864,MILLER CITY,108 S MAIN ST,MILLER CITY,OH,45864,9998,P,X21900,P
CENTRAL,4J,OHIO 1,440,45865,MINSTER,62 E 4TH ST,MINSTER,OH,45865,9998,,X21930,P
CENTRAL,4J,OHIO 1,440,45866,MONTEZUMA,99 W MAIN ST,MONTEZUMA,OH,45866,9998,P,X21950,P
CENTRAL,4J,OHIO 1,440,45867,MOUNT BLANCHARD,121 N MAIN ST,MOUNT BLANCHARD,OH,45867,9998,,X21977,P
CENTRAL,4J,OHIO 1,440,45868,BLUFFTON,132 S MAIN ST,BLUFFTON,OH,45817,9998,,X20281,P
CENTRAL,4J,OHIO 1,440,45868,MOUNT CORY,209 LINCOLN ST,MOUNT CORY,OH,45868,9998,,X21979,P
CENTRAL,4J,OHIO 1,440,45869,NEW BREMEN,111 N MAIN ST,NEW BREMEN,OH,45869,9998,,X22083,P
CENTRAL,4J,OHIO 1,440,45870,NEW HAMPSHIRE,46 E MARKET ST,NEW HAMPSHIRE,OH,45870,9998,P,X22098,P
CENTRAL,4J,OHIO 1,440,45871,NEW KNOXVILLE,105 S MAIN ST,NEW KNOXVILLE,OH,45871,9998,,X22104,P
CENTRAL,4J,OHIO 1,440,45872,NORTH BALTIMORE,115 E BROADWAY ST,NORTH BALTIMORE,OH,45872,9998,,X22174,P
CENTRAL,4J,OHIO 1,440,45873,OAKWOOD,223 N 1ST ST,OAKWOOD,OH,45873,9998,,X22260,P
CENTRAL,4J,OHIO 1,440,45874,OHIO CITY,118 S MAIN ST,OHIO CITY,OH,45874,9998,,X22271,P
CENTRAL,4J,OHIO 1,440,45874,VAN WERT,314 E MAIN ST,VAN WERT,OH,45891,9998,,X23170,P
CENTRAL,4J,OHIO 1,440,45875,OTTAWA,404 E MAIN ST,OTTAWA,OH,45875,9998,,X22325,P
CENTRAL,4J,OHIO 1,440,45876,OTTOVILLE,103 E 3RD ST,OTTOVILLE,OH,45876,9998,P,X22328,P
CENTRAL,4J,OHIO 1,440,45877,PANDORA,120 E MAIN ST,PANDORA,OH,45877,9998,,X22359,P
CENTRAL,4J,OHIO 1,440,45879,PAULDING,121 W JACKSON ST,PAULDING,OH,45879,9998,,X22380,P
CENTRAL,4J,OHIO 1,440,45880,PAYNE,101 S LAURA ST,PAYNE,OH,45880,9998,,X22383,P
CENTRAL,4J,OHIO 1,440,45881,BLUFFTON,132 S MAIN ST,BLUFFTON,OH,45817,9998,,X20281,P
CENTRAL,4J,OHIO 1,440,45881,RAWSON,101 S MAIN ST,RAWSON,OH,45881,9998,,X22554,P
CENTRAL,4J,OHIO 1,440,45882,ROCKFORD,101 S MAIN ST,ROCKFORD,OH,45882,9998,,X22651,P
CENTRAL,4J,OHIO 1,440,45883,SAINT HENRY,301 E MAIN ST,SAINT HENRY,OH,45883,9998,,X22714,P
CENTRAL,4J,OHIO 1,440,45884,SAINT JOHNS,19210 CENTER ST,SAINT JOHNS,OH,45884,9998,P,X22715,P
CENTRAL,4J,OHIO 1,440,45885,SAINT MARYS,120 N CHESTNUT ST,SAINT MARYS,OH,45885,9998,,X22718,P
CENTRAL,4J,OHIO 1,440,45886,SCOTT,12436 BLAINE ST,SCOTT,OH,45886,9998,,X22755,P
CENTRAL,4J,OHIO 1,440,45887,SPENCERVILLE,121 S BROADWAY ST,SPENCERVILLE,OH,45887,9998,,X22872,P
CENTRAL,4J,OHIO 1,440,45888,UNIOPOLIS,7 N MAIN ST,UNIOPOLIS,OH,45888,9998,P,X23140,P
CENTRAL,4J,OHIO 1,440,45889,MC COMB,116 W SOUTH ST,MC COMB,OH,45858,9998,,X21805,P
CENTRAL,4J,OHIO 1,440,45889,VAN BUREN,100 S MAIN ST,VAN BUREN,OH,45889,9998,,X23169,P
CENTRAL,4J,OHIO 1,440,45890,VANLUE,301 S BUFFALO ST,VANLUE,OH,45890,9998,,X23174,P
CENTRAL,4J,OHIO 1,440,45891,VAN WERT,314 E MAIN ST,VAN WERT,OH,45891,9998,,X23170,P
CENTRAL,4J,OHIO 1,440,45893,VAUGHNSVILLE,342 W FINDLAY ST,VAUGHNSVILLE,OH,45893,9998,P,X23175,P
CENTRAL,4J,OHIO 1,440,45894,DELPHOS,127 N MAIN ST,DELPHOS,OH,45833,9998,,X20798,P
CENTRAL,4J,OHIO 1,440,45894,VENEDOCIA,15155 MAIN ST,VENEDOCIA,OH,45894,9998,,X23177,P
CENTRAL,4J,OHIO 1,440,45895,WAPAKONETA,12 WILLIPIE ST,WAPAKONETA,OH,45895,9998,,X23241,P
CENTRAL,4J,OHIO 1,440,45896,WAYNESFIELD,109 N WESTMINSTER ST,WAYNESFIELD,OH,45896,9998,,X23290,P
CENTRAL,4J,OHIO 1,440,45897,ARLINGTON,120 W LIBERTY ST,ARLINGTON,OH,45814,9998,,X20100,P
CENTRAL,4J,OHIO 1,440,45898,ROCKFORD,101 S MAIN ST,ROCKFORD,OH,45882,9998,,X22651,P
CENTRAL,4J,OHIO 1,440,45898,WILLSHIRE,110 WALCOTT ST,WILLSHIRE,OH,45898,9998,,X23400,P
CENTRAL,4J,OHIO 1,440,45899,WREN,119 STATE ROUTE 49,WREN,OH,45899,9998,P,X23431,P
CENTRAL,4J,INDIANA,460,47003,COLLEGE CORNER,18 LIBERTY AVE,COLLEGE CORNER,OH,45003,9998,,X20623,P
CENTRAL,4J,OHIO 2,450,47010,COLLEGE CORNER,18 LIBERTY AVE,COLLEGE CORNER,OH,45003,9998,,X20623,P
CENTRAL,4J,INDIANA,460,47060,HARRISON,420 S STATE ST,HARRISON,OH,45030,9998,,X21263,P
