area_name,area_code,district_name,district_no,delivery_zipcode,locale_name,physical_delivery_address,physical_city,physical_state,physical_zip,physical_zip4,zip_class_code,locale_key,locale_type
ATLANTIC,4B,PENNSYLVANIA 1,150,15001,ALIQUIPPA,517 FRANKLIN AVE,ALIQUIPPA,PA,15001,3727,,X16927,P
ATLANTIC,4B,PENNSYLVANIA 1,150,15001,MAC ARTHUR,906 22ND ST,ALIQUIPPA,PA,15001,2719,,X19558,S
ATLANTIC,4B,PENNSYLVANIA 1,150,15003,AMBRIDGE,1020 MERCHANT ST,AMBRIDGE,PA,15003,9998,,X16961,P
ATLANTIC,4B,PENNSYLVANIA 1,150,15004,ATLASBURG,1620 SMITH TWP STATE RD,ATLASBURG,PA,15004,1001,P,X17028,P
ATLANTIC,4B,PENNSYLVANIA 1,150,15005,BADEN,398 STATE ST,BADEN,PA,15005,9998,,X17052,P
ATLANTIC,4B,PENNSYLVANIA 1,150,15006,BAIRDFORD,453 BAIRDFORD RD,BAIRDFORD,PA,15006,1001,P,X17057,P
ATLANTIC,4B,PENNSYLVANIA 1,150,15007,BAKERSTOWN,37 WINWOOD PLZ,BAKERSTOWN,PA,15007,9800,,X17059,P
ATLANTIC,4B,PENNSYLVANIA 1,150,15009,BEAVER,777 CORPORATION ST,BEAVER,PA,15009,9998,,X17119,P
ATLANTIC,4B,PENNSYLVANIA 1,150,15010,BEAVER FALLS,720 11TH ST,BEAVER FALLS,PA,15010,4499,,X17122,P
ATLANTIC,4B,PENNSYLVANIA 1,150,15010,CHIPPEWA MALL,2580 CONSTITUTION BLVD STE 9,BEAVER FALLS,PA,15010,1273,,006848,B
ATLANTIC,4B,PENNSYLVANIA 1,150,15012,NORTH BELLE VERNON,306 GRANT ST,BELLE VERNON,PA,15012,1400,,X1A843,B
ATLANTIC,4B,PENNSYLVANIA 1,150,15012,BELLE VERNON,611 CIRCLE DR,ROSTRAVER TOWNSHIP,PA,15012,9998,,X17155,P
ATLANTIC,4B,PENNSYLVANIA 1,150,15014,NATRONA HEIGHTS,1715 UNION AVE,NATRONA HEIGHTS,PA,15065,9998,,X1A072,P
ATLANTIC,4B,PENNSYLVANIA 1,150,15014,BRACKENRIDGE,1101 BRACKENRIDGE AVE,BRACKENRIDGE,PA,15014,9998,,X17320,P
ATLANTIC,4B,PENNSYLVANIA 1,150,15015,WEXFORD,10675 PERRY HWY,WEXFORD,PA,15090,9998,,X1B981,P
ATLANTIC,4B,PENNSYLVANIA 1,150,15015,BRADFORDWOODS,10 SELDOM SEEN RD,BRADFORDWOODS,PA,15015,9998,,X17329,P
ATLANTIC,4B,PENNSYLVANIA 1,150,15017,BRIDGEVILLE,700 WASHINGTON AVE,BRIDGEVILLE,PA,15017,9998,,X17358,P
ATLANTIC,4B,PENNSYLVANIA 1,150,15018,BUENA VISTA,125 CONROY ST,BUENA VISTA,PA,15018,1001,,X17427,P
ATLANTIC,4B,PENNSYLVANIA 1,150,15019,BULGER,1021 GRANT ST,BULGER,PA,15019,1001,,X17436,P
ATLANTIC,4B,PENNSYLVANIA 1,150,15019,BURGETTSTOWN,1602 MAIN ST,BURGETTSTOWN,PA,15021,9998,,X17446,P
ATLANTIC,4B,PENNSYLVANIA 1,150,15020,BUNOLA,358 BUNOLA RIVER RD,BUNOLA,PA,15020,1001,P,X17443,P
ATLANTIC,4B,PENNSYLVANIA 1,150,15021,BURGETTSTOWN,1602 MAIN ST,BURGETTSTOWN,PA,15021,9998,,X17446,P
ATLANTIC,4B,PENNSYLVANIA 1,150,15022,CHARLEROI,600 MCKEAN AVE,CHARLEROI,PA,15022,9998,,X17593,P
ATLANTIC,4B,PENNSYLVANIA 1,150,15024,CHESWICK,1601 PITTSBURGH ST,CHESWICK,PA,15024,9998,,X17627,P
ATLANTIC,4B,PENNSYLVANIA 1,150,15025,CLAIRTON,445 SAINT CLAIR AVE,CLAIRTON,PA,15025,9998,,X17645,P
ATLANTIC,4B,PENNSYLVANIA 1,150,15025,LARGE,1613 ROUTE 51,CLAIRTON,PA,15025,3600,,X19292,B
ATLANTIC,4B,PENNSYLVANIA 1,150,15026,CLINTON,3738 WASHINGTON RD,CLINTON,PA,15026,1001,,X17686,P
ATLANTIC,4B,PENNSYLVANIA 1,150,15027,ROCHESTER,257 CONNECTICUT AVE,ROCHESTER,PA,15074,9998,,X1A793,P
ATLANTIC,4B,PENNSYLVANIA 1,150,15027,CONWAY,1216 3RD AVE,CONWAY,PA,15027,9998,,X17771,P
ATLANTIC,4B,PENNSYLVANIA 1,150,15028,COULTERS,211 TOURMAN ST,COULTERS,PA,15028,1001,P,X17800,P
ATLANTIC,4B,PENNSYLVANIA 1,150,15030,NEW KENSINGTON,501 11TH ST,NEW KENSINGTON,PA,15068,9998,,X1A137,P
ATLANTIC,4B,PENNSYLVANIA 1,150,15030,CREIGHTON,1029 FREEPORT RD,CREIGHTON,PA,15030,9998,,X17833,P
ATLANTIC,4B,PENNSYLVANIA 1,150,15031,CUDDY,615 MILLERS RUN RD,CUDDY,PA,15031,9998,,X17860,P
ATLANTIC,4B,PENNSYLVANIA 1,150,15032,CURTISVILLE,1778 SAXONBURG BLVD,CURTISVILLE,PA,15032,1001,P,X17868,P
ATLANTIC,4B,PENNSYLVANIA 1,150,15033,DONORA,599 MELDON AVE,DONORA,PA,15033,9998,,X17973,P
ATLANTIC,4B,PENNSYLVANIA 1,150,15033,MONESSEN,821 DONNER AVE,MONESSEN,PA,15062,9998,,X19888,P
ATLANTIC,4B,PENNSYLVANIA 1,150,15034,DRAVOSBURG,209 RICHLAND AVE STE 5,DRAVOSBURG,PA,15034,9998,,X18002,P
ATLANTIC,4B,PENNSYLVANIA 1,150,15034,MCKEESPORT,850 WALNUT ST,MCKEESPORT,PA,15134,1101,,X19691,P
ATLANTIC,4B,PENNSYLVANIA 1,150,15035,NORTH VERSAILLES,353 LINCOLN HWY,NORTH VERSAILLES,PA,15137,9998,,X1A231,P
ATLANTIC,4B,PENNSYLVANIA 1,150,15035,EAST MC KEESPORT,985 JOSEPHINE ST,EAST MC KEESPORT,PA,15035,9998,,X18122,P
ATLANTIC,4B,PENNSYLVANIA 1,150,15037,ELIZABETH,320 S 2ND AVE,ELIZABETH,PA,15037,9998,,X18204,P
ATLANTIC,4B,PENNSYLVANIA 1,150,15038,ELRAMA,15 DAVIDSON AVE,ELRAMA,PA,15038,1001,P,X18230,P
ATLANTIC,4B,PENNSYLVANIA 1,150,15042,FREEDOM,601 8TH ST,FREEDOM,PA,15042,9998,,X18508,P
ATLANTIC,4B,PENNSYLVANIA 1,150,15043,GEORGETOWN,110 MARKET ST,GEORGETOWN,PA,15043,2000,,X18577,P
ATLANTIC,4B,PENNSYLVANIA 1,150,15043,HOOKSTOWN,114 MILL ST,HOOKSTOWN,PA,15050,9998,,X18944,P
ATLANTIC,4B,PENNSYLVANIA 1,150,15044,GIBSONIA,4098 GIBSONIA RD,GIBSONIA,PA,15044,9998,,X18592,P
ATLANTIC,4B,PENNSYLVANIA 1,150,15045,GLASSPORT,730 MONONGAHELA AVE,GLASSPORT,PA,15045,9998,,X18610,P
ATLANTIC,4B,PENNSYLVANIA 1,150,15045,PITTSBURGH PA PLSNT HLS SDC,500 REGIS AVE,PITTSBURGH,PA,15236,9900,,021163,4
ATLANTIC,4B,PENNSYLVANIA 1,150,15046,ALIQUIPPA,517 FRANKLIN AVE,ALIQUIPPA,PA,15001,3727,,X16927,P
ATLANTIC,4B,PENNSYLVANIA 1,150,15046,CRESCENT,105 MCGOVERN BLVD,CRESCENT,PA,15046,1001,,X18640,P
ATLANTIC,4B,PENNSYLVANIA 1,150,15047,GREENOCK,710 ZIMMER LN,GREENOCK,PA,15047,1001,P,X18715,P
ATLANTIC,4B,PENNSYLVANIA 1,150,15049,HARWICK,1400 PILLOW AVE,HARWICK,PA,15049,1001,,X18817,P
ATLANTIC,4B,PENNSYLVANIA 1,150,15050,HOOKSTOWN,114 MILL ST,HOOKSTOWN,PA,15050,9998,,X18944,P
ATLANTIC,4B,PENNSYLVANIA 1,150,15051,INDIANOLA,898 ROUTE 910 STE 2,INDIANOLA,PA,15051,1011,,X19014,P
ATLANTIC,4B,PENNSYLVANIA 1,150,15052,INDUSTRY,1620A MIDLAND BEAVER RD,INDUSTRY,PA,15052,1001,,X19015,P
ATLANTIC,4B,PENNSYLVANIA 1,150,15052,MIDLAND,831 MIDLAND AVE,MIDLAND,PA,15059,9998,,X19801,P
ATLANTIC,4B,PENNSYLVANIA 1,150,15053,JOFFRE,587 JOFFRE BULGER RD,JOFFRE,PA,15053,1001,,X19089,P
ATLANTIC,4B,PENNSYLVANIA 1,150,15054,LANGELOTH,1450 LANGELOTH RD,LANGELOTH,PA,15054,1001,P,X19283,P
ATLANTIC,4B,PENNSYLVANIA 1,150,15055,LAWRENCE,18 SCHOOL ST,LAWRENCE,PA,15055,1002,,X19324,P
ATLANTIC,4B,PENNSYLVANIA 1,150,15056,AMBRIDGE,1020 MERCHANT ST,AMBRIDGE,PA,15003,9998,,X16961,P
ATLANTIC,4B,PENNSYLVANIA 1,150,15056,LEETSDALE,18 QUAKER VILLAGE SHOPPING CTR,LEETSDALE,PA,15056,9998,,X19353,P
ATLANTIC,4B,PENNSYLVANIA 1,150,15057,MC DONALD,110 W BARR ST,MC DONALD,PA,15057,9998,,X19683,P
ATLANTIC,4B,PENNSYLVANIA 1,150,15059,MIDLAND,831 MIDLAND AVE,MIDLAND,PA,15059,9998,,X19801,P
ATLANTIC,4B,PENNSYLVANIA 1,150,15060,MIDWAY,100 JEFFERSON ST,MIDWAY,PA,15060,1001,P,X19804,P
ATLANTIC,4B,PENNSYLVANIA 1,150,15061,MONACA,1015 PENNSYLVANIA AVE,MONACA,PA,15061,9998,,X19887,P
ATLANTIC,4B,PENNSYLVANIA 1,150,15062,MONESSEN,821 DONNER AVE,MONESSEN,PA,15062,9998,,X19888,P
ATLANTIC,4B,PENNSYLVANIA 1,150,15063,MONONGAHELA,312 CHESS ST,MONONGAHELA,PA,15063,9998,,X19893,P
ATLANTIC,4B,PENNSYLVANIA 1,150,15064,MORGAN,514 MILLERS RUN RD,MORGAN,PA,15064,9998,,X19922,P
ATLANTIC,4B,PENNSYLVANIA 1,150,15065,NATRONA HEIGHTS,1715 UNION AVE,NATRONA HEIGHTS,PA,15065,9998,,X1A072,P
ATLANTIC,4B,PENNSYLVANIA 1,150,15066,NEW BRIGHTON,510 11TH ST,NEW BRIGHTON,PA,15066,9998,,X1A108,P
ATLANTIC,4B,PENNSYLVANIA 1,150,15067,NEW EAGLE,203 MAIN ST,NEW EAGLE,PA,15067,9998,,X1A123,P
ATLANTIC,4B,PENNSYLVANIA 1,150,15067,MONONGAHELA,312 CHESS ST,MONONGAHELA,PA,15063,9998,,X19893,P
ATLANTIC,4B,PENNSYLVANIA 1,150,15068,NEW KENSINGTON,501 11TH ST,NEW KENSINGTON,PA,15068,9998,,X1A137,P
ATLANTIC,4B,PENNSYLVANIA 1,150,15068,PARNASSUS,360 FREEPORT ST,NEW KENSINGTON,PA,15068,6015,,X1A402,S
ATLANTIC,4B,PENNSYLVANIA 1,150,15068,ARNOLD,1740 5TH AVE,NEW KENSINGTON,PA,15068,4418,,X17001,B
ATLANTIC,4B,PENNSYLVANIA 1,150,15068,LOWER BURRELL,2893 LEECHBURG RD,NEW KENSINGTON,PA,15068,2542,,X19510,B
ATLANTIC,4B,PENNSYLVANIA 1,150,15071,OAKDALE,101 UNION AVE,OAKDALE,PA,15071,9998,,X1A278,P
ATLANTIC,4B,PENNSYLVANIA 1,150,15072,PRICEDALE,133 MAIN ST,PRICEDALE,PA,15072,1001,P,X1A643,P
ATLANTIC,4B,PENNSYLVANIA 1,150,15074,ROCHESTER,257 CONNECTICUT AVE,ROCHESTER,PA,15074,9998,,X1A793,P
ATLANTIC,4B,PENNSYLVANIA 1,150,15075,RURAL RIDGE,165 LITTLE DEER CREEK RD,RURAL RIDGE,PA,15075,1001,P,X1A859,P
ATLANTIC,4B,PENNSYLVANIA 1,150,15076,RUSSELLTON,733 LITTLE DEER CREEK VALLEY RD,RUSSELLTON,PA,15076,9998,,X1A869,P
ATLANTIC,4B,PENNSYLVANIA 1,150,15077,SHIPPINGPORT,162 STATE ROUTE 3016,SHIPPINGPORT,PA,15077,1001,P,X1B033,P
ATLANTIC,4B,PENNSYLVANIA 1,150,15078,SLOVAN,105 SMITH PARK DR,SLOVAN,PA,15078,1002,,X1B087,P
ATLANTIC,4B,PENNSYLVANIA 1,150,15081,SOUTH HEIGHTS,3963 JORDAN ST,SOUTH HEIGHTS,PA,15081,1001,P,X1B138,P
ATLANTIC,4B,PENNSYLVANIA 1,150,15082,STURGEON,507 MAIN ST,STURGEON,PA,15082,1001,P,X1B402,P
ATLANTIC,4B,PENNSYLVANIA 1,150,15083,SUTERSVILLE,141 3RD AVE,SUTERSVILLE,PA,15083,9998,,X1B435,P
ATLANTIC,4B,PENNSYLVANIA 1,150,15083,WEST NEWTON,200 VINE ST,WEST NEWTON,PA,15089,9998,,X1B933,P
ATLANTIC,4B,PENNSYLVANIA 1,150,15084,TARENTUM,708 CORBET ST,TARENTUM,PA,15084,9998,,X1B485,P
ATLANTIC,4B,PENNSYLVANIA 1,150,15085,TRAFFORD,411 CAVITT AVE,TRAFFORD,PA,15085,9998,,X1B546,P
ATLANTIC,4B,PENNSYLVANIA 1,150,15086,WEXFORD,10675 PERRY HWY,WEXFORD,PA,15090,9998,,X1B981,P
ATLANTIC,4B,PENNSYLVANIA 1,150,15087,WEBSTER,703 WALL ST,WEBSTER,PA,15087,1001,P,X1B850,P
ATLANTIC,4B,PENNSYLVANIA 1,150,15088,WEST ELIZABETH,604 GRANT ST,WEST ELIZABETH,PA,15088,1001,P,X1B905,P
ATLANTIC,4B,PENNSYLVANIA 1,150,15089,WEST NEWTON,200 VINE ST,WEST NEWTON,PA,15089,9998,,X1B933,P
ATLANTIC,4B,PENNSYLVANIA 1,150,15090,WEXFORD,10675 PERRY HWY,WEXFORD,PA,15090,9998,,X1B981,P
ATLANTIC,4B,PENNSYLVANIA 1,150,15091,WILDWOOD,2507 WILDWOOD RD,WILDWOOD,PA,15091,1001,P,X1C021,P
ATLANTIC,4B,PENNSYLVANIA 1,150,15095,NETWORK DISTRIBUTION CT,300 BRUSH CREEK RD,WARRENDALE,PA,15095,9995,P,X17437,B
ATLANTIC,4B,PENNSYLVANIA 1,150,15101,ALLISON PARK,4746 WILLIAM FLYNN HWY,ALLISON PARK,PA,15101,9998,,X16942,P
ATLANTIC,4B,PENNSYLVANIA 1,150,15102,BETHEL PARK,2765 S PARK RD,BETHEL PARK,PA,15102,9998,,X17203,P
ATLANTIC,4B,PENNSYLVANIA 1,150,15104,BRADDOCK,1110 BRADDOCK AVE,BRADDOCK,PA,15104,9998,,X17322,P
ATLANTIC,4B,PENNSYLVANIA 1,150,15106,CARNEGIE,139 E MAIN ST,CARNEGIE,PA,15106,9998,,X17508,P
ATLANTIC,4B,PENNSYLVANIA 1,150,15106,GREENTREE,770 TRUMBULL DR,PITTSBURGH,PA,15205,4363,,X18723,B
ATLANTIC,4B,PENNSYLVANIA 1,150,15108,CORAOPOLIS,1140 THORN RUN RD,CORAOPOLIS,PA,15108,9998,,X17785,P
ATLANTIC,4B,PENNSYLVANIA 1,150,15108,CORAOPOLIS FINANCE,914 5TH AVE,CORAOPOLIS,PA,15108,1802,,004642,B
ATLANTIC,4B,PENNSYLVANIA 1,150,15110,DUQUESNE,11 S 1ST ST,DUQUESNE,PA,15110,9998,,X18044,P
ATLANTIC,4B,PENNSYLVANIA 1,150,15112,BRADDOCK,1110 BRADDOCK AVE,BRADDOCK,PA,15104,9998,,X17322,P
ATLANTIC,4B,PENNSYLVANIA 1,150,15112,EAST PITTSBURGH,701 LINDEN AVE,EAST PITTSBURGH,PA,15112,9998,,X18132,P
ATLANTIC,4B,PENNSYLVANIA 1,150,15116,GLENSHAW,1541 BUTLER PLANK RD,GLENSHAW,PA,15116,9998,,X18635,P
ATLANTIC,4B,PENNSYLVANIA 1,150,15120,MUNHALL,3406 MAIN ST,HOMESTEAD,PA,15120,3369,,X1A033,B
ATLANTIC,4B,PENNSYLVANIA 1,150,15120,HOMESTEAD,601 E 8TH AVE,HOMESTEAD,PA,15120,9998,,X18934,P
ATLANTIC,4B,PENNSYLVANIA 1,150,15122,WEST MIFFLIN,5001 HOMEVILLE RD,WEST MIFFLIN,PA,15122,9998,,X1B928,B
ATLANTIC,4B,PENNSYLVANIA 1,150,15122,PITTSBURGH PA PLSNT HLS SDC,500 REGIS AVE,PITTSBURGH,PA,15236,9900,,021163,4
ATLANTIC,4B,PENNSYLVANIA 1,150,15126,IMPERIAL,600 PENN LINCOLN DR,IMPERIAL,PA,15126,9998,,X19008,P
ATLANTIC,4B,PENNSYLVANIA 1,150,15127,INGOMAR,736 W INGOMAR RD,INGOMAR,PA,15127,2000,P,X19019,P
ATLANTIC,4B,PENNSYLVANIA 1,150,15129,SOUTH PARK,2560 BROWNSVILLE RD,SOUTH PARK,PA,15129,9998,,X19408,P
ATLANTIC,4B,PENNSYLVANIA 1,150,15129,PITTSBURGH PA PLSNT HLS SDC,500 REGIS AVE,PITTSBURGH,PA,15236,9900,,021163,4
ATLANTIC,4B,PENNSYLVANIA 1,150,15131,MCKEESPORT,850 WALNUT ST,MCKEESPORT,PA,15134,1101,,X19691,P
ATLANTIC,4B,PENNSYLVANIA 1,150,15132,MCKEESPORT,850 WALNUT ST,MCKEESPORT,PA,15134,1101,,X19691,P
ATLANTIC,4B,PENNSYLVANIA 1,150,15133,MCKEESPORT,850 WALNUT ST,MCKEESPORT,PA,15134,1101,,X19691,P
ATLANTIC,4B,PENNSYLVANIA 1,150,15134,MCKEESPORT,850 WALNUT ST,MCKEESPORT,PA,15134,1101,P,X19691,P
ATLANTIC,4B,PENNSYLVANIA 1,150,15135,BOSTON,5727 SMITHFIELD ST,MCKEESPORT,PA,15135,9998,,X17287,B
ATLANTIC,4B,PENNSYLVANIA 1,150,15135,MCKEESPORT,850 WALNUT ST,MCKEESPORT,PA,15134,1101,,X19691,P
ATLANTIC,4B,PENNSYLVANIA 1,150,15136,MC KEES ROCKS,807 CHARTIERS AVE,MC KEES ROCKS,PA,15136,9998,,X19690,P
ATLANTIC,4B,PENNSYLVANIA 1,150,15137,NORTH VERSAILLES,353 LINCOLN HWY,NORTH VERSAILLES,PA,15137,9998,,X1A231,P
ATLANTIC,4B,PENNSYLVANIA 1,150,15139,OAKMONT,530 ALLEGHENY RIVER BLVD,OAKMONT,PA,15139,9998,,X1A285,P
ATLANTIC,4B,PENNSYLVANIA 1,150,15139,VERONA,620 ALLEGHENY RIVER BLVD,VERONA,PA,15147,9998,,X1B698,P
ATLANTIC,4B,PENNSYLVANIA 1,150,15140,PITCAIRN,540 BROADWAY,PITCAIRN,PA,15140,9998,,X1A534,B
ATLANTIC,4B,PENNSYLVANIA 1,150,15140,MONROEVILLE,2630 MONROEVILLE BLVD,MONROEVILLE,PA,15146,9998,,X19896,B
ATLANTIC,4B,PENNSYLVANIA 1,150,15142,PRESTO,5234 THOMS RUN RD,PRESTO,PA,15142,9998,,X1A638,P
ATLANTIC,4B,PENNSYLVANIA 1,150,15142,BRIDGEVILLE,700 WASHINGTON AVE,BRIDGEVILLE,PA,15017,9998,,X17358,P
ATLANTIC,4B,PENNSYLVANIA 1,150,15143,SEWICKLEY,521 THORN ST,SEWICKLEY,PA,15143,9998,,X1A979,P
ATLANTIC,4B,PENNSYLVANIA 1,150,15144,NEW KENSINGTON,501 11TH ST,NEW KENSINGTON,PA,15068,9998,,X1A137,P
ATLANTIC,4B,PENNSYLVANIA 1,150,15144,SPRINGDALE,896 PITTSBURGH ST,SPRINGDALE,PA,15144,9998,,X1B199,P
ATLANTIC,4B,PENNSYLVANIA 1,150,15145,TURTLE CREEK,116 GRANT ST,TURTLE CREEK,PA,15145,9998,,X1B581,P
ATLANTIC,4B,PENNSYLVANIA 1,150,15145,BRADDOCK,1110 BRADDOCK AVE,BRADDOCK,PA,15104,9998,,X17322,P
ATLANTIC,4B,PENNSYLVANIA 1,150,15146,MONROEVILLE,2630 MONROEVILLE BLVD,MONROEVILLE,PA,15146,9998,,X19896,B
ATLANTIC,4B,PENNSYLVANIA 1,150,15147,VERONA,620 ALLEGHENY RIVER BLVD,VERONA,PA,15147,9998,,X1B698,P
ATLANTIC,4B,PENNSYLVANIA 1,150,15148,NORTH VERSAILLES,353 LINCOLN HWY,NORTH VERSAILLES,PA,15137,9998,,X1A231,P
ATLANTIC,4B,PENNSYLVANIA 1,150,15148,WILMERDING,410 STATION ST,WILMERDING,PA,15148,9998,,X1C054,P
ATLANTIC,4B,PENNSYLVANIA 1,150,15201,ARSENAL,186 42ND ST,PITTSBURGH,PA,15201,9998,,X17006,S
ATLANTIC,4B,PENNSYLVANIA 1,150,15201,BLOOMFIELD,5182 LIBERTY AVE,PITTSBURGH,PA,15224,9998,,X17251,S
ATLANTIC,4B,PENNSYLVANIA 1,150,15202,PITTSBURGH,1001 CALIFORNIA AVE RM 1002,PITTSBURGH,PA,15290,9998,,X1A543,P
ATLANTIC,4B,PENNSYLVANIA 1,150,15202,PITTSBURGH PA NORTHSIDE SDC,900 PENNSYLVANIA AVE,PITTSBURGH,PA,15233,9910,,021027,4
ATLANTIC,4B,PENNSYLVANIA 1,150,15203,CARSON,1731 E CARSON ST,PITTSBURGH,PA,15203,9998,,X17515,S
ATLANTIC,4B,PENNSYLVANIA 1,150,15203,MOUNT OLIVER,140 BROWNSVILLE RD,PITTSBURGH,PA,15210,9998,,X19961,B
ATLANTIC,4B,PENNSYLVANIA 1,150,15204,GREENTREE,770 TRUMBULL DR,PITTSBURGH,PA,15205,4363,,X18723,B
ATLANTIC,4B,PENNSYLVANIA 1,150,15205,CRAFTON,90 W STEUBEN ST,PITTSBURGH,PA,15205,9998,,X17820,B
ATLANTIC,4B,PENNSYLVANIA 1,150,15205,GREENTREE,770 TRUMBULL DR,PITTSBURGH,PA,15205,4363,,X18723,B
ATLANTIC,4B,PENNSYLVANIA 1,150,15206,EAST LIBERTY,6360 BROAD ST,PITTSBURGH,PA,15206,9998,,X18121,S
ATLANTIC,4B,PENNSYLVANIA 1,150,15207,HAZELWOOD,5020 2ND AVE,PITTSBURGH,PA,15207,9998,,X18835,S
ATLANTIC,4B,PENNSYLVANIA 1,150,15208,EAST LIBERTY,6360 BROAD ST,PITTSBURGH,PA,15206,9998,,X18121,S
ATLANTIC,4B,PENNSYLVANIA 1,150,15209,MC KNIGHT,4981 MCKNIGHT RD,PITTSBURGH,PA,15237,9998,,X19692,B
ATLANTIC,4B,PENNSYLVANIA 1,150,15209,MILLVALE,205 LINCOLN AVE,MILLVALE,PA,15209,9998,,X19851,B
ATLANTIC,4B,PENNSYLVANIA 1,150,15210,MOUNT OLIVER,140 BROWNSVILLE RD,PITTSBURGH,PA,15210,9998,,X19961,B
ATLANTIC,4B,PENNSYLVANIA 1,150,15211,MOUNT OLIVER,140 BROWNSVILLE RD,PITTSBURGH,PA,15210,9998,,X19961,B
ATLANTIC,4B,PENNSYLVANIA 1,150,15211,MOUNT WASHINGTON,213 SHILOH ST,PITTSBURGH,PA,15211,9998,,X19982,S
ATLANTIC,4B,PENNSYLVANIA 1,150,15212,ALLEGHENY,395 FEDERAL ST,PITTSBURGH,PA,15212,9998,,X16929,S
ATLANTIC,4B,PENNSYLVANIA 1,150,15212,PITTSBURGH PA NORTHSIDE SDC,900 PENNSYLVANIA AVE,PITTSBURGH,PA,15233,9910,,021027,4
ATLANTIC,4B,PENNSYLVANIA 1,150,15213,OAKLAND,347 S BOUQUET ST,PITTSBURGH,PA,15213,9998,,X1A281,S
ATLANTIC,4B,PENNSYLVANIA 1,150,15214,PITTSBURGH PA NORTHSIDE SDC,900 PENNSYLVANIA AVE,PITTSBURGH,PA,15233,9910,,021027,4
ATLANTIC,4B,PENNSYLVANIA 1,150,15215,SHARPSBURG,1200 MAIN ST,PITTSBURGH,PA,15215,9998,,X1A995,B
ATLANTIC,4B,PENNSYLVANIA 1,150,15216,SOUTH HILLS,3038 W LIBERTY AVE,PITTSBURGH,PA,15216,9998,,X1B141,B
ATLANTIC,4B,PENNSYLVANIA 1,150,15217,SQUIRREL HILL,1800 MURRAY AVE,PITTSBURGH,PA,15217,9998,,X1B222,S
ATLANTIC,4B,PENNSYLVANIA 1,150,15217,EAST LIBERTY,6360 BROAD ST,PITTSBURGH,PA,15206,9998,,X18121,S
ATLANTIC,4B,PENNSYLVANIA 1,150,15218,SWISSVALE,1911 MONONGAHELA AVE,PITTSBURGH,PA,15218,9998,,X1B455,B
ATLANTIC,4B,PENNSYLVANIA 1,150,15219,WYLIE,415 DINWIDDIE ST,PITTSBURGH,PA,15219,3384,,X1C111,S
ATLANTIC,4B,PENNSYLVANIA 1,150,15219,GRANT STREET CARRIERS,395 FEDERAL ST,PITTSBURGH,PA,15212,9938,,016924,4
ATLANTIC,4B,PENNSYLVANIA 1,150,15220,PARKWAY CENTER,4 PARKWAY CTR W STE 150,PITTSBURGH,PA,15220,3514,,X1A400,B
ATLANTIC,4B,PENNSYLVANIA 1,150,15220,WABASH,13 WABASH ST,PITTSBURGH,PA,15220,9998,,X1B761,S
ATLANTIC,4B,PENNSYLVANIA 1,150,15220,GREENTREE,770 TRUMBULL DR,PITTSBURGH,PA,15205,4363,,X18723,B
ATLANTIC,4B,PENNSYLVANIA 1,150,15221,PENN HILLS,11650 PENN HILLS DR,PITTSBURGH,PA,15235,9998,,X1A447,B
ATLANTIC,4B,PENNSYLVANIA 1,150,15222,FOURTH AVENUE,336 4TH AVE STE 1A,PITTSBURGH,PA,15222,2006,,X18470,S
ATLANTIC,4B,PENNSYLVANIA 1,150,15222,GATEWAY CENTER,625 STANWIX ST STE 104,PITTSBURGH,PA,15222,1418,,X18562,S
ATLANTIC,4B,PENNSYLVANIA 1,150,15222,GRANT STREET CARRIERS,395 FEDERAL ST,PITTSBURGH,PA,15212,9938,,016924,4
ATLANTIC,4B,PENNSYLVANIA 1,150,15223,ETNA,335 BUTLER ST,PITTSBURGH,PA,15223,9998,,X18276,B
ATLANTIC,4B,PENNSYLVANIA 1,150,15223,GLENSHAW,1541 BUTLER PLANK RD,GLENSHAW,PA,15116,9998,,X18635,P
ATLANTIC,4B,PENNSYLVANIA 1,150,15224,BLOOMFIELD,5182 LIBERTY AVE,PITTSBURGH,PA,15224,9998,,X17251,S
ATLANTIC,4B,PENNSYLVANIA 1,150,15225,PITTSBURGH PA NORTHSIDE SDC,900 PENNSYLVANIA AVE,PITTSBURGH,PA,15233,9910,,021027,4
ATLANTIC,4B,PENNSYLVANIA 1,150,15226,BROOKLINE,612 BROOKLINE BLVD,PITTSBURGH,PA,15226,9998,,X17384,S
ATLANTIC,4B,PENNSYLVANIA 1,150,15226,CASTLE SHANNON,370 CASTLE SHANNON BLVD,PITTSBURGH,PA,15234,9998,,X17531,B
ATLANTIC,4B,PENNSYLVANIA 1,150,15227,BRENTWOOD,350 TOWNE SQUARE WAY,PITTSBURGH,PA,15227,9998,,X17347,B
ATLANTIC,4B,PENNSYLVANIA 1,150,15227,PITTSBURGH PA PLSNT HLS SDC,500 REGIS AVE,PITTSBURGH,PA,15236,9900,,021163,4
ATLANTIC,4B,PENNSYLVANIA 1,150,15228,CASTLE SHANNON,370 CASTLE SHANNON BLVD,PITTSBURGH,PA,15234,9998,,X17531,B
ATLANTIC,4B,PENNSYLVANIA 1,150,15229,WEST VIEW,1007 W VIEW PARK DR,PITTSBURGH,PA,15229,2717,,X1B953,B
ATLANTIC,4B,PENNSYLVANIA 1,150,15229,MC KNIGHT,4981 MCKNIGHT RD,PITTSBURGH,PA,15237,9998,,X19692,B
ATLANTIC,4B,PENNSYLVANIA 1,150,15230,LIBERTY CENTER,1001 LIBERTY AVE STE R20,PITTSBURGH,PA,15222,9998,P,016671,S
ATLANTIC,4B,PENNSYLVANIA 1,150,15232,BLOOMFIELD,5182 LIBERTY AVE,PITTSBURGH,PA,15224,9998,,X17251,S
ATLANTIC,4B,PENNSYLVANIA 1,150,15232,EAST LIBERTY,6360 BROAD ST,PITTSBURGH,PA,15206,9998,,X18121,S
ATLANTIC,4B,PENNSYLVANIA 1,150,15233,PITTSBURGH,1001 CALIFORNIA AVE RM 1002,PITTSBURGH,PA,15290,9998,,X1A543,P
ATLANTIC,4B,PENNSYLVANIA 1,150,15233,PITTSBURGH PA NORTHSIDE SDC,900 PENNSYLVANIA AVE,PITTSBURGH,PA,15233,9910,,021027,4
ATLANTIC,4B,PENNSYLVANIA 1,150,15234,CASTLE SHANNON,370 CASTLE SHANNON BLVD,PITTSBURGH,PA,15234,9998,,X17531,B
ATLANTIC,4B,PENNSYLVANIA 1,150,15235,PENN HILLS,11650 PENN HILLS DR,PITTSBURGH,PA,15235,9998,,X1A447,B
ATLANTIC,4B,PENNSYLVANIA 1,150,15236,PITTSBURGH PA PLSNT HLS SDC,500 REGIS AVE,PITTSBURGH,PA,15236,9900,,021163,4
ATLANTIC,4B,PENNSYLVANIA 1,150,15237,MC KNIGHT,4981 MCKNIGHT RD,PITTSBURGH,PA,15237,9998,,X19692,B
ATLANTIC,4B,PENNSYLVANIA 1,150,15238,BLAWNOX,1310 OLD FREEPORT RD,PITTSBURGH,PA,15238,9998,,X17249,B
ATLANTIC,4B,PENNSYLVANIA 1,150,15239,PLUM,3100 LEECHBURG RD,PITTSBURGH,PA,15239,9998,,X1A577,B
ATLANTIC,4B,PENNSYLVANIA 1,150,15239,MONROEVILLE,2630 MONROEVILLE BLVD,MONROEVILLE,PA,15146,9998,,X19896,B
ATLANTIC,4B,PENNSYLVANIA 1,150,15241,UPPER SAINT CLAIR,2211 LESNETT RD,PITTSBURGH,PA,15241,9998,,X1B654,B
ATLANTIC,4B,PENNSYLVANIA 1,150,15242,GREENTREE,770 TRUMBULL DR,PITTSBURGH,PA,15205,4363,P,X18723,B
ATLANTIC,4B,PENNSYLVANIA 1,150,15243,CEDARHURST,1099 BOWER HILL RD,PITTSBURGH,PA,15243,9998,,X17550,B
ATLANTIC,4B,PENNSYLVANIA 1,150,15244,MONTOUR,1936 PARK MANOR BLVD,MONTOUR,PA,15244,1001,P,X19908,B
ATLANTIC,4B,PENNSYLVANIA 1,150,15253,PITTSBURGH,1001 CALIFORNIA AVE RM 1002,PITTSBURGH,PA,15290,9998,P,X1A543,P
ATLANTIC,4B,PENNSYLVANIA 1,150,15275,GREENTREE,770 TRUMBULL DR,PITTSBURGH,PA,15205,4363,,X18723,B
ATLANTIC,4B,PENNSYLVANIA 1,150,15301,WASHINGTON,153 JEFFERSON AVE,WASHINGTON,PA,15301,9998,,X1B810,P
ATLANTIC,4B,PENNSYLVANIA 1,150,15301,CENTRAL WASHINGTON,28 N MAIN ST,WASHINGTON,PA,15301,4525,,X17572,S
CENTRAL,4J,KY-WV,400,15310,ALEPPO,1169 ALEPPO RD,ALEPPO,PA,15310,1453,,X16919,P
ATLANTIC,4B,PENNSYLVANIA 1,150,15311,WASHINGTON,153 JEFFERSON AVE,WASHINGTON,PA,15301,9998,,X1B810,P
ATLANTIC,4B,PENNSYLVANIA 1,150,15312,AVELLA,17 CAMPBELL ST,AVELLA,PA,15312,2763,,X17041,P
ATLANTIC,4B,PENNSYLVANIA 1,150,15313,BEALLSVILLE,82B SOUTH ST,BEALLSVILLE,PA,15313,1001,P,X17106,P
ATLANTIC,4B,PENNSYLVANIA 1,150,15314,BENTLEYVILLE,901 MAIN ST,BENTLEYVILLE,PA,15314,9998,,X17177,P
ATLANTIC,4B,PENNSYLVANIA 1,150,15315,BOBTOWN,778 LARIMER AVE,BOBTOWN,PA,15315,1001,P,X17271,P
ATLANTIC,4B,PENNSYLVANIA 1,150,15316,BRAVE,120 OAK FOREST RD,BRAVE,PA,15316,1001,,X17341,P
ATLANTIC,4B,PENNSYLVANIA 1,150,15317,CANONSBURG,120 W PIKE ST,CANONSBURG,PA,15317,1316,,X17495,P
ATLANTIC,4B,PENNSYLVANIA 1,150,15317,MC MURRAY,3935 WASHINGTON RD,CANONSBURG,PA,15317,2552,,X19694,B
ATLANTIC,4B,PENNSYLVANIA 1,150,15317,CANONSBURG CARRIER ANNEX,14 CURRY AVE,CANONSBURG,PA,15317,9998,,004421,4
ATLANTIC,4B,PENNSYLVANIA 1,150,15320,CARMICHAELS,111 N MARKET ST,CARMICHAELS,PA,15320,9998,,X17507,P
ATLANTIC,4B,PENNSYLVANIA 1,150,15321,CECIL,3333 MILLERS RUN RD,CECIL,PA,15321,1001,,X17541,P
ATLANTIC,4B,PENNSYLVANIA 1,150,15322,CLARKSVILLE,541 CENTER ST,CLARKSVILLE,PA,15322,1001,,X17660,P
ATLANTIC,4B,PENNSYLVANIA 1,150,15323,CLAYSVILLE,146 MAIN ST,CLAYSVILLE,PA,15323,9998,,X17668,P
ATLANTIC,4B,PENNSYLVANIA 1,150,15324,COKEBURG,0 MADISON ST,COKEBURG,PA,15324,1001,P,X17713,P
ATLANTIC,4B,PENNSYLVANIA 1,150,15325,CRUCIBLE,103B CRUCIBLE CARMICHAELS RD,CRUCIBLE,PA,15325,1001,P,X17853,P
ATLANTIC,4B,PENNSYLVANIA 1,150,15327,BOBTOWN,778 LARIMER AVE,BOBTOWN,PA,15315,1001,,X17271,P
ATLANTIC,4B,PENNSYLVANIA 1,150,15327,DILLINER,2854 STATE ROUTE 88,DILLINER,PA,15327,1001,,X17956,P
ATLANTIC,4B,PENNSYLVANIA 1,150,15329,PROSPERITY,4559 PROSPERITY PIKE,PROSPERITY,PA,15329,1001,,X1A657,P
ATLANTIC,4B,PENNSYLVANIA 1,150,15329,WASHINGTON,153 JEFFERSON AVE,WASHINGTON,PA,15301,9998,,X1B810,P
ATLANTIC,4B,PENNSYLVANIA 1,150,15330,EIGHTY FOUR,812 ROUTE 519,EIGHTY FOUR,PA,15330,1001,,X18190,P
ATLANTIC,4B,PENNSYLVANIA 1,150,15331,ELLSWORTH,1002 ALMOND RD,ELLSWORTH,PA,15331,1001,P,X18223,P
ATLANTIC,4B,PENNSYLVANIA 1,150,15332,FINLEYVILLE,3510 EXTENSION AVE,FINLEYVILLE,PA,15332,9998,,X18390,P
ATLANTIC,4B,PENNSYLVANIA 1,150,15333,CLARKSVILLE,541 CENTER ST,CLARKSVILLE,PA,15322,1001,,X17660,P
ATLANTIC,4B,PENNSYLVANIA 1,150,15333,FREDERICKTOWN,531 FRONT ST,FREDERICKTOWN,PA,15333,2197,,X18505,P
ATLANTIC,4B,PENNSYLVANIA 1,150,15334,WAYNESBURG,120 S MORRIS ST,WAYNESBURG,PA,15370,9998,,X1B842,P
ATLANTIC,4B,PENNSYLVANIA 1,150,15334,GARARDS FORT,288 GARARDS FORT RD,GARARDS FORT,PA,15334,1017,,X18550,P
ATLANTIC,4B,PENNSYLVANIA 1,150,15336,GASTONVILLE,3708 FINLEYVILLE ELRAMA RD,GASTONVILLE,PA,15336,1001,P,X18558,P
ATLANTIC,4B,PENNSYLVANIA 1,150,15337,GRAYSVILLE,1167 W ROY FURMAN HWY,GRAYSVILLE,PA,15337,1001,,X18687,P
ATLANTIC,4B,PENNSYLVANIA 1,150,15338,BOBTOWN,778 LARIMER AVE,BOBTOWN,PA,15315,1001,,X17271,P
ATLANTIC,4B,PENNSYLVANIA 1,150,15338,GREENSBORO,304 FRONT ST,GREENSBORO,PA,15338,2001,,X18716,P
ATLANTIC,4B,PENNSYLVANIA 1,150,15340,AVELLA,17 CAMPBELL ST,AVELLA,PA,15312,2763,,X17041,P
ATLANTIC,4B,PENNSYLVANIA 1,150,15340,HICKORY,188 MAIN ST,HICKORY,PA,15340,1001,,X18888,P
ATLANTIC,4B,PENNSYLVANIA 1,150,15341,HOLBROOK,2769 GOLDEN OAKS RD,HOLBROOK,PA,15341,1062,,X18918,P
ATLANTIC,4B,PENNSYLVANIA 1,150,15342,HOUSTON,123 S MAIN ST,HOUSTON,PA,15342,9998,,X18958,P
ATLANTIC,4B,PENNSYLVANIA 1,150,15342,CANONSBURG CARRIER ANNEX,14 CURRY AVE,CANONSBURG,PA,15317,9998,,004421,4
ATLANTIC,4B,PENNSYLVANIA 1,150,15344,CARMICHAELS,111 N MARKET ST,CARMICHAELS,PA,15320,9998,,X17507,P
ATLANTIC,4B,PENNSYLVANIA 1,150,15344,JEFFERSON,1422 JEFFERSON RD,JEFFERSON,PA,15344,1001,,X19071,P
ATLANTIC,4B,PENNSYLVANIA 1,150,15345,CLARKSVILLE,541 CENTER ST,CLARKSVILLE,PA,15322,1001,,X17660,P
ATLANTIC,4B,PENNSYLVANIA 1,150,15346,MATHER,319 3RD ST,MATHER,PA,15346,1001,P,X19662,P
ATLANTIC,4B,PENNSYLVANIA 1,150,15347,MEADOW LANDS,100 COUNTRY CLUB RD,MEADOW LANDS,PA,15347,1001,P,X19734,P
ATLANTIC,4B,PENNSYLVANIA 1,150,15348,MILLSBORO,21 MILL ST,MILLSBORO,PA,15348,1001,P,X19850,P
ATLANTIC,4B,PENNSYLVANIA 1,150,15349,MOUNT MORRIS,100 MAIN ST,MOUNT MORRIS,PA,15349,1001,,X19959,P
ATLANTIC,4B,PENNSYLVANIA 1,150,15350,MUSE,184 MUSE BISHOP RD,MUSE,PA,15350,1019,P,X1A039,P
ATLANTIC,4B,PENNSYLVANIA 1,150,15351,NEMACOLIN,1 PERSHING BLVD,NEMACOLIN,PA,15351,1001,P,X1A089,P
CENTRAL,4J,KY-WV,400,15352,NEW FREEPORT,119 MAIN ST,NEW FREEPORT,PA,15352,9998,,X1A128,P
ATLANTIC,4B,PENNSYLVANIA 1,150,15353,NINEVEH,1750 BROWNS CREEK RD,NINEVEH,PA,15353,1001,P,X1A195,P
ATLANTIC,4B,PENNSYLVANIA 1,150,15357,RICES LANDING,113 RICES LANDING RD,RICES LANDING,PA,15357,1001,,X1A745,P
ATLANTIC,4B,PENNSYLVANIA 1,150,15357,CARMICHAELS,111 N MARKET ST,CARMICHAELS,PA,15320,9998,,X17507,P
ATLANTIC,4B,PENNSYLVANIA 1,150,15358,RICHEYVILLE,3147 NATIONAL PIKE,RICHEYVILLE,PA,15358,1001,P,X1A749,P
ATLANTIC,4B,PENNSYLVANIA 1,150,15359,ROGERSVILLE,140 CHURCH ST,ROGERSVILLE,PA,15359,1001,,X1A811,P
ATLANTIC,4B,PENNSYLVANIA 1,150,15360,SCENERY HILL,1908 E NATIONAL PIKE,SCENERY HILL,PA,15360,1029,,X1A934,P
ATLANTIC,4B,PENNSYLVANIA 1,150,15360,BENTLEYVILLE,901 MAIN ST,BENTLEYVILLE,PA,15314,9998,,X17177,P
ATLANTIC,4B,PENNSYLVANIA 1,150,15361,MC DONALD,110 W BARR ST,MC DONALD,PA,15057,9998,P,X19683,P
ATLANTIC,4B,PENNSYLVANIA 1,150,15362,SPRAGGS,115 SPRAGGS RD,SPRAGGS,PA,15362,9998,,X1B176,P
ATLANTIC,4B,PENNSYLVANIA 1,150,15363,STRABANE,218 LATIMER AVE,STRABANE,PA,15363,1001,,X1B384,P
ATLANTIC,4B,PENNSYLVANIA 1,150,15364,SYCAMORE,123 WW RAILROAD RD,SYCAMORE,PA,15364,1001,,X1B465,P
ATLANTIC,4B,PENNSYLVANIA 1,150,15365,TAYLORSTOWN,56 MAIN ST,TAYLORSTOWN,PA,15365,1001,P,X1B489,P
ATLANTIC,4B,PENNSYLVANIA 1,150,15366,VAN VOORHIS,1275 BENTLEYVILLE RD,VAN VOORHIS,PA,15366,1001,P,X1B687,P
ATLANTIC,4B,PENNSYLVANIA 1,150,15367,VENETIA,500 VENETIA RD,VENETIA,PA,15367,9998,,X1B693,P
ATLANTIC,4B,PENNSYLVANIA 1,150,15368,VESTABURG,301 COMMUNITY ST,VESTABURG,PA,15368,1001,P,X1B699,P
ATLANTIC,4B,PENNSYLVANIA 1,150,15370,WAYNESBURG,120 S MORRIS ST,WAYNESBURG,PA,15370,9998,,X1B842,P
ATLANTIC,4B,PENNSYLVANIA 1,150,15376,WEST ALEXANDER,35 N LIBERTY RD,WEST ALEXANDER,PA,15376,1001,,X1B882,P
ATLANTIC,4B,PENNSYLVANIA 1,150,15377,WEST FINLEY,487 W FINLEY RD,WEST FINLEY,PA,15377,1001,,X1B909,P
ATLANTIC,4B,PENNSYLVANIA 1,150,15378,WESTLAND,428 WESTLAND RD,WESTLAND,PA,15378,1001,P,X1B966,P
ATLANTIC,4B,PENNSYLVANIA 1,150,15379,WEST MIDDLETOWN,109 E MAIN ST,WEST MIDDLETOWN,PA,15379,1001,P,X1B927,P
CENTRAL,4J,KY-WV,400,15380,WIND RIDGE,466 W ROY FURMAN HWY,WIND RIDGE,PA,15380,1109,,X1C059,P
ATLANTIC,4B,PENNSYLVANIA 1,150,15401,UNIONTOWN,47 E FAYETTE ST,UNIONTOWN,PA,15401,9998,,X1B624,P
ATLANTIC,4B,PENNSYLVANIA 1,150,15401,DOWNTOWN UNIONTOWN,34 W PETER ST,UNIONTOWN,PA,15401,3316,,X17996,S
ATLANTIC,4B,PENNSYLVANIA 1,150,15411,ADDISON,7337 NATIONAL PIKE,ADDISON,PA,15411,2167,,X16897,P
ATLANTIC,4B,PENNSYLVANIA 1,150,15412,ALLENPORT,1908 MAIN ST,ALLENPORT,PA,15412,1001,P,X16933,P
ATLANTIC,4B,PENNSYLVANIA 1,150,15413,ALLISON,575 ALLISON AVE,ALLISON,PA,15413,9614,,X16940,P
ATLANTIC,4B,PENNSYLVANIA 1,150,15415,BRIER HILL,6608 NATIONAL PIKE,BRIER HILL,PA,15415,1001,P,X17360,P
ATLANTIC,4B,PENNSYLVANIA 1,150,15416,BROWNFIELD,212 2ND ST,BROWNFIELD,PA,15416,1001,P,X17396,P
ATLANTIC,4B,PENNSYLVANIA 1,150,15417,BROWNSVILLE,100 CHARLES ST,BROWNSVILLE,PA,15417,9998,,X17399,P
ATLANTIC,4B,PENNSYLVANIA 1,150,15419,CALIFORNIA,430 2ND ST,CALIFORNIA,PA,15419,9998,,X17474,P
ATLANTIC,4B,PENNSYLVANIA 1,150,15420,CARDALE,258 FILBERT ORIENT RD,CARDALE,PA,15420,1001,P,X17501,P
ATLANTIC,4B,PENNSYLVANIA 1,150,15421,CHALK HILL,2963 NATIONAL PIKE,CHALK HILL,PA,15421,1001,P,X17585,P
ATLANTIC,4B,PENNSYLVANIA 1,150,15422,CHESTNUT RIDGE,402 3RD ST,CHESTNUT RIDGE,PA,15422,1001,P,X17626,P
ATLANTIC,4B,PENNSYLVANIA 1,150,15423,COAL CENTER,109 SPRING ST,COAL CENTER,PA,15423,1055,,X17697,P
ATLANTIC,4B,PENNSYLVANIA 1,150,15424,CONFLUENCE,512 HUGART ST,CONFLUENCE,PA,15424,9998,,X17759,P
ATLANTIC,4B,PENNSYLVANIA 1,150,15425,CONNELLSVILLE,115 N ARCH ST,CONNELLSVILLE,PA,15425,9998,,X17764,P
ATLANTIC,4B,PENNSYLVANIA 1,150,15427,BROWNSVILLE,100 CHARLES ST,BROWNSVILLE,PA,15417,9998,,X17399,P
ATLANTIC,4B,PENNSYLVANIA 1,150,15427,DAISYTOWN,545 PIKE RUN DR,DAISYTOWN,PA,15427,1099,,X17877,P
ATLANTIC,4B,PENNSYLVANIA 1,150,15428,DAWSON,101 RAILROAD ST,DAWSON,PA,15428,2001,,X17905,P
ATLANTIC,4B,PENNSYLVANIA 1,150,15430,DICKERSON RUN,232 MAIN ST,DICKERSON RUN,PA,15430,1001,P,X17948,P
ATLANTIC,4B,PENNSYLVANIA 1,150,15431,CONNELLSVILLE,115 N ARCH ST,CONNELLSVILLE,PA,15425,9998,,X17764,P
ATLANTIC,4B,PENNSYLVANIA 1,150,15431,DUNBAR,27 CHURCH ST,DUNBAR,PA,15431,9998,,X18030,P
ATLANTIC,4B,PENNSYLVANIA 1,150,15432,DUNLEVY,2216 ROUTE 88,DUNLEVY,PA,15432,1001,P,X18037,P
ATLANTIC,4B,PENNSYLVANIA 1,150,15433,BROWNSVILLE,100 CHARLES ST,BROWNSVILLE,PA,15417,9998,,X17399,P
ATLANTIC,4B,PENNSYLVANIA 1,150,15433,EAST MILLSBORO,326 MILLSBORO RD,EAST MILLSBORO,PA,15433,1001,,X18124,P
ATLANTIC,4B,PENNSYLVANIA 1,150,15434,ROSCOE,500 FURLONG AVE,ROSCOE,PA,15477,1001,P,X1A822,P
ATLANTIC,4B,PENNSYLVANIA 1,150,15435,FAIRBANK,650 FAIRBANK HERBERT RD,FAIRBANK,PA,15435,1001,P,X18306,P
ATLANTIC,4B,PENNSYLVANIA 1,150,15436,FAIRCHANCE,50 W CHURCH ST,FAIRCHANCE,PA,15436,9998,,X18307,P
ATLANTIC,4B,PENNSYLVANIA 1,150,15437,FARMINGTON,103 FARMINGTON OHIOPYLE RD,FARMINGTON,PA,15437,1302,,X18351,P
ATLANTIC,4B,PENNSYLVANIA 1,150,15438,FAYETTE CITY,121 JOHNSON HOLLOW RD,FAYETTE CITY,PA,15438,2111,,X18362,P
ATLANTIC,4B,PENNSYLVANIA 1,150,15439,POINT MARION,100 PENN ST,POINT MARION,PA,15474,9998,P,X1A601,P
ATLANTIC,4B,PENNSYLVANIA 1,150,15440,GIBBON GLADE,872 GIBBON GLADE RD,GIBBON GLADE,PA,15440,1001,,X18589,P
ATLANTIC,4B,PENNSYLVANIA 1,150,15442,BROWNSVILLE,100 CHARLES ST,BROWNSVILLE,PA,15417,9998,,X17399,P
ATLANTIC,4B,PENNSYLVANIA 1,150,15442,GRINDSTONE,565 GRINDSTONE RD,GRINDSTONE,PA,15442,2007,,X18737,P
ATLANTIC,4B,PENNSYLVANIA 1,150,15443,HIBBS,1006 RALPH NEW SALEM RD,HIBBS,PA,15443,1001,P,X18887,P
ATLANTIC,4B,PENNSYLVANIA 1,150,15444,HILLER,906 1ST ST,HILLER,PA,15444,1001,,X18902,P
ATLANTIC,4B,PENNSYLVANIA 1,150,15445,HOPWOOD,108 PAULL ST,HOPWOOD,PA,15445,3100,,X18950,P
ATLANTIC,4B,PENNSYLVANIA 1,150,15446,INDIAN HEAD,2072 INDIAN HEAD RD,INDIAN HEAD,PA,15446,1111,,X19011,P
ATLANTIC,4B,PENNSYLVANIA 1,150,15447,ISABELLA,506 1ST ST REAR,ISABELLA,PA,15447,1000,P,X19035,P
ATLANTIC,4B,PENNSYLVANIA 1,150,15448,JACOBS CREEK,178 MAIN ST,JACOBS CREEK,PA,15448,1001,P,X19054,P
ATLANTIC,4B,PENNSYLVANIA 1,150,15449,KEISTERVILLE,831 MAIN ST,KEISTERVILLE,PA,15449,1001,P,X19131,P
ATLANTIC,4B,PENNSYLVANIA 1,150,15450,LA BELLE,1139 LABELLE RD,LA BELLE,PA,15450,1012,,X19231,P
ATLANTIC,4B,PENNSYLVANIA 1,150,15454,LECKRONE,348 LECKRONE HIGH HOUSE RD,LECKRONE,PA,15454,1001,P,X19344,P
ATLANTIC,4B,PENNSYLVANIA 1,150,15455,LEISENRING,232 MAIN ST,LEISENRING,PA,15455,1111,P,X19363,P
ATLANTIC,4B,PENNSYLVANIA 1,150,15456,LEMONT FURNACE,265 STARLITE RD,LEMONT FURNACE,PA,15456,1161,,X19368,P
ATLANTIC,4B,PENNSYLVANIA 1,150,15458,MC CLELLANDTOWN,109 MCKINLEY ST,MC CLELLANDTOWN,PA,15458,1527,,X19679,P
ATLANTIC,4B,PENNSYLVANIA 1,150,15459,FARMINGTON,103 FARMINGTON OHIOPYLE RD,FARMINGTON,PA,15437,1302,,X18351,P
ATLANTIC,4B,PENNSYLVANIA 1,150,15459,MARKLEYSBURG,173 MAIN ST,MARKLEYSBURG,PA,15459,1072,,X19628,P
ATLANTIC,4B,PENNSYLVANIA 1,150,15460,MARTIN,107 NICHOLSON ST,MARTIN,PA,15460,1001,P,X19645,P
ATLANTIC,4B,PENNSYLVANIA 1,150,15461,MASONTOWN,11 E CHURCH AVE,MASONTOWN,PA,15461,9998,,X19658,P
ATLANTIC,4B,PENNSYLVANIA 1,150,15462,MELCROFT,1334 INDIAN CREEK VALLEY RD,MELCROFT,PA,15462,1026,,X19754,P
ATLANTIC,4B,PENNSYLVANIA 1,150,15463,MERRITTSTOWN,200 ACADEMY RD,MERRITTSTOWN,PA,15463,9998,P,X19774,P
ATLANTIC,4B,PENNSYLVANIA 1,150,15464,NORMALVILLE,3318 SPRINGFIELD PIKE,NORMALVILLE,PA,15469,2111,,X1A205,P
ATLANTIC,4B,PENNSYLVANIA 1,150,15464,MILL RUN,105 STEWARTON RD,MILL RUN,PA,15464,1021,,X19830,P
ATLANTIC,4B,PENNSYLVANIA 1,150,15465,MOUNT BRADDOCK,5 FERGUSON RD,MOUNT BRADDOCK,PA,15465,1001,P,X19947,P
ATLANTIC,4B,PENNSYLVANIA 1,150,15466,NEWELL,406 4TH ST,NEWELL,PA,15466,1001,P,X1A170,P
ATLANTIC,4B,PENNSYLVANIA 1,150,15468,NEW SALEM,9 W MAIN ST,NEW SALEM,PA,15468,2111,,X1A157,P
ATLANTIC,4B,PENNSYLVANIA 1,150,15469,NORMALVILLE,3318 SPRINGFIELD PIKE,NORMALVILLE,PA,15469,2111,,X1A205,P
ATLANTIC,4B,PENNSYLVANIA 1,150,15470,OHIOPYLE,122 GRANT ST,OHIOPYLE,PA,15470,1111,,X1A303,P
ATLANTIC,4B,PENNSYLVANIA 1,150,15472,OLIVER,232 MAIN ST,OLIVER,PA,15472,1000,P,X1A325,P
ATLANTIC,4B,PENNSYLVANIA 1,150,15473,PERRYOPOLIS,221 REPUBLICAN ST,PERRYOPOLIS,PA,15473,9998,,X1A481,P
ATLANTIC,4B,PENNSYLVANIA 1,150,15474,POINT MARION,100 PENN ST,POINT MARION,PA,15474,9998,,X1A601,P
ATLANTIC,4B,PENNSYLVANIA 1,150,15475,REPUBLIC,26 VAN KIRK ST,REPUBLIC,PA,15475,1001,P,X1A734,P
ATLANTIC,4B,PENNSYLVANIA 1,150,15476,RONCO,639 STEVENSON ST,RONCO,PA,15476,1001,P,X1A819,P
ATLANTIC,4B,PENNSYLVANIA 1,150,15477,ROSCOE,500 FURLONG AVE,ROSCOE,PA,15477,1001,P,X1A822,P
ATLANTIC,4B,PENNSYLVANIA 1,150,15478,SMITHFIELD,91 MAIN ST,SMITHFIELD,PA,15478,9998,,X1B090,P
ATLANTIC,4B,PENNSYLVANIA 1,150,15479,SMITHTON,222 2ND ST,SMITHTON,PA,15479,1001,,X1B092,P
ATLANTIC,4B,PENNSYLVANIA 1,150,15480,SMOCK,105 MAIN ST,SMOCK,PA,15480,1047,,X1B094,P
ATLANTIC,4B,PENNSYLVANIA 1,150,15482,STAR JUNCTION,115 TONY ROW RD,STAR JUNCTION,PA,15482,1001,P,X1B312,P
ATLANTIC,4B,PENNSYLVANIA 1,150,15483,STOCKDALE,398 RAILROAD ST,STOCKDALE,PA,15483,1001,P,X1B362,P
ATLANTIC,4B,PENNSYLVANIA 1,150,15484,ULEDI,100 RAINEY RD,ULEDI,PA,15484,1001,P,X1B602,P
ATLANTIC,4B,PENNSYLVANIA 1,150,15485,CONFLUENCE,512 HUGART ST,CONFLUENCE,PA,15424,9998,P,X17759,P
ATLANTIC,4B,PENNSYLVANIA 1,150,15486,VANDERBILT,262 LIBERTY ST,VANDERBILT,PA,15486,5001,,X1B689,P
ATLANTIC,4B,PENNSYLVANIA 1,150,15486,DAWSON,101 RAILROAD ST,DAWSON,PA,15428,2001,,X17905,P
ATLANTIC,4B,PENNSYLVANIA 1,150,15488,WALTERSBURG,1829 PITTSBURGH RD,WALTERSBURG,PA,15488,5001,,X1B784,P
ATLANTIC,4B,PENNSYLVANIA 1,150,15489,WEST LEISENRING,114 POSTAL WAY,WEST LEISENRING,PA,15489,1001,P,X1B922,P
ATLANTIC,4B,PENNSYLVANIA 1,150,15490,WHITE,881 BUCHANAN RD,WHITE,PA,15490,1075,,X1B987,P
ATLANTIC,4B,PENNSYLVANIA 1,150,15501,SOMERSET,201 N CENTER AVE,SOMERSET,PA,15501,9998,,X1B121,P
ATLANTIC,4B,PENNSYLVANIA 1,150,15502,SOMERSET,201 N CENTER AVE,SOMERSET,PA,15501,9998,P,X1B121,P
ATLANTIC,4B,PENNSYLVANIA 1,150,15520,ACOSTA,121 5TH ST,ACOSTA,PA,15520,9998,P,X16890,P
ATLANTIC,4B,PENNSYLVANIA 1,150,15521,ALUM BANK,113 FOLLMAR LN,ALUM BANK,PA,15521,9998,,X16955,P
ATLANTIC,4B,PENNSYLVANIA 1,150,15522,BEDFORD,201 S JULIANA ST,BEDFORD,PA,15522,9998,,X17139,P
ATLANTIC,4B,PENNSYLVANIA 1,150,15530,SOMERSET,201 N CENTER AVE,SOMERSET,PA,15501,9998,,X1B121,P
ATLANTIC,4B,PENNSYLVANIA 1,150,15530,BERLIN,531 MAIN ST STE 100,BERLIN,PA,15530,9998,,X17184,P
ATLANTIC,4B,PENNSYLVANIA 1,150,15531,BOSWELL,908 ATKINSON WAY,BOSWELL,PA,15531,9998,,X17289,P
ATLANTIC,4B,PENNSYLVANIA 1,150,15532,BOYNTON,102 POST OFFICE ST,BOYNTON,PA,15532,9998,P,X17308,P
ATLANTIC,4B,PENNSYLVANIA 1,150,15533,BREEZEWOOD,166 N MAIN ST,BREEZEWOOD,PA,15533,9998,,X17342,P
ATLANTIC,4B,PENNSYLVANIA 1,150,15534,BUFFALO MILLS,8862 HYNDMAN RD,BUFFALO MILLS,PA,15534,9998,,X17432,P
ATLANTIC,4B,PENNSYLVANIA 1,150,15534,MANNS CHOICE,1 DOGWOOD LN,MANNS CHOICE,PA,15550,9998,,X19594,P
ATLANTIC,4B,PENNSYLVANIA 1,150,15535,CLEARVILLE,8156 CLEAR RIDGE RD,CLEARVILLE,PA,15535,9998,,X17674,P
ATLANTIC,4B,PENNSYLVANIA 1,150,15536,CRYSTAL SPRING,14457 OLD 126 STE B,CRYSTAL SPRING,PA,15536,9998,,X17855,P
ATLANTIC,4B,PENNSYLVANIA 1,150,15537,EVERETT,17 E MAIN ST,EVERETT,PA,15537,9998,,X18283,P
ATLANTIC,4B,PENNSYLVANIA 1,150,15538,FAIRHOPE,1172 FAIRHOPE RD,FAIRHOPE,PA,15538,9998,,X18315,P
ATLANTIC,4B,PENNSYLVANIA 1,150,15539,FISHERTOWN,2240 QUAKER VALLEY RD,FISHERTOWN,PA,15539,9998,,X18400,P
ATLANTIC,4B,PENNSYLVANIA 1,150,15540,FORT HILL,414 FORT HILL RD,FORT HILL,PA,15540,9998,,X18455,P
ATLANTIC,4B,PENNSYLVANIA 1,150,15541,STOYSTOWN,209 W MAIN ST,STOYSTOWN,PA,15563,9998,,X1B383,P
ATLANTIC,4B,PENNSYLVANIA 1,150,15541,FRIEDENS,2247 STOYSTOWN RD,FRIEDENS,PA,15541,9998,,X18514,P
ATLANTIC,4B,PENNSYLVANIA 1,150,15542,GARRETT,419 JACKSON ST,GARRETT,PA,15542,9998,,X18557,P
ATLANTIC,4B,PENNSYLVANIA 1,150,15544,GRAY,129 E 1ST ST,GRAY,PA,15544,9900,P,X18685,P
ATLANTIC,4B,PENNSYLVANIA 1,150,15545,HYNDMAN,129 WASHINGTON ST,HYNDMAN,PA,15545,9998,,X18998,P
ATLANTIC,4B,PENNSYLVANIA 1,150,15547,JENNERSTOWN,1596 PITT ST,JENNERSTOWN,PA,15547,9998,P,X19078,P
ATLANTIC,4B,PENNSYLVANIA 1,150,15549,FRIEDENS,2247 STOYSTOWN RD,FRIEDENS,PA,15541,9998,P,X18514,P
ATLANTIC,4B,PENNSYLVANIA 1,150,15550,MANNS CHOICE,1 DOGWOOD LN,MANNS CHOICE,PA,15550,9998,,X19594,P
ATLANTIC,4B,PENNSYLVANIA 1,150,15551,MARKLETON,1099 MARKLETON SCHOOL RD,MARKLETON,PA,15551,9998,,X19627,P
ATLANTIC,4B,PENNSYLVANIA 1,150,15552,MEYERSDALE,239 CENTER ST,MEYERSDALE,PA,15552,9998,,X19782,P
ATLANTIC,4B,PENNSYLVANIA 1,150,15553,NEW BALTIMORE,530 JUNIATA ST,NEW BALTIMORE,PA,15553,9901,P,X1A097,P
ATLANTIC,4B,PENNSYLVANIA 1,150,15554,NEW PARIS,3822 CORTLAND RD,NEW PARIS,PA,15554,9998,,X1A147,P
ATLANTIC,4B,PENNSYLVANIA 1,150,15555,SOMERSET,201 N CENTER AVE,SOMERSET,PA,15501,9998,P,X1B121,P
ATLANTIC,4B,PENNSYLVANIA 1,150,15557,ROCKWOOD,690 MAIN ST,ROCKWOOD,PA,15557,9998,,X1A807,P
ATLANTIC,4B,PENNSYLVANIA 1,150,15558,SALISBURY,96 GRANT ST STE 1,SALISBURY,PA,15558,9998,,X1A912,P
ATLANTIC,4B,PENNSYLVANIA 1,150,15559,MANNS CHOICE,1 DOGWOOD LN,MANNS CHOICE,PA,15550,9998,,X19594,P
ATLANTIC,4B,PENNSYLVANIA 1,150,15560,SHANKSVILLE,442 STUTZMANTOWN RD,SHANKSVILLE,PA,15560,9998,P,X1A992,P
ATLANTIC,4B,PENNSYLVANIA 1,150,15561,SIPESVILLE,601 SIPESVILLE RD,SIPESVILLE,PA,15561,9998,P,X1B071,P
ATLANTIC,4B,PENNSYLVANIA 1,150,15562,SPRINGS,1740 SPRINGS RD,SPRINGS,PA,15562,9998,,X1B207,P
ATLANTIC,4B,PENNSYLVANIA 1,150,15563,STOYSTOWN,209 W MAIN ST,STOYSTOWN,PA,15563,9998,,X1B383,P
ATLANTIC,4B,PENNSYLVANIA 1,150,15601,GREENSBURG,238 S PENNSYLVANIA AVE,GREENSBURG,PA,15601,9998,,X18719,P
ATLANTIC,4B,PENNSYLVANIA 1,150,15610,ACME,2930 STATE ROUTE 31,ACME,PA,15610,1382,,X16889,P
ATLANTIC,4B,PENNSYLVANIA 1,150,15610,CHAMPION,1410 COUNTY LINE RD,CHAMPION,PA,15622,2046,,X17589,P
ATLANTIC,4B,PENNSYLVANIA 1,150,15611,ADAMSBURG,184 MAIN ST,ADAMSBURG,PA,15611,5001,,X16892,P
ATLANTIC,4B,PENNSYLVANIA 1,150,15612,ALVERTON,459 RUFFSDALE ALVERTON RD,ALVERTON,PA,15612,1001,,X16957,P
ATLANTIC,4B,PENNSYLVANIA 1,150,15613,APOLLO,118 NORTH PLZ,APOLLO,PA,15613,9998,,X16982,P
ATLANTIC,4B,PENNSYLVANIA 1,150,15615,NORTH HUNTINGDON,1101 MAIN ST,IRWIN,PA,15642,9998,,X1A220,4
ATLANTIC,4B,PENNSYLVANIA 1,150,15615,ARDARA,12889 STATE ROUTE 993,ARDARA,PA,15615,9736,,X16990,P
ATLANTIC,4B,PENNSYLVANIA 1,150,15616,ARMBRUST,7855 STATE ROUTE 819,ARMBRUST,PA,15616,1000,P,X16999,P
ATLANTIC,4B,PENNSYLVANIA 1,150,15617,ARONA,2128 MAIN ST,ARONA,PA,15617,1001,P,X17004,P
ATLANTIC,4B,PENNSYLVANIA 1,150,15618,AVONMORE,516 WESTMORELAND AVE,AVONMORE,PA,15618,9998,,X17047,P
ATLANTIC,4B,PENNSYLVANIA 1,150,15619,BOVARD,3 JEFFERSON ST,BOVARD,PA,15619,1001,P,X17293,P
ATLANTIC,4B,PENNSYLVANIA 1,150,15620,BRADENVILLE,1303 HIGH ST,BRADENVILLE,PA,15620,5001,,X17323,P
ATLANTIC,4B,PENNSYLVANIA 1,150,15620,LATROBE,811 JEFFERSON ST,LATROBE,PA,15650,9998,,X19301,P
ATLANTIC,4B,PENNSYLVANIA 1,150,15622,CHAMPION,1410 COUNTY LINE RD,CHAMPION,PA,15622,2046,,X17589,P
ATLANTIC,4B,PENNSYLVANIA 1,150,15623,CLARIDGE,3162 MAIN ST,CLARIDGE,PA,15623,1001,,X17648,P
ATLANTIC,4B,PENNSYLVANIA 1,150,15624,CRABTREE,2573 STATE ROUTE 119,CRABTREE,PA,15624,1001,P,X17819,P
ATLANTIC,4B,PENNSYLVANIA 1,150,15625,DARRAGH,3206 ROUTE 136,DARRAGH,PA,15625,1001,P,X17896,P
ATLANTIC,4B,PENNSYLVANIA 1,150,15626,DELMONT,48 GREENSBURG ST,DELMONT,PA,15626,9998,,X17927,P
ATLANTIC,4B,PENNSYLVANIA 1,150,15627,DERRY,101 E 1ST AVE,DERRY,PA,15627,9998,,X17937,P
ATLANTIC,4B,PENNSYLVANIA 1,150,15627,LATROBE,811 JEFFERSON ST,LATROBE,PA,15650,9998,,X19301,P
ATLANTIC,4B,PENNSYLVANIA 1,150,15628,DONEGAL,154 MAIN ST,DONEGAL,PA,15628,1001,,X17967,P
ATLANTIC,4B,PENNSYLVANIA 1,150,15629,EAST VANDERGRIFT,252 MCKINLEY AVE,EAST VANDERGRIFT,PA,15629,1001,P,X18143,P
ATLANTIC,4B,PENNSYLVANIA 1,150,15631,EVERSON,328 BROWN ST,EVERSON,PA,15631,1003,P,X18285,P
ATLANTIC,4B,PENNSYLVANIA 1,150,15632,MURRYSVILLE,1 PRIORITY LN,MURRYSVILLE,PA,15668,9998,,X1A036,P
ATLANTIC,4B,PENNSYLVANIA 1,150,15633,FORBES ROAD,344 FIRE STATION RD,FORBES ROAD,PA,15633,1001,P,X18433,P
ATLANTIC,4B,PENNSYLVANIA 1,150,15634,GRAPEVILLE,2526 NEWARK ST,GRAPEVILLE,PA,15634,1100,,X18679,P
ATLANTIC,4B,PENNSYLVANIA 1,150,15635,HANNASTOWN,189 FRONT ST,HANNASTOWN,PA,15635,1001,P,X18779,P
ATLANTIC,4B,PENNSYLVANIA 1,150,15636,NORTH HUNTINGDON,1101 MAIN ST,IRWIN,PA,15642,9998,,X1A220,4
ATLANTIC,4B,PENNSYLVANIA 1,150,15636,HARRISON CITY,567 MANOR HARRISON CITY RD,HARRISON CITY,PA,15636,1113,,X18804,P
ATLANTIC,4B,PENNSYLVANIA 1,150,15637,NORTH HUNTINGDON,1101 MAIN ST,IRWIN,PA,15642,9998,,X1A220,4
ATLANTIC,4B,PENNSYLVANIA 1,150,15637,HERMINIE,209 HIGHLAND AVE,HERMINIE,PA,15637,9998,,X18876,P
ATLANTIC,4B,PENNSYLVANIA 1,150,15638,HOSTETTER,126 SLOVAK CLUB RD,HOSTETTER,PA,15638,1001,P,X18957,P
ATLANTIC,4B,PENNSYLVANIA 1,150,15639,HUNKER,331 DIVISION ST,HUNKER,PA,15639,5001,,X18974,P
ATLANTIC,4B,PENNSYLVANIA 1,150,15640,HUTCHINSON,116 HOOD ST,HUTCHINSON,PA,15640,1002,P,X18993,P
ATLANTIC,4B,PENNSYLVANIA 1,150,15641,HYDE PARK,385 CHESTNUT ST,HYDE PARK,PA,15641,9998,,X18995,P
ATLANTIC,4B,PENNSYLVANIA 1,150,15641,LEECHBURG,23 MAIN ST,LEECHBURG,PA,15656,9998,,X19348,P
ATLANTIC,4B,PENNSYLVANIA 1,150,15642,NORTH HUNTINGDON,1101 MAIN ST,IRWIN,PA,15642,9998,,X1A220,4
ATLANTIC,4B,PENNSYLVANIA 1,150,15642,IRWIN,140 MAIN ST,IRWIN,PA,15642,7901,,X19034,P
ATLANTIC,4B,PENNSYLVANIA 1,150,15644,JEANNETTE,223 S 5TH ST,JEANNETTE,PA,15644,9998,,X19067,P
ATLANTIC,4B,PENNSYLVANIA 1,150,15646,JONES MILLS,4124 STATE ROUTE 31,JONES MILLS,PA,15646,1001,,X19097,P
ATLANTIC,4B,PENNSYLVANIA 1,150,15647,LARIMER,1370 BROWNSTOWN RD,LARIMER,PA,15647,9998,,X19293,P
ATLANTIC,4B,PENNSYLVANIA 1,150,15650,LATROBE,811 JEFFERSON ST,LATROBE,PA,15650,9998,,X19301,P
ATLANTIC,4B,PENNSYLVANIA 1,150,15655,LAUGHLINTOWN,1392 ROUTE 30,LAUGHLINTOWN,PA,15655,5001,,X19306,P
ATLANTIC,4B,PENNSYLVANIA 1,150,15656,LEECHBURG,23 MAIN ST,LEECHBURG,PA,15656,9998,,X19348,P
ATLANTIC,4B,PENNSYLVANIA 1,150,15658,LIGONIER,130 W MAIN ST,LIGONIER,PA,15658,9998,,X19413,P
ATLANTIC,4B,PENNSYLVANIA 1,150,15660,NORTH HUNTINGDON,1101 MAIN ST,IRWIN,PA,15642,9998,P,X1A220,4
ATLANTIC,4B,PENNSYLVANIA 1,150,15661,LATROBE,811 JEFFERSON ST,LATROBE,PA,15650,9998,,X19301,P
ATLANTIC,4B,PENNSYLVANIA 1,150,15661,LOYALHANNA,1302 LATROBE DERRY RD,LOYALHANNA,PA,15661,1030,,X19519,P
ATLANTIC,4B,PENNSYLVANIA 1,150,15662,LUXOR,470 BOVARD LUXOR RD,LUXOR,PA,15662,1001,P,X19540,P
ATLANTIC,4B,PENNSYLVANIA 1,150,15663,MADISON,232 MAIN ST,MADISON,PA,15663,1100,P,X19565,P
ATLANTIC,4B,PENNSYLVANIA 1,150,15664,MAMMOTH,2688 ROUTE 982,MAMMOTH,PA,15664,1001,P,X19584,P
ATLANTIC,4B,PENNSYLVANIA 1,150,15665,MANOR,9 ATLANTIC AVE,MANOR,PA,15665,1001,,X19598,P
ATLANTIC,4B,PENNSYLVANIA 1,150,15666,MOUNT PLEASANT,24 RUMBAUGH AVE,MOUNT PLEASANT,PA,15666,9998,,X19971,P
ATLANTIC,4B,PENNSYLVANIA 1,150,15668,MURRYSVILLE,1 PRIORITY LN,MURRYSVILLE,PA,15668,9998,,X1A036,P
ATLANTIC,4B,PENNSYLVANIA 1,150,15670,NEW ALEXANDRIA,198 W MAIN ST,NEW ALEXANDRIA,PA,15670,9998,,X1A096,P
ATLANTIC,4B,PENNSYLVANIA 1,150,15671,NEW DERRY,5754 ROUTE 982,NEW DERRY,PA,15671,1050,,X1A122,P
ATLANTIC,4B,PENNSYLVANIA 1,150,15672,NEW STANTON,135 W PENNSYLVANIA AVE,NEW STANTON,PA,15672,9998,,X1A160,P
ATLANTIC,4B,PENNSYLVANIA 1,150,15673,NORTH APOLLO,312 16TH ST,NORTH APOLLO,PA,15673,1001,P,X1A211,P
ATLANTIC,4B,PENNSYLVANIA 1,150,15674,NORVELT,2333 MOUNT PLEASANT RD,NORVELT,PA,15674,1001,P,X1A238,P
ATLANTIC,4B,PENNSYLVANIA 1,150,15675,PENN,500 COAL ST,PENN,PA,15675,9998,,X1A441,P
ATLANTIC,4B,PENNSYLVANIA 1,150,15675,JEANNETTE,223 S 5TH ST,JEANNETTE,PA,15644,9998,,X19067,P
ATLANTIC,4B,PENNSYLVANIA 1,150,15676,PLEASANT UNITY,2061 ROUTE 130,PLEASANT UNITY,PA,15676,1001,P,X1A567,P
ATLANTIC,4B,PENNSYLVANIA 1,150,15677,LAUGHLINTOWN,1392 ROUTE 30,LAUGHLINTOWN,PA,15655,5001,,X19306,P
ATLANTIC,4B,PENNSYLVANIA 1,150,15678,NORTH HUNTINGDON,1101 MAIN ST,IRWIN,PA,15642,9998,,X1A220,4
ATLANTIC,4B,PENNSYLVANIA 1,150,15678,RILLTON,1 MARS HILL RD,RILLTON,PA,15678,1001,,X1A773,P
ATLANTIC,4B,PENNSYLVANIA 1,150,15679,RUFFS DALE,875 STATE ROUTE 31,RUFFS DALE,PA,15679,1001,,X1A857,P
ATLANTIC,4B,PENNSYLVANIA 1,150,15679,MOUNT PLEASANT,24 RUMBAUGH AVE,MOUNT PLEASANT,PA,15666,9998,,X19971,P
ATLANTIC,4B,PENNSYLVANIA 1,150,15680,SALINA,194 MAIN ST,SALINA,PA,15680,1001,P,X1A911,P
ATLANTIC,4B,PENNSYLVANIA 1,150,15681,SALTSBURG,207 POINT ST,SALTSBURG,PA,15681,9998,,X1A918,P
ATLANTIC,4B,PENNSYLVANIA 1,150,15682,SCHENLEY,105 RAILROAD ST,SCHENLEY,PA,15682,1001,P,X1A938,P
ATLANTIC,4B,PENNSYLVANIA 1,150,15683,SCOTTDALE,7 N CHESTNUT ST,SCOTTDALE,PA,15683,9998,,X1A955,P
ATLANTIC,4B,PENNSYLVANIA 1,150,15684,SLICKVILLE,124 MAIN ST,SLICKVILLE,PA,15684,2000,,X1B082,P
ATLANTIC,4B,PENNSYLVANIA 1,150,15685,SOUTHWEST,536 HECLA RD,SOUTHWEST,PA,15685,1001,P,X1B162,P
ATLANTIC,4B,PENNSYLVANIA 1,150,15686,SPRING CHURCH,1759 STATE ROUTE 56,SPRING CHURCH,PA,15686,1052,,X1B180,P
ATLANTIC,4B,PENNSYLVANIA 1,150,15687,STAHLSTOWN,4145 MAIN ST,STAHLSTOWN,PA,15687,1001,,X1B308,P
ATLANTIC,4B,PENNSYLVANIA 1,150,15688,TARRS,980 ROUTE 31,TARRS,PA,15688,1001,,X1B486,P
ATLANTIC,4B,PENNSYLVANIA 1,150,15688,MOUNT PLEASANT,24 RUMBAUGH AVE,MOUNT PLEASANT,PA,15666,9998,,X19971,P
ATLANTIC,4B,PENNSYLVANIA 1,150,15689,UNITED,1103 UNITED WAY,UNITED,PA,15689,1001,P,X1B627,P
ATLANTIC,4B,PENNSYLVANIA 1,150,15690,VANDERGRIFT,142 FARRAGUT AVE,VANDERGRIFT,PA,15690,9998,,X1B690,P
ATLANTIC,4B,PENNSYLVANIA 1,150,15691,MANOR,9 ATLANTIC AVE,MANOR,PA,15665,1001,P,X19598,P
ATLANTIC,4B,PENNSYLVANIA 1,150,15692,WESTMORELAND CITY,8880 WALNUT ST,WESTMORELAND CITY,PA,15692,1001,,X1B969,P
ATLANTIC,4B,PENNSYLVANIA 1,150,15692,MANOR,9 ATLANTIC AVE,MANOR,PA,15665,1001,,X19598,P
ATLANTIC,4B,PENNSYLVANIA 1,150,15693,WHITNEY,103 AUGUSTA LN,WHITNEY,PA,15693,1001,P,X1C005,P
ATLANTIC,4B,PENNSYLVANIA 1,150,15695,WYANO,2202 1ST ST,WYANO,PA,15695,1001,P,X1C108,P
ATLANTIC,4B,PENNSYLVANIA 1,150,15696,YOUNGSTOWN,312 MAIN ST,YOUNGSTOWN,PA,15696,1001,P,X1C143,P
ATLANTIC,4B,PENNSYLVANIA 1,150,15697,YOUNGWOOD,26 S 3RD ST,YOUNGWOOD,PA,15697,9998,,X1C145,P
ATLANTIC,4B,PENNSYLVANIA 1,150,15698,YUKON,137 HIGHWAY ST,YUKON,PA,15698,1111,,X1C146,P
ATLANTIC,4B,PENNSYLVANIA 1,150,15701,INDIANA,47 S 7TH ST,INDIANA,PA,15701,9998,,X19012,P
ATLANTIC,4B,PENNSYLVANIA 1,150,15710,ALVERDA,11089 ROUTE 553 HWY,ALVERDA,PA,15710,9998,P,X16956,P
ATLANTIC,4B,PENNSYLVANIA 1,150,15711,ANITA,222 MAIN ST,ANITA,PA,15711,9998,,X16974,P
ATLANTIC,4B,PENNSYLVANIA 1,150,15712,ARCADIA,21832 ROUTE 286 HWY E,ARCADIA,PA,15712,9998,P,X16985,P
ATLANTIC,4B,PENNSYLVANIA 1,150,15714,SPANGLER,1904 BIGLER AVE STE 2,SPANGLER,PA,15775,9998,,X1B163,P
ATLANTIC,4B,PENNSYLVANIA 1,150,15714,NORTHERN CAMBRIA,4310 CRAWFORD AVE,NORTHERN CAMBRIA,PA,15714,9998,,X17076,P
ATLANTIC,4B,PENNSYLVANIA 1,150,15715,BIG RUN,401 E MAIN ST,BIG RUN,PA,15715,9998,P,X17216,P
ATLANTIC,4B,PENNSYLVANIA 1,150,15716,BLACK LICK,50 MAIN ST,BLACK LICK,PA,15716,9998,P,X17236,P
ATLANTIC,4B,PENNSYLVANIA 1,150,15717,BLAIRSVILLE,24 S WALNUT ST,BLAIRSVILLE,PA,15717,9998,,X17242,P
ATLANTIC,4B,PENNSYLVANIA 1,150,15720,BRUSH VALLEY,5515 ROUTE 56 HWY E,BRUSH VALLEY,PA,15720,9998,P,X17409,P
ATLANTIC,4B,PENNSYLVANIA 1,150,15721,CHERRY TREE,550 S MAIN ST,CHERRY TREE,PA,15724,9998,P,X17610,P
ATLANTIC,4B,PENNSYLVANIA 1,150,15722,CARROLLTOWN,130 N MAIN ST,CARROLLTOWN,PA,15722,9998,,X17513,P
ATLANTIC,4B,PENNSYLVANIA 1,150,15723,CREEKSIDE,435 INDIANA RD,CREEKSIDE,PA,15732,9998,P,X17832,P
ATLANTIC,4B,PENNSYLVANIA 1,150,15724,CHERRY TREE,550 S MAIN ST,CHERRY TREE,PA,15724,9998,,X17610,P
ATLANTIC,4B,PENNSYLVANIA 1,150,15725,CLARKSBURG,15555 ROUTE 286 HWY W,CLARKSBURG,PA,15725,9998,,X17658,P
ATLANTIC,4B,PENNSYLVANIA 1,150,15727,CLUNE,2021 COAL RUN RD,CLUNE,PA,15727,9998,P,X17690,P
ATLANTIC,4B,PENNSYLVANIA 1,150,15728,CLYMER,735 FRANKLIN ST,CLYMER,PA,15728,9998,,X17692,P
ATLANTIC,4B,PENNSYLVANIA 1,150,15729,COMMODORE,5 VANDERBILT ST,COMMODORE,PA,15729,9998,,X17750,P
ATLANTIC,4B,PENNSYLVANIA 1,150,15731,HOMER CITY,25 N MAIN ST,HOMER CITY,PA,15748,9998,P,X18933,P
ATLANTIC,4B,PENNSYLVANIA 1,150,15732,CREEKSIDE,435 INDIANA RD,CREEKSIDE,PA,15732,9998,,X17832,P
ATLANTIC,4B,PENNSYLVANIA 1,150,15733,DE LANCEY,493 ADRIAN RD,DE LANCEY,PA,15733,9998,P,X17908,P
ATLANTIC,4B,PENNSYLVANIA 1,150,15734,DIXONVILLE,18050 ROUTE 403 HWY N,DIXONVILLE,PA,15734,9998,P,X17963,P
ATLANTIC,4B,PENNSYLVANIA 1,150,15736,ELDERTON,201 E SALTWORK ST,ELDERTON,PA,15736,9998,P,X18195,P
ATLANTIC,4B,PENNSYLVANIA 1,150,15737,ELMORA,990 DEVEAUX ST,ELMORA,PA,15737,9998,P,X18229,P
ATLANTIC,4B,PENNSYLVANIA 1,150,15738,EMEIGH,871 MAIN ST,EMEIGH,PA,15738,9998,P,X18238,P
ATLANTIC,4B,PENNSYLVANIA 1,150,15739,CREEKSIDE,435 INDIANA RD,CREEKSIDE,PA,15732,9998,P,X17832,P
ATLANTIC,4B,PENNSYLVANIA 1,150,15741,GIPSY,3885 GIPSY RD,GIPSY,PA,15741,9998,P,X18600,P
ATLANTIC,4B,PENNSYLVANIA 1,150,15742,GLEN CAMPBELL,455 GLENWOOD AVE,GLEN CAMPBELL,PA,15742,9998,,X18613,P
ATLANTIC,4B,PENNSYLVANIA 1,150,15744,HAMILTON,23 HAMILTON MARKTON RD,HAMILTON,PA,15744,9998,,X18768,P
ATLANTIC,4B,PENNSYLVANIA 1,150,15745,HEILWOOD,6521 ROUTE 403 HWY N,HEILWOOD,PA,15745,9998,P,X18855,P
ATLANTIC,4B,PENNSYLVANIA 1,150,15746,HILLSDALE,14 WILGUS RD,HILLSDALE,PA,15746,9998,P,X18905,P
ATLANTIC,4B,PENNSYLVANIA 1,150,15747,HOME,51 ROUTE 85 HWY,HOME,PA,15747,9998,,X18931,P
ATLANTIC,4B,PENNSYLVANIA 1,150,15748,HOMER CITY,25 N MAIN ST,HOMER CITY,PA,15748,9998,,X18933,P
ATLANTIC,4B,PENNSYLVANIA 1,150,15752,KENT,90 E JACKSON ST,KENT,PA,15752,9998,P,X19155,P
ATLANTIC,4B,PENNSYLVANIA 1,150,15753,LA JOSE,33 CECIL HURD HWY STE 1,LA JOSE,PA,15753,9998,,X19232,P
ATLANTIC,4B,PENNSYLVANIA 1,150,15754,LUCERNEMINES,161 6TH ST,LUCERNEMINES,PA,15754,9998,P,X19526,P
ATLANTIC,4B,PENNSYLVANIA 1,150,15756,MC INTYRE,2576 MCINTYRE RD,MC INTYRE,PA,15756,9998,P,X19688,P
ATLANTIC,4B,PENNSYLVANIA 1,150,15757,MAHAFFEY,10 E MAIN ST,MAHAFFEY,PA,15757,9998,,X19568,P
ATLANTIC,4B,PENNSYLVANIA 1,150,15759,INDIANA,47 S 7TH ST,INDIANA,PA,15701,9998,,X19012,P
ATLANTIC,4B,PENNSYLVANIA 1,150,15759,MARION CENTER,204 MANOR ST,MARION CENTER,PA,15759,9998,,X19620,P
ATLANTIC,4B,PENNSYLVANIA 1,150,15762,NICKTOWN,3281 BLUE GOOSE RD,NICKTOWN,PA,15762,9998,,X1A191,P
ATLANTIC,4B,PENNSYLVANIA 1,150,15762,SPANGLER,1904 BIGLER AVE STE 2,SPANGLER,PA,15775,9998,,X1B163,P
ATLANTIC,4B,PENNSYLVANIA 1,150,15765,PENN RUN,1417 N HARMONY RD,PENN RUN,PA,15765,9998,,X1A449,P
ATLANTIC,4B,PENNSYLVANIA 1,150,15767,PUNXSUTAWNEY,553 E MAHONING ST,PUNXSUTAWNEY,PA,15767,9998,,X1A667,P
ATLANTIC,4B,PENNSYLVANIA 1,150,15771,ROCHESTER MILLS,4941 RICHMOND RD,ROCHESTER MILLS,PA,15771,9998,,X1A794,P
ATLANTIC,4B,PENNSYLVANIA 1,150,15772,ROSSITER,384 CENTRAL ST,ROSSITER,PA,15772,9998,,X1A838,P
ATLANTIC,4B,PENNSYLVANIA 1,150,15773,SAINT BENEDICT,125 POST OFFICE RD,SAINT BENEDICT,PA,15773,9998,,X1A896,P
ATLANTIC,4B,PENNSYLVANIA 1,150,15774,SHELOCTA,30 MAIN ST,SHELOCTA,PA,15774,9998,,X1B011,P
ATLANTIC,4B,PENNSYLVANIA 1,150,15777,STARFORD,4218 STARFORD RD,STARFORD,PA,15777,9998,,X1B313,P
ATLANTIC,4B,PENNSYLVANIA 1,150,15778,TIMBLIN,9 E MARKET ST,TIMBLIN,PA,15778,9998,,X1B515,P
ATLANTIC,4B,PENNSYLVANIA 1,150,15779,TORRANCE,565 TORRANCE RD,TORRANCE,PA,15779,9998,P,X1B535,P
ATLANTIC,4B,PENNSYLVANIA 1,150,15781,WALSTON,1716 WALSTON RD,WALSTON,PA,15781,9998,P,X1B783,P
ATLANTIC,4B,PENNSYLVANIA 1,150,15801,DU BOIS,229 BEAVER DR,DU BOIS,PA,15801,2500,,X18020,P
ATLANTIC,4B,PENNSYLVANIA 1,150,15801,LIBERTY,22 HOOVER AVE STE 100,DU BOIS,PA,15801,2428,,012101,S
ATLANTIC,4B,PENNSYLVANIA 1,150,15821,BENEZETT,9689 ROUTE 555,BENEZETT,PA,15821,9800,,X17172,P
ATLANTIC,4B,PENNSYLVANIA 1,150,15823,BROCKPORT,5139 ROUTE 219,BROCKPORT,PA,15823,9800,,X17369,P
ATLANTIC,4B,PENNSYLVANIA 1,150,15823,BROCKWAY,300 MAIN ST,BROCKWAY,PA,15824,1300,,X17371,P
ATLANTIC,4B,PENNSYLVANIA 1,150,15824,BROCKWAY,300 MAIN ST,BROCKWAY,PA,15824,1300,,X17371,P
ATLANTIC,4B,PENNSYLVANIA 1,150,15825,BROOKVILLE,67 WHITE ST,BROOKVILLE,PA,15825,1279,,X17390,P
ATLANTIC,4B,PENNSYLVANIA 1,150,15827,BYRNEDALE,19884 BENNETTS VALLEY HWY,BYRNEDALE,PA,15827,9800,,X17463,P
ATLANTIC,4B,PENNSYLVANIA 1,150,15828,SIGEL,8517 ROUTE 949,SIGEL,PA,15860,9800,,X1B054,P
ATLANTIC,4B,PENNSYLVANIA 1,150,15829,CORSICA,446 OLEAN RD,CORSICA,PA,15829,9800,,X17796,P
ATLANTIC,4B,PENNSYLVANIA 1,150,15831,KERSEY,377 MAIN ST,KERSEY,PA,15846,9800,P,X19161,P
ATLANTIC,4B,PENNSYLVANIA 1,150,15832,DRIFTWOOD,7298 3RD ST,DRIFTWOOD,PA,15832,9800,,X18011,P
ATLANTIC,4B,PENNSYLVANIA 1,150,15834,EMPORIUM,11 W 4TH ST,EMPORIUM,PA,15834,1293,,X18246,P
ATLANTIC,4B,PENNSYLVANIA 1,150,15840,FALLS CREEK,65 MAIN ST,FALLS CREEK,PA,15840,9800,,X18344,P
ATLANTIC,4B,PENNSYLVANIA 1,150,15841,FORCE,17686 BENNETTS VALLEY HWY,FORCE,PA,15841,9800,P,X18434,P
ATLANTIC,4B,PENNSYLVANIA 1,150,15845,JOHNSONBURG,420 MARKET ST,JOHNSONBURG,PA,15845,1295,,X19091,P
ATLANTIC,4B,PENNSYLVANIA 1,150,15846,KERSEY,377 MAIN ST,KERSEY,PA,15846,9800,,X19161,P
ATLANTIC,4B,PENNSYLVANIA 1,150,15847,KNOX DALE,200 MAIN ST,KNOX DALE,PA,15847,9800,P,X19206,P
ATLANTIC,4B,PENNSYLVANIA 1,150,15848,DU BOIS,229 BEAVER DR,DU BOIS,PA,15801,2500,,X18020,P
ATLANTIC,4B,PENNSYLVANIA 1,150,15848,LUTHERSBURG,79 CHURCH ST,LUTHERSBURG,PA,15848,9800,,X19538,P
ATLANTIC,4B,PENNSYLVANIA 1,150,15849,PENFIELD,12336 BENNETTS VALLEY HWY,PENFIELD,PA,15849,9800,,X1A434,P
ATLANTIC,4B,PENNSYLVANIA 1,150,15849,DU BOIS,229 BEAVER DR,DU BOIS,PA,15801,2500,,X18020,P
ATLANTIC,4B,PENNSYLVANIA 1,150,15851,REYNOLDSVILLE,350 E MAIN ST,REYNOLDSVILLE,PA,15851,9997,,X1A741,P
ATLANTIC,4B,PENNSYLVANIA 1,150,15853,RIDGWAY,18 S MILL AVE,RIDGWAY,PA,15853,1058,,X1A766,P
ATLANTIC,4B,PENNSYLVANIA 1,150,15856,ROCKTON,21 OLD DUBOIS RD,ROCKTON,PA,15856,9800,,X1A803,P
ATLANTIC,4B,PENNSYLVANIA 1,150,15857,SAINT MARYS,201 CHESTNUT ST,SAINT MARYS,PA,15857,1790,,X1A902,P
ATLANTIC,4B,PENNSYLVANIA 1,150,15860,SIGEL,8517 ROUTE 949,SIGEL,PA,15860,9800,,X1B054,P
ATLANTIC,4B,PENNSYLVANIA 1,150,15861,SINNAMAHONING,186 RAILROAD ST UNIT 2,SINNAMAHONING,PA,15861,9800,,X1B068,P
ATLANTIC,4B,PENNSYLVANIA 1,150,15863,STUMP CREEK,6871 ROUTE 119,STUMP CREEK,PA,15863,9800,P,X1B401,P
ATLANTIC,4B,PENNSYLVANIA 1,150,15864,SUMMERVILLE,170 STATE ST,SUMMERVILLE,PA,15864,9800,,X1B414,P
ATLANTIC,4B,PENNSYLVANIA 1,150,15864,BROOKVILLE,67 WHITE ST,BROOKVILLE,PA,15825,1279,,X17390,P
ATLANTIC,4B,PENNSYLVANIA 1,150,15865,REYNOLDSVILLE,350 E MAIN ST,REYNOLDSVILLE,PA,15851,9997,,X1A741,P
ATLANTIC,4B,PENNSYLVANIA 1,150,15865,SYKESVILLE,14 W MAIN ST,SYKESVILLE,PA,15865,1080,,X1B466,P
ATLANTIC,4B,PENNSYLVANIA 1,150,15868,WEEDVILLE,472 RIVER RD,WEEDVILLE,PA,15868,9800,,X1B852,P
ATLANTIC,4B,PENNSYLVANIA 1,150,15870,WILCOX,553 MARVIN ST,WILCOX,PA,15870,9800,,X1C020,P
ATLANTIC,4B,PENNSYLVANIA 1,150,15870,JOHNSONBURG,420 MARKET ST,JOHNSONBURG,PA,15845,1295,,X19091,P
ATLANTIC,4B,PENNSYLVANIA 1,150,15901,JOHNSTOWN,111 FRANKLIN ST RM 105,JOHNSTOWN,PA,15901,9998,,X19093,P
ATLANTIC,4B,PENNSYLVANIA 1,150,15902,JOHNSTOWN,111 FRANKLIN ST RM 105,JOHNSTOWN,PA,15901,9998,,X19093,P
ATLANTIC,4B,PENNSYLVANIA 1,150,15904,JOHNSTOWN,111 FRANKLIN ST RM 105,JOHNSTOWN,PA,15901,9998,,X19093,P
ATLANTIC,4B,PENNSYLVANIA 1,150,15904,RICHLAND,235 JARI DR RM 108A,JOHNSTOWN,PA,15904,9990,,019097,S
ATLANTIC,4B,PENNSYLVANIA 1,150,15905,JOHNSTOWN,111 FRANKLIN ST RM 105,JOHNSTOWN,PA,15901,9998,,X19093,P
ATLANTIC,4B,PENNSYLVANIA 1,150,15906,JOHNSTOWN,111 FRANKLIN ST RM 105,JOHNSTOWN,PA,15901,9998,,X19093,P
ATLANTIC,4B,PENNSYLVANIA 1,150,15907,JOHNSTOWN,111 FRANKLIN ST RM 105,JOHNSTOWN,PA,15901,9998,P,X19093,P
ATLANTIC,4B,PENNSYLVANIA 1,150,15909,JOHNSTOWN,111 FRANKLIN ST RM 105,JOHNSTOWN,PA,15901,9998,,X19093,P
ATLANTIC,4B,PENNSYLVANIA 1,150,15920,ARMAGH,35 E PHILADELPHIA ST,ARMAGH,PA,15920,9998,,X16997,P
ATLANTIC,4B,PENNSYLVANIA 1,150,15921,SIDMAN,367 LOCUST ST STE 101,SIDMAN,PA,15955,9998,P,X1B053,P
ATLANTIC,4B,PENNSYLVANIA 1,150,15922,BELSANO,3806 BEN FRANKLIN HWY STE 1,BELSANO,PA,15922,9998,P,X17165,P
ATLANTIC,4B,PENNSYLVANIA 1,150,15923,BOLIVAR,308 4TH ST,BOLIVAR,PA,15923,9998,,X17277,P
ATLANTIC,4B,PENNSYLVANIA 1,150,15924,CAIRNBROOK,1 2ND ST,CAIRNBROOK,PA,15924,9998,,X17470,P
ATLANTIC,4B,PENNSYLVANIA 1,150,15925,CASSANDRA,156 MAIN ST STE 4,CASSANDRA,PA,15925,9998,P,X17524,P
ATLANTIC,4B,PENNSYLVANIA 1,150,15926,WINDBER,1600 GRAHAM AVE,WINDBER,PA,15963,9998,,X1C060,P
ATLANTIC,4B,PENNSYLVANIA 1,150,15926,CENTRAL CITY,1 SUNSHINE AVE,CENTRAL CITY,PA,15926,9998,,X17573,P
ATLANTIC,4B,PENNSYLVANIA 1,150,15927,COLVER,43 REESE AVE STE 1,COLVER,PA,15927,9998,,X17745,P
ATLANTIC,4B,PENNSYLVANIA 1,150,15928,DAVIDSVILLE,113 S MAIN ST STE C,DAVIDSVILLE,PA,15928,9998,,X17903,P
ATLANTIC,4B,PENNSYLVANIA 1,150,15929,DILLTOWN,7491 ROUTE 403 HWY S,DILLTOWN,PA,15929,9998,P,X17958,P
ATLANTIC,4B,PENNSYLVANIA 1,150,15930,DUNLO,207 HUFF ST,DUNLO,PA,15930,9998,P,X18038,P
ATLANTIC,4B,PENNSYLVANIA 1,150,15931,EBENSBURG,121 N CENTER ST,EBENSBURG,PA,15931,9998,,X18155,P
ATLANTIC,4B,PENNSYLVANIA 1,150,15934,ELTON,4690 ELTON RD,ELTON,PA,15934,9998,P,X18232,P
ATLANTIC,4B,PENNSYLVANIA 1,150,15935,HOLLSOPPLE,121 MAIN ST,HOLLSOPPLE,PA,15935,9998,,X18924,P
ATLANTIC,4B,PENNSYLVANIA 1,150,15936,HOOVERSVILLE,964 BARN ST,HOOVERSVILLE,PA,15936,9998,,X18945,P
ATLANTIC,4B,PENNSYLVANIA 1,150,15937,JEROME,1901 PENN AVE,JEROME,PA,15937,9998,P,X19081,P
ATLANTIC,4B,PENNSYLVANIA 1,150,15938,PORTAGE,600 MAIN ST,PORTAGE,PA,15946,9998,,X1A618,P
ATLANTIC,4B,PENNSYLVANIA 1,150,15938,LILLY,513 CLEVELAND ST,LILLY,PA,15938,9998,,X19414,P
ATLANTIC,4B,PENNSYLVANIA 1,150,15940,LORETTO,245 SAINT MARY ST,LORETTO,PA,15940,9998,,X19503,P
ATLANTIC,4B,PENNSYLVANIA 1,150,15942,JOHNSTOWN,111 FRANKLIN ST RM 105,JOHNSTOWN,PA,15901,9998,,X19093,P
ATLANTIC,4B,PENNSYLVANIA 1,150,15942,MINERAL POINT,784 MINERAL POINT RD,MINERAL POINT,PA,15942,9998,,X19864,P
ATLANTIC,4B,PENNSYLVANIA 1,150,15943,NANTY GLO,950 CHESTNUT ST,NANTY GLO,PA,15943,9998,,X1A060,P
ATLANTIC,4B,PENNSYLVANIA 1,150,15944,NEW FLORENCE,185 LIGONIER ST,NEW FLORENCE,PA,15944,9998,,X1A125,P
ATLANTIC,4B,PENNSYLVANIA 1,150,15945,JOHNSTOWN,111 FRANKLIN ST RM 105,JOHNSTOWN,PA,15901,9998,,X19093,P
ATLANTIC,4B,PENNSYLVANIA 1,150,15946,PORTAGE,600 MAIN ST,PORTAGE,PA,15946,9998,,X1A618,P
ATLANTIC,4B,PENNSYLVANIA 1,150,15948,REVLOC,552 CAMBRIA AVE,REVLOC,PA,15948,9998,P,X1A736,P
ATLANTIC,4B,PENNSYLVANIA 1,150,15949,ROBINSON,45 FRONT ST,ROBINSON,PA,15949,9998,,X1A791,P
ATLANTIC,4B,PENNSYLVANIA 1,150,15951,SAINT MICHAEL,983 LOCUST ST,SAINT MICHAEL,PA,15951,9998,P,X1A903,P
ATLANTIC,4B,PENNSYLVANIA 1,150,15952,SALIX,1108 FOREST HILLS DR,SALIX,PA,15952,9998,,X1A914,P
ATLANTIC,4B,PENNSYLVANIA 1,150,15952,WINDBER,1600 GRAHAM AVE,WINDBER,PA,15963,9998,,X1C060,P
ATLANTIC,4B,PENNSYLVANIA 1,150,15954,SEWARD,224 INDIANA ST,SEWARD,PA,15954,9998,,X1A978,P
ATLANTIC,4B,PENNSYLVANIA 1,150,15955,SIDMAN,367 LOCUST ST STE 101,SIDMAN,PA,15955,9998,,X1B053,P
ATLANTIC,4B,PENNSYLVANIA 1,150,15956,SOUTH FORK,331 MAPLE ST,SOUTH FORK,PA,15956,9998,,X1B135,P
ATLANTIC,4B,PENNSYLVANIA 1,150,15957,BELSANO,3806 BEN FRANKLIN HWY STE 1,BELSANO,PA,15922,9998,,X17165,P
ATLANTIC,4B,PENNSYLVANIA 1,150,15958,PORTAGE,600 MAIN ST,PORTAGE,PA,15946,9998,,X1A618,P
ATLANTIC,4B,PENNSYLVANIA 1,150,15958,SUMMERHILL,1314 RAILROAD ST,SUMMERHILL,PA,15958,9998,,X1B413,P
ATLANTIC,4B,PENNSYLVANIA 1,150,15959,TIRE HILL,1969 KRING ST,TIRE HILL,PA,15959,9998,P,X1B523,P
ATLANTIC,4B,PENNSYLVANIA 1,150,15960,TWIN ROCKS,997 STATION RD,TWIN ROCKS,PA,15960,9998,P,X1B592,P
ATLANTIC,4B,PENNSYLVANIA 1,150,15961,NANTY GLO,950 CHESTNUT ST,NANTY GLO,PA,15943,9998,,X1A060,P
ATLANTIC,4B,PENNSYLVANIA 1,150,15961,VINTONDALE,195 MAIN ST,VINTONDALE,PA,15961,9998,,X1B713,P
ATLANTIC,4B,PENNSYLVANIA 1,150,15962,WILMORE,885 MAIN ST,WILMORE,PA,15962,9998,P,X1C055,P
ATLANTIC,4B,PENNSYLVANIA 1,150,15963,WINDBER,1600 GRAHAM AVE,WINDBER,PA,15963,9998,,X1C060,P
ATLANTIC,4B,PENNSYLVANIA 1,150,16001,BUTLER,345 S MAIN ST,BUTLER,PA,16001,9998,,X17458,P
ATLANTIC,4B,PENNSYLVANIA 1,150,16002,BUTLER,345 S MAIN ST,BUTLER,PA,16001,9998,,X17458,P
ATLANTIC,4B,PENNSYLVANIA 1,150,16003,BUTLER,345 S MAIN ST,BUTLER,PA,16001,9998,P,X17458,P
ATLANTIC,4B,PENNSYLVANIA 1,150,16020,BOYERS,1188 BOYERS RD,BOYERS,PA,16020,9800,,X17304,P
ATLANTIC,4B,PENNSYLVANIA 1,150,16022,BRUIN,105 WASHINGTON ST,BRUIN,PA,16022,9800,P,X17405,P
ATLANTIC,4B,PENNSYLVANIA 1,150,16023,SAXONBURG,120 PITTSBURGH ST,SAXONBURG,PA,16056,9800,,X1A928,P
ATLANTIC,4B,PENNSYLVANIA 1,150,16023,CABOT,452 WINFIELD RD,CABOT,PA,16023,9800,,X17467,P
ATLANTIC,4B,PENNSYLVANIA 1,150,16024,CALLERY,172 RAILROAD ST,CALLERY,PA,16024,9800,P,X17477,P
ATLANTIC,4B,PENNSYLVANIA 1,150,16025,CHICORA,132 W SLIPPERY ROCK ST,CHICORA,PA,16025,9800,,X17630,P
ATLANTIC,4B,PENNSYLVANIA 1,150,16027,CONNOQUENESSING,175 CONNOQUENESSING MAIN ST,CONNOQUENESSING,PA,16027,9800,P,X17767,P
ATLANTIC,4B,PENNSYLVANIA 1,150,16028,EAST BRADY,422 KELLYS WAY,EAST BRADY,PA,16028,9800,,X18100,P
ATLANTIC,4B,PENNSYLVANIA 1,150,16029,EAST BUTLER,720 GRANT AVE,EAST BUTLER,PA,16029,9800,P,X18103,P
ATLANTIC,4B,PENNSYLVANIA 1,150,16030,EAU CLAIRE,205 S WASHINGTON ST,EAU CLAIRE,PA,16030,9800,P,X18153,P
ATLANTIC,4B,PENNSYLVANIA 1,150,16033,EVANS CITY,126 S JACKSON ST,EVANS CITY,PA,16033,1100,,X18280,P
ATLANTIC,4B,PENNSYLVANIA 1,150,16034,CHICORA,132 W SLIPPERY ROCK ST,CHICORA,PA,16025,9800,,X17630,P
ATLANTIC,4B,PENNSYLVANIA 1,150,16034,FENELTON,811 CLEARFIELD RD,FENELTON,PA,16034,9800,,X18375,P
ATLANTIC,4B,PENNSYLVANIA 1,150,16035,FORESTVILLE,4114 WILLIAM FLYNN HWY,FORESTVILLE,PA,16035,9800,P,X18447,P
ATLANTIC,4B,PENNSYLVANIA 1,150,16036,FOXBURG,105 RAILROAD ST,FOXBURG,PA,16036,9800,P,X18479,P
ATLANTIC,4B,PENNSYLVANIA 1,150,16037,ZELIENOPLE,249 S MAIN ST,ZELIENOPLE,PA,16063,2300,,X1C147,P
ATLANTIC,4B,PENNSYLVANIA 1,150,16038,HARRISVILLE,115 S MAIN ST,HARRISVILLE,PA,16038,9800,,X18810,P
ATLANTIC,4B,PENNSYLVANIA 1,150,16039,BUTLER,345 S MAIN ST,BUTLER,PA,16001,9998,P,X17458,P
ATLANTIC,4B,PENNSYLVANIA 1,150,16040,BOYERS,1188 BOYERS RD,BOYERS,PA,16020,9800,,X17304,P
ATLANTIC,4B,PENNSYLVANIA 1,150,16041,KARNS CITY,108 PETROLIA ST,KARNS CITY,PA,16041,9800,,X19117,P
ATLANTIC,4B,PENNSYLVANIA 1,150,16045,BUTLER,345 S MAIN ST,BUTLER,PA,16001,9998,,X17458,P
ATLANTIC,4B,PENNSYLVANIA 1,150,16045,LYNDORA,110 WHITESTOWN RD,LYNDORA,PA,16045,1100,,X19548,P
ATLANTIC,4B,PENNSYLVANIA 1,150,16046,MARS,111 GRAND AVE,MARS,PA,16046,9800,,X19631,P
ATLANTIC,4B,PENNSYLVANIA 1,150,16048,NORTH WASHINGTON,739 FAIRVIEW RD,NORTH WASHINGTON,PA,16048,9800,P,X1A234,P
ATLANTIC,4B,PENNSYLVANIA 1,150,16049,PARKER,208 WASHINGTON ST,PARKER,PA,16049,9800,,X1A391,P
ATLANTIC,4B,PENNSYLVANIA 1,150,16050,PETROLIA,115 MAIN ST,PETROLIA,PA,16050,9800,,X1A487,P
ATLANTIC,4B,PENNSYLVANIA 1,150,16051,PORTERSVILLE,1272 PERRY HWY,PORTERSVILLE,PA,16051,9800,,X1A623,P
ATLANTIC,4B,PENNSYLVANIA 1,150,16051,NEW CASTLE PA SDC,435 S CASCADE ST,NEW CASTLE,PA,16108,9900,,021028,4
ATLANTIC,4B,PENNSYLVANIA 1,150,16052,PROSPECT,106 S FRANKLIN ST,PROSPECT,PA,16052,9800,,X1A653,P
ATLANTIC,4B,PENNSYLVANIA 1,150,16052,NEW CASTLE PA SDC,435 S CASCADE ST,NEW CASTLE,PA,16108,9900,,021028,4
ATLANTIC,4B,PENNSYLVANIA 1,150,16053,RENFREW,102 E MAIN ST,RENFREW,PA,16053,9800,,X1A731,P
ATLANTIC,4B,PENNSYLVANIA 1,150,16054,SAINT PETERSBURG,711 MAIN ST,SAINT PETERSBURG,PA,16054,9800,P,X1A905,P
ATLANTIC,4B,PENNSYLVANIA 1,150,16055,SARVER,705 EKASTOWN RD,SARVER,PA,16055,9800,,X1A925,P
ATLANTIC,4B,PENNSYLVANIA 1,150,16056,SAXONBURG,120 PITTSBURGH ST,SAXONBURG,PA,16056,9800,,X1A928,P
ATLANTIC,4B,PENNSYLVANIA 1,150,16057,SLIPPERY ROCK,400 S MAIN ST,SLIPPERY ROCK,PA,16057,1200,,X1B086,P
ATLANTIC,4B,PENNSYLVANIA 1,150,16057,NEW CASTLE PA SDC,435 S CASCADE ST,NEW CASTLE,PA,16108,9900,,021028,4
ATLANTIC,4B,PENNSYLVANIA 1,150,16058,TURKEY CITY,1245 ROUTE 338 STE 2,TURKEY CITY,PA,16058,9800,P,X1B578,P
ATLANTIC,4B,PENNSYLVANIA 1,150,16059,VALENCIA,1324 PITTSBURGH RD,VALENCIA,PA,16059,9800,,X1B673,P
ATLANTIC,4B,PENNSYLVANIA 1,150,16061,WEST SUNBURY,201 W STATE ST,WEST SUNBURY,PA,16061,9800,,X1B952,P
ATLANTIC,4B,PENNSYLVANIA 1,150,16063,ZELIENOPLE,249 S MAIN ST,ZELIENOPLE,PA,16063,2300,,X1C147,P
ATLANTIC,4B,PENNSYLVANIA 1,150,16066,CRANBERRY TOWNSHIP,240 EXECUTIVE DR,CRANBERRY TOWNSHIP,PA,16066,6400,,X1C164,B
ATLANTIC,4B,PENNSYLVANIA 1,150,16101,NEW CASTLE PA SDC,435 S CASCADE ST,NEW CASTLE,PA,16108,9900,,021028,4
ATLANTIC,4B,PENNSYLVANIA 1,150,16102,NEW CASTLE PA SDC,435 S CASCADE ST,NEW CASTLE,PA,16108,9900,,021028,4
ATLANTIC,4B,PENNSYLVANIA 1,150,16103,DOWNTOWN NEW CASTLE,151 CASCADE GALLERIA,NEW CASTLE,PA,16101,9998,P,X17992,S
ATLANTIC,4B,PENNSYLVANIA 1,150,16105,NESHANNOCK,4 E MAITLAND LN,NEW CASTLE,PA,16105,1200,,X1A091,B
ATLANTIC,4B,PENNSYLVANIA 1,150,16105,NEW CASTLE PA SDC,435 S CASCADE ST,NEW CASTLE,PA,16108,9900,,021028,4
ATLANTIC,4B,PENNSYLVANIA 1,150,16107,NEW CASTLE PA SDC,435 S CASCADE ST,NEW CASTLE,PA,16108,9900,P,021028,4
ATLANTIC,4B,PENNSYLVANIA 1,150,16110,ADAMSVILLE,3935 MAIN ST,ADAMSVILLE,PA,16110,1001,,X16896,P
ATLANTIC,4B,PENNSYLVANIA 1,150,16111,ATLANTIC,3498 ATLANTIC LAKE RD,ATLANTIC,PA,16111,9800,,X17026,P
ATLANTIC,4B,PENNSYLVANIA 1,150,16112,BESSEMER,201 E POLAND AVE,BESSEMER,PA,16112,9800,,X17195,P
ATLANTIC,4B,PENNSYLVANIA 1,150,16112,NEW CASTLE PA SDC,435 S CASCADE ST,NEW CASTLE,PA,16108,9900,,021028,4
ATLANTIC,4B,PENNSYLVANIA 1,150,16113,CLARK,6 CHARLES ST,CLARK,PA,16113,9800,P,X17651,P
ATLANTIC,4B,PENNSYLVANIA 1,150,16114,CLARKS MILLS,21 LAKE WILHELM RD,CLARKS MILLS,PA,16114,9800,,X17654,P
ATLANTIC,4B,PENNSYLVANIA 1,150,16115,DARLINGTON,708 MARKET ST,DARLINGTON,PA,16115,9800,,X17894,P
ATLANTIC,4B,PENNSYLVANIA 1,150,16116,EDINBURG,5412 ERIE ST,EDINBURG,PA,16116,9800,,X18178,P
ATLANTIC,4B,PENNSYLVANIA 1,150,16116,NEW CASTLE PA SDC,435 S CASCADE ST,NEW CASTLE,PA,16108,9900,,021028,4
ATLANTIC,4B,PENNSYLVANIA 1,150,16117,ELLWOOD CITY,320 7TH ST,ELLWOOD CITY,PA,16117,8500,,X18224,P
ATLANTIC,4B,PENNSYLVANIA 1,150,16120,ENON VALLEY,7150 VINE ST,ENON VALLEY,PA,16120,9800,,X18255,P
ATLANTIC,4B,PENNSYLVANIA 1,150,16121,SHARON,120 SHENANGO AVE,SHARON,PA,16146,9998,,X1A993,P
ATLANTIC,4B,PENNSYLVANIA 1,150,16121,FARRELL,700 SPEARMAN AVE,FARRELL,PA,16121,9998,,X18354,P
ATLANTIC,4B,PENNSYLVANIA 1,150,16123,ELLWOOD CITY,320 7TH ST,ELLWOOD CITY,PA,16117,8500,,X18224,P
ATLANTIC,4B,PENNSYLVANIA 1,150,16124,FREDONIA,161 2ND ST,FREDONIA,PA,16124,9800,,X18506,P
ATLANTIC,4B,PENNSYLVANIA 1,150,16125,GREENVILLE,55 CLINTON ST,GREENVILLE,PA,16125,2230,,X18726,P
ATLANTIC,4B,PENNSYLVANIA 1,150,16127,GROVE CITY POSTAL RETAIL STR,1911 LEESBURG GROVE CITY RD UNIT 645,GROVE CITY,PA,16127,9800,,X1C369,B
ATLANTIC,4B,PENNSYLVANIA 1,150,16127,GROVE CITY,117 E PINE ST,GROVE CITY,PA,16127,2000,,X18742,P
ATLANTIC,4B,PENNSYLVANIA 1,150,16130,GREENVILLE,55 CLINTON ST,GREENVILLE,PA,16125,2230,,X18726,P
ATLANTIC,4B,PENNSYLVANIA 1,150,16130,HADLEY,1133 FREDONIA RD,HADLEY,PA,16130,9800,,X18758,P
ATLANTIC,4B,PENNSYLVANIA 1,150,16131,HARTSTOWN,6768 CENTER ST,HARTSTOWN,PA,16131,9800,,X18813,P
ATLANTIC,4B,PENNSYLVANIA 1,150,16132,HILLSVILLE,2562 CHURCHILL RD,HILLSVILLE,PA,16132,9800,P,X18908,P
ATLANTIC,4B,PENNSYLVANIA 1,150,16133,JACKSON CENTER,1163 FRANKLIN RD,JACKSON CENTER,PA,16133,9800,,X19048,P
ATLANTIC,4B,PENNSYLVANIA 1,150,16133,MERCER,109 E VENANGO ST,MERCER,PA,16137,1153,,X19765,P
ATLANTIC,4B,PENNSYLVANIA 1,150,16134,WESTFORD,2218 WESTFORD RD,JAMESTOWN,PA,16134,9997,,X1B964,C
ATLANTIC,4B,PENNSYLVANIA 1,150,16134,JAMESTOWN,119 LIBERTY ST,JAMESTOWN,PA,16134,9998,,X19061,P
ATLANTIC,4B,PENNSYLVANIA 1,150,16136,KOPPEL,5502 5TH AVE,KOPPEL,PA,16136,9800,P,X19210,P
ATLANTIC,4B,PENNSYLVANIA 1,150,16137,MERCER,109 E VENANGO ST,MERCER,PA,16137,1153,,X19765,P
ATLANTIC,4B,PENNSYLVANIA 1,150,16140,NEW BEDFORD,425 STATE ROUTE 208,NEW BEDFORD,PA,16140,9800,P,X1A098,P
ATLANTIC,4B,PENNSYLVANIA 1,150,16141,NEW GALILEE,801 WASHINGTON AVE,NEW GALILEE,PA,16141,9800,,X1A130,P
ATLANTIC,4B,PENNSYLVANIA 1,150,16141,DARLINGTON,708 MARKET ST,DARLINGTON,PA,16115,9800,,X17894,P
ATLANTIC,4B,PENNSYLVANIA 1,150,16142,NEW WILMINGTON,143 W NESHANNOCK AVE,NEW WILMINGTON,PA,16142,1190,,X1A164,P
ATLANTIC,4B,PENNSYLVANIA 1,150,16143,NEW WILMINGTON,143 W NESHANNOCK AVE,NEW WILMINGTON,PA,16142,1190,,X1A164,P
ATLANTIC,4B,PENNSYLVANIA 1,150,16143,PULASKI,1930 STATE ROUTE 208,PULASKI,PA,16143,9800,,X1A666,P
ATLANTIC,4B,PENNSYLVANIA 1,150,16145,SANDY LAKE,3267 S MAIN ST,SANDY LAKE,PA,16145,9800,,X1A923,P
ATLANTIC,4B,PENNSYLVANIA 1,150,16146,SHARON,120 SHENANGO AVE,SHARON,PA,16146,9998,,X1A993,P
ATLANTIC,4B,PENNSYLVANIA 1,150,16148,HERMITAGE,3386 E STATE ST,HERMITAGE,PA,16148,3300,,X18877,B
ATLANTIC,4B,PENNSYLVANIA 1,150,16150,SHARON,120 SHENANGO AVE,SHARON,PA,16146,9998,,X1A993,P
ATLANTIC,4B,PENNSYLVANIA 1,150,16150,SHARPSVILLE,108 E SHENANGO ST,SHARPSVILLE,PA,16150,2200,,X1A996,P
ATLANTIC,4B,PENNSYLVANIA 1,150,16151,SHEAKLEYVILLE,3216 PERRY HWY,SHEAKLEYVILLE,PA,16151,9800,P,X1B007,P
ATLANTIC,4B,PENNSYLVANIA 1,150,16153,SANDY LAKE,3267 S MAIN ST,SANDY LAKE,PA,16145,9800,,X1A923,P
ATLANTIC,4B,PENNSYLVANIA 1,150,16153,STONEBORO,40 LINDEN ST,STONEBORO,PA,16153,9800,,X1B366,P
ATLANTIC,4B,PENNSYLVANIA 1,150,16154,TRANSFER,3676 N HERMITAGE RD STE 5,TRANSFER,PA,16154,9800,,X1B548,P
ATLANTIC,4B,PENNSYLVANIA 1,150,16155,VILLA MARIA,288 VILLA DR RM MH216,VILLA MARIA,PA,16155,9800,P,X1B707,P
ATLANTIC,4B,PENNSYLVANIA 1,150,16156,VOLANT,100 HIGH ST,VOLANT,PA,16156,9800,,X1B720,P
ATLANTIC,4B,PENNSYLVANIA 1,150,16156,NEW CASTLE PA SDC,435 S CASCADE ST,NEW CASTLE,PA,16108,9900,,021028,4
ATLANTIC,4B,PENNSYLVANIA 1,150,16157,WAMPUM,414 BEAVER ST,WAMPUM,PA,16157,9800,,X1B786,P
ATLANTIC,4B,PENNSYLVANIA 1,150,16157,ELLWOOD CITY,320 7TH ST,ELLWOOD CITY,PA,16117,8500,,X18224,P
ATLANTIC,4B,PENNSYLVANIA 1,150,16159,WEST MIDDLESEX,39 FAIR ST,WEST MIDDLESEX,PA,16159,9800,,X1B926,P
ATLANTIC,4B,PENNSYLVANIA 1,150,16159,NEW CASTLE PA SDC,435 S CASCADE ST,NEW CASTLE,PA,16108,9900,,021028,4
ATLANTIC,4B,PENNSYLVANIA 1,150,16160,WEST PITTSBURG,341 CENTER AVE,WEST PITTSBURG,PA,16160,9800,P,X1B942,P
ATLANTIC,4B,PENNSYLVANIA 1,150,16161,WHEATLAND,101 COUNCIL AVE,WHEATLAND,PA,16161,9800,P,X1B984,P
ATLANTIC,4B,PENNSYLVANIA 1,150,16201,KITTANNING,201 N MCKEAN ST,KITTANNING,PA,16201,1300,,X19187,P
ATLANTIC,4B,PENNSYLVANIA 1,150,16210,ADRIAN,593 REESEDALE RD,ADRIAN,PA,16210,9800,,X16898,P
ATLANTIC,4B,PENNSYLVANIA 1,150,16211,BEYER,7389 ROUTE 85 HWY N,BEYER,PA,16211,9800,P,X17211,P
ATLANTIC,4B,PENNSYLVANIA 1,150,16212,CADOGAN,106 MAIN ST,CADOGAN,PA,16212,9800,P,X17468,P
ATLANTIC,4B,PENNSYLVANIA 1,150,16213,SLIGO,312 MADISON ST,SLIGO,PA,16255,9800,P,X1B085,P
ATLANTIC,4B,PENNSYLVANIA 1,150,16214,CLARION,626 MAIN ST,CLARION,PA,16214,1100,,X17650,P
ATLANTIC,4B,PENNSYLVANIA 1,150,16217,COOKSBURG,115 RIVERSIDE DR STE 1,COOKSBURG,PA,16217,9800,,X17776,P
ATLANTIC,4B,PENNSYLVANIA 1,150,16218,WORTHINGTON,199 E MAIN ST,WORTHINGTON,PA,16262,9800,,X1C099,P
ATLANTIC,4B,PENNSYLVANIA 1,150,16218,COWANSVILLE,827 E BRADY RD,COWANSVILLE,PA,16218,9800,,X17815,P
ATLANTIC,4B,PENNSYLVANIA 1,150,16220,CROWN,36044 ROUTE 66,CROWN,PA,16220,9800,P,X17851,P
ATLANTIC,4B,PENNSYLVANIA 1,150,16221,SLIGO,312 MADISON ST,SLIGO,PA,16255,9800,P,X1B085,P
ATLANTIC,4B,PENNSYLVANIA 1,150,16222,DAYTON,107 W MAIN ST,DAYTON,PA,16222,9800,,X17906,P
ATLANTIC,4B,PENNSYLVANIA 1,150,16223,DISTANT,3273 STATE ROUTE 28 AND 66,DISTANT,PA,16223,9800,P,X17961,P
ATLANTIC,4B,PENNSYLVANIA 1,150,16224,NEW BETHLEHEM,451 BROAD ST,NEW BETHLEHEM,PA,16242,1100,,X1A104,P
ATLANTIC,4B,PENNSYLVANIA 1,150,16224,FAIRMOUNT CITY,54 MAPLE AVE,FAIRMOUNT CITY,PA,16224,9800,,X18324,P
ATLANTIC,4B,PENNSYLVANIA 1,150,16225,STRATTANVILLE,361 WASHINGTON ST,STRATTANVILLE,PA,16258,9800,P,X1B388,P
ATLANTIC,4B,PENNSYLVANIA 1,150,16226,FORD CITY,824 4TH AVE,FORD CITY,PA,16226,1177,,X18435,P
ATLANTIC,4B,PENNSYLVANIA 1,150,16229,FREEPORT,415 HIGH ST,FREEPORT,PA,16229,1100,,X18511,P
ATLANTIC,4B,PENNSYLVANIA 1,150,16230,HAWTHORN,3977 BROOKVILLE ST,HAWTHORN,PA,16230,9800,P,X18829,P
ATLANTIC,4B,PENNSYLVANIA 1,150,16232,KNOX,523 E RAILROAD ST,KNOX,PA,16232,9800,,X19205,P
ATLANTIC,4B,PENNSYLVANIA 1,150,16233,LEEPER,6815 ROUTE 36,LEEPER,PA,16233,9800,,X19349,P
ATLANTIC,4B,PENNSYLVANIA 1,150,16234,LIMESTONE,97 LIMESTONE RD,LIMESTONE,PA,16234,9800,P,X19424,P
ATLANTIC,4B,PENNSYLVANIA 1,150,16235,LUCINDA,454 MAPLE DR,LUCINDA,PA,16235,9800,,X19527,P
ATLANTIC,4B,PENNSYLVANIA 1,150,16236,MC GRANN,207 BYRON ST,MC GRANN,PA,16236,9800,P,X19687,P
ATLANTIC,4B,PENNSYLVANIA 1,150,16238,MANORVILLE,500 WATER ST,MANORVILLE,PA,16238,9800,P,X19601,P
ATLANTIC,4B,PENNSYLVANIA 1,150,16239,MARIENVILLE,107 S FOREST ST,MARIENVILLE,PA,16239,9800,,X19615,P
ATLANTIC,4B,PENNSYLVANIA 1,150,16240,MAYPORT,395 MAYPORT RD,MAYPORT,PA,16240,9800,,X19670,P
ATLANTIC,4B,PENNSYLVANIA 1,150,16242,NEW BETHLEHEM,451 BROAD ST,NEW BETHLEHEM,PA,16242,1100,,X1A104,P
ATLANTIC,4B,PENNSYLVANIA 1,150,16244,NU MINE,1409 STATE ROUTE 1042,NU MINE,PA,16244,9800,P,X1A246,P
ATLANTIC,4B,PENNSYLVANIA 1,150,16245,OAK RIDGE,120 MAIN ST,OAK RIDGE,PA,16245,9800,P,X1A275,P
ATLANTIC,4B,PENNSYLVANIA 1,150,16246,PLUMVILLE,225 MAIN ST,PLUMVILLE,PA,16246,9800,P,X1A579,P
ATLANTIC,4B,PENNSYLVANIA 1,150,16248,RIMERSBURG,689 MAIN ST,RIMERSBURG,PA,16248,9800,,X1A774,P
ATLANTIC,4B,PENNSYLVANIA 1,150,16249,RURAL VALLEY,700 MIDDLE 1ST ST,RURAL VALLEY,PA,16249,9800,,X1A860,P
ATLANTIC,4B,PENNSYLVANIA 1,150,16250,SAGAMORE,333 POST OFFICE RD,SAGAMORE,PA,16250,9800,P,X1A892,P
ATLANTIC,4B,PENNSYLVANIA 1,150,16254,SHIPPENVILLE,305 MAIN ST,SHIPPENVILLE,PA,16254,9800,,X1B032,P
ATLANTIC,4B,PENNSYLVANIA 1,150,16255,RIMERSBURG,689 MAIN ST,RIMERSBURG,PA,16248,9800,,X1A774,P
ATLANTIC,4B,PENNSYLVANIA 1,150,16255,SLIGO,312 MADISON ST,SLIGO,PA,16255,9800,,X1B085,P
ATLANTIC,4B,PENNSYLVANIA 1,150,16256,SMICKSBURG,148 MILL ST,SMICKSBURG,PA,16256,9800,,X1B089,P
ATLANTIC,4B,PENNSYLVANIA 1,150,16256,DAYTON,107 W MAIN ST,DAYTON,PA,16222,9800,,X17906,P
ATLANTIC,4B,PENNSYLVANIA 1,150,16258,STRATTANVILLE,361 WASHINGTON ST,STRATTANVILLE,PA,16258,9800,,X1B388,P
ATLANTIC,4B,PENNSYLVANIA 1,150,16259,TEMPLETON,232 3RD ST STE 1,TEMPLETON,PA,16259,9800,,X1B494,P
ATLANTIC,4B,PENNSYLVANIA 1,150,16260,COOKSBURG,115 RIVERSIDE DR STE 1,COOKSBURG,PA,16217,9800,,X17776,P
ATLANTIC,4B,PENNSYLVANIA 1,150,16261,TEMPLETON,232 3RD ST STE 1,TEMPLETON,PA,16259,9800,,X1B494,P
ATLANTIC,4B,PENNSYLVANIA 1,150,16262,WORTHINGTON,199 E MAIN ST,WORTHINGTON,PA,16262,9800,,X1C099,P
ATLANTIC,4B,PENNSYLVANIA 1,150,16263,YATESBORO,52 W MAIN ST,YATESBORO,PA,16263,9800,P,X1C121,P
ATLANTIC,4B,PENNSYLVANIA 1,150,16301,OIL CITY,302 E 2ND ST,OIL CITY,PA,16301,2300,,X1A305,P
ATLANTIC,4B,PENNSYLVANIA 1,150,16311,CARLTON,1333 COCHRANTON RD,CARLTON,PA,16311,9800,,X17506,P
ATLANTIC,4B,PENNSYLVANIA 1,150,16312,SUGAR GROVE,14 ABBOTT ST,SUGAR GROVE,PA,16350,9800,P,X1B405,P
ATLANTIC,4B,PENNSYLVANIA 1,150,16313,CLARENDON,11 S MAIN ST,CLARENDON,PA,16313,9800,,X17647,P
ATLANTIC,4B,PENNSYLVANIA 1,150,16314,COCHRANTON,107 N FRANKLIN ST,COCHRANTON,PA,16314,9800,,X17706,P
ATLANTIC,4B,PENNSYLVANIA 1,150,16316,CONNEAUT LAKE,170 N 4TH ST,CONNEAUT LAKE,PA,16316,9800,,X17761,P
ATLANTIC,4B,PENNSYLVANIA 1,150,16317,COOPERSTOWN,137 BRADLEYTOWN RD,COOPERSTOWN,PA,16317,9800,,X17781,P
ATLANTIC,4B,PENNSYLVANIA 1,150,16319,OIL CITY,302 E 2ND ST,OIL CITY,PA,16301,2300,,X1A305,P
ATLANTIC,4B,PENNSYLVANIA 1,150,16319,SENECA,130 MEADOW RD,SENECA,PA,16346,9800,,X1A970,P
ATLANTIC,4B,PENNSYLVANIA 1,150,16321,ENDEAVOR,17520 ROUTE 666,ENDEAVOR,PA,16322,9800,P,X18248,P
ATLANTIC,4B,PENNSYLVANIA 1,150,16322,ENDEAVOR,17520 ROUTE 666,ENDEAVOR,PA,16322,9800,P,X18248,P
ATLANTIC,4B,PENNSYLVANIA 1,150,16323,FRANKLIN,1202 ELK ST,FRANKLIN,PA,16323,8800,,X18491,P
ATLANTIC,4B,PENNSYLVANIA 1,150,16326,FRYBURG,5383 OLD FRYBURG RD,FRYBURG,PA,16326,9800,,X18527,P
ATLANTIC,4B,PENNSYLVANIA 1,150,16327,COCHRANTON,107 N FRANKLIN ST,COCHRANTON,PA,16314,9800,,X17706,P
ATLANTIC,4B,PENNSYLVANIA 1,150,16327,GUYS MILLS,11522 STATE HIGHWAY 198,GUYS MILLS,PA,16327,9800,,X18750,P
ATLANTIC,4B,PENNSYLVANIA 1,150,16329,IRVINE,853 NATIONAL FORGE RD,IRVINE,PA,16329,9800,,X19031,P
ATLANTIC,4B,PENNSYLVANIA 1,150,16331,KOSSUTH,1787 ROUTE 322 STE 1,KOSSUTH,PA,16331,9800,,X19212,P
ATLANTIC,4B,PENNSYLVANIA 1,150,16332,TYLERSBURG,8206 ROUTE 36,TYLERSBURG,PA,16361,9800,,X1B595,P
ATLANTIC,4B,PENNSYLVANIA 1,150,16333,LUDLOW,1 LINCOLN AVE,LUDLOW,PA,16333,9800,P,X19531,P
ATLANTIC,4B,PENNSYLVANIA 1,150,16334,MARBLE,18104 ROUTE 208,MARBLE,PA,16334,9800,,X19610,P
ATLANTIC,4B,PENNSYLVANIA 1,150,16335,MEADVILLE,212 ARCH ST,MEADVILLE,PA,16335,3400,,X19737,P
ATLANTIC,4B,PENNSYLVANIA 1,150,16340,PITTSFIELD,128 DALRYMPLE ST,PITTSFIELD,PA,16340,9800,,X1A544,P
ATLANTIC,4B,PENNSYLVANIA 1,150,16341,PLEASANTVILLE,125 S MAIN ST,PLEASANTVILLE,PA,16341,9800,,X1A574,P
ATLANTIC,4B,PENNSYLVANIA 1,150,16342,POLK,710 MAIN ST,POLK,PA,16342,9800,,X1A603,P
ATLANTIC,4B,PENNSYLVANIA 1,150,16343,RENO,1891 ALLEGHENY BLVD,RENO,PA,16343,9800,P,X1A732,P
ATLANTIC,4B,PENNSYLVANIA 1,150,16344,ROUSEVILLE,114 CHERRY RUN RD,ROUSEVILLE,PA,16344,9800,P,X1A848,P
ATLANTIC,4B,PENNSYLVANIA 1,150,16345,RUSSELL,102 LIBERTY ST,RUSSELL,PA,16345,9800,,X1A868,P
ATLANTIC,4B,PENNSYLVANIA 1,150,16346,OIL CITY,302 E 2ND ST,OIL CITY,PA,16301,2300,,X1A305,P
ATLANTIC,4B,PENNSYLVANIA 1,150,16346,SENECA,130 MEADOW RD,SENECA,PA,16346,9800,,X1A970,P
ATLANTIC,4B,PENNSYLVANIA 1,150,16347,SHEFFIELD,90 S MAIN ST,SHEFFIELD,PA,16347,9800,,X1B009,P
ATLANTIC,4B,PENNSYLVANIA 1,150,16350,SUGAR GROVE,14 ABBOTT ST,SUGAR GROVE,PA,16350,9800,,X1B405,P
ATLANTIC,4B,PENNSYLVANIA 1,150,16351,TIDIOUTE,160 MAIN ST,TIDIOUTE,PA,16351,1000,,X1B513,P
ATLANTIC,4B,PENNSYLVANIA 1,150,16352,TIONA,25 6 MILE RD,TIONA,PA,16352,9800,P,X1B520,P
ATLANTIC,4B,PENNSYLVANIA 1,150,16353,TIONESTA,115 FAULKNER DR,TIONESTA,PA,16353,9800,,X1B521,P
ATLANTIC,4B,PENNSYLVANIA 1,150,16354,TITUSVILLE,135 W SPRING ST,TITUSVILLE,PA,16354,1700,,X1B524,P
ATLANTIC,4B,PENNSYLVANIA 1,150,16360,TITUSVILLE,135 W SPRING ST,TITUSVILLE,PA,16354,1700,,X1B524,P
ATLANTIC,4B,PENNSYLVANIA 1,150,16360,TOWNVILLE,33432 N MAIN ST,TOWNVILLE,PA,16360,9800,,X1B545,P
ATLANTIC,4B,PENNSYLVANIA 1,150,16361,TYLERSBURG,8206 ROUTE 36,TYLERSBURG,PA,16361,9800,P,X1B595,P
ATLANTIC,4B,PENNSYLVANIA 1,150,16362,UTICA,3838 ACADEMY ST,UTICA,PA,16362,9800,,X1B671,P
ATLANTIC,4B,PENNSYLVANIA 1,150,16364,VENUS,4650 STATE ROUTE 157,VENUS,PA,16364,9800,,X1B694,P
ATLANTIC,4B,PENNSYLVANIA 1,150,16365,WARREN,210 W 3RD AVE STE 100,WARREN,PA,16365,9998,,X1B794,P
ATLANTIC,4B,PENNSYLVANIA 1,150,16370,ENDEAVOR,17520 ROUTE 666,ENDEAVOR,PA,16322,9800,P,X18248,P
ATLANTIC,4B,PENNSYLVANIA 1,150,16371,YOUNGSVILLE,39 RAILROAD ST,YOUNGSVILLE,PA,16371,1400,,X1C144,P
ATLANTIC,4B,PENNSYLVANIA 1,150,16372,CLINTONVILLE,201 IRWIN ST,CLINTONVILLE,PA,16372,9800,P,X17689,P
ATLANTIC,4B,PENNSYLVANIA 1,150,16373,EMLENTON,714 MAIN ST,EMLENTON,PA,16373,9800,,X18244,P
ATLANTIC,4B,PENNSYLVANIA 1,150,16374,KENNERDELL,240 MAIN ST,KENNERDELL,PA,16374,9800,,X19149,P
ATLANTIC,4B,PENNSYLVANIA 1,150,16375,LAMARTINE,1710 ROUTE 208,LAMARTINE,PA,16375,9800,P,X19262,P
ATLANTIC,4B,PENNSYLVANIA 1,150,16401,ALBION,35 E STATE ST,ALBION,PA,16401,1100,,X16907,P
ATLANTIC,4B,PENNSYLVANIA 1,150,16402,CORRY,101 S CENTER ST,CORRY,PA,16407,1900,,X17795,P
ATLANTIC,4B,PENNSYLVANIA 1,150,16403,CAMBRIDGE SPRINGS,332 VENANGO AVE,CAMBRIDGE SPRINGS,PA,16403,1100,,X17483,P
ATLANTIC,4B,PENNSYLVANIA 1,150,16404,CENTERVILLE,18599 ERIE ST,CENTERVILLE,PA,16404,9800,,X17566,P
ATLANTIC,4B,PENNSYLVANIA 1,150,16405,COLUMBUS,2 E MAIN ST,COLUMBUS,PA,16405,9800,,X17744,P
ATLANTIC,4B,PENNSYLVANIA 1,150,16405,CORRY,101 S CENTER ST,CORRY,PA,16407,1900,,X17795,P
ATLANTIC,4B,PENNSYLVANIA 1,150,16406,CONNEAUTVILLE,809 MAIN ST,CONNEAUTVILLE,PA,16406,9800,,X17763,P
ATLANTIC,4B,PENNSYLVANIA 1,150,16407,CORRY,101 S CENTER ST,CORRY,PA,16407,1900,,X17795,P
ATLANTIC,4B,PENNSYLVANIA 1,150,16410,ALBION,35 E STATE ST,ALBION,PA,16401,1100,,X16907,P
ATLANTIC,4B,PENNSYLVANIA 1,150,16410,CRANESVILLE,10283 E CRANE ST,CRANESVILLE,PA,16410,9800,,X17829,P
ATLANTIC,4B,PENNSYLVANIA 1,150,16411,EAST SPRINGFIELD,11932 MAIN ST STE A,EAST SPRINGFIELD,PA,16411,9800,,X18138,P
ATLANTIC,4B,PENNSYLVANIA 1,150,16411,GIRARD,113 MAIN ST E,GIRARD,PA,16417,1700,,X18601,P
ATLANTIC,4B,PENNSYLVANIA 1,150,16412,EDINBORO,300 WATERFORD ST,EDINBORO,PA,16412,2300,,X18176,P
ATLANTIC,4B,PENNSYLVANIA 1,150,16413,ELGIN,18250 MAIN ST,ELGIN,PA,16413,9800,P,X18202,P
ATLANTIC,4B,PENNSYLVANIA 1,150,16415,FAIRVIEW,3856 AVONIA RD,FAIRVIEW,PA,16415,9800,,X18329,P
ATLANTIC,4B,PENNSYLVANIA 1,150,16416,GARLAND,55 EXTENSION RD,GARLAND,PA,16416,9800,P,X18556,P
ATLANTIC,4B,PENNSYLVANIA 1,150,16417,GIRARD,113 MAIN ST E,GIRARD,PA,16417,1700,,X18601,P
ATLANTIC,4B,PENNSYLVANIA 1,150,16420,GRAND VALLEY,76 ELDRED CENTER RD,GRAND VALLEY,PA,16420,9800,,X18670,P
ATLANTIC,4B,PENNSYLVANIA 1,150,16421,HARBORCREEK,7175 BUFFALO RD,HARBORCREEK,PA,16421,9800,,X18787,P
ATLANTIC,4B,PENNSYLVANIA 1,150,16421,ERIE PA S&DC,2108 E 38TH ST,ERIE,PA,16515,9900,,020644,4
ATLANTIC,4B,PENNSYLVANIA 1,150,16422,HARMONSBURG,14238 LEXINGTON ST,HARMONSBURG,PA,16422,9800,P,X18794,P
ATLANTIC,4B,PENNSYLVANIA 1,150,16423,GIRARD,113 MAIN ST E,GIRARD,PA,16417,1700,,X18601,P
ATLANTIC,4B,PENNSYLVANIA 1,150,16424,LINESVILLE,141 W ERIE ST,LINESVILLE,PA,16424,9800,,X19439,P
ATLANTIC,4B,PENNSYLVANIA 1,150,16426,MC KEAN,8988 MAIN ST,MC KEAN,PA,16426,9800,,X19689,P
ATLANTIC,4B,PENNSYLVANIA 1,150,16426,ERIE PA S&DC,2108 E 38TH ST,ERIE,PA,16515,9900,,020644,4
ATLANTIC,4B,PENNSYLVANIA 1,150,16427,MILL VILLAGE,14525 S MAIN ST,MILL VILLAGE,PA,16427,9800,P,X19831,P
ATLANTIC,4B,PENNSYLVANIA 1,150,16428,NORTH EAST,38 S LAKE ST,NORTH EAST,PA,16428,1200,,X1A215,P
ATLANTIC,4B,PENNSYLVANIA 1,150,16433,SAEGERTOWN,521 MAIN ST,SAEGERTOWN,PA,16433,9800,,X1A890,P
ATLANTIC,4B,PENNSYLVANIA 1,150,16434,SPARTANSBURG,258 MAIN ST,SPARTANSBURG,PA,16434,9800,,X1B165,P
ATLANTIC,4B,PENNSYLVANIA 1,150,16434,CORRY,101 S CENTER ST,CORRY,PA,16407,1900,,X17795,P
ATLANTIC,4B,PENNSYLVANIA 1,150,16435,SPRINGBORO,111 BEAVER ST,SPRINGBORO,PA,16435,9800,,X1B198,P
ATLANTIC,4B,PENNSYLVANIA 1,150,16435,CONNEAUTVILLE,809 MAIN ST,CONNEAUTVILLE,PA,16406,9800,,X17763,P
ATLANTIC,4B,PENNSYLVANIA 1,150,16436,SPRING CREEK,185 OLD ROUTE 77,SPRING CREEK,PA,16436,9800,,X1B182,P
ATLANTIC,4B,PENNSYLVANIA 1,150,16436,CORRY,101 S CENTER ST,CORRY,PA,16407,1900,,X17795,P
ATLANTIC,4B,PENNSYLVANIA 1,150,16438,UNION CITY,90 N MAIN ST,UNION CITY,PA,16438,1000,,X1B615,P
ATLANTIC,4B,PENNSYLVANIA 1,150,16440,VENANGO,21663 CUSSEWAGO ST,VENANGO,PA,16440,9800,,X1B692,P
ATLANTIC,4B,PENNSYLVANIA 1,150,16441,WATERFORD,101 HIGH ST,WATERFORD,PA,16441,9800,,X1B819,P
ATLANTIC,4B,PENNSYLVANIA 1,150,16442,WATTSBURG,14410 MAIN ST,WATTSBURG,PA,16442,9800,,X1B830,P
ATLANTIC,4B,PENNSYLVANIA 1,150,16442,ERIE PA S&DC,2108 E 38TH ST,ERIE,PA,16515,9900,,020644,4
ATLANTIC,4B,PENNSYLVANIA 1,150,16443,WEST SPRINGFIELD,13788 RIDGE RD,WEST SPRINGFIELD,PA,16443,9800,,X1B951,P
ATLANTIC,4B,PENNSYLVANIA 1,150,16501,ERIE PA S&DC,2108 E 38TH ST,ERIE,PA,16515,9900,,020644,4
ATLANTIC,4B,PENNSYLVANIA 1,150,16502,ERIE PA S&DC,2108 E 38TH ST,ERIE,PA,16515,9900,,020644,4
ATLANTIC,4B,PENNSYLVANIA 1,150,16503,ERIE PA S&DC,2108 E 38TH ST,ERIE,PA,16515,9900,,020644,4
ATLANTIC,4B,PENNSYLVANIA 1,150,16504,ERIE PA S&DC,2108 E 38TH ST,ERIE,PA,16515,9900,,020644,4
ATLANTIC,4B,PENNSYLVANIA 1,150,16505,PRESQUE ISLE,2711 LEGION RD,ERIE,PA,16506,3100,,X1A637,B
ATLANTIC,4B,PENNSYLVANIA 1,150,16506,PRESQUE ISLE,2711 LEGION RD,ERIE,PA,16506,3100,,X1A637,B
ATLANTIC,4B,PENNSYLVANIA 1,150,16507,ERIE PA S&DC,2108 E 38TH ST,ERIE,PA,16515,9900,,020644,4
ATLANTIC,4B,PENNSYLVANIA 1,150,16508,PRESQUE ISLE,2711 LEGION RD,ERIE,PA,16506,3100,,X1A637,B
ATLANTIC,4B,PENNSYLVANIA 1,150,16508,ERIE PA S&DC,2108 E 38TH ST,ERIE,PA,16515,9900,,020644,4
ATLANTIC,4B,PENNSYLVANIA 1,150,16509,ERIE PA S&DC,2108 E 38TH ST,ERIE,PA,16515,9900,,020644,4
ATLANTIC,4B,PENNSYLVANIA 1,150,16510,ERIE PA S&DC,2108 E 38TH ST,ERIE,PA,16515,9900,,020644,4
ATLANTIC,4B,PENNSYLVANIA 1,150,16511,ERIE PA S&DC,2108 E 38TH ST,ERIE,PA,16515,9900,,020644,4
ATLANTIC,4B,PENNSYLVANIA 1,150,16512,DOWNTOWN ERIE,1401 STATE ST STE 100,ERIE,PA,16501,9998,P,X17989,S
ATLANTIC,4B,PENNSYLVANIA 1,150,16514,ERIE PA S&DC,2108 E 38TH ST,ERIE,PA,16515,9900,P,020644,4
ATLANTIC,4B,PENNSYLVANIA 1,150,16601,ALTOONA,1201 11TH AVE,ALTOONA,PA,16601,9998,,X16954,P
ATLANTIC,4B,PENNSYLVANIA 1,150,16602,ALTOONA,1201 11TH AVE,ALTOONA,PA,16601,9998,,X16954,P
ATLANTIC,4B,PENNSYLVANIA 1,150,16603,ALTOONA,1201 11TH AVE,ALTOONA,PA,16601,9998,P,X16954,P
ATLANTIC,4B,PENNSYLVANIA 1,150,16611,ALEXANDRIA,703 CANAL ST,ALEXANDRIA,PA,16611,9998,,X16922,P
ATLANTIC,4B,PENNSYLVANIA 1,150,16613,ASHVILLE,1657 LIBERTY ST,ASHVILLE,PA,16613,9998,,X17015,P
ATLANTIC,4B,PENNSYLVANIA 1,150,16616,SMOKERUN,6302 CROSS ROADS BLVD,SMOKERUN,PA,16681,9998,,X1B095,P
ATLANTIC,4B,PENNSYLVANIA 1,150,16617,BELLWOOD,511 MAIN ST,BELLWOOD,PA,16617,9998,,X17163,P
ATLANTIC,4B,PENNSYLVANIA 1,150,16619,BLANDBURG,143 POST OFFICE AVE,BLANDBURG,PA,16619,9998,P,X17247,P
ATLANTIC,4B,PENNSYLVANIA 1,150,16620,BRISBIN,181 SWOOPE ST,BRISBIN,PA,16620,9998,P,X17362,P
ATLANTIC,4B,PENNSYLVANIA 1,150,16621,BROAD TOP,3956 LOCUST ST,BROAD TOP,PA,16621,9998,,X17368,P
ATLANTIC,4B,PENNSYLVANIA 1,150,16622,CALVIN,16281 TROUGH CREEK VALLEY PIKE,CALVIN,PA,16622,9998,,X17480,P
ATLANTIC,4B,PENNSYLVANIA 1,150,16623,CASSVILLE,211 CHERRY ST,CASSVILLE,PA,16623,9998,,X17525,P
ATLANTIC,4B,PENNSYLVANIA 1,150,16624,CHEST SPRINGS,142 WASHINGTON ST,CHEST SPRINGS,PA,16624,9998,P,X17615,P
ATLANTIC,4B,PENNSYLVANIA 1,150,16625,CLAYSBURG,806 BEDFORD ST,CLAYSBURG,PA,16625,7706,,X17667,P
ATLANTIC,4B,PENNSYLVANIA 1,150,16627,COALPORT,745 MAIN ST,COALPORT,PA,16627,9998,,X17702,P
ATLANTIC,4B,PENNSYLVANIA 1,150,16630,CRESSON,832 KEYSTONE AVE,CRESSON,PA,16630,9998,,X17837,P
ATLANTIC,4B,PENNSYLVANIA 1,150,16631,CURRYVILLE,1590 CURRYVILLE RD,CURRYVILLE,PA,16631,9998,P,X17867,P
ATLANTIC,4B,PENNSYLVANIA 1,150,16633,DEFIANCE,807 SIX MILE RUN RD,DEFIANCE,PA,16633,9998,P,X17915,P
ATLANTIC,4B,PENNSYLVANIA 1,150,16634,DUDLEY,3878 BROAD TOP MOUNTAIN RD,DUDLEY,PA,16634,9001,P,X18025,P
ATLANTIC,4B,PENNSYLVANIA 1,150,16635,DUNCANSVILLE,146 DEVILLE DR,DUNCANSVILLE,PA,16635,9998,,X18033,P
ATLANTIC,4B,PENNSYLVANIA 1,150,16636,DYSART,1194 CLEARFIELD VALLEY BLVD,DYSART,PA,16636,9998,,X18051,P
ATLANTIC,4B,PENNSYLVANIA 1,150,16637,EAST FREEDOM,2801 EVERETT RD,EAST FREEDOM,PA,16637,9998,,X18110,P
ATLANTIC,4B,PENNSYLVANIA 1,150,16639,FALLENTIMBER,1664 GLENDALE VALLEY BLVD,FALLENTIMBER,PA,16639,9998,,X18339,P
ATLANTIC,4B,PENNSYLVANIA 1,150,16640,FLINTON,2154 BEAVER VALLEY RD,FLINTON,PA,16640,9998,,X18417,P
ATLANTIC,4B,PENNSYLVANIA 1,150,16641,CRESSON,832 KEYSTONE AVE,CRESSON,PA,16630,9998,,X17837,P
ATLANTIC,4B,PENNSYLVANIA 1,150,16641,GALLITZIN,312 CHURCH ST,GALLITZIN,PA,16641,9998,,X18544,P
ATLANTIC,4B,PENNSYLVANIA 1,150,16644,GLASGOW,2361 SKYLINE DR,GLASGOW,PA,16644,9998,P,X18609,P
ATLANTIC,4B,PENNSYLVANIA 1,150,16646,HASTINGS,311 BEAVER ST,HASTINGS,PA,16646,9998,,X18820,P
ATLANTIC,4B,PENNSYLVANIA 1,150,16647,HESSTON,12393 MAPLE LN,HESSTON,PA,16647,9998,,X18886,P
ATLANTIC,4B,PENNSYLVANIA 1,150,16648,HOLLIDAYSBURG,525 ALLEGHENY ST,HOLLIDAYSBURG,PA,16648,9998,,X18923,P
ATLANTIC,4B,PENNSYLVANIA 1,150,16650,HOPEWELL,211 FRONT ST,HOPEWELL,PA,16650,9998,,X18948,P
ATLANTIC,4B,PENNSYLVANIA 1,150,16651,HOUTZDALE,721 MCATEER ST,HOUTZDALE,PA,16651,9998,,X18960,P
ATLANTIC,4B,PENNSYLVANIA 1,150,16652,HUNTINGDON,401 WASHINGTON ST,HUNTINGDON,PA,16652,9998,,X18984,P
ATLANTIC,4B,PENNSYLVANIA 1,150,16655,IMLER,1233 S IMLER VALLEY RD,IMLER,PA,16655,9998,,X19006,P
ATLANTIC,4B,PENNSYLVANIA 1,150,16656,IRVONA,133 JULIA ST,IRVONA,PA,16656,9998,,X19033,P
ATLANTIC,4B,PENNSYLVANIA 1,150,16657,JAMES CREEK,3322 OLD MOUNTAIN RD STE A,JAMES CREEK,PA,16657,9998,,X19060,P
ATLANTIC,4B,PENNSYLVANIA 1,150,16660,MC CONNELLSTOWN,11701 RAYSTOWN RD FL 1,MC CONNELLSTOWN,PA,16660,9998,P,X19682,P
ATLANTIC,4B,PENNSYLVANIA 1,150,16661,HOUTZDALE,721 MCATEER ST,HOUTZDALE,PA,16651,9998,,X18960,P
ATLANTIC,4B,PENNSYLVANIA 1,150,16662,MARTINSBURG,101 E ALLEGHENY ST,MARTINSBURG,PA,16662,9998,,X19651,P
ATLANTIC,4B,PENNSYLVANIA 1,150,16663,MORANN,3492 GINTER MORANN HWY,MORANN,PA,16663,9998,P,X19918,P
ATLANTIC,4B,PENNSYLVANIA 1,150,16664,NEW ENTERPRISE,109 CHURCH ST,NEW ENTERPRISE,PA,16664,9998,,X1A124,P
ATLANTIC,4B,PENNSYLVANIA 1,150,16665,NEWRY,825 PATRICK LN,NEWRY,PA,16665,9998,P,X1A179,P
ATLANTIC,4B,PENNSYLVANIA 1,150,16666,OSCEOLA MILLS,602 LINGLE ST,OSCEOLA MILLS,PA,16666,9998,,X1A353,P
ATLANTIC,4B,PENNSYLVANIA 1,150,16667,OSTERBURG,166 HERITAGE RD,OSTERBURG,PA,16667,9998,,X1A354,P
ATLANTIC,4B,PENNSYLVANIA 1,150,16668,PATTON,434 MAGEE AVE,PATTON,PA,16668,9998,,X1A415,P
ATLANTIC,4B,PENNSYLVANIA 1,150,16669,PETERSBURG,461 KING ST,PETERSBURG,PA,16669,9998,,X1A486,P
ATLANTIC,4B,PENNSYLVANIA 1,150,16669,ALEXANDRIA,703 CANAL ST,ALEXANDRIA,PA,16611,9998,,X16922,P
ATLANTIC,4B,PENNSYLVANIA 1,150,16671,HOUTZDALE,721 MCATEER ST,HOUTZDALE,PA,16651,9998,P,X18960,P
ATLANTIC,4B,PENNSYLVANIA 1,150,16672,RIDDLESBURG,124 NEWTOWN RD,RIDDLESBURG,PA,16672,9998,P,X1A762,P
ATLANTIC,4B,PENNSYLVANIA 1,150,16673,ROARING SPRING,427 E MAIN ST,ROARING SPRING,PA,16673,9998,,X1A787,P
ATLANTIC,4B,PENNSYLVANIA 1,150,16674,ROBERTSDALE,563 MAIN ST,ROBERTSDALE,PA,16674,9998,,X1A788,P
ATLANTIC,4B,PENNSYLVANIA 1,150,16677,OSCEOLA MILLS,602 LINGLE ST,OSCEOLA MILLS,PA,16666,9998,P,X1A353,P
ATLANTIC,4B,PENNSYLVANIA 1,150,16678,SAXTON,508 MAIN ST,SAXTON,PA,16678,9998,,X1A929,P
ATLANTIC,4B,PENNSYLVANIA 1,150,16679,SIX MILE RUN,1384 MAIN ST,SIX MILE RUN,PA,16679,9998,,X1B072,P
ATLANTIC,4B,PENNSYLVANIA 1,150,16680,SMITHMILL,726 WALNUT ST,SMITHMILL,PA,16680,9998,,X1B091,P
ATLANTIC,4B,PENNSYLVANIA 1,150,16681,SMOKERUN,6302 CROSS ROADS BLVD,SMOKERUN,PA,16681,9998,P,X1B095,P
ATLANTIC,4B,PENNSYLVANIA 1,150,16683,SPRUCE CREEK,5448 ISETT RD,SPRUCE CREEK,PA,16683,9998,,X1B218,P
ATLANTIC,4B,PENNSYLVANIA 1,150,16684,TIPTON,663 FOREST ST,TIPTON,PA,16684,9998,P,X1B522,P
ATLANTIC,4B,PENNSYLVANIA 1,150,16685,BROAD TOP,3956 LOCUST ST,BROAD TOP,PA,16621,9998,,X17368,P
ATLANTIC,4B,PENNSYLVANIA 1,150,16686,TYRONE,1071 PENNSYLVANIA AVE,TYRONE,PA,16686,9998,,X1B599,P
ATLANTIC,4B,PENNSYLVANIA 1,150,16689,WATERFALL,965 WATERFALL RD,WATERFALL,PA,16689,9998,,X1B818,P
ATLANTIC,4B,PENNSYLVANIA 1,150,16691,WELLS TANNERY,704 W TANNERY RD,WELLS TANNERY,PA,16691,9998,,X1B862,P
ATLANTIC,4B,PENNSYLVANIA 1,150,16692,WESTOVER,103 CHURCH ST,WESTOVER,PA,16692,9998,,X1B974,P
ATLANTIC,4B,PENNSYLVANIA 1,150,16693,WILLIAMSBURG,234 HIGH ST,WILLIAMSBURG,PA,16693,9998,,X1C039,P
ATLANTIC,4B,PENNSYLVANIA 1,150,16694,WOOD,242 MAIN ST,WOOD,PA,16694,9998,P,X1C084,P
ATLANTIC,4B,PENNSYLVANIA 1,150,16695,CURRYVILLE,1590 CURRYVILLE RD,CURRYVILLE,PA,16631,9998,,X17867,P
ATLANTIC,4B,PENNSYLVANIA 1,150,16695,MARTINSBURG,101 E ALLEGHENY ST,MARTINSBURG,PA,16662,9998,,X19651,P
ATLANTIC,4B,PENNSYLVANIA 1,150,16701,BRADFORD,115 BOYLSTON ST,BRADFORD,PA,16701,2190,,X17327,P
ATLANTIC,4B,PENNSYLVANIA 1,150,16720,AUSTIN,26 MAIN ST,AUSTIN,PA,16720,9800,,X17037,P
ATLANTIC,4B,PENNSYLVANIA 1,150,16724,CROSBY,27 CHRISTIAN HOLLOW RD,CROSBY,PA,16724,9800,P,X17843,P
ATLANTIC,4B,PENNSYLVANIA 1,150,16725,CUSTER CITY,1 E WARREN RD,CUSTER CITY,PA,16725,9800,P,X17872,P
ATLANTIC,4B,PENNSYLVANIA 1,150,16726,CYCLONE,4241 ROUTE 646,CYCLONE,PA,16726,9800,,X17873,P
ATLANTIC,4B,PENNSYLVANIA 1,150,16727,DERRICK CITY,432 DERRICK RD,DERRICK CITY,PA,16727,9800,,X17934,P
ATLANTIC,4B,PENNSYLVANIA 1,150,16729,DUKE CENTER,691 MAIN ST,DUKE CENTER,PA,16729,9800,,X18028,P
ATLANTIC,4B,PENNSYLVANIA 1,150,16730,EAST SMETHPORT,18253 ROUTE 6,EAST SMETHPORT,PA,16730,9800,P,X18136,P
ATLANTIC,4B,PENNSYLVANIA 1,150,16731,ELDRED,189 MAIN ST,ELDRED,PA,16731,9800,,X18197,P
ATLANTIC,4B,PENNSYLVANIA 1,150,16732,GIFFORD,3444 ROUTE 646,GIFFORD,PA,16732,9800,,X18593,P
ATLANTIC,4B,PENNSYLVANIA 1,150,16733,MOUNT JEWETT,2 W MAIN ST,MOUNT JEWETT,PA,16740,9800,P,X19954,P
ATLANTIC,4B,PENNSYLVANIA 1,150,16734,JAMES CITY,147 DELAWARE AVE,JAMES CITY,PA,16734,9800,P,X19059,P
ATLANTIC,4B,PENNSYLVANIA 1,150,16735,KANE,131 N FRALEY ST,KANE,PA,16735,9997,,X19113,P
ATLANTIC,4B,PENNSYLVANIA 1,150,16738,LEWIS RUN,59 MAIN ST,LEWIS RUN,PA,16738,9800,,X19395,P
ATLANTIC,4B,PENNSYLVANIA 1,150,16740,MOUNT JEWETT,2 W MAIN ST,MOUNT JEWETT,PA,16740,9800,,X19954,P
ATLANTIC,4B,PENNSYLVANIA 1,150,16743,PORT ALLEGANY,64 W MILL ST,PORT ALLEGANY,PA,16743,1381,,X1A609,P
ATLANTIC,4B,PENNSYLVANIA 1,150,16744,REW,1141 SUMMIT RD,REW,PA,16744,9800,,X1A737,P
ATLANTIC,4B,PENNSYLVANIA 1,150,16745,RIXFORD,1102 LOOKER MOUNTAIN TRL,RIXFORD,PA,16745,9800,,X1A783,P
ATLANTIC,4B,PENNSYLVANIA 1,150,16746,ROULETTE,107 MAIN ST,ROULETTE,PA,16746,9800,,X1A847,P
ATLANTIC,4B,PENNSYLVANIA 1,150,16748,SHINGLEHOUSE,214 W ACADEMY ST,SHINGLEHOUSE,PA,16748,9800,,X1B027,P
ATLANTIC,4B,PENNSYLVANIA 1,150,16749,SMETHPORT,200 N MECHANIC ST,SMETHPORT,PA,16749,1286,,X1B088,P
ATLANTIC,4B,PENNSYLVANIA 1,150,16750,TURTLEPOINT,1787 CHAMPLIN HILL RD UNIT 2,TURTLEPOINT,PA,16750,9800,,X1B583,P
ATLANTIC,4B,PENNSYLVANIA 1,150,16801,STATE COLLEGE,237 S FRASER ST,STATE COLLEGE,PA,16801,9998,,X1B319,P
ATLANTIC,4B,PENNSYLVANIA 1,150,16802,STATE COLLEGE,237 S FRASER ST,STATE COLLEGE,PA,16801,9998,,X1B319,P
ATLANTIC,4B,PENNSYLVANIA 1,150,16803,STATE COLLEGE,237 S FRASER ST,STATE COLLEGE,PA,16801,9998,,X1B319,P
ATLANTIC,4B,PENNSYLVANIA 1,150,16804,STATE COLLEGE,237 S FRASER ST,STATE COLLEGE,PA,16801,9998,P,X1B319,P
ATLANTIC,4B,PENNSYLVANIA 1,150,16805,STATE COLLEGE,237 S FRASER ST,STATE COLLEGE,PA,16801,9998,P,X1B319,P
ATLANTIC,4B,PENNSYLVANIA 1,150,16820,AARONSBURG,164 S RACHELS WAY,AARONSBURG,PA,16820,9998,,X16877,P
ATLANTIC,4B,PENNSYLVANIA 1,150,16821,ALLPORT,5695 MORRISDALE ALLPORT HWY,ALLPORT,PA,16821,9998,,X16944,P
ATLANTIC,4B,PENNSYLVANIA 1,150,16822,BEECH CREEK,26 GRANT ST,BEECH CREEK,PA,16822,9998,,X17141,P
ATLANTIC,4B,PENNSYLVANIA 1,150,16823,BELLEFONTE,132 N ALLEGHENY ST,BELLEFONTE,PA,16823,9998,,X17156,P
ATLANTIC,4B,PENNSYLVANIA 1,150,16825,WOODLAND,1374 SHAWVILLE HWY,WOODLAND,PA,16881,9998,P,X1C089,P
ATLANTIC,4B,PENNSYLVANIA 1,150,16826,BLANCHARD,113 BEACH ST,BLANCHARD,PA,16826,9998,P,X17246,P
ATLANTIC,4B,PENNSYLVANIA 1,150,16827,BOALSBURG,110 W PINE ST,BOALSBURG,PA,16827,9998,,X17270,P
ATLANTIC,4B,PENNSYLVANIA 1,150,16828,CENTRE HALL,113 E CHURCH ST,CENTRE HALL,PA,16828,9998,,X17580,P
ATLANTIC,4B,PENNSYLVANIA 1,150,16829,CLARENCE,788 CLARENCE RD,CLARENCE,PA,16829,9998,,X17646,P
ATLANTIC,4B,PENNSYLVANIA 1,150,16830,CLEARFIELD,118 N 2ND ST,CLEARFIELD,PA,16830,9998,,X17673,P
ATLANTIC,4B,PENNSYLVANIA 1,150,16832,COBURN,124 B ALY,COBURN,PA,16832,9998,,X17705,P
ATLANTIC,4B,PENNSYLVANIA 1,150,16833,CURWENSVILLE,525 STATE ST,CURWENSVILLE,PA,16833,9998,,X17871,P
ATLANTIC,4B,PENNSYLVANIA 1,150,16834,DRIFTING,5433 KYLERTOWN DRIFTING HWY,DRIFTING,PA,16834,9998,P,X18009,P
ATLANTIC,4B,PENNSYLVANIA 1,150,16835,FLEMING,241 MAIN ST,FLEMING,PA,16835,9998,P,X18412,P
ATLANTIC,4B,PENNSYLVANIA 1,150,16836,FRENCHVILLE,28478 FRENCHVILLE KARTHAUS HWY,FRENCHVILLE,PA,16836,9998,,X18512,P
ATLANTIC,4B,PENNSYLVANIA 1,150,16838,CURWENSVILLE,525 STATE ST,CURWENSVILLE,PA,16833,9998,,X17871,P
ATLANTIC,4B,PENNSYLVANIA 1,150,16838,GRAMPIAN,273 MAIN ST,GRAMPIAN,PA,16838,9998,,X18668,P
ATLANTIC,4B,PENNSYLVANIA 1,150,16840,HAWK RUN,398 POWELL ST,HAWK RUN,PA,16840,9998,,X18825,P
ATLANTIC,4B,PENNSYLVANIA 1,150,16841,HOWARD,324 WALNUT ST,HOWARD,PA,16841,9998,,X18961,P
ATLANTIC,4B,PENNSYLVANIA 1,150,16843,HYDE,1501 WASHINGTON AVE,HYDE,PA,16843,9998,P,X18994,P
ATLANTIC,4B,PENNSYLVANIA 1,150,16844,PORT MATILDA,109 N HIGH ST,PORT MATILDA,PA,16870,9998,,X1A614,P
ATLANTIC,4B,PENNSYLVANIA 1,150,16844,JULIAN,4848 S EAGLE VALLEY RD,JULIAN,PA,16844,9998,,X19107,P
ATLANTIC,4B,PENNSYLVANIA 1,150,16845,KARTHAUS,48 SMITH ST,KARTHAUS,PA,16845,9998,,X19118,P
ATLANTIC,4B,PENNSYLVANIA 1,150,16847,KYLERTOWN,93 ROLLING STONE RD,KYLERTOWN,PA,16847,9998,P,X19229,P
ATLANTIC,4B,PENNSYLVANIA 1,150,16848,LAMAR,5015 NITTANY VALLEY DR,LAMAR,PA,16848,9998,P,X19260,P
ATLANTIC,4B,PENNSYLVANIA 1,150,16849,LANSE,977 MAPLE ST,LANSE,PA,16849,9998,P,X19287,P
ATLANTIC,4B,PENNSYLVANIA 1,150,16851,LEMONT,141 MARY ST,LEMONT,PA,16851,9998,P,X19365,P
ATLANTIC,4B,PENNSYLVANIA 1,150,16852,MADISONBURG,4694 BRUSH VALLEY RD,MADISONBURG,PA,16852,8011,,X19567,P
ATLANTIC,4B,PENNSYLVANIA 1,150,16853,MILESBURG,202 MILL ST,MILESBURG,PA,16853,9998,P,X19820,P
ATLANTIC,4B,PENNSYLVANIA 1,150,16854,MILLHEIM,101 W MAIN ST,MILLHEIM,PA,16854,9998,,X19844,P
ATLANTIC,4B,PENNSYLVANIA 1,150,16855,MINERAL SPRINGS,244 POST OFFICE RD,MINERAL SPRINGS,PA,16855,9998,P,X19865,P
ATLANTIC,4B,PENNSYLVANIA 1,150,16856,MINGOVILLE,101 HECLA RD,MINGOVILLE,PA,16856,9998,P,X19870,P
ATLANTIC,4B,PENNSYLVANIA 1,150,16858,MORRISDALE,52 CHURCH ST,MORRISDALE,PA,16858,9998,,X19928,P
ATLANTIC,4B,PENNSYLVANIA 1,150,16859,SNOW SHOE,105 S MOSHANNON AVE,SNOW SHOE,PA,16874,9998,,X1B101,P
ATLANTIC,4B,PENNSYLVANIA 1,150,16861,NEW MILLPORT,7083 DOUGLAS RD,NEW MILLPORT,PA,16861,9998,,X1A143,P
ATLANTIC,4B,PENNSYLVANIA 1,150,16863,OLANTA,86 LITTLE CLEARFIELD CREEK RD,OLANTA,PA,16863,9998,,X1A309,P
ATLANTIC,4B,PENNSYLVANIA 1,150,16865,PENNSYLVANIA FURNACE,6890 W WHITEHALL RD,PENNSYLVANIA FURNACE,PA,16865,9998,,X1A466,P
ATLANTIC,4B,PENNSYLVANIA 1,150,16866,PHILIPSBURG,222 E LAUREL ST,PHILIPSBURG,PA,16866,9998,,X1A500,P
ATLANTIC,4B,PENNSYLVANIA 1,150,16868,PINE GROVE MILLS,112 E PINE GROVE RD,PINE GROVE MILLS,PA,16868,9998,P,X1A522,P
ATLANTIC,4B,PENNSYLVANIA 1,150,16870,PORT MATILDA,109 N HIGH ST,PORT MATILDA,PA,16870,9998,,X1A614,P
ATLANTIC,4B,PENNSYLVANIA 1,150,16871,KARTHAUS,48 SMITH ST,KARTHAUS,PA,16845,9998,,X19118,P
ATLANTIC,4B,PENNSYLVANIA 1,150,16872,REBERSBURG,109 E MAIN ST,REBERSBURG,PA,16872,9998,,X1A706,P
ATLANTIC,4B,PENNSYLVANIA 1,150,16873,SHAWVILLE,23 TROUT RUN RD,SHAWVILLE,PA,16873,9998,P,X1B006,P
ATLANTIC,4B,PENNSYLVANIA 1,150,16874,SNOW SHOE,105 S MOSHANNON AVE,SNOW SHOE,PA,16874,9998,,X1B101,P
ATLANTIC,4B,PENNSYLVANIA 1,150,16875,SPRING MILLS,136 SCHOOL ST,SPRING MILLS,PA,16875,9998,,X1B192,P
ATLANTIC,4B,PENNSYLVANIA 1,150,16876,WALLACETON,445 CLEARFIELD ST,WALLACETON,PA,16876,9998,P,X1B771,P
ATLANTIC,4B,PENNSYLVANIA 1,150,16877,TYRONE,1071 PENNSYLVANIA AVE,TYRONE,PA,16686,9998,,X1B599,P
ATLANTIC,4B,PENNSYLVANIA 1,150,16877,WARRIORS MARK,1883 CENTRE LINE RD,WARRIORS MARK,PA,16877,9998,,X1B803,P
ATLANTIC,4B,PENNSYLVANIA 1,150,16878,PHILIPSBURG,222 E LAUREL ST,PHILIPSBURG,PA,16866,9998,,X1A500,P
ATLANTIC,4B,PENNSYLVANIA 1,150,16878,WEST DECATUR,105 BLUE BALL RD,WEST DECATUR,PA,16878,9998,,X1B902,P
ATLANTIC,4B,PENNSYLVANIA 1,150,16879,WINBURNE,1208 MAIN ST,WINBURNE,PA,16879,9998,,X1C057,P
ATLANTIC,4B,PENNSYLVANIA 1,150,16881,WOODLAND,1374 SHAWVILLE HWY,WOODLAND,PA,16881,9998,,X1C089,P
ATLANTIC,4B,PENNSYLVANIA 1,150,16882,WOODWARD,107 MOUNTAIN AVE,WOODWARD,PA,16882,9998,,X1C092,P
ATLANTIC,4B,PENNSYLVANIA 1,150,16901,WELLSBORO,14 MAIN ST,WELLSBORO,PA,16901,9998,,X1B863,P
ATLANTIC,4B,PENNSYLVANIA 1,150,16910,TROY,416 CANTON ST,TROY,PA,16947,9998,,X1B565,P
ATLANTIC,4B,PENNSYLVANIA 1,150,16911,ARNOT,834 ARNOT RD,ARNOT,PA,16911,9998,P,X17002,P
ATLANTIC,4B,PENNSYLVANIA 1,150,16912,BLOSSBURG,3 RIVERSIDE PLZ,BLOSSBURG,PA,16912,9998,,X17258,P
ATLANTIC,4B,PENNSYLVANIA 1,150,16912,MANSFIELD,320 S MAIN ST,MANSFIELD,PA,16933,9998,,X19602,P
ATLANTIC,4B,PENNSYLVANIA 1,150,16914,TROY,416 CANTON ST,TROY,PA,16947,9998,,X1B565,P
ATLANTIC,4B,PENNSYLVANIA 1,150,16914,COLUMBIA CROSS ROADS,6921 AUSTINVILLE RD,COLUMBIA CROSS ROADS,PA,16914,9998,,X17742,P
ATLANTIC,4B,PENNSYLVANIA 1,150,16915,COUDERSPORT,301 N MAIN ST,COUDERSPORT,PA,16915,9998,,X17799,P
ATLANTIC,4B,PENNSYLVANIA 1,150,16917,COVINGTON,2220 N WILLIAMSON RD,COVINGTON,PA,16917,9998,,X17809,P
ATLANTIC,4B,PENNSYLVANIA 1,150,16917,MANSFIELD,320 S MAIN ST,MANSFIELD,PA,16933,9998,,X19602,P
ATLANTIC,4B,PENNSYLVANIA 1,150,16920,ELKLAND,104 S BUFFALO ST,ELKLAND,PA,16920,9998,,X18214,P
ATLANTIC,4B,PENNSYLVANIA 1,150,16921,GAINES,1977 ROUTE 6,GAINES,PA,16921,9998,,X18540,P
ATLANTIC,4B,PENNSYLVANIA 1,150,16922,GALETON,28 BRIDGE ST,GALETON,PA,16922,9998,,X18541,P
ATLANTIC,4B,PENNSYLVANIA 1,150,16923,COUDERSPORT,301 N MAIN ST,COUDERSPORT,PA,16915,9998,,X17799,P
ATLANTIC,4B,PENNSYLVANIA 1,150,16923,GENESEE,276 MAIN ST,GENESEE,PA,16923,9998,,X18574,P
ATLANTIC,4B,PENNSYLVANIA 1,150,16925,TROY,416 CANTON ST,TROY,PA,16947,9998,,X1B565,P
ATLANTIC,4B,PENNSYLVANIA 1,150,16925,GILLETT,33165 ROUTE 14,GILLETT,PA,16925,9998,,X18599,P
ATLANTIC,4B,PENNSYLVANIA 1,150,16926,TROY,416 CANTON ST,TROY,PA,16947,9998,,X1B565,P
ATLANTIC,4B,PENNSYLVANIA 1,150,16926,GRANVILLE SUMMIT,543 HIGH BRIDGE RD,GRANVILLE SUMMIT,PA,16926,9998,,X18678,P
ATLANTIC,4B,PENNSYLVANIA 1,150,16928,WESTFIELD,103 W MAIN ST,WESTFIELD,PA,16950,9998,,X1B962,P
ATLANTIC,4B,PENNSYLVANIA 1,150,16928,KNOXVILLE,105 E MAIN ST,KNOXVILLE,PA,16928,9800,,X19207,P
ATLANTIC,4B,PENNSYLVANIA 1,150,16929,LAWRENCEVILLE,60 MAIN ST,LAWRENCEVILLE,PA,16929,9998,,X19327,P
ATLANTIC,4B,PENNSYLVANIA 1,150,16930,LIBERTY,4514 WILLIAMSON TRL,LIBERTY,PA,16930,9998,,X19405,P
ATLANTIC,4B,PENNSYLVANIA 1,150,16930,MANSFIELD,320 S MAIN ST,MANSFIELD,PA,16933,9998,,X19602,P
ATLANTIC,4B,PENNSYLVANIA 1,150,16932,MAINESBURG,121 MAINESBURG RD,MAINESBURG,PA,16932,9998,,X19576,P
ATLANTIC,4B,PENNSYLVANIA 1,150,16933,MANSFIELD,320 S MAIN ST,MANSFIELD,PA,16933,9998,,X19602,P
ATLANTIC,4B,PENNSYLVANIA 1,150,16935,WELLSBORO,14 MAIN ST,WELLSBORO,PA,16901,9998,,X1B863,P
ATLANTIC,4B,PENNSYLVANIA 1,150,16935,MIDDLEBURY CENTER,11660 ROUTE 287,MIDDLEBURY CENTER,PA,16935,9998,,X19793,P
ATLANTIC,4B,PENNSYLVANIA 1,150,16936,LAWRENCEVILLE,60 MAIN ST,LAWRENCEVILLE,PA,16929,9998,,X19327,P
ATLANTIC,4B,PENNSYLVANIA 1,150,16936,MILLERTON,45 BACK ST,MILLERTON,PA,16936,9998,,X19843,P
ATLANTIC,4B,PENNSYLVANIA 1,150,16937,MILLS,5021 STATE ROUTE 49 W,MILLS,PA,16937,9998,,X19849,P
ATLANTIC,4B,PENNSYLVANIA 1,150,16938,MORRIS,917 ROUTE 287,MORRIS,PA,16938,9998,,X19926,P
ATLANTIC,4B,PENNSYLVANIA 1,150,16939,MORRIS RUN,1043 MORRIS RUN RD,MORRIS RUN,PA,16939,9998,P,X19927,P
ATLANTIC,4B,PENNSYLVANIA 1,150,16940,NELSON,1 VILLAGE DR,NELSON,PA,16940,9998,P,X1A088,P
ATLANTIC,4B,PENNSYLVANIA 1,150,16942,OSCEOLA,7570 ROUTE 49,OSCEOLA,PA,16942,9998,,X1A352,P
ATLANTIC,4B,PENNSYLVANIA 1,150,16943,SABINSVILLE,1056 SPRUCE ST,SABINSVILLE,PA,16943,9998,,X1A886,P
ATLANTIC,4B,PENNSYLVANIA 1,150,16945,SYLVANIA,2345 SYLVANIA RD,SYLVANIA,PA,16945,9998,P,X1B469,P
ATLANTIC,4B,PENNSYLVANIA 1,150,16946,TIOGA,34 N MAIN ST,TIOGA,PA,16946,9998,,X1B519,P
ATLANTIC,4B,PENNSYLVANIA 1,150,16947,TROY,416 CANTON ST,TROY,PA,16947,9998,,X1B565,P
ATLANTIC,4B,PENNSYLVANIA 1,150,16948,ULYSSES,408 N MAIN ST,ULYSSES,PA,16948,9998,,X1B604,P
ATLANTIC,4B,PENNSYLVANIA 1,150,16948,WESTFIELD,103 W MAIN ST,WESTFIELD,PA,16950,9998,,X1B962,P
ATLANTIC,4B,PENNSYLVANIA 1,150,16950,WESTFIELD,103 W MAIN ST,WESTFIELD,PA,16950,9998,,X1B962,P
ATLANTIC,4B,PENNSYLVANIA 1,150,17001,CAMP HILL,1675 CAMP HILL BYP,CAMP HILL,PA,17011,9998,P,X17487,P
ATLANTIC,4B,PENNSYLVANIA 1,150,17002,ALLENSVILLE,173 W MAIN ST,ALLENSVILLE,PA,17002,9998,,X16935,P
ATLANTIC,4B,PENNSYLVANIA 1,150,17002,BELLEVILLE,4242 E MAIN ST,BELLEVILLE,PA,17004,9998,,X17159,P
ATLANTIC,4B,PENNSYLVANIA 1,150,17003,ANNVILLE,51 N LANCASTER ST,ANNVILLE,PA,17003,9998,,X16975,P
ATLANTIC,4B,PENNSYLVANIA 1,150,17004,BELLEVILLE,4242 E MAIN ST,BELLEVILLE,PA,17004,9998,,X17159,P
ATLANTIC,4B,PENNSYLVANIA 1,150,17005,BERRYSBURG,137 N CHESTNUT ST,BERRYSBURG,PA,17005,9998,P,X17191,P
ATLANTIC,4B,PENNSYLVANIA 1,150,17006,BLAIN,14 E MAIN ST,BLAIN,PA,17006,9998,,X17239,P
ATLANTIC,4B,PENNSYLVANIA 1,150,17006,LOYSVILLE,3555 SHERMANS VALLEY RD,LOYSVILLE,PA,17047,9998,,X19524,P
ATLANTIC,4B,PENNSYLVANIA 1,150,17007,BOILING SPRINGS,3 E 1ST ST,BOILING SPRINGS,PA,17007,9998,,X17276,P
ATLANTIC,4B,PENNSYLVANIA 1,150,17007,CARLISLE,66 W LOUTHER ST,CARLISLE,PA,17013,9998,,X17502,P
ATLANTIC,4B,PENNSYLVANIA 1,150,17009,BURNHAM,229 N LOGAN BLVD,BURNHAM,PA,17009,9998,,X17450,P
ATLANTIC,4B,PENNSYLVANIA 1,150,17010,CAMPBELLTOWN,20 PALMYRA RD,CAMPBELLTOWN,PA,17010,9800,P,X17488,P
ATLANTIC,4B,PENNSYLVANIA 1,150,17011,SHIREMANSTOWN,10 W MAIN ST,CAMP HILL,PA,17011,9997,,X1B034,B
ATLANTIC,4B,PENNSYLVANIA 1,150,17011,CAMP HILL,1675 CAMP HILL BYP,CAMP HILL,PA,17011,9998,,X17487,P
ATLANTIC,4B,PENNSYLVANIA 1,150,17013,CARLISLE,66 W LOUTHER ST,CARLISLE,PA,17013,9998,,X17502,P
ATLANTIC,4B,PENNSYLVANIA 1,150,17014,MC ALISTERVILLE,132 WESTFALL ST,MC ALISTERVILLE,PA,17049,9998,,X19676,P
ATLANTIC,4B,PENNSYLVANIA 1,150,17015,CARLISLE,66 W LOUTHER ST,CARLISLE,PA,17013,9998,,X17502,P
ATLANTIC,4B,PENNSYLVANIA 1,150,17016,CORNWALL,7 BOYD ST,CORNWALL,PA,17016,9800,P,X17790,P
ATLANTIC,4B,PENNSYLVANIA 1,150,17017,GRATZ,102 S CENTER ST,GRATZ,PA,17030,9998,,X18684,P
ATLANTIC,4B,PENNSYLVANIA 1,150,17017,MILLERSBURG,225 UNION ST,MILLERSBURG,PA,17061,9998,,X19838,P
ATLANTIC,4B,PENNSYLVANIA 1,150,17018,DAUPHIN,204 ALLEGHENY ST,DAUPHIN,PA,17018,9998,,X17900,P
ATLANTIC,4B,PENNSYLVANIA 1,150,17019,DILLSBURG,28 N BALTIMORE ST,DILLSBURG,PA,17019,9998,,X17957,P
ATLANTIC,4B,PENNSYLVANIA 1,150,17020,DUNCANNON,203 N MARKET ST,DUNCANNON,PA,17020,9998,,X18032,P
ATLANTIC,4B,PENNSYLVANIA 1,150,17021,EAST WATERFORD,9393 ROUTE 75 S,EAST WATERFORD,PA,17021,9800,,X18144,P
ATLANTIC,4B,PENNSYLVANIA 1,150,17022,ELIZABETHTOWN,137 S MARKET ST,ELIZABETHTOWN,PA,17022,9998,,X18206,P
ATLANTIC,4B,PENNSYLVANIA 1,150,17023,ELIZABETHVILLE,40 N COLLIER ST,ELIZABETHVILLE,PA,17023,9998,,X18207,P
ATLANTIC,4B,PENNSYLVANIA 1,150,17024,ELLIOTTSBURG,50 VETERANS WAY,ELLIOTTSBURG,PA,17024,9998,,X18219,P
ATLANTIC,4B,PENNSYLVANIA 1,150,17024,LOYSVILLE,3555 SHERMANS VALLEY RD,LOYSVILLE,PA,17047,9998,,X19524,P
ATLANTIC,4B,PENNSYLVANIA 1,150,17025,CAMP HILL,1675 CAMP HILL BYP,CAMP HILL,PA,17011,9998,,X17487,P
ATLANTIC,4B,PENNSYLVANIA 1,150,17025,ENOLA,514 MAGARO RD,ENOLA,PA,17025,9998,,X18254,P
ATLANTIC,4B,PENNSYLVANIA 1,150,17026,FREDERICKSBURG,3024 S PINE GROVE ST,FREDERICKSBURG,PA,17026,9998,,X18503,P
ATLANTIC,4B,PENNSYLVANIA 1,150,17027,GRANTHAM,1 S COLLEGE AVE,GRANTHAM,PA,17027,9800,P,X18673,P
ATLANTIC,4B,PENNSYLVANIA 1,150,17028,GRANTVILLE,251 FIREHOUSE RD,GRANTVILLE,PA,17028,9998,,X18674,P
ATLANTIC,4B,PENNSYLVANIA 1,150,17029,GRANVILLE,324 GRANVILLE RD,GRANVILLE,PA,17029,9998,,X18675,P
ATLANTIC,4B,PENNSYLVANIA 1,150,17030,GRATZ,102 S CENTER ST,GRATZ,PA,17030,9998,,X18684,P
ATLANTIC,4B,PENNSYLVANIA 1,150,17032,HALIFAX,201 ARMSTRONG ST,HALIFAX,PA,17032,9998,,X18762,P
ATLANTIC,4B,PENNSYLVANIA 1,150,17033,HERSHEY,151 W CHOCOLATE AVE STE 145,HERSHEY,PA,17033,9803,,X18882,P
ATLANTIC,4B,PENNSYLVANIA 1,150,17033,HERSHEY CARRIER ANNEX,312 MILL ST,HERSHEY,PA,17033,9998,,017786,4
ATLANTIC,4B,PENNSYLVANIA 1,150,17034,HIGHSPIRE,315 2ND ST,HIGHSPIRE,PA,17034,9998,,X18897,P
ATLANTIC,4B,PENNSYLVANIA 1,150,17034,MIDDLETOWN,330 W MAIN ST,MIDDLETOWN,PA,17057,9998,,X19799,P
ATLANTIC,4B,PENNSYLVANIA 1,150,17035,PORT ROYAL,220 W 3RD ST,PORT ROYAL,PA,17082,9998,,X1A615,P
ATLANTIC,4B,PENNSYLVANIA 1,150,17036,HUMMELSTOWN,448 WALTON AVE,HUMMELSTOWN,PA,17036,9998,,X18973,P
ATLANTIC,4B,PENNSYLVANIA 1,150,17037,ICKESBURG,6978 VETERANS WAY,ICKESBURG,PA,17037,9998,,X19002,P
ATLANTIC,4B,PENNSYLVANIA 1,150,17038,JONESTOWN,217 S LANCASTER ST,JONESTOWN,PA,17038,9998,,X19099,P
ATLANTIC,4B,PENNSYLVANIA 1,150,17039,KLEINFELTERSVILLE,2657 HEIDELBERG AVE,KLEINFELTERSVILLE,PA,17039,9998,P,X19188,P
ATLANTIC,4B,PENNSYLVANIA 1,150,17040,LANDISBURG,101 N CARLISLE ST,LANDISBURG,PA,17040,9998,,X19277,P
ATLANTIC,4B,PENNSYLVANIA 1,150,17040,LOYSVILLE,3555 SHERMANS VALLEY RD,LOYSVILLE,PA,17047,9998,,X19524,P
ATLANTIC,4B,PENNSYLVANIA 1,150,17041,LAWN,5575 ELIZABETHTOWN RD,LAWN,PA,17041,9998,P,X19319,P
ATLANTIC,4B,PENNSYLVANIA 1,150,17042,CLEONA,25 N LINCOLN ST,CLEONA,PA,17042,9997,,X17675,B
ATLANTIC,4B,PENNSYLVANIA 1,150,17042,LEBANON,101 S 8TH ST,LEBANON,PA,17042,9998,,X19340,P
ATLANTIC,4B,PENNSYLVANIA 1,150,17043,CAMP HILL,1675 CAMP HILL BYP,CAMP HILL,PA,17011,9998,,X17487,P
ATLANTIC,4B,PENNSYLVANIA 1,150,17043,LEMOYNE,333 MARKET ST,LEMOYNE,PA,17043,9998,,X19369,P
ATLANTIC,4B,PENNSYLVANIA 1,150,17044,LEWISTOWN,100 W MARKET ST,LEWISTOWN,PA,17044,9998,,X19398,P
ATLANTIC,4B,PENNSYLVANIA 1,150,17045,LIVERPOOL,102 RACE ST,LIVERPOOL,PA,17045,9998,,X19461,P
ATLANTIC,4B,PENNSYLVANIA 1,150,17046,LEBANON,101 S 8TH ST,LEBANON,PA,17042,9998,,X19340,P
ATLANTIC,4B,PENNSYLVANIA 1,150,17047,LOYSVILLE,3555 SHERMANS VALLEY RD,LOYSVILLE,PA,17047,9998,,X19524,P
ATLANTIC,4B,PENNSYLVANIA 1,150,17048,LYKENS,668 MAIN ST,LYKENS,PA,17048,9998,,X19544,P
ATLANTIC,4B,PENNSYLVANIA 1,150,17049,MC ALISTERVILLE,132 WESTFALL ST,MC ALISTERVILLE,PA,17049,9998,,X19676,P
ATLANTIC,4B,PENNSYLVANIA 1,150,17050,MECHANICSBURG,702 E SIMPSON ST,MECHANICSBURG,PA,17055,9998,,X19741,P
ATLANTIC,4B,PENNSYLVANIA 1,150,17051,MC VEYTOWN,1 E JOHN ST,MC VEYTOWN,PA,17051,9998,,X19696,P
ATLANTIC,4B,PENNSYLVANIA 1,150,17052,MAPLETON DEPOT,617 MAIN ST,MAPLETON DEPOT,PA,17052,9998,,X19608,P
ATLANTIC,4B,PENNSYLVANIA 1,150,17053,MARYSVILLE,309 CAMERON ST,MARYSVILLE,PA,17053,9998,,X19654,P
ATLANTIC,4B,PENNSYLVANIA 1,150,17054,MATTAWANA,86 STATE ROUTE 103 N,MATTAWANA,PA,17054,9998,P,X19663,P
ATLANTIC,4B,PENNSYLVANIA 1,150,17055,MECHANICSBURG,702 E SIMPSON ST,MECHANICSBURG,PA,17055,9998,,X19741,P
ATLANTIC,4B,PENNSYLVANIA 1,150,17056,MEXICO,6798 WILLIAM PENN HWY,MEXICO,PA,17056,9998,P,X19781,P
ATLANTIC,4B,PENNSYLVANIA 1,150,17057,MIDDLETOWN,330 W MAIN ST,MIDDLETOWN,PA,17057,9998,,X19799,P
ATLANTIC,4B,PENNSYLVANIA 1,150,17058,MIFFLINTOWN,150 BRIDGE ST,MIFFLINTOWN,PA,17059,9998,,X19809,P
ATLANTIC,4B,PENNSYLVANIA 1,150,17059,MIFFLINTOWN,150 BRIDGE ST,MIFFLINTOWN,PA,17059,9998,,X19809,P
ATLANTIC,4B,PENNSYLVANIA 1,150,17059,MIFFLINTOWN CARRIER ANNEX,612 WASHINGTON AVE,MIFFLINTOWN,PA,17059,1409,,004806,4
ATLANTIC,4B,PENNSYLVANIA 1,150,17060,MILL CREEK,9787 MAIN ST,MILL CREEK,PA,17060,9998,,X19824,P
ATLANTIC,4B,PENNSYLVANIA 1,150,17061,MILLERSBURG,225 UNION ST,MILLERSBURG,PA,17061,9998,,X19838,P
ATLANTIC,4B,PENNSYLVANIA 1,150,17062,MILLERSTOWN,12 N MARKET ST,MILLERSTOWN,PA,17062,9998,,X19839,P
ATLANTIC,4B,PENNSYLVANIA 1,150,17063,MILROY,90 S MAIN ST,MILROY,PA,17063,9998,,X19860,P
ATLANTIC,4B,PENNSYLVANIA 1,150,17064,MOUNT GRETNA,101 PRINCETON AVE,MOUNT GRETNA,PA,17064,9800,P,X19950,P
ATLANTIC,4B,PENNSYLVANIA 1,150,17065,CARLISLE,66 W LOUTHER ST,CARLISLE,PA,17013,9998,,X17502,P
ATLANTIC,4B,PENNSYLVANIA 1,150,17065,MOUNT HOLLY SPRINGS,16 W PINE ST,MOUNT HOLLY SPRINGS,PA,17065,9998,,X19952,P
ATLANTIC,4B,PENNSYLVANIA 1,150,17066,MOUNT UNION,35 W MARKET ST,MOUNT UNION,PA,17066,9998,,X19979,P
ATLANTIC,4B,PENNSYLVANIA 1,150,17067,MYERSTOWN,120 W JEFFERSON AVE,MYERSTOWN,PA,17067,9998,,X1A041,P
ATLANTIC,4B,PENNSYLVANIA 1,150,17068,NEW BLOOMFIELD,21 E MCCLURE ST,NEW BLOOMFIELD,PA,17068,9998,,X1A105,P
ATLANTIC,4B,PENNSYLVANIA 1,150,17069,NEW BUFFALO,13 BUFFALO CREEK RD,NEW BUFFALO,PA,17069,9998,P,X1A110,P
ATLANTIC,4B,PENNSYLVANIA 1,150,17070,NEW CUMBERLAND,318 BRIDGE ST,NEW CUMBERLAND,PA,17070,9998,,X1A118,P
ATLANTIC,4B,PENNSYLVANIA 1,150,17072,NEW KINGSTOWN,31 E MAIN ST,NEW KINGSTOWN,PA,17072,9998,P,X1A138,P
ATLANTIC,4B,PENNSYLVANIA 1,150,17073,NEWMANSTOWN,4 E MAIN ST,NEWMANSTOWN,PA,17073,9998,,X1A175,P
ATLANTIC,4B,PENNSYLVANIA 1,150,17074,NEWPORT,226 WALNUT ST,NEWPORT,PA,17074,9998,,X1A176,P
ATLANTIC,4B,PENNSYLVANIA 1,150,17075,NEWTON HAMILTON,15 WAYNE ST,NEWTON HAMILTON,PA,17075,9998,P,X1A181,P
ATLANTIC,4B,PENNSYLVANIA 1,150,17076,OAKLAND MILLS,28442 ROUTE 35 N STE 1,OAKLAND MILLS,PA,17076,9998,,X1A282,P
ATLANTIC,4B,PENNSYLVANIA 1,150,17077,JONESTOWN,217 S LANCASTER ST,JONESTOWN,PA,17038,9998,P,X19099,P
ATLANTIC,4B,PENNSYLVANIA 1,150,17078,PALMYRA,60 S RAILROAD ST,PALMYRA,PA,17078,9998,,X1A375,P
ATLANTIC,4B,PENNSYLVANIA 1,150,17080,PILLOW,182 MARKET ST,PILLOW,PA,17080,9998,P,X1A512,P
ATLANTIC,4B,PENNSYLVANIA 1,150,17081,PLAINFIELD,55 W MAIN ST,PLAINFIELD,PA,17081,9998,P,X1A550,P
ATLANTIC,4B,PENNSYLVANIA 1,150,17082,PORT ROYAL,220 W 3RD ST,PORT ROYAL,PA,17082,9998,,X1A615,P
ATLANTIC,4B,PENNSYLVANIA 1,150,17083,QUENTIN,2625 QUENTIN RD,QUENTIN,PA,17083,9998,P,X1A677,C
ATLANTIC,4B,PENNSYLVANIA 1,150,17084,REEDSVILLE,50 S MAIN ST,REEDSVILLE,PA,17084,9998,,X1A722,P
ATLANTIC,4B,PENNSYLVANIA 1,150,17085,REXMONT,106 DOHNER RD,REXMONT,PA,17085,9998,P,X1A740,P
ATLANTIC,4B,PENNSYLVANIA 1,150,17086,RICHFIELD,683 MAIN ST,RICHFIELD,PA,17086,9998,,X1A752,P
ATLANTIC,4B,PENNSYLVANIA 1,150,17087,RICHLAND,2 W MAIN ST,RICHLAND,PA,17087,9998,,X1A753,P
ATLANTIC,4B,PENNSYLVANIA 1,150,17088,SCHAEFFERSTOWN,1179 HEIDELBERG AVE,SCHAEFFERSTOWN,PA,17088,9998,P,X1A936,P
ATLANTIC,4B,PENNSYLVANIA 1,150,17090,SHERMANS DALE,5201 SPRING RD STE 4,SHERMANS DALE,PA,17090,9998,,X1B021,P
ATLANTIC,4B,PENNSYLVANIA 1,150,17094,THOMPSONTOWN,40 N MILL ST,THOMPSONTOWN,PA,17094,9998,,X1B505,P
ATLANTIC,4B,PENNSYLVANIA 1,150,17094,MILLERSTOWN,12 N MARKET ST,MILLERSTOWN,PA,17062,9998,,X19839,P
ATLANTIC,4B,PENNSYLVANIA 1,150,17097,WICONISCO,500 POTTSVILLE ST,WICONISCO,PA,17097,9998,P,X1C013,P
ATLANTIC,4B,PENNSYLVANIA 1,150,17098,WILLIAMSTOWN,120 N WEST ST,WILLIAMSTOWN,PA,17098,9998,,X1C043,P
ATLANTIC,4B,PENNSYLVANIA 1,150,17098,LYKENS,668 MAIN ST,LYKENS,PA,17048,9998,,X19544,P
ATLANTIC,4B,PENNSYLVANIA 1,150,17099,YEAGERTOWN,101 S MAIN ST,YEAGERTOWN,PA,17099,9998,,X1C125,P
ATLANTIC,4B,PENNSYLVANIA 1,150,17101,UPTOWN,2347 N 7TH ST,HARRISBURG,PA,17110,9998,,X1B661,S
ATLANTIC,4B,PENNSYLVANIA 1,150,17102,UPTOWN,2347 N 7TH ST,HARRISBURG,PA,17110,9998,,X1B661,S
ATLANTIC,4B,PENNSYLVANIA 1,150,17103,UPTOWN,2347 N 7TH ST,HARRISBURG,PA,17110,9998,,X1B661,S
ATLANTIC,4B,PENNSYLVANIA 1,150,17104,SWATARA,5120 DERRY ST,HARRISBURG,PA,17111,9998,,X1B442,B
ATLANTIC,4B,PENNSYLVANIA 1,150,17105,HARRISBURG,1425 CROOKED HILL RD,HARRISBURG,PA,17106,9998,P,X18802,P
ATLANTIC,4B,PENNSYLVANIA 1,150,17106,HARRISBURG,1425 CROOKED HILL RD,HARRISBURG,PA,17106,9998,P,X18802,P
ATLANTIC,4B,PENNSYLVANIA 1,150,17108,FEDERAL SQUARE,312 MARKET ST,HARRISBURG,PA,17108,9801,P,020490,S
ATLANTIC,4B,PENNSYLVANIA 1,150,17109,LOWER PAXTON,5901 JONESTOWN RD,HARRISBURG,PA,17112,9998,,X19516,B
ATLANTIC,4B,PENNSYLVANIA 1,150,17110,UPTOWN,2347 N 7TH ST,HARRISBURG,PA,17110,9998,,X1B661,S
ATLANTIC,4B,PENNSYLVANIA 1,150,17111,SWATARA,5120 DERRY ST,HARRISBURG,PA,17111,9998,,X1B442,B
ATLANTIC,4B,PENNSYLVANIA 1,150,17112,LOWER PAXTON,5901 JONESTOWN RD,HARRISBURG,PA,17112,9998,,X19516,B
ATLANTIC,4B,PENNSYLVANIA 1,150,17113,STEELTON,29 LOCUST ST,STEELTON,PA,17113,9998,,X1B350,B
ATLANTIC,4B,PENNSYLVANIA 1,150,17129,HARRISBURG,1425 CROOKED HILL RD,HARRISBURG,PA,17106,9998,,X18802,P
ATLANTIC,4B,PENNSYLVANIA 1,150,17201,CHAMBERSBURG,308 LINCOLN WAY E,CHAMBERSBURG,PA,17201,9998,,X17587,P
ATLANTIC,4B,PENNSYLVANIA 1,150,17202,CHAMBERSBURG,308 LINCOLN WAY E,CHAMBERSBURG,PA,17201,9998,,X17587,P
ATLANTIC,4B,PENNSYLVANIA 1,150,17210,AMBERSON,19362 AMBERSON RD,AMBERSON,PA,17210,9998,P,X16959,P
ATLANTIC,4B,PENNSYLVANIA 1,150,17211,WARFORDSBURG,13363 BUCK VALLEY RD,WARFORDSBURG,PA,17267,9998,,X1B791,P
ATLANTIC,4B,PENNSYLVANIA 1,150,17212,NEEDMORE,7992 GREAT COVE RD,NEEDMORE,PA,17238,9998,,X1A081,P
ATLANTIC,4B,PENNSYLVANIA 1,150,17213,BLAIRS MILLS,17394 TUSCARORA CREEK RD,BLAIRS MILLS,PA,17213,9998,,X17241,P
ATLANTIC,4B,PENNSYLVANIA 1,150,17214,BLUE RIDGE SUMMIT,14959 BUCHANAN TRL E,BLUE RIDGE SUMMIT,PA,17214,9998,,X17264,P
ATLANTIC,4B,PENNSYLVANIA 1,150,17215,BURNT CABINS,233 GRIST MILL RD STE A,BURNT CABINS,PA,17215,9998,,X17453,P
ATLANTIC,4B,PENNSYLVANIA 1,150,17217,DRY RUN,18204 PATH VALLEY RD,DRY RUN,PA,17220,9998,,X18016,P
ATLANTIC,4B,PENNSYLVANIA 1,150,17219,DRY RUN,18204 PATH VALLEY RD,DRY RUN,PA,17220,9998,,X18016,P
ATLANTIC,4B,PENNSYLVANIA 1,150,17220,DRY RUN,18204 PATH VALLEY RD,DRY RUN,PA,17220,9998,,X18016,P
ATLANTIC,4B,PENNSYLVANIA 1,150,17221,FANNETTSBURG,10900 PATH VALLEY RD,FANNETTSBURG,PA,17221,9998,,X18348,P
ATLANTIC,4B,PENNSYLVANIA 1,150,17222,FAYETTEVILLE,4025 LINCOLN WAY E,FAYETTEVILLE,PA,17222,9998,,X18365,P
ATLANTIC,4B,PENNSYLVANIA 1,150,17223,MC CONNELLSBURG,115 E MAPLE ST,MC CONNELLSBURG,PA,17233,9998,,X19681,P
ATLANTIC,4B,PENNSYLVANIA 1,150,17224,FORT LOUDON,131 HAWBAKER DR N,FORT LOUDON,PA,17224,9998,,X18458,P
ATLANTIC,4B,PENNSYLVANIA 1,150,17224,MERCERSBURG,128 S MAIN ST,MERCERSBURG,PA,17236,9998,,X19766,P
ATLANTIC,4B,PENNSYLVANIA 1,150,17225,GREENCASTLE,2 N WASHINGTON ST,GREENCASTLE,PA,17225,9998,,X18710,P
ATLANTIC,4B,PENNSYLVANIA 1,150,17228,MC CONNELLSBURG,115 E MAPLE ST,MC CONNELLSBURG,PA,17233,9998,,X19681,P
ATLANTIC,4B,PENNSYLVANIA 1,150,17229,HUSTONTOWN,313 PITT ST STE A,HUSTONTOWN,PA,17229,9998,,X18991,P
ATLANTIC,4B,PENNSYLVANIA 1,150,17231,LEMASTERS,4729 STEELE AVE,LEMASTERS,PA,17231,9800,P,X19364,P
ATLANTIC,4B,PENNSYLVANIA 1,150,17232,LURGAN,8406 ROXBURY RD,LURGAN,PA,17232,9998,,X19537,P
ATLANTIC,4B,PENNSYLVANIA 1,150,17233,MC CONNELLSBURG,115 E MAPLE ST,MC CONNELLSBURG,PA,17233,9998,,X19681,P
ATLANTIC,4B,PENNSYLVANIA 1,150,17235,MARION,144 COLORADO ST,MARION,PA,17235,9998,P,X19618,P
ATLANTIC,4B,PENNSYLVANIA 1,150,17236,MERCERSBURG,128 S MAIN ST,MERCERSBURG,PA,17236,9998,,X19766,P
ATLANTIC,4B,PENNSYLVANIA 1,150,17237,MONT ALTO,3 ASH ST,MONT ALTO,PA,17237,9998,,X19898,P
ATLANTIC,4B,PENNSYLVANIA 1,150,17238,NEEDMORE,7992 GREAT COVE RD,NEEDMORE,PA,17238,9998,,X1A081,P
ATLANTIC,4B,PENNSYLVANIA 1,150,17240,NEWBURG,12 S WATER ST,NEWBURG,PA,17240,9998,,X1A168,P
ATLANTIC,4B,PENNSYLVANIA 1,150,17241,NEWVILLE,57 WEST ST,NEWVILLE,PA,17241,9998,,X1A185,P
ATLANTIC,4B,PENNSYLVANIA 1,150,17243,ORBISONIA,655 WATER ST,ORBISONIA,PA,17243,9998,,X1A335,P
ATLANTIC,4B,PENNSYLVANIA 1,150,17244,ORRSTOWN,3630 ORRSTOWN RD,ORRSTOWN,PA,17244,9998,,X1A345,P
ATLANTIC,4B,PENNSYLVANIA 1,150,17244,SHIPPENSBURG,46 W KING ST,SHIPPENSBURG,PA,17257,9998,,X1B031,P
ATLANTIC,4B,PENNSYLVANIA 1,150,17246,PLEASANT HALL,6535 UPPER STRASBURG RD,PLEASANT HALL,PA,17246,9998,,X1A560,P
ATLANTIC,4B,PENNSYLVANIA 1,150,17247,QUINCY,6617 ORPHANAGE RD,QUINCY,PA,17247,9998,P,X1A679,P
ATLANTIC,4B,PENNSYLVANIA 1,150,17249,ROCKHILL FURNACE,444 MEADOW ST,ROCKHILL FURNACE,PA,17249,9998,P,X1A799,P
ATLANTIC,4B,PENNSYLVANIA 1,150,17250,ROUZERVILLE,11738 PEN MAR RD,ROUZERVILLE,PA,17250,9800,P,X1A849,P
ATLANTIC,4B,PENNSYLVANIA 1,150,17251,ROXBURY,10970 ROXBURY RD,ROXBURY,PA,17251,9998,P,X1A853,P
ATLANTIC,4B,PENNSYLVANIA 1,150,17252,SAINT THOMAS,164 SAINT THOMAS WILLIAMSON RD,SAINT THOMAS,PA,17252,9998,,X1A906,P
ATLANTIC,4B,PENNSYLVANIA 1,150,17253,SALTILLO,20548 S MAIN ST,SALTILLO,PA,17253,9998,P,X1A917,P
ATLANTIC,4B,PENNSYLVANIA 1,150,17254,SCOTLAND,3735 SCOTLAND RD,SCOTLAND,PA,17254,9800,P,X1A953,P
ATLANTIC,4B,PENNSYLVANIA 1,150,17255,SHADE GAP,21379 MAIN ST,SHADE GAP,PA,17255,9998,,X1A981,P
ATLANTIC,4B,PENNSYLVANIA 1,150,17256,SHADY GROVE,1814 BUCHANAN TRL E,SHADY GROVE,PA,17256,9998,P,X1A983,P
ATLANTIC,4B,PENNSYLVANIA 1,150,17257,SHIPPENSBURG,46 W KING ST,SHIPPENSBURG,PA,17257,9998,,X1B031,P
ATLANTIC,4B,PENNSYLVANIA 1,150,17260,SHIRLEYSBURG,17084 CROGHAN PIKE,SHIRLEYSBURG,PA,17260,9998,,X1B036,P
ATLANTIC,4B,PENNSYLVANIA 1,150,17261,SOUTH MOUNTAIN,10444 S MOUNTAIN RD,SOUTH MOUNTAIN,PA,17261,9998,P,X1B146,P
ATLANTIC,4B,PENNSYLVANIA 1,150,17262,SPRING RUN,16363 PATH VALLEY RD,SPRING RUN,PA,17262,9998,,X1B194,P
ATLANTIC,4B,PENNSYLVANIA 1,150,17263,STATE LINE,15753 PENNSYLVANIA AVE S,STATE LINE,PA,17263,9800,P,X1B327,P
ATLANTIC,4B,PENNSYLVANIA 1,150,17264,THREE SPRINGS,20675 FREEDOM ST,THREE SPRINGS,PA,17264,9998,,X1B511,P
ATLANTIC,4B,PENNSYLVANIA 1,150,17265,UPPERSTRASBURG,9808 UPPER STRASBURG RD,UPPERSTRASBURG,PA,17265,9998,,X1B658,P
ATLANTIC,4B,PENNSYLVANIA 1,150,17266,WALNUT BOTTOM,40 MAPLE AVE,WALNUT BOTTOM,PA,17266,9998,,X1B778,P
ATLANTIC,4B,PENNSYLVANIA 1,150,17267,WARFORDSBURG,13363 BUCK VALLEY RD,WARFORDSBURG,PA,17267,9998,,X1B791,P
ATLANTIC,4B,PENNSYLVANIA 1,150,17268,WAYNESBORO,118 E MAIN ST,WAYNESBORO,PA,17268,9998,,X1B841,P
ATLANTIC,4B,PENNSYLVANIA 1,150,17271,WILLOW HILL,14413 PATH VALLEY RD,WILLOW HILL,PA,17271,9998,,X1C049,P
ATLANTIC,4B,PENNSYLVANIA 1,150,17272,ZULLINGER,5012 BUCHANAN TRL E,ZULLINGER,PA,17272,9998,P,X1C159,P
ATLANTIC,4B,PENNSYLVANIA 1,150,17301,ABBOTTSTOWN,680 W KING ST,ABBOTTSTOWN,PA,17301,9998,,X16879,P
ATLANTIC,4B,PENNSYLVANIA 1,150,17302,BROGUE,2224 DELTA RD,BROGUE,PA,17309,9998,,X17376,P
ATLANTIC,4B,PENNSYLVANIA 1,150,17302,YORK EAST PA S&DC,3435 CONCORD RD OFC,YORK,PA,17402,9900,,020940,4
ATLANTIC,4B,PENNSYLVANIA 1,150,17303,ARENDTSVILLE,26 S HIGH ST,ARENDTSVILLE,PA,17303,9998,P,X16993,P
ATLANTIC,4B,PENNSYLVANIA 1,150,17304,ASPERS,420 ASPERS BENDERSVILLE RD,ASPERS,PA,17304,9998,,X17017,P
ATLANTIC,4B,PENNSYLVANIA 1,150,17306,BENDERSVILLE,125 RAMPIKE HILL RD,BENDERSVILLE,PA,17306,9998,P,X17168,P
ATLANTIC,4B,PENNSYLVANIA 1,150,17307,BIGLERVILLE,2 HIGH ST,BIGLERVILLE,PA,17307,9998,,X17220,P
ATLANTIC,4B,PENNSYLVANIA 1,150,17309,BROGUE,2224 DELTA RD,BROGUE,PA,17309,9998,,X17376,P
ATLANTIC,4B,PENNSYLVANIA 1,150,17309,YORK EAST PA S&DC,3435 CONCORD RD OFC,YORK,PA,17402,9900,,020940,4
ATLANTIC,4B,PENNSYLVANIA 1,150,17310,CASHTOWN,372 HIGH ST,CASHTOWN,PA,17310,9998,P,X17522,P
ATLANTIC,4B,PENNSYLVANIA 1,150,17311,CODORUS,11 BALTIMORE ST,CODORUS,PA,17311,9998,P,X17709,P
ATLANTIC,4B,PENNSYLVANIA 1,150,17312,CRALEY,86 NEW BRIDGEVILLE RD,CRALEY,PA,17312,9998,P,X17825,P
ATLANTIC,4B,PENNSYLVANIA 1,150,17313,DALLASTOWN,61 N WALNUT ST,DALLASTOWN,PA,17313,9998,,X17880,P
ATLANTIC,4B,PENNSYLVANIA 1,150,17313,YORK EAST PA S&DC,3435 CONCORD RD OFC,YORK,PA,17402,9900,,020940,4
ATLANTIC,4B,PENNSYLVANIA 1,150,17314,DELTA,101 COLLEGE AVE,DELTA,PA,17314,9998,,X17929,P
ATLANTIC,4B,PENNSYLVANIA 1,150,17315,DOVER,24 N MAIN ST,DOVER,PA,17315,9998,,X17987,B
ATLANTIC,4B,PENNSYLVANIA 1,150,17315,YORK PA WEST SDC,1250 SMILE WAY,YORK,PA,17404,9900,,021242,4
ATLANTIC,4B,PENNSYLVANIA 1,150,17316,EAST BERLIN,214 3RD ST,EAST BERLIN,PA,17316,9998,,X18099,P
ATLANTIC,4B,PENNSYLVANIA 1,150,17317,EAST PROSPECT,1 W RIDGE AVE,EAST PROSPECT,PA,17317,9998,P,X18133,P
ATLANTIC,4B,PENNSYLVANIA 1,150,17318,EMIGSVILLE,2 EMIG RD,EMIGSVILLE,PA,17318,9998,P,X18241,P
ATLANTIC,4B,PENNSYLVANIA 1,150,17319,ETTERS,53 S KISTER ST,ETTERS,PA,17319,9998,,X18278,P
ATLANTIC,4B,PENNSYLVANIA 1,150,17320,FAIRFIELD,6 CARROLLS TRACT RD,FAIRFIELD,PA,17320,9800,,X18309,P
ATLANTIC,4B,PENNSYLVANIA 1,150,17321,DELTA,101 COLLEGE AVE,DELTA,PA,17314,9998,,X17929,P
ATLANTIC,4B,PENNSYLVANIA 1,150,17321,FAWN GROVE,119 S MARKET ST,FAWN GROVE,PA,17321,9998,,X18358,P
ATLANTIC,4B,PENNSYLVANIA 1,150,17322,FELTON,13 RIPPLING RUN RD,FELTON,PA,17322,9998,,X18373,P
ATLANTIC,4B,PENNSYLVANIA 1,150,17322,YORK EAST PA S&DC,3435 CONCORD RD OFC,YORK,PA,17402,9900,,020940,4
ATLANTIC,4B,PENNSYLVANIA 1,150,17323,FRANKLINTOWN,2 S BALTIMORE ST,FRANKLINTOWN,PA,17323,9998,P,X18500,P
ATLANTIC,4B,PENNSYLVANIA 1,150,17324,ASPERS,420 ASPERS BENDERSVILLE RD,ASPERS,PA,17304,9998,,X17017,P
ATLANTIC,4B,PENNSYLVANIA 1,150,17325,GETTYSBURG,115 BUFORD AVE,GETTYSBURG,PA,17325,9998,,X18588,P
ATLANTIC,4B,PENNSYLVANIA 1,150,17327,GLEN ROCK,201 CHURCH ST,GLEN ROCK,PA,17327,9998,,X18627,P
ATLANTIC,4B,PENNSYLVANIA 1,150,17329,GLEN ROCK,201 CHURCH ST,GLEN ROCK,PA,17327,9998,,X18627,P
ATLANTIC,4B,PENNSYLVANIA 1,150,17329,GLENVILLE,8142 BLOOMING GROVE RD,GLENVILLE,PA,17329,9998,,X18637,P
ATLANTIC,4B,PENNSYLVANIA 1,150,17331,HANOVER,18 HIGH ST,HANOVER,PA,17331,9998,,X18780,P
ATLANTIC,4B,PENNSYLVANIA 1,150,17339,LEWISBERRY,408 MARKET ST,LEWISBERRY,PA,17339,9998,,X19396,P
ATLANTIC,4B,PENNSYLVANIA 1,150,17340,LITTLESTOWN,24 W KING ST,LITTLESTOWN,PA,17340,9998,,X19460,P
ATLANTIC,4B,PENNSYLVANIA 1,150,17342,LOGANVILLE,107 W ORE ST,LOGANVILLE,PA,17342,9998,P,X19487,P
ATLANTIC,4B,PENNSYLVANIA 1,150,17343,MC KNIGHTSTOWN,245 OLD ROUTE 30,MC KNIGHTSTOWN,PA,17343,9998,P,X19693,P
ATLANTIC,4B,PENNSYLVANIA 1,150,17344,MC SHERRYSTOWN,328 MAIN ST,MC SHERRYSTOWN,PA,17344,9998,,X19695,P
ATLANTIC,4B,PENNSYLVANIA 1,150,17345,MANCHESTER,15 MANCHESTER ST,MANCHESTER,PA,17345,9998,,X19589,P
ATLANTIC,4B,PENNSYLVANIA 1,150,17345,YORK EAST PA S&DC,3435 CONCORD RD OFC,YORK,PA,17402,9900,,020940,4
ATLANTIC,4B,PENNSYLVANIA 1,150,17347,MOUNT WOLF,94 S 4TH ST,MOUNT WOLF,PA,17347,9998,,X19984,P
ATLANTIC,4B,PENNSYLVANIA 1,150,17347,YORK EAST PA S&DC,3435 CONCORD RD OFC,YORK,PA,17402,9900,,020940,4
ATLANTIC,4B,PENNSYLVANIA 1,150,17349,NEW FREEDOM,5 S BROAD ST,NEW FREEDOM,PA,17349,9998,,X1A127,P
ATLANTIC,4B,PENNSYLVANIA 1,150,17350,NEW OXFORD,4 CENTER SQ,NEW OXFORD,PA,17350,9998,,X1A146,P
ATLANTIC,4B,PENNSYLVANIA 1,150,17352,NEW PARK,44 CAREA RD,NEW PARK,PA,17352,9998,,X1A148,P
ATLANTIC,4B,PENNSYLVANIA 1,150,17353,FAIRFIELD,6 CARROLLS TRACT RD,FAIRFIELD,PA,17320,9800,,X18309,P
ATLANTIC,4B,PENNSYLVANIA 1,150,17355,RAILROAD,14 E MAIN ST OFC,RAILROAD,PA,17355,9998,P,X1A685,P
ATLANTIC,4B,PENNSYLVANIA 1,150,17356,RED LION,500 N MAIN ST,RED LION,PA,17356,9998,,X1A714,P
ATLANTIC,4B,PENNSYLVANIA 1,150,17356,YORK EAST PA S&DC,3435 CONCORD RD OFC,YORK,PA,17402,9900,,020940,4
ATLANTIC,4B,PENNSYLVANIA 1,150,17358,ROSSVILLE,7489A CARLISLE RD,ROSSVILLE,PA,17358,9998,P,X1A840,P
ATLANTIC,4B,PENNSYLVANIA 1,150,17360,SEVEN VALLEYS,63 CHURCH ST,SEVEN VALLEYS,PA,17360,9998,,X1A975,P
ATLANTIC,4B,PENNSYLVANIA 1,150,17360,YORK EAST PA S&DC,3435 CONCORD RD OFC,YORK,PA,17402,9900,,020940,4
ATLANTIC,4B,PENNSYLVANIA 1,150,17361,SHREWSBURY,50 CONSTITUTION AVE,SHREWSBURY,PA,17361,9998,,X1B049,P
ATLANTIC,4B,PENNSYLVANIA 1,150,17361,YORK EAST PA S&DC,3435 CONCORD RD OFC,YORK,PA,17402,9900,,020940,4
ATLANTIC,4B,PENNSYLVANIA 1,150,17362,SPRING GROVE,55 W JACKSON ST,SPRING GROVE,PA,17362,9998,,X1B189,P
ATLANTIC,4B,PENNSYLVANIA 1,150,17363,STEWARTSTOWN,18 N MAIN ST,STEWARTSTOWN,PA,17363,9998,,X1B358,P
ATLANTIC,4B,PENNSYLVANIA 1,150,17364,THOMASVILLE,5285 LINCOLN HWY W,THOMASVILLE,PA,17364,9998,,X1B501,P
ATLANTIC,4B,PENNSYLVANIA 1,150,17364,YORK EAST PA S&DC,3435 CONCORD RD OFC,YORK,PA,17402,9900,,020940,4
ATLANTIC,4B,PENNSYLVANIA 1,150,17365,WELLSVILLE,224 MAIN ST,WELLSVILLE,PA,17365,9998,,X1B864,P
ATLANTIC,4B,PENNSYLVANIA 1,150,17365,LEWISBERRY,408 MARKET ST,LEWISBERRY,PA,17339,9998,,X19396,P
ATLANTIC,4B,PENNSYLVANIA 1,150,17366,WINDSOR,3 S CAMP ST,WINDSOR,PA,17366,9998,,X1C065,P
ATLANTIC,4B,PENNSYLVANIA 1,150,17366,YORK EAST PA S&DC,3435 CONCORD RD OFC,YORK,PA,17402,9900,,020940,4
ATLANTIC,4B,PENNSYLVANIA 1,150,17368,WRIGHTSVILLE,307 HELLAM ST,WRIGHTSVILLE,PA,17368,9998,,X1C104,P
ATLANTIC,4B,PENNSYLVANIA 1,150,17368,YORK EAST PA S&DC,3435 CONCORD RD OFC,YORK,PA,17402,9900,,020940,4
ATLANTIC,4B,PENNSYLVANIA 1,150,17370,YORK HAVEN,15 PENNSYLVANIA AVE,YORK HAVEN,PA,17370,9998,,X1C131,P
ATLANTIC,4B,PENNSYLVANIA 1,150,17370,YORK EAST PA S&DC,3435 CONCORD RD OFC,YORK,PA,17402,9900,,020940,4
ATLANTIC,4B,PENNSYLVANIA 1,150,17371,YORK NEW SALEM,115 S MAIN ST,YORK NEW SALEM,PA,17371,9998,P,X1C133,P
ATLANTIC,4B,PENNSYLVANIA 1,150,17372,YORK SPRINGS,203 MAIN ST,YORK SPRINGS,PA,17372,9998,,X1C138,P
ATLANTIC,4B,PENNSYLVANIA 1,150,17401,YORK PA WEST SDC,1250 SMILE WAY,YORK,PA,17404,9900,,021242,4
ATLANTIC,4B,PENNSYLVANIA 1,150,17402,YORK EAST PA S&DC,3435 CONCORD RD OFC,YORK,PA,17402,9900,,020940,4
ATLANTIC,4B,PENNSYLVANIA 1,150,17403,YORK PA WEST SDC,1250 SMILE WAY,YORK,PA,17404,9900,,021242,4
ATLANTIC,4B,PENNSYLVANIA 1,150,17404,WEST YORK,2150 WHITE ST STE 8,YORK,PA,17404,9998,,006818,B
ATLANTIC,4B,PENNSYLVANIA 1,150,17404,YORK PA WEST SDC,1250 SMILE WAY,YORK,PA,17404,9900,,021242,4
ATLANTIC,4B,PENNSYLVANIA 1,150,17405,DOWNTOWN YORK,160 W MARKET ST,YORK,PA,17401,1313,P,015745,S
ATLANTIC,4B,PENNSYLVANIA 1,150,17405,YORK EAST PA S&DC,3435 CONCORD RD OFC,YORK,PA,17402,9900,P,020940,4
ATLANTIC,4B,PENNSYLVANIA 1,150,17406,YORK EAST PA S&DC,3435 CONCORD RD OFC,YORK,PA,17402,9900,,020940,4
ATLANTIC,4B,PENNSYLVANIA 1,150,17407,JACOBUS,2 SMITH ST,YORK,PA,17407,9800,,X19057,B
ATLANTIC,4B,PENNSYLVANIA 1,150,17407,YORK EAST PA S&DC,3435 CONCORD RD OFC,YORK,PA,17402,9900,,020940,4
ATLANTIC,4B,PENNSYLVANIA 1,150,17408,YORK PA WEST SDC,1250 SMILE WAY,YORK,PA,17404,9900,,021242,4
ATLANTIC,4B,PENNSYLVANIA 1,150,17501,AKRON,100 N 7TH ST,AKRON,PA,17501,9998,,X16903,P
ATLANTIC,4B,PENNSYLVANIA 1,150,17501,EPHRATA,129 E MAIN ST,EPHRATA,PA,17522,9998,,X18259,P
ATLANTIC,4B,PENNSYLVANIA 1,150,17502,BAINBRIDGE,205 N 2ND ST,BAINBRIDGE,PA,17502,9998,,X17056,P
ATLANTIC,4B,PENNSYLVANIA 1,150,17503,BART,1093 GEORGETOWN RD,BART,PA,17503,9998,P,X17088,P
ATLANTIC,4B,PENNSYLVANIA 1,150,17504,BAUSMAN,220 ROSEDALE AVE,BAUSMAN,PA,17504,9998,P,X17099,P
ATLANTIC,4B,PENNSYLVANIA 1,150,17505,SMOKETOWN,2433 OLD PHILADELPHIA PIKE STE E,SMOKETOWN,PA,17576,9998,,X1B097,P
ATLANTIC,4B,PENNSYLVANIA 1,150,17505,BIRD IN HAND,2694 OLD PHILADELPHIA PIKE,BIRD IN HAND,PA,17505,9998,,X17227,P
ATLANTIC,4B,PENNSYLVANIA 1,150,17506,BLUE BALL,1058 MAIN ST,BLUE BALL,PA,17506,9998,P,X17259,P
ATLANTIC,4B,PENNSYLVANIA 1,150,17507,BOWMANSVILLE,127 E MAPLE GROVE RD,BOWMANSVILLE,PA,17507,9998,P,X17300,P
ATLANTIC,4B,PENNSYLVANIA 1,150,17508,BROWNSTOWN,3 CHARLES PL,BROWNSTOWN,PA,17508,9998,P,X17398,P
ATLANTIC,4B,PENNSYLVANIA 1,150,17509,CHRISTIANA,19 N BRIDGE ST,CHRISTIANA,PA,17509,9998,,X17635,P
ATLANTIC,4B,PENNSYLVANIA 1,150,17512,COLUMBIA,53 N 4TH ST,COLUMBIA,PA,17512,9998,,X17741,P
ATLANTIC,4B,PENNSYLVANIA 1,150,17516,CONESTOGA,1 RIVER CORNER RD,CONESTOGA,PA,17516,9998,,X17756,P
ATLANTIC,4B,PENNSYLVANIA 1,150,17517,DENVER,101 SNYDER ST,DENVER,PA,17517,9998,,X17932,P
ATLANTIC,4B,PENNSYLVANIA 1,150,17519,NEW HOLLAND,150 DILLER AVE,NEW HOLLAND,PA,17557,9998,,X1A134,P
ATLANTIC,4B,PENNSYLVANIA 1,150,17519,EAST EARL,1238 E EARL RD,EAST EARL,PA,17519,9998,,X18106,P
ATLANTIC,4B,PENNSYLVANIA 1,150,17520,EAST PETERSBURG,2049 MILLER RD,EAST PETERSBURG,PA,17520,9998,,X18129,P
ATLANTIC,4B,PENNSYLVANIA 1,150,17521,ELM,656 W NEWPORT RD,ELM,PA,17521,9998,P,X18225,P
ATLANTIC,4B,PENNSYLVANIA 1,150,17522,EPHRATA,129 E MAIN ST,EPHRATA,PA,17522,9998,,X18259,P
ATLANTIC,4B,PENNSYLVANIA 1,150,17527,GAP,937 ROUTE 41,GAP,PA,17527,9998,,X18549,P
ATLANTIC,4B,PENNSYLVANIA 1,150,17528,GOODVILLE,1599 MAIN ST,GOODVILLE,PA,17528,9998,P,X18651,P
ATLANTIC,4B,PENNSYLVANIA 1,150,17529,GORDONVILLE,3197 IRISHTOWN RD,GORDONVILLE,PA,17529,9998,,X18658,P
ATLANTIC,4B,PENNSYLVANIA 1,150,17532,HOLTWOOD,55 DRYTOWN RD,HOLTWOOD,PA,17532,9998,,X18930,P
ATLANTIC,4B,PENNSYLVANIA 1,150,17533,HOPELAND,482 N CLAY ST,HOPELAND,PA,17533,9998,P,X18947,P
ATLANTIC,4B,PENNSYLVANIA 1,150,17534,INTERCOURSE,14J CENTER ST,INTERCOURSE,PA,17534,9998,P,X19023,P
ATLANTIC,4B,PENNSYLVANIA 1,150,17535,GAP,937 ROUTE 41,GAP,PA,17527,9998,,X18549,P
ATLANTIC,4B,PENNSYLVANIA 1,150,17535,KINZERS,3583 LINCOLN HWY E,KINZERS,PA,17535,9998,,X19180,P
ATLANTIC,4B,PENNSYLVANIA 1,150,17536,KIRKWOOD,1713 KIRKWOOD PIKE,KIRKWOOD,PA,17536,9998,,X19182,P
ATLANTIC,4B,PENNSYLVANIA 1,150,17537,LAMPETER,1638 LAMPETER RD,LAMPETER,PA,17537,9998,P,X19266,P
ATLANTIC,4B,PENNSYLVANIA 1,150,17538,LANDISVILLE,241 ELIZABETH ST,LANDISVILLE,PA,17538,9998,,X19278,P
ATLANTIC,4B,PENNSYLVANIA 1,150,17540,LEOLA,10 E MAIN ST,LEOLA,PA,17540,9998,,X19380,P
ATLANTIC,4B,PENNSYLVANIA 1,150,17543,LITITZ,74 E MAIN ST,LITITZ,PA,17543,9998,,X19451,P
ATLANTIC,4B,PENNSYLVANIA 1,150,17543,LITITZ CARRIER ANNEX,5 WYNFIELD DR,LITITZ,PA,17543,9997,,000194,4
ATLANTIC,4B,PENNSYLVANIA 1,150,17545,MANHEIM,47 S MAIN ST,MANHEIM,PA,17545,9998,,X19592,P
ATLANTIC,4B,PENNSYLVANIA 1,150,17547,MARIETTA,16 N NEW HAVEN ST,MARIETTA,PA,17547,9998,,X19616,P
ATLANTIC,4B,PENNSYLVANIA 1,150,17550,MAYTOWN,1 W HIGH ST,MAYTOWN,PA,17550,9998,P,X19673,P
ATLANTIC,4B,PENNSYLVANIA 1,150,17551,MILLERSVILLE,431 N GEORGE ST,MILLERSVILLE,PA,17551,9998,,X19840,P
ATLANTIC,4B,PENNSYLVANIA 1,150,17552,MOUNT JOY,1 E MAIN ST,MOUNT JOY,PA,17552,9998,,X19956,P
ATLANTIC,4B,PENNSYLVANIA 1,150,17554,MOUNTVILLE,6 S BRIDGE ST,MOUNTVILLE,PA,17554,9998,,X19994,P
ATLANTIC,4B,PENNSYLVANIA 1,150,17554,YORK EAST PA S&DC,3435 CONCORD RD OFC,YORK,PA,17402,9900,,020940,4
ATLANTIC,4B,PENNSYLVANIA 1,150,17555,NARVON,1125 NARVON RD,NARVON,PA,17555,9998,,X1A063,P
ATLANTIC,4B,PENNSYLVANIA 1,150,17557,NEW HOLLAND,150 DILLER AVE,NEW HOLLAND,PA,17557,9998,,X1A134,P
ATLANTIC,4B,PENNSYLVANIA 1,150,17560,NEW PROVIDENCE,69 MAIN ST,NEW PROVIDENCE,PA,17560,9998,,X1A155,P
ATLANTIC,4B,PENNSYLVANIA 1,150,17560,QUARRYVILLE,220 W STATE ST,QUARRYVILLE,PA,17566,9998,,X1A671,P
ATLANTIC,4B,PENNSYLVANIA 1,150,17562,PARADISE,1 LEACOCK RD,PARADISE,PA,17562,9998,,X1A378,P
ATLANTIC,4B,PENNSYLVANIA 1,150,17563,PEACH BOTTOM,1842A LANCASTER PIKE,PEACH BOTTOM,PA,17563,9998,,X1A423,P
ATLANTIC,4B,PENNSYLVANIA 1,150,17564,PENRYN,1275 NEWPORT RD,PENRYN,PA,17564,9998,P,X1A468,P
ATLANTIC,4B,PENNSYLVANIA 1,150,17565,PEQUEA,735 MARTICVILLE RD,PEQUEA,PA,17565,9998,,X1A470,P
ATLANTIC,4B,PENNSYLVANIA 1,150,17565,CONESTOGA,1 RIVER CORNER RD,CONESTOGA,PA,17516,9998,,X17756,P
ATLANTIC,4B,PENNSYLVANIA 1,150,17566,QUARRYVILLE,220 W STATE ST,QUARRYVILLE,PA,17566,9998,,X1A671,P
ATLANTIC,4B,PENNSYLVANIA 1,150,17567,REAMSTOWN,14 N REAMSTOWN RD,REAMSTOWN,PA,17567,9998,P,X1A705,P
ATLANTIC,4B,PENNSYLVANIA 1,150,17568,REFTON,45 REFTON RD,REFTON,PA,17568,9998,P,X1A723,P
ATLANTIC,4B,PENNSYLVANIA 1,150,17569,REINHOLDS,110B MECHANIC ST,REINHOLDS,PA,17569,9998,,X1A729,P
ATLANTIC,4B,PENNSYLVANIA 1,150,17569,DENVER,101 SNYDER ST,DENVER,PA,17517,9998,,X17932,P
ATLANTIC,4B,PENNSYLVANIA 1,150,17570,RHEEMS,119 LIME ST,RHEEMS,PA,17570,9998,P,X1A743,P
ATLANTIC,4B,PENNSYLVANIA 1,150,17572,RONKS,9 N RONKS RD,RONKS,PA,17572,9998,,X1A820,P
ATLANTIC,4B,PENNSYLVANIA 1,150,17575,SILVER SPRING,3672 MARIETTA AVE,SILVER SPRING,PA,17575,9998,P,X1B061,P
ATLANTIC,4B,PENNSYLVANIA 1,150,17576,SMOKETOWN,2433 OLD PHILADELPHIA PIKE STE E,SMOKETOWN,PA,17576,9998,,X1B097,P
ATLANTIC,4B,PENNSYLVANIA 1,150,17578,STEVENS,16 S LINE RD,STEVENS,PA,17578,9998,,X1B354,P
ATLANTIC,4B,PENNSYLVANIA 1,150,17578,DENVER,101 SNYDER ST,DENVER,PA,17517,9998,,X17932,P
ATLANTIC,4B,PENNSYLVANIA 1,150,17579,STRASBURG,200 HISTORIC DR,STRASBURG,PA,17579,9998,,X1B387,P
ATLANTIC,4B,PENNSYLVANIA 1,150,17580,TALMAGE,247 S STATE ST,TALMAGE,PA,17580,9998,P,X1B478,P
ATLANTIC,4B,PENNSYLVANIA 1,150,17581,TERRE HILL,104 W MAIN ST,TERRE HILL,PA,17581,9998,,X1B496,P
ATLANTIC,4B,PENNSYLVANIA 1,150,17582,WASHINGTON BORO,10 ELIZABETH ST,WASHINGTON BORO,PA,17582,9998,,X1B811,P
ATLANTIC,4B,PENNSYLVANIA 1,150,17582,COLUMBIA,53 N 4TH ST,COLUMBIA,PA,17512,9998,,X17741,P
ATLANTIC,4B,PENNSYLVANIA 1,150,17584,WILLOW STREET,6 VIOLET AVE,WILLOW STREET,PA,17584,9998,,X1C051,P
ATLANTIC,4B,PENNSYLVANIA 1,150,17585,WITMER,407 MOUNT SIDNEY RD,WITMER,PA,17585,9998,P,X1C075,P
ATLANTIC,4B,PENNSYLVANIA 1,150,17601,LANCASTER PA SDC,1301 MARSHALL AVE,LANCASTER,PA,17601,9800,,021244,4
ATLANTIC,4B,PENNSYLVANIA 1,150,17602,LANCASTER PA SDC,1301 MARSHALL AVE,LANCASTER,PA,17601,9800,,021244,4
ATLANTIC,4B,PENNSYLVANIA 1,150,17603,LANCASTER PA SDC,1301 MARSHALL AVE,LANCASTER,PA,17601,9800,,021244,4
ATLANTIC,4B,PENNSYLVANIA 1,150,17604,LANCASTER,1400 HARRISBURG PIKE,LANCASTER,PA,17604,9992,P,X19268,P
ATLANTIC,4B,PENNSYLVANIA 1,150,17605,EAST LANCASTER,1813 OLDE HOMESTEAD LN,LANCASTER,PA,17601,5868,P,X18118,B
ATLANTIC,4B,PENNSYLVANIA 1,150,17606,NEFFSVILLE,16 MEADOW LN,LANCASTER,PA,17601,9997,P,X1A084,B
ATLANTIC,4B,PENNSYLVANIA 1,150,17607,ROHRERSTOWN,153 ROHRERSTOWN RD,LANCASTER,PA,17603,2263,P,X1A815,B
ATLANTIC,4B,PENNSYLVANIA 1,150,17608,DOWNTOWN LANCASTER,48-50 W CHESTNUT ST STE 1,LANCASTER,PA,17603,9997,P,X17990,S
ATLANTIC,4B,PENNSYLVANIA 1,150,17701,NEWBERRY,1966 W 4TH ST,WILLIAMSPORT,PA,17701,9994,,X1A166,S
ATLANTIC,4B,PENNSYLVANIA 1,150,17701,WILLIAMSPORT PA S&DC,2901 REACH RD,WILLIAMSPORT,PA,17701,9922,,020508,4
ATLANTIC,4B,PENNSYLVANIA 1,150,17702,SOUTH WILLIAMSPORT,1223 W SOUTHERN AVE,WILLIAMSPORT,PA,17702,9995,,X1B153,B
ATLANTIC,4B,PENNSYLVANIA 1,150,17702,WILLIAMSPORT PA S&DC,2901 REACH RD,WILLIAMSPORT,PA,17701,9922,,020508,4
ATLANTIC,4B,PENNSYLVANIA 1,150,17703,CENTER CITY,621 HEPBURN ST UNIT 2,WILLIAMSPORT,PA,17701,5006,P,X17557,S
ATLANTIC,4B,PENNSYLVANIA 1,150,17720,ANTES FORT,14 THIRD ST,ANTES FORT,PA,17720,9998,P,X16977,P
ATLANTIC,4B,PENNSYLVANIA 1,150,17721,AVIS,14 W CENTRAL AVE,AVIS,PA,17721,9998,P,X17042,P
ATLANTIC,4B,PENNSYLVANIA 1,150,17723,JERSEY SHORE,234 ALLEGHENY ST,JERSEY SHORE,PA,17740,9998,,X19083,P
ATLANTIC,4B,PENNSYLVANIA 1,150,17724,CANTON,103 TROY ST,CANTON,PA,17724,9998,,X17496,P
ATLANTIC,4B,PENNSYLVANIA 1,150,17726,CASTANEA,120 LOGAN AVE,CASTANEA,PA,17726,9998,P,X17526,P
ATLANTIC,4B,PENNSYLVANIA 1,150,17727,JERSEY SHORE,234 ALLEGHENY ST,JERSEY SHORE,PA,17740,9998,,X19083,P
ATLANTIC,4B,PENNSYLVANIA 1,150,17728,COGAN STATION,4772 LYCOMING CREEK RD,COGAN STATION,PA,17728,9998,,X17712,P
ATLANTIC,4B,PENNSYLVANIA 1,150,17728,WILLIAMSPORT PA S&DC,2901 REACH RD,WILLIAMSPORT,PA,17701,9922,,020508,4
ATLANTIC,4B,PENNSYLVANIA 1,150,17729,RENOVO,365 HURON AVE,RENOVO,PA,17764,9998,,X1A733,P
ATLANTIC,4B,PENNSYLVANIA 1,150,17729,CROSS FORK,11 MAIN ST,CROSS FORK,PA,17729,9998,,X17844,P
ATLANTIC,4B,PENNSYLVANIA 1,150,17730,DEWART,2037 MAIN ST,DEWART,PA,17730,9998,P,X17945,P
ATLANTIC,4B,PENNSYLVANIA 1,150,17731,EAGLES MERE,1 SULLIVAN AVE,EAGLES MERE,PA,17731,9998,P,X18087,P
ATLANTIC,4B,PENNSYLVANIA 1,150,17735,GROVER,44 N WATER ST,GROVER,PA,17735,9998,P,X18743,P
ATLANTIC,4B,PENNSYLVANIA 1,150,17737,HUGHESVILLE,44 N MAIN ST,HUGHESVILLE,PA,17737,9998,,X18969,P
ATLANTIC,4B,PENNSYLVANIA 1,150,17740,JERSEY SHORE,234 ALLEGHENY ST,JERSEY SHORE,PA,17740,9998,,X19083,P
ATLANTIC,4B,PENNSYLVANIA 1,150,17742,HUGHESVILLE,44 N MAIN ST,HUGHESVILLE,PA,17737,9998,,X18969,P
ATLANTIC,4B,PENNSYLVANIA 1,150,17742,LAIRDSVILLE,6733 STATE ROUTE 118 OFC,LAIRDSVILLE,PA,17742,9998,,X19247,P
ATLANTIC,4B,PENNSYLVANIA 1,150,17744,LINDEN,224 FRONT ST,LINDEN,PA,17744,9998,,X19435,P
ATLANTIC,4B,PENNSYLVANIA 1,150,17744,WILLIAMSPORT PA S&DC,2901 REACH RD,WILLIAMSPORT,PA,17701,9922,,020508,4
ATLANTIC,4B,PENNSYLVANIA 1,150,17745,LOCK HAVEN,15 W MAIN ST,LOCK HAVEN,PA,17745,9998,,X19471,P
ATLANTIC,4B,PENNSYLVANIA 1,150,17747,LOGANTON,83 W MAIN ST,LOGANTON,PA,17747,9998,,X19486,P
ATLANTIC,4B,PENNSYLVANIA 1,150,17748,MC ELHATTAN,529 MC ELHATTAN DR,MC ELHATTAN,PA,17748,9998,P,X19684,P
ATLANTIC,4B,PENNSYLVANIA 1,150,17749,MC EWENSVILLE,8 POTASH ST,MC EWENSVILLE,PA,17749,9998,P,X19685,P
ATLANTIC,4B,PENNSYLVANIA 1,150,17750,MACKEYVILLE,191 MACKEYVILLE RD,MACKEYVILLE,PA,17750,9998,P,X19561,P
ATLANTIC,4B,PENNSYLVANIA 1,150,17751,LOCK HAVEN,15 W MAIN ST,LOCK HAVEN,PA,17745,9998,,X19471,P
ATLANTIC,4B,PENNSYLVANIA 1,150,17751,MILL HALL,15 PENNSYLVANIA AVE,MILL HALL,PA,17751,9998,,X19829,P
ATLANTIC,4B,PENNSYLVANIA 1,150,17752,MONTGOMERY,1 HENRY HAND DR,MONTGOMERY,PA,17752,9998,,X19905,P
ATLANTIC,4B,PENNSYLVANIA 1,150,17754,MONTOURSVILLE,335 BROAD ST,MONTOURSVILLE,PA,17754,9800,,X19909,P
ATLANTIC,4B,PENNSYLVANIA 1,150,17756,MUNCY,101 S MAIN ST,MUNCY,PA,17756,9998,,X1A030,P
ATLANTIC,4B,PENNSYLVANIA 1,150,17758,MUNCY VALLEY,17 BENDERS RD,MUNCY VALLEY,PA,17758,9998,,X1A032,P
ATLANTIC,4B,PENNSYLVANIA 1,150,17760,NORTH BEND,232 MAIN ST,NORTH BEND,PA,17760,9998,,X1A212,P
ATLANTIC,4B,PENNSYLVANIA 1,150,17760,RENOVO,365 HURON AVE,RENOVO,PA,17764,9998,,X1A733,P
ATLANTIC,4B,PENNSYLVANIA 1,150,17762,PICTURE ROCKS,21 LAUREL RUN RD,PICTURE ROCKS,PA,17762,9998,P,X1A505,P
ATLANTIC,4B,PENNSYLVANIA 1,150,17763,RALSTON,10975 ROUTE 14,RALSTON,PA,17763,9998,P,X1A687,P
ATLANTIC,4B,PENNSYLVANIA 1,150,17764,RENOVO,365 HURON AVE,RENOVO,PA,17764,9998,,X1A733,P
ATLANTIC,4B,PENNSYLVANIA 1,150,17765,ROARING BRANCH,986 ROUTE 14,ROARING BRANCH,PA,17765,9998,,X1A785,P
ATLANTIC,4B,PENNSYLVANIA 1,150,17765,CANTON,103 TROY ST,CANTON,PA,17724,9998,,X17496,P
ATLANTIC,4B,PENNSYLVANIA 1,150,17768,SHUNK,9922 ROUTE 154 STE 2,SHUNK,PA,17768,9998,,X1B051,P
ATLANTIC,4B,PENNSYLVANIA 1,150,17769,JERSEY SHORE,234 ALLEGHENY ST,JERSEY SHORE,PA,17740,9998,,X19083,P
ATLANTIC,4B,PENNSYLVANIA 1,150,17771,TROUT RUN,67 MAIN ST,TROUT RUN,PA,17771,9998,,X1B562,P
ATLANTIC,4B,PENNSYLVANIA 1,150,17771,WILLIAMSPORT PA S&DC,2901 REACH RD,WILLIAMSPORT,PA,17701,9922,,020508,4
ATLANTIC,4B,PENNSYLVANIA 1,150,17772,TURBOTVILLE,4745 STATE ROUTE 54,TURBOTVILLE,PA,17772,9998,,X1B577,P
ATLANTIC,4B,PENNSYLVANIA 1,150,17774,UNITYVILLE,215 TALMAR RD,UNITYVILLE,PA,17774,9998,,X1B629,P
ATLANTIC,4B,PENNSYLVANIA 1,150,17776,WATERVILLE,10702 STATE ROUTE 44,WATERVILLE,PA,17776,9998,,X1B822,P
ATLANTIC,4B,PENNSYLVANIA 1,150,17776,JERSEY SHORE,234 ALLEGHENY ST,JERSEY SHORE,PA,17740,9998,,X19083,P
ATLANTIC,4B,PENNSYLVANIA 1,150,17777,WATSONTOWN,316 MAIN ST,WATSONTOWN,PA,17777,9998,,X1B826,P
ATLANTIC,4B,PENNSYLVANIA 1,150,17778,RENOVO,365 HURON AVE,RENOVO,PA,17764,9998,,X1A733,P
ATLANTIC,4B,PENNSYLVANIA 1,150,17779,WOOLRICH,1039 PARK AVE,WOOLRICH,PA,17779,9998,P,X1C093,P
ATLANTIC,4B,PENNSYLVANIA 1,150,17801,SUNBURY,135 N 3RD ST,SUNBURY,PA,17801,9998,,X1B423,P
ATLANTIC,4B,PENNSYLVANIA 1,150,17810,WEST MILTON,505 BROAD ST,WEST MILTON,PA,17886,9998,,X1B931,P
ATLANTIC,4B,PENNSYLVANIA 1,150,17810,ALLENWOOD,16945 US ROUTE 15,ALLENWOOD,PA,17810,9998,,X16939,P
ATLANTIC,4B,PENNSYLVANIA 1,150,17812,BEAVER SPRINGS,85 PINE ST,BEAVER SPRINGS,PA,17812,9998,,X17128,P
ATLANTIC,4B,PENNSYLVANIA 1,150,17812,MC CLURE,1 BROWN ST,MC CLURE,PA,17841,9998,,X19680,P
ATLANTIC,4B,PENNSYLVANIA 1,150,17813,BEAVERTOWN,212 S SASSAFRAS ST,BEAVERTOWN,PA,17813,9998,,X17131,P
ATLANTIC,4B,PENNSYLVANIA 1,150,17813,MIDDLEBURG,9 N MAIN ST,MIDDLEBURG,PA,17842,9998,,X19791,P
ATLANTIC,4B,PENNSYLVANIA 1,150,17814,BENTON,250 THIRD ST,BENTON,PA,17814,9998,,X17180,P
ATLANTIC,4B,PENNSYLVANIA 1,150,17815,BLOOMSBURG,230 MARKET ST,BLOOMSBURG,PA,17815,9998,,X17255,P
ATLANTIC,4B,PENNSYLVANIA 1,150,17820,CATAWISSA,121 N 3RD ST,CATAWISSA,PA,17820,9998,,X17537,P
ATLANTIC,4B,PENNSYLVANIA 1,150,17821,DANVILLE,410 MILL ST,DANVILLE,PA,17821,9998,,X17889,P
ATLANTIC,4B,PENNSYLVANIA 1,150,17823,SHAMOKIN,201 E INDEPENDENCE ST,SHAMOKIN,PA,17872,9998,,X1A987,P
ATLANTIC,4B,PENNSYLVANIA 1,150,17823,DORNSIFE,123 CREEK RD,DORNSIFE,PA,17823,9998,,X17976,P
ATLANTIC,4B,PENNSYLVANIA 1,150,17824,ELYSBURG,5 E ROOSEVELT AVE,ELYSBURG,PA,17824,9800,,X18236,P
ATLANTIC,4B,PENNSYLVANIA 1,150,17827,SELINSGROVE,100 S MARKET ST,SELINSGROVE,PA,17870,9998,,X1A966,P
ATLANTIC,4B,PENNSYLVANIA 1,150,17827,FREEBURG,12 E MARKET ST,FREEBURG,PA,17827,9998,,X18507,P
ATLANTIC,4B,PENNSYLVANIA 1,150,17829,HARTLETON,109 COLD RUN RD,HARTLETON,PA,17829,9998,P,X18811,P
ATLANTIC,4B,PENNSYLVANIA 1,150,17830,SUNBURY,135 N 3RD ST,SUNBURY,PA,17801,9998,,X1B423,P
ATLANTIC,4B,PENNSYLVANIA 1,150,17830,HERNDON,127 POTTSVILLE ST,HERNDON,PA,17830,9998,,X18878,P
ATLANTIC,4B,PENNSYLVANIA 1,150,17831,HUMMELS WHARF,1245 N SUSQUEHANNA TRL,HUMMELS WHARF,PA,17831,9800,P,X18972,P
ATLANTIC,4B,PENNSYLVANIA 1,150,17832,MARION HEIGHTS,226 NORTH ST,MARION HEIGHTS,PA,17832,9998,P,X19622,P
ATLANTIC,4B,PENNSYLVANIA 1,150,17833,KREAMER,515 KREAMER AVE,KREAMER,PA,17833,9998,P,X19214,P
ATLANTIC,4B,PENNSYLVANIA 1,150,17834,SHAMOKIN,201 E INDEPENDENCE ST,SHAMOKIN,PA,17872,9998,,X1A987,P
ATLANTIC,4B,PENNSYLVANIA 1,150,17834,KULPMONT,901 CHESTNUT ST FRNT,KULPMONT,PA,17834,9998,,X19221,P
ATLANTIC,4B,PENNSYLVANIA 1,150,17835,LAURELTON,2495 LAUREL RD,LAURELTON,PA,17835,9998,P,X19313,P
ATLANTIC,4B,PENNSYLVANIA 1,150,17837,LEWISBURG,301 MARKET ST,LEWISBURG,PA,17837,1549,,X19397,P
ATLANTIC,4B,PENNSYLVANIA 1,150,17837,LEWISBURG CARRIER ANNEX,2013 W MARKET ST,LEWISBURG,PA,17837,6801,,014153,4
ATLANTIC,4B,PENNSYLVANIA 1,150,17840,MOUNT CARMEL,1 S HICKORY ST,MOUNT CARMEL,PA,17851,9998,,X19949,P
ATLANTIC,4B,PENNSYLVANIA 1,150,17841,MC CLURE,1 BROWN ST,MC CLURE,PA,17841,9998,,X19680,P
ATLANTIC,4B,PENNSYLVANIA 1,150,17842,MIDDLEBURG,9 N MAIN ST,MIDDLEBURG,PA,17842,9998,,X19791,P
ATLANTIC,4B,PENNSYLVANIA 1,150,17844,MIFFLINBURG,10 N 4TH ST,MIFFLINBURG,PA,17844,9998,,X19808,P
ATLANTIC,4B,PENNSYLVANIA 1,150,17845,MIFFLINBURG,10 N 4TH ST,MIFFLINBURG,PA,17844,9998,,X19808,P
ATLANTIC,4B,PENNSYLVANIA 1,150,17845,MILLMONT,1295 MILLMONT RD,MILLMONT,PA,17845,9998,,X19845,P
ATLANTIC,4B,PENNSYLVANIA 1,150,17846,MILLVILLE,10 E MAIN ST,MILLVILLE,PA,17846,9998,,X19852,P
ATLANTIC,4B,PENNSYLVANIA 1,150,17847,MILTON,29 N FRONT ST,MILTON,PA,17847,9998,,X19861,P
ATLANTIC,4B,PENNSYLVANIA 1,150,17850,MONTANDON,97 MAIN ST,MONTANDON,PA,17850,9998,P,X19900,P
ATLANTIC,4B,PENNSYLVANIA 1,150,17851,MOUNT CARMEL,1 S HICKORY ST,MOUNT CARMEL,PA,17851,9998,,X19949,P
ATLANTIC,4B,PENNSYLVANIA 1,150,17853,MOUNT PLEASANT MILLS,9116 ROUTE 35,MOUNT PLEASANT MILLS,PA,17853,9998,,X19973,P
ATLANTIC,4B,PENNSYLVANIA 1,150,17855,NEW BERLIN,220 VINE ST,NEW BERLIN,PA,17855,9998,,X1A099,P
ATLANTIC,4B,PENNSYLVANIA 1,150,17856,WEST MILTON,505 BROAD ST,WEST MILTON,PA,17886,9998,,X1B931,P
ATLANTIC,4B,PENNSYLVANIA 1,150,17857,NORTHUMBERLAND,75 QUEEN ST,NORTHUMBERLAND,PA,17857,9800,,X1A237,P
ATLANTIC,4B,PENNSYLVANIA 1,150,17858,NUMIDIA,1114 NUMIDIA DR,NUMIDIA,PA,17858,9998,P,X1A249,P
ATLANTIC,4B,PENNSYLVANIA 1,150,17859,ORANGEVILLE,410 MILL ST,ORANGEVILLE,PA,17859,9800,,X1A334,P
ATLANTIC,4B,PENNSYLVANIA 1,150,17860,PAXINOS,5317 STATE ROUTE 61,PAXINOS,PA,17860,9998,,X1A417,P
ATLANTIC,4B,PENNSYLVANIA 1,150,17860,SHAMOKIN,201 E INDEPENDENCE ST,SHAMOKIN,PA,17872,9998,,X1A987,P
ATLANTIC,4B,PENNSYLVANIA 1,150,17861,PAXTONVILLE,1072 PAXTON ST STE 10,PAXTONVILLE,PA,17861,9998,P,X1A421,P
ATLANTIC,4B,PENNSYLVANIA 1,150,17862,PENNS CREEK,106 RASPBERRY ST,PENNS CREEK,PA,17862,9998,P,X1A459,P
ATLANTIC,4B,PENNSYLVANIA 1,150,17864,PORT TREVORTON,3934 S SUSQUEHANNA TRL STE 10,PORT TREVORTON,PA,17864,9998,,X1A616,P
ATLANTIC,4B,PENNSYLVANIA 1,150,17864,SELINSGROVE,100 S MARKET ST,SELINSGROVE,PA,17870,9998,,X1A966,P
ATLANTIC,4B,PENNSYLVANIA 1,150,17865,POTTS GROVE,4365 STATE ROUTE 642,POTTS GROVE,PA,17865,9998,P,X1A629,P
ATLANTIC,4B,PENNSYLVANIA 1,150,17866,SHAMOKIN,201 E INDEPENDENCE ST,SHAMOKIN,PA,17872,9998,,X1A987,P
ATLANTIC,4B,PENNSYLVANIA 1,150,17868,RIVERSIDE,452 DEWART ST,RIVERSIDE,PA,17868,9998,P,X1A782,P
ATLANTIC,4B,PENNSYLVANIA 1,150,17870,SELINSGROVE,100 S MARKET ST,SELINSGROVE,PA,17870,9998,,X1A966,P
ATLANTIC,4B,PENNSYLVANIA 1,150,17872,SHAMOKIN,201 E INDEPENDENCE ST,SHAMOKIN,PA,17872,9998,,X1A987,P
ATLANTIC,4B,PENNSYLVANIA 1,150,17876,SELINSGROVE,100 S MARKET ST,SELINSGROVE,PA,17870,9998,,X1A966,P
ATLANTIC,4B,PENNSYLVANIA 1,150,17876,SHAMOKIN DAM,3054 N SUSQUEHANNA TRL,SHAMOKIN DAM,PA,17876,9998,,X1A988,P
ATLANTIC,4B,PENNSYLVANIA 1,150,17878,BENTON,250 THIRD ST,BENTON,PA,17814,9998,,X17180,P
ATLANTIC,4B,PENNSYLVANIA 1,150,17880,MILLMONT,1295 MILLMONT RD,MILLMONT,PA,17845,9998,P,X19845,P
ATLANTIC,4B,PENNSYLVANIA 1,150,17881,SHAMOKIN,201 E INDEPENDENCE ST,SHAMOKIN,PA,17872,9998,,X1A987,P
ATLANTIC,4B,PENNSYLVANIA 1,150,17881,TREVORTON,801 W SHAMOKIN ST LOWR,TREVORTON,PA,17881,9998,,X1B555,P
ATLANTIC,4B,PENNSYLVANIA 1,150,17882,TROXELVILLE,8891 ROUTE 235,TROXELVILLE,PA,17882,9998,P,X1B564,P
ATLANTIC,4B,PENNSYLVANIA 1,150,17884,WASHINGTONVILLE,1229 WATER ST,WASHINGTONVILLE,PA,17884,9998,P,X1B816,P
ATLANTIC,4B,PENNSYLVANIA 1,150,17885,WEIKERT,5540 WEIKERT RD,WEIKERT,PA,17885,9998,P,X1B855,P
ATLANTIC,4B,PENNSYLVANIA 1,150,17886,WEST MILTON,505 BROAD ST,WEST MILTON,PA,17886,9998,,X1B931,P
ATLANTIC,4B,PENNSYLVANIA 1,150,17887,WHITE DEER,601 WHITE DEER PIKE,WHITE DEER,PA,17887,9800,P,X1B989,P
ATLANTIC,4B,PENNSYLVANIA 1,150,17888,WILBURTON,107 SMITH ST,WILBURTON,PA,17888,9800,,X1C019,P
ATLANTIC,4B,PENNSYLVANIA 1,150,17888,MOUNT CARMEL,1 S HICKORY ST,MOUNT CARMEL,PA,17851,9998,,X19949,P
ATLANTIC,4B,PENNSYLVANIA 1,150,17889,WINFIELD,477 PARK RD,WINFIELD,PA,17889,9998,,X1C070,P
ATLANTIC,4B,PENNSYLVANIA 1,150,17901,POTTSVILLE,450 N CENTRE ST,POTTSVILLE,PA,17901,9998,,X1A631,P
ATLANTIC,4B,PENNSYLVANIA 1,150,17920,ARISTES,90 S LEIBY ST,ARISTES,PA,17920,9998,P,X16996,P
ATLANTIC,4B,PENNSYLVANIA 1,150,17921,ASHLAND,901 RACE ST,ASHLAND,PA,17921,9998,,X17012,P
ATLANTIC,4B,PENNSYLVANIA 1,150,17922,AUBURN,425 MARKET ST,AUBURN,PA,17922,9998,,X17029,P
ATLANTIC,4B,PENNSYLVANIA 1,150,17923,BRANCHDALE,105 S STATE RD,BRANCHDALE,PA,17923,9998,P,X17334,P
ATLANTIC,4B,PENNSYLVANIA 1,150,17929,POTTSVILLE,450 N CENTRE ST,POTTSVILLE,PA,17901,9998,,X1A631,P
ATLANTIC,4B,PENNSYLVANIA 1,150,17929,CRESSONA,17 N SILLYMAN ST,CRESSONA,PA,17929,9998,,X17839,P
ATLANTIC,4B,PENNSYLVANIA 1,150,17930,CUMBOLA,119 COAL ST,CUMBOLA,PA,17930,9998,P,X17862,P
ATLANTIC,4B,PENNSYLVANIA 1,150,17931,FRACKVILLE,109 S LEHIGH AVE,FRACKVILLE,PA,17931,9998,,X18483,P
ATLANTIC,4B,PENNSYLVANIA 1,150,17933,FRIEDENSBURG,1305 LONG RUN RD,FRIEDENSBURG,PA,17933,9998,P,X18516,P
ATLANTIC,4B,PENNSYLVANIA 1,150,17934,FRACKVILLE,109 S LEHIGH AVE,FRACKVILLE,PA,17931,9998,,X18483,P
ATLANTIC,4B,PENNSYLVANIA 1,150,17935,ASHLAND,901 RACE ST,ASHLAND,PA,17921,9998,,X17012,P
ATLANTIC,4B,PENNSYLVANIA 1,150,17935,GIRARDVILLE,210 W MAIN ST,GIRARDVILLE,PA,17935,9998,,X18603,P
ATLANTIC,4B,PENNSYLVANIA 1,150,17936,GORDON,130 E BIDDLE ST,GORDON,PA,17936,9998,P,X18657,P
ATLANTIC,4B,PENNSYLVANIA 1,150,17938,HEGINS,15 POST OFFICE RD,HEGINS,PA,17938,9998,,X18851,P
ATLANTIC,4B,PENNSYLVANIA 1,150,17941,VALLEY VIEW,1124 W MAIN ST,VALLEY VIEW,PA,17983,9998,,X1B684,P
ATLANTIC,4B,PENNSYLVANIA 1,150,17943,LAVELLE,337 MAIN ST,LAVELLE,PA,17943,9998,P,X19317,P
ATLANTIC,4B,PENNSYLVANIA 1,150,17944,LLEWELLYN,9 SILVERTON RD,LLEWELLYN,PA,17944,9998,P,X19467,P
ATLANTIC,4B,PENNSYLVANIA 1,150,17945,LOCUSTDALE,3115 MAIN ST,LOCUSTDALE,PA,17945,9998,P,X19480,P
ATLANTIC,4B,PENNSYLVANIA 1,150,17946,LOST CREEK,43 CONVENT RD,LOST CREEK,PA,17946,9998,P,X19504,P
ATLANTIC,4B,PENNSYLVANIA 1,150,17948,MAHANOY CITY,39 E PINE ST,MAHANOY CITY,PA,17948,9998,,X19570,P
ATLANTIC,4B,PENNSYLVANIA 1,150,17951,MAR LIN,401 BEECHWOOD AVE,MAR LIN,PA,17951,9998,P,X19609,P
ATLANTIC,4B,PENNSYLVANIA 1,150,17952,MARY D,15 MAIN ST,MARY D,PA,17952,9998,,X19653,P
ATLANTIC,4B,PENNSYLVANIA 1,150,17953,MIDDLEPORT,32 MAIN ST,MIDDLEPORT,PA,17953,9998,,X19794,P
ATLANTIC,4B,PENNSYLVANIA 1,150,17954,MINERSVILLE,407 SUNBURY ST,MINERSVILLE,PA,17954,9998,,X19867,P
ATLANTIC,4B,PENNSYLVANIA 1,150,17959,NEW PHILADELPHIA,121 VALLEY ST,NEW PHILADELPHIA,PA,17959,9998,,X1A150,P
ATLANTIC,4B,PENNSYLVANIA 1,150,17959,POTTSVILLE,450 N CENTRE ST,POTTSVILLE,PA,17901,9998,,X1A631,P
ATLANTIC,4B,PENNSYLVANIA 1,150,17960,NEW RINGGOLD,27 N RAILROAD ST,NEW RINGGOLD,PA,17960,9998,,X1A156,P
ATLANTIC,4B,PENNSYLVANIA 1,150,17961,ORWIGSBURG,700 W MARKET ST,ORWIGSBURG,PA,17961,9998,,X1A350,P
ATLANTIC,4B,PENNSYLVANIA 1,150,17963,PINE GROVE,103 SNYDER AVE,PINE GROVE,PA,17963,9998,,X1A520,P
ATLANTIC,4B,PENNSYLVANIA 1,150,17964,PITMAN,175 MAIN RD,PITMAN,PA,17964,9998,,X1A535,P
ATLANTIC,4B,PENNSYLVANIA 1,150,17965,PORT CARBON,73 WASHINGTON ST,PORT CARBON,PA,17965,9998,,X1A611,P
ATLANTIC,4B,PENNSYLVANIA 1,150,17965,POTTSVILLE,450 N CENTRE ST,POTTSVILLE,PA,17901,9998,,X1A631,P
ATLANTIC,4B,PENNSYLVANIA 1,150,17967,RINGTOWN,10 S MARKET ST,RINGTOWN,PA,17967,9998,,X1A779,P
ATLANTIC,4B,PENNSYLVANIA 1,150,17968,SACRAMENTO,2263 E MAIN ST,SACRAMENTO,PA,17968,9998,,X1A887,P
ATLANTIC,4B,PENNSYLVANIA 1,150,17970,SAINT CLAIR,10 W CARROLL ST,SAINT CLAIR,PA,17970,9998,,X1A898,P
ATLANTIC,4B,PENNSYLVANIA 1,150,17972,POTTSVILLE,450 N CENTRE ST,POTTSVILLE,PA,17901,9998,,X1A631,P
ATLANTIC,4B,PENNSYLVANIA 1,150,17972,SCHUYLKILL HAVEN,2 W MAIN ST,SCHUYLKILL HAVEN,PA,17972,9998,,X1A950,P
ATLANTIC,4B,PENNSYLVANIA 1,150,17974,SELTZER,541 SELTZER RD,POTTSVILLE,PA,17901,9801,P,X1A968,C
ATLANTIC,4B,PENNSYLVANIA 1,150,17976,SHENANDOAH,119 N WHITE ST,SHENANDOAH,PA,17976,9998,,X1B012,P
ATLANTIC,4B,PENNSYLVANIA 1,150,17978,SPRING GLEN,2636 W MAIN ST,SPRING GLEN,PA,17978,9998,,X1B188,P
ATLANTIC,4B,PENNSYLVANIA 1,150,17979,SUMMIT STATION,5 SPRING RD,SUMMIT STATION,PA,17979,9998,P,X1B419,P
ATLANTIC,4B,PENNSYLVANIA 1,150,17980,TOWER CITY,544 E GRAND AVE,TOWER CITY,PA,17980,9998,,X1B541,P
ATLANTIC,4B,PENNSYLVANIA 1,150,17981,PINE GROVE,103 SNYDER AVE,PINE GROVE,PA,17963,9998,,X1A520,P
ATLANTIC,4B,PENNSYLVANIA 1,150,17981,TREMONT,11 W MAIN ST,TREMONT,PA,17981,9998,,X1B552,P
ATLANTIC,4B,PENNSYLVANIA 1,150,17982,TUSCARORA,505 STRAWBERRY ST,TUSCARORA,PA,17982,9998,,X1B587,P
ATLANTIC,4B,PENNSYLVANIA 1,150,17983,VALLEY VIEW,1124 W MAIN ST,VALLEY VIEW,PA,17983,9998,,X1B684,P
ATLANTIC,4B,PENNSYLVANIA 1,150,17985,RINGTOWN,10 S MARKET ST,RINGTOWN,PA,17967,9998,,X1A779,P
ATLANTIC,4B,PENNSYLVANIA 1,150,17985,ZION GROVE,731 RINGTOWN RD,ZION GROVE,PA,17985,9998,,X1C151,P
ATLANTIC,4B,DE-PA 2,190,18002,LEHIGH VALLEY POSTAL STORE,17 S COMMERCE WAY,BETHLEHEM,PA,18017,9026,P,010373,B
ATLANTIC,4B,DE-PA 2,190,18011,ALBURTIS,302 S MAIN ST,ALBURTIS,PA,18011,9900,,X16912,P
ATLANTIC,4B,DE-PA 2,190,18011,MACUNGIE,51 W END TRL,MACUNGIE,PA,18062,9998,,X19562,P
ATLANTIC,4B,DE-PA 2,190,18012,AQUASHICOLA,100 LITTLE GAP RD,AQUASHICOLA,PA,18012,9998,P,X16984,P
ATLANTIC,4B,DE-PA 2,190,18013,BANGOR,212 S 1ST ST,BANGOR,PA,18013,2640,,X17068,P
ATLANTIC,4B,DE-PA 2,190,18014,BATH,175 N CHESTNUT ST,BATH,PA,18014,9998,,X17096,P
ATLANTIC,4B,DE-PA 2,190,18015,SOUTHSIDE,131 W 4TH ST,BETHLEHEM,PA,18015,1600,,X1B158,S
ATLANTIC,4B,DE-PA 2,190,18015,BETHLEHEM,535 WOOD ST,BETHLEHEM,PA,18016,9998,,X17206,P
ATLANTIC,4B,DE-PA 2,190,18016,BETHLEHEM,535 WOOD ST,BETHLEHEM,PA,18016,9998,,X17206,P
ATLANTIC,4B,DE-PA 2,190,18017,BUTZTOWN,3232 EASTON AVE,BETHLEHEM,PA,18020,4200,,X17461,B
ATLANTIC,4B,DE-PA 2,190,18017,BETHLEHEM AIRPORT,1000 POSTAL RD REAR,ALLENTOWN,PA,18109,8901,,000269,B
ATLANTIC,4B,DE-PA 2,190,18018,WESTSIDE,2114 W UNION BLVD,BETHLEHEM,PA,18018,2030,,X1B976,S
ATLANTIC,4B,DE-PA 2,190,18018,BETHLEHEM,535 WOOD ST,BETHLEHEM,PA,18016,9998,,X17206,P
ATLANTIC,4B,DE-PA 2,190,18020,BETHLEHEM AIRPORT,1000 POSTAL RD REAR,ALLENTOWN,PA,18109,8901,,000269,B
ATLANTIC,4B,DE-PA 2,190,18030,BOWMANSTOWN,600 RAILROAD ST,BOWMANSTOWN,PA,18030,9998,P,X17298,P
ATLANTIC,4B,DE-PA 2,190,18031,BREINIGSVILLE,8922 BREINIGSVILLE RD,BREINIGSVILLE,PA,18031,9998,,X17344,P
ATLANTIC,4B,DE-PA 2,190,18031,MACUNGIE,51 W END TRL,MACUNGIE,PA,18062,9998,,X19562,P
ATLANTIC,4B,DE-PA 2,190,18032,CATASAUQUA CARRIER,1000 POSTAL RD REAR,ALLENTOWN,PA,18109,9700,,021459,Z
ATLANTIC,4B,DE-PA 2,190,18034,CENTER VALLEY,5800 ROUTE 378,CENTER VALLEY,PA,18034,9998,,X17562,P
ATLANTIC,4B,DE-PA 2,190,18035,CHERRYVILLE,680 BLUE MOUNTAIN DR,CHERRYVILLE,PA,18035,9998,,X17611,P
ATLANTIC,4B,DE-PA 2,190,18036,COOPERSBURG,400 E STATION AVE,COOPERSBURG,PA,18036,9998,,X17780,P
ATLANTIC,4B,DE-PA 2,190,18037,COPLAY,918 CHESTNUT ST,COPLAY,PA,18037,9998,,X17783,P
ATLANTIC,4B,DE-PA 2,190,18038,PALMERTON,128 DELAWARE AVE FRNT,PALMERTON,PA,18071,9998,,X1A374,P
ATLANTIC,4B,DE-PA 2,190,18038,DANIELSVILLE,3937 MOUNTAIN VIEW DR,DANIELSVILLE,PA,18038,9998,,X17886,P
ATLANTIC,4B,DE-PA 2,190,18039,DURHAM,955 DURHAM RD,DURHAM,PA,18039,9998,P,X18047,P
ATLANTIC,4B,DE-PA 2,190,18040,PALMER,650 S GREENWOOD AVE,EASTON,PA,18045,9800,,X1A371,B
ATLANTIC,4B,DE-PA 2,190,18041,EAST GREENVILLE,357 MAIN ST OFC,EAST GREENVILLE,PA,18041,9998,,X18113,P
ATLANTIC,4B,DE-PA 2,190,18042,EASTON CARRIERS,650 S GREENWOOD AVE,EASTON,PA,18045,9917,,021792,Z
ATLANTIC,4B,DE-PA 2,190,18043,PALMER,650 S GREENWOOD AVE,EASTON,PA,18045,9800,P,X1A371,B
ATLANTIC,4B,DE-PA 2,190,18044,PALMER,650 S GREENWOOD AVE,EASTON,PA,18045,9800,P,X1A371,B
ATLANTIC,4B,DE-PA 2,190,18045,PALMER,650 S GREENWOOD AVE,EASTON,PA,18045,9800,,X1A371,B
ATLANTIC,4B,DE-PA 2,190,18046,EAST TEXAS,5637 E TEXAS RD,EAST TEXAS,PA,18046,9998,P,X18141,P
ATLANTIC,4B,DE-PA 2,190,18049,EMMAUS,105 N 5TH ST,EMMAUS,PA,18049,9998,,X18245,P
ATLANTIC,4B,DE-PA 2,190,18051,FOGELSVILLE,7918 MAIN ST OFC,FOGELSVILLE,PA,18051,9800,,X18423,P
ATLANTIC,4B,DE-PA 2,190,18052,WHITEHALL,1105 SCHADT AVE,WHITEHALL,PA,18052,9998,,X1C003,P
ATLANTIC,4B,DE-PA 2,190,18053,GERMANSVILLE,6066 MEMORIAL RD,GERMANSVILLE,PA,18053,9998,,X18580,P
ATLANTIC,4B,DE-PA 2,190,18054,GREEN LANE,125 GRAVEL PIKE,GREEN LANE,PA,18054,9998,,X18698,P
ATLANTIC,4B,DE-PA 2,190,18055,HELLERTOWN,660 DELAWARE AVE,HELLERTOWN,PA,18055,9998,,X18859,P
ATLANTIC,4B,DE-PA 2,190,18056,HEREFORD,1153 GRAVEL PIKE STE 1,HEREFORD,PA,18056,1503,,X18874,P
ATLANTIC,4B,DE-PA 2,190,18058,KUNKLETOWN,490 KUNKLETOWN RD,KUNKLETOWN,PA,18058,9998,,X19225,P
ATLANTIC,4B,DE-PA 2,190,18059,NORTHAMPTON,1701 WASHINGTON AVE,NORTHAMPTON,PA,18067,9998,,X1A235,P
ATLANTIC,4B,DE-PA 2,190,18059,LAURYS STATION,1072 RISING SUN RD,LAURYS STATION,PA,18059,9998,,X19316,P
ATLANTIC,4B,DE-PA 2,190,18060,LIMEPORT,1540 BLUE CHURCH RD,LIMEPORT,PA,18060,9998,P,X19420,P
ATLANTIC,4B,DE-PA 2,190,18062,MACUNGIE,51 W END TRL,MACUNGIE,PA,18062,9998,,X19562,P
ATLANTIC,4B,DE-PA 2,190,18063,MARTINS CREEK,6564 S DELAWARE DR,MARTINS CREEK,PA,18063,9998,P,X19649,P
ATLANTIC,4B,DE-PA 2,190,18064,NAZARETH,9 N MAIN ST,NAZARETH,PA,18064,9998,,X1A079,P
ATLANTIC,4B,DE-PA 2,190,18064,NAZARETH CARRIER ANNEX,859 NAZARETH PIKE UNIT A1,NAZARETH,PA,18064,8000,,001782,4
ATLANTIC,4B,DE-PA 2,190,18065,NEFFS,5613 ROUTE 873,NEFFS,PA,18065,9902,P,X1A083,P
ATLANTIC,4B,DE-PA 2,190,18066,NEW TRIPOLI,6736 MADISON ST,NEW TRIPOLI,PA,18066,9800,,X1A163,P
ATLANTIC,4B,DE-PA 2,190,18066,GERMANSVILLE,6066 MEMORIAL RD,GERMANSVILLE,PA,18053,9998,,X18580,P
ATLANTIC,4B,DE-PA 2,190,18067,NORTHAMPTON,1701 WASHINGTON AVE,NORTHAMPTON,PA,18067,9998,,X1A235,P
ATLANTIC,4B,DE-PA 2,190,18068,OLD ZIONSVILLE,5831 KINGS HWY S,OLD ZIONSVILLE,PA,18068,9998,P,X1A316,P
ATLANTIC,4B,DE-PA 2,190,18069,OREFIELD,4711 KERNSVILLE RD,OREFIELD,PA,18069,9998,,X1A337,P
ATLANTIC,4B,DE-PA 2,190,18070,PALM,801 GRAVEL PIKE,PALM,PA,18070,9998,,X1A369,P
ATLANTIC,4B,DE-PA 2,190,18070,HEREFORD,1153 GRAVEL PIKE STE 1,HEREFORD,PA,18056,1503,,X18874,P
ATLANTIC,4B,DE-PA 2,190,18071,PALMERTON,128 DELAWARE AVE FRNT,PALMERTON,PA,18071,9998,,X1A374,P
ATLANTIC,4B,DE-PA 2,190,18072,PEN ARGYL,7 S ROBINSON AVE,PEN ARGYL,PA,18072,9998,,X1A431,P
ATLANTIC,4B,DE-PA 2,190,18073,RED HILL,427 MAIN ST OFC,RED HILL,PA,18076,9998,,X1A712,P
ATLANTIC,4B,DE-PA 2,190,18074,PERKIOMENVILLE,1463 GRAVEL PIKE,PERKIOMENVILLE,PA,18074,9998,,X1A473,P
ATLANTIC,4B,DE-PA 2,190,18076,RED HILL,427 MAIN ST OFC,RED HILL,PA,18076,9998,,X1A712,P
ATLANTIC,4B,DE-PA 2,190,18077,RIEGELSVILLE,114 DELAWARE RD,RIEGELSVILLE,PA,18077,9998,,X1A769,P
ATLANTIC,4B,DE-PA 2,190,18078,SCHNECKSVILLE,4709 ROUTE 309,SCHNECKSVILLE,PA,18078,2460,,X1A939,P
ATLANTIC,4B,DE-PA 2,190,18079,SLATEDALE,4016 MAIN ST,SLATEDALE,PA,18079,9998,P,X1B079,P
ATLANTIC,4B,DE-PA 2,190,18080,SLATINGTON,605 MAIN ST,SLATINGTON,PA,18080,9998,,X1B081,P
ATLANTIC,4B,DE-PA 2,190,18081,SPRINGTOWN,3147 ROUTE 212,SPRINGTOWN,PA,18081,9998,P,X1B209,P
ATLANTIC,4B,DE-PA 2,190,18083,STOCKERTOWN,209 MAIN ST,STOCKERTOWN,PA,18083,9900,P,X1B363,P
ATLANTIC,4B,DE-PA 2,190,18084,SUMNEYTOWN,3196 MAIN ST,SUMNEYTOWN,PA,18084,9998,P,X1B420,P
ATLANTIC,4B,DE-PA 2,190,18085,TATAMY,423 BROAD ST,TATAMY,PA,18085,9998,P,X1B487,P
ATLANTIC,4B,DE-PA 2,190,18086,WALNUTPORT,249 LEHIGH GAP ST,WALNUTPORT,PA,18088,9998,P,X1B780,P
ATLANTIC,4B,DE-PA 2,190,18087,TREXLERTOWN,7150 HAMILTON BLVD OFC,TREXLERTOWN,PA,18087,9998,,X1B558,P
ATLANTIC,4B,DE-PA 2,190,18088,WALNUTPORT,249 LEHIGH GAP ST,WALNUTPORT,PA,18088,9998,,X1B780,P
ATLANTIC,4B,DE-PA 2,190,18091,WIND GAP,138 N BROADWAY,WIND GAP,PA,18091,9998,,X1C058,P
ATLANTIC,4B,DE-PA 2,190,18092,HEREFORD,1153 GRAVEL PIKE STE 1,HEREFORD,PA,18056,1503,,X18874,P
ATLANTIC,4B,DE-PA 2,190,18101,ALLENTOWN AIRPORT,1000 POSTAL RD SIDE,ALLENTOWN,PA,18109,9998,,X1C330,B
ATLANTIC,4B,DE-PA 2,190,18102,ALLENTOWN AIRPORT,1000 POSTAL RD SIDE,ALLENTOWN,PA,18109,9998,,X1C330,B
ATLANTIC,4B,DE-PA 2,190,18103,ALLENTOWN AIRPORT,1000 POSTAL RD SIDE,ALLENTOWN,PA,18109,9998,,X1C330,B
ATLANTIC,4B,DE-PA 2,190,18104,ALLENTOWN AIRPORT,1000 POSTAL RD SIDE,ALLENTOWN,PA,18109,9998,,X1C330,B
ATLANTIC,4B,DE-PA 2,190,18105,ALLENTOWN,442 HAMILTON ST OFC,ALLENTOWN,PA,18101,9998,P,X16937,P
ATLANTIC,4B,DE-PA 2,190,18106,WESCOSVILLE,1115 BROOKSIDE RD,ALLENTOWN,PA,18106,9539,,X1B874,B
ATLANTIC,4B,DE-PA 2,190,18106,ALLENTOWN AIRPORT,1000 POSTAL RD SIDE,ALLENTOWN,PA,18109,9998,,X1C330,B
ATLANTIC,4B,DE-PA 2,190,18109,ALLENTOWN AIRPORT,1000 POSTAL RD SIDE,ALLENTOWN,PA,18109,9998,,X1C330,B
ATLANTIC,4B,DE-PA 2,190,18201,HAZLETON,231 N WYOMING ST,HAZLETON,PA,18201,9996,,X18837,P
ATLANTIC,4B,DE-PA 2,190,18202,HAZLETON,231 N WYOMING ST,HAZLETON,PA,18201,9996,,X18837,P
ATLANTIC,4B,DE-PA 2,190,18210,ALBRIGHTSVILLE,7 PINE POINT DR STE 4,ALBRIGHTSVILLE,PA,18210,9998,,X16909,P
ATLANTIC,4B,DE-PA 2,190,18211,ANDREAS,820 LIZARD CREEK RD,ANDREAS,PA,18211,9998,,X16971,P
ATLANTIC,4B,DE-PA 2,190,18211,LEHIGHTON,118 NORTH ST,LEHIGHTON,PA,18235,9998,,X19359,P
ATLANTIC,4B,DE-PA 2,190,18212,ASHFIELD,403 BLUE MOUNTAIN RD,ASHFIELD,PA,18212,9998,P,X17010,P
ATLANTIC,4B,DE-PA 2,190,18214,TAMAQUA,399 E BROAD ST,TAMAQUA,PA,18252,9998,,X1B480,P
ATLANTIC,4B,DE-PA 2,190,18214,BARNESVILLE,2 GRIER AVE OFC,BARNESVILLE,PA,18214,9998,,X17078,P
ATLANTIC,4B,DE-PA 2,190,18216,BEAVER MEADOWS,2 BROAD ST,BEAVER MEADOWS,PA,18216,9998,,X17126,P
ATLANTIC,4B,DE-PA 2,190,18218,COALDALE,145 3RD ST,COALDALE,PA,18218,9998,,X17700,P
ATLANTIC,4B,DE-PA 2,190,18218,LANSFORD,14 TUNNEL ST,LANSFORD,PA,18232,9998,,X19288,P
ATLANTIC,4B,DE-PA 2,190,18219,CONYNGHAM,366 MAIN ST,CONYNGHAM,PA,18219,9998,P,X17773,P
ATLANTIC,4B,DE-PA 2,190,18220,DELANO,150 HAZLE ST,DELANO,PA,18220,9998,P,X17919,P
ATLANTIC,4B,DE-PA 2,190,18221,DRIFTON,2304 STATE ROUTE 940,DRIFTON,PA,18221,9998,P,X18010,P
ATLANTIC,4B,DE-PA 2,190,18222,DRUMS,4 RITTENHOUSE PL,DRUMS,PA,18222,9998,,X18014,P
ATLANTIC,4B,DE-PA 2,190,18223,EBERVALE,102 OAKMONT DR,EBERVALE,PA,18223,9800,P,X18157,P
ATLANTIC,4B,DE-PA 2,190,18224,FREELAND,701 MAIN ST,FREELAND,PA,18224,9998,,X18509,P
ATLANTIC,4B,DE-PA 2,190,18225,HARLEIGH,1129 STATE ROUTE 940 STE 1,HARLEIGH,PA,18225,9998,P,X18790,P
ATLANTIC,4B,DE-PA 2,190,18229,WAHNETAH,432 CENTER ST,JIM THORPE,PA,18229,1406,,X1B768,S
ATLANTIC,4B,DE-PA 2,190,18229,JIM THORPE,3 LEHIGH AVE,JIM THORPE,PA,18229,9998,,X19086,P
ATLANTIC,4B,DE-PA 2,190,18230,JUNEDALE,13 E MAIN ST,JUNEDALE,PA,18230,9998,P,X19109,P
ATLANTIC,4B,DE-PA 2,190,18231,KELAYRES,21 4TH ST,KELAYRES,PA,18231,9998,P,X19134,P
ATLANTIC,4B,DE-PA 2,190,18232,LANSFORD,14 TUNNEL ST,LANSFORD,PA,18232,9998,,X19288,P
ATLANTIC,4B,DE-PA 2,190,18234,LATTIMER MINES,850 LATTIMER RD,LATTIMER MINES,PA,18234,9800,P,X19303,P
ATLANTIC,4B,DE-PA 2,190,18235,LEHIGHTON,118 NORTH ST,LEHIGHTON,PA,18235,9998,,X19359,P
ATLANTIC,4B,DE-PA 2,190,18237,MCADOO,126 W BLAINE ST,MCADOO,PA,18237,9998,,X19697,P
ATLANTIC,4B,DE-PA 2,190,18239,MILNESVILLE,1620 N CHURCH ST,MILNESVILLE,PA,18239,9998,P,X19856,P
ATLANTIC,4B,DE-PA 2,190,18240,NESQUEHONING,300 W CATAWISSA ST,NESQUEHONING,PA,18240,9998,,X1A092,P
ATLANTIC,4B,DE-PA 2,190,18241,NUREMBERG,200 MAHANOY ST,NUREMBERG,PA,18241,9998,,X1A250,P
ATLANTIC,4B,DE-PA 2,190,18242,ONEIDA,172 FIRST ST,ONEIDA,PA,18242,9998,P,X1A329,P
ATLANTIC,4B,DE-PA 2,190,18244,PARRYVILLE,177 MAIN ST,PARRYVILLE,PA,18244,9998,P,X1A404,P
ATLANTIC,4B,DE-PA 2,190,18245,QUAKAKE,32 HECKMAN ST STE 1,QUAKAKE,PA,18245,9998,P,X1A669,P
ATLANTIC,4B,DE-PA 2,190,18246,ROCK GLEN,1289 MOUNTAIN ST,ROCK GLEN,PA,18246,9998,P,X1A796,P
ATLANTIC,4B,DE-PA 2,190,18247,SAINT JOHNS,784 SAINT JOHNS RD,SAINT JOHNS,PA,18247,9998,P,X1A900,P
ATLANTIC,4B,DE-PA 2,190,18248,SHEPPTON,928 CENTER ST,SHEPPTON,PA,18248,9998,P,X1B018,P
ATLANTIC,4B,DE-PA 2,190,18249,SUGARLOAF,627 TOMHICKEN RD,SUGARLOAF,PA,18249,9998,,X1B409,P
ATLANTIC,4B,DE-PA 2,190,18249,HAZLETON,231 N WYOMING ST,HAZLETON,PA,18201,9996,,X18837,P
ATLANTIC,4B,DE-PA 2,190,18250,SUMMIT HILL,200 N MARKET ST,SUMMIT HILL,PA,18250,9998,,X1B416,P
ATLANTIC,4B,DE-PA 2,190,18251,SYBERTSVILLE,41 N MAIN ST,SYBERTSVILLE,PA,18251,9998,P,X1B462,P
ATLANTIC,4B,DE-PA 2,190,18252,TAMAQUA,399 E BROAD ST,TAMAQUA,PA,18252,9998,,X1B480,P
ATLANTIC,4B,DE-PA 2,190,18254,TRESCKOW,5 E MARKET ST,TRESCKOW,PA,18254,9998,P,X1B554,P
ATLANTIC,4B,DE-PA 2,190,18255,WEATHERLY,5 CARBON ST,WEATHERLY,PA,18255,9998,,X1B845,P
ATLANTIC,4B,DE-PA 2,190,18256,WESTON,592 HAZLE ST STE 1,WESTON,PA,18256,9998,P,X1B972,P
ATLANTIC,4B,DE-PA 2,190,18301,EAST STROUDSBURG,200 S COURTLAND ST,EAST STROUDSBURG,PA,18301,9998,,X18140,P
ATLANTIC,4B,DE-PA 2,190,18302,EAST STROUDSBURG,200 S COURTLAND ST,EAST STROUDSBURG,PA,18301,9998,,X18140,P
ATLANTIC,4B,DE-PA 2,190,18320,ANALOMINK,1635 CHERRY LANE RD,ANALOMINK,PA,18320,9998,P,X16965,P
ATLANTIC,4B,DE-PA 2,190,18321,BARTONSVILLE,3400 ROUTE 611 STE 102,BARTONSVILLE,PA,18321,9998,,X17090,P
ATLANTIC,4B,DE-PA 2,190,18322,BRODHEADSVILLE,239 RODENBACH LN,BRODHEADSVILLE,PA,18322,9998,,X17373,P
ATLANTIC,4B,DE-PA 2,190,18323,BUCK HILL FALLS,270 GOLF DR,BUCK HILL FALLS,PA,18323,9998,P,X17419,P
ATLANTIC,4B,DE-PA 2,190,18324,BUSHKILL,5527 BUSHKILL FALLS RD,BUSHKILL,PA,18324,9998,,X17454,P
ATLANTIC,4B,DE-PA 2,190,18325,CANADENSIS,4792 ROUTE 447,CANADENSIS,PA,18325,9998,,X17492,P
ATLANTIC,4B,DE-PA 2,190,18326,CRESCO,6535 ROUTE 191,CRESCO,PA,18326,9800,,X17834,P
ATLANTIC,4B,DE-PA 2,190,18327,DELAWARE WATER GAP,12 SHEPARD AVE,DELAWARE WATER GAP,PA,18327,9800,P,X17924,P
ATLANTIC,4B,DE-PA 2,190,18328,DINGMANS FERRY,103 NICHECRONK RD,DINGMANS FERRY,PA,18328,8000,,X17960,P
ATLANTIC,4B,DE-PA 2,190,18330,EFFORT,985 GILBERT RD,EFFORT,PA,18330,9998,,X18187,P
ATLANTIC,4B,DE-PA 2,190,18331,BRODHEADSVILLE,239 RODENBACH LN,BRODHEADSVILLE,PA,18322,9998,,X17373,P
ATLANTIC,4B,DE-PA 2,190,18331,GILBERT,622 GILBERT RD,GILBERT,PA,18331,9998,,X18594,P
ATLANTIC,4B,DE-PA 2,190,18332,HENRYVILLE,5285 PARADISE VALLEY RD,HENRYVILLE,PA,18332,9998,,X18866,P
ATLANTIC,4B,DE-PA 2,190,18333,KRESGEVILLE,543 INTERCHANGE RD STE 103,KRESGEVILLE,PA,18333,9998,,X19215,P
ATLANTIC,4B,DE-PA 2,190,18334,POCONO SUMMIT,2657 ROUTE 940,POCONO SUMMIT,PA,18346,9998,,X1A594,P
ATLANTIC,4B,DE-PA 2,190,18334,LONG POND,1557 LONG POND RD,LONG POND,PA,18334,9998,,X19491,P
ATLANTIC,4B,DE-PA 2,190,18335,MARSHALLS CREEK,315 DARTMOUTH DR,MARSHALLS CREEK,PA,18335,9900,P,X19636,P
ATLANTIC,4B,DE-PA 2,190,18336,MATAMORAS,6 PENNSYLVANIA AVE,MATAMORAS,PA,18336,9998,,X19661,P
ATLANTIC,4B,DE-PA 2,190,18337,MILFORD,200 W HARFORD ST,MILFORD,PA,18337,9998,,X19822,P
ATLANTIC,4B,DE-PA 2,190,18340,MILLRIFT,125 BLUESTONE BLVD,MILLRIFT,PA,18340,9998,P,X19848,P
ATLANTIC,4B,DE-PA 2,190,18342,CRESCO,6535 ROUTE 191,CRESCO,PA,18326,9800,P,X17834,P
ATLANTIC,4B,DE-PA 2,190,18343,MOUNT BETHEL,2 MOUNT BETHEL PLZ,MOUNT BETHEL,PA,18343,9998,,X19946,P
ATLANTIC,4B,DE-PA 2,190,18344,MOUNT POCONO,11 PINE HILL RD,MOUNT POCONO,PA,18344,9998,,X19974,P
ATLANTIC,4B,DE-PA 2,190,18346,POCONO SUMMIT,2657 ROUTE 940,POCONO SUMMIT,PA,18346,9998,,X1A594,P
ATLANTIC,4B,DE-PA 2,190,18347,POCONO LAKE,1 ROUTE 940,POCONO LAKE,PA,18347,9998,,X1A586,P
ATLANTIC,4B,DE-PA 2,190,18349,SWIFTWATER,296 UPPER SWIFTWATER RD,SWIFTWATER,PA,18370,9900,P,X1B452,P
ATLANTIC,4B,DE-PA 2,190,18350,POCONO PINES,1712 ROUTE 940 STE 102,POCONO PINES,PA,18350,9989,,X1A592,P
ATLANTIC,4B,DE-PA 2,190,18351,PORTLAND,403 DELAWARE AVE,PORTLAND,PA,18351,9998,P,X1A624,P
ATLANTIC,4B,DE-PA 2,190,18352,REEDERS,2162 ROUTE 715,REEDERS,PA,18352,9998,,X1A719,P
ATLANTIC,4B,DE-PA 2,190,18353,SAYLORSBURG,284 ANCHORAGE RD,SAYLORSBURG,PA,18353,9998,,X1A931,P
ATLANTIC,4B,DE-PA 2,190,18354,SCIOTA,134 BOSSARDSVILLE RD,SCIOTA,PA,18354,9998,,X1A952,P
ATLANTIC,4B,DE-PA 2,190,18355,SCOTRUN,338 SCOTRUN AVE OFC,SCOTRUN,PA,18355,9998,,X1A954,P
ATLANTIC,4B,DE-PA 2,190,18355,TANNERSVILLE,2937 ROUTE 611,TANNERSVILLE,PA,18372,9998,,X1B482,P
ATLANTIC,4B,DE-PA 2,190,18356,SHAWNEE ON DELAWARE,107 SHAWNEE SQUARE DR SE,SHAWNEE ON DELAWARE,PA,18356,9998,P,X1B005,P
ATLANTIC,4B,DE-PA 2,190,18357,SKYTOP,0 SKYTOP LDG,SKYTOP,PA,18357,9998,P,X1B075,P
ATLANTIC,4B,DE-PA 2,190,18360,STROUDSBURG,701 ANN ST,STROUDSBURG,PA,18360,9998,,X1B400,P
ATLANTIC,4B,DE-PA 2,190,18370,SWIFTWATER,296 UPPER SWIFTWATER RD,SWIFTWATER,PA,18370,9900,,X1B452,P
ATLANTIC,4B,DE-PA 2,190,18371,BUSHKILL,5527 BUSHKILL FALLS RD,BUSHKILL,PA,18324,9998,,X17454,P
ATLANTIC,4B,DE-PA 2,190,18372,TANNERSVILLE,2937 ROUTE 611,TANNERSVILLE,PA,18372,9998,,X1B482,P
ATLANTIC,4B,DE-PA 2,190,18403,ARCHBALD,1 KENNEDY DR,ARCHBALD,PA,18403,9998,,X16988,P
ATLANTIC,4B,DE-PA 2,190,18405,BEACH LAKE,1015 BEACH LAKE HWY,BEACH LAKE,PA,18405,9998,,X17103,P
ATLANTIC,4B,DE-PA 2,190,18407,CARBONDALE,50 DUNDAFF ST,CARBONDALE,PA,18407,9998,,X17499,P
ATLANTIC,4B,DE-PA 2,190,18410,CHINCHILLA,555 NORTHERN BLVD,CHINCHILLA,PA,18410,9998,P,X17634,P
ATLANTIC,4B,DE-PA 2,190,18411,CLARKS SUMMIT,117 S STATE ST,CLARKS SUMMIT,PA,18411,9998,,X17656,P
ATLANTIC,4B,DE-PA 2,190,18413,CLIFFORD,1748 STATE ROUTE 106,CLIFFORD,PA,18413,9998,P,X17681,P
ATLANTIC,4B,DE-PA 2,190,18414,DALTON,101 W MAIN ST,DALTON,PA,18414,9800,,X17883,P
ATLANTIC,4B,DE-PA 2,190,18415,DAMASCUS,1676 COCHECTON TPKE,DAMASCUS,PA,18415,9998,,X17884,P
ATLANTIC,4B,DE-PA 2,190,18416,MOSCOW,331 N MAIN ST,MOSCOW,PA,18444,9998,P,X19934,P
ATLANTIC,4B,DE-PA 2,190,18417,EQUINUNK,4338 HANCOCK HWY BLDG B,EQUINUNK,PA,18417,9998,,X18261,P
ATLANTIC,4B,DE-PA 2,190,18419,DALTON,101 W MAIN ST,DALTON,PA,18414,9800,,X17883,P
ATLANTIC,4B,DE-PA 2,190,18419,FACTORYVILLE,102 COLLEGE AVE,FACTORYVILLE,PA,18419,9998,,X18301,P
ATLANTIC,4B,DE-PA 2,190,18420,FLEETVILLE,16043 STATE ROUTE 407,FLEETVILLE,PA,18420,9998,P,X18408,P
ATLANTIC,4B,DE-PA 2,190,18421,FOREST CITY,334 MAIN ST,FOREST CITY,PA,18421,9998,,X18438,P
ATLANTIC,4B,DE-PA 2,190,18424,GOULDSBORO,546 MAIN ST,GOULDSBORO,PA,18424,9998,,X18662,P
ATLANTIC,4B,DE-PA 2,190,18425,GREELEY,130 ROUTE 590,GREELEY,PA,18425,9998,,X18695,P
ATLANTIC,4B,DE-PA 2,190,18426,GREENTOWN,1340 ROUTE 507,GREENTOWN,PA,18426,9998,,X18722,P
ATLANTIC,4B,DE-PA 2,190,18427,HAMLIN,501 HAMLIN HWY STE A,HAMLIN,PA,18427,9998,P,X18771,P
ATLANTIC,4B,DE-PA 2,190,18428,HAWLEY,100 MAIN AVE,HAWLEY,PA,18428,9998,,X18827,P
ATLANTIC,4B,DE-PA 2,190,18430,FOREST CITY,334 MAIN ST,FOREST CITY,PA,18421,9998,,X18438,P
ATLANTIC,4B,DE-PA 2,190,18431,HONESDALE,830 MAIN ST,HONESDALE,PA,18431,9998,,X18940,P
ATLANTIC,4B,DE-PA 2,190,18433,ARCHBALD,1 KENNEDY DR,ARCHBALD,PA,18403,9998,,X16988,P
ATLANTIC,4B,DE-PA 2,190,18433,JERMYN,551 WASHINGTON AVE,JERMYN,PA,18433,9998,,X19080,P
ATLANTIC,4B,DE-PA 2,190,18434,OLYPHANT,517 BURKE BYP,OLYPHANT,PA,18447,9998,,X1A328,P
ATLANTIC,4B,DE-PA 2,190,18434,JESSUP,95 CHURCH ST,JESSUP,PA,18434,9998,,X19085,P
ATLANTIC,4B,DE-PA 2,190,18435,LACKAWAXEN,178 SCENIC DR,LACKAWAXEN,PA,18435,9998,,X19239,P
ATLANTIC,4B,DE-PA 2,190,18436,LAKE ARIEL,1446 LAKE ARIEL HWY,LAKE ARIEL,PA,18436,9998,,X19248,P
ATLANTIC,4B,DE-PA 2,190,18437,LAKE COMO,3177 CREAMTON DR,LAKE COMO,PA,18437,9998,,X19250,P
ATLANTIC,4B,DE-PA 2,190,18437,LAKEWOOD,1436 CROSSTOWN HWY,LAKEWOOD,PA,18439,9998,,X19259,P
ATLANTIC,4B,DE-PA 2,190,18438,HAWLEY,100 MAIN AVE,HAWLEY,PA,18428,9998,,X18827,P
ATLANTIC,4B,DE-PA 2,190,18439,LAKEWOOD,1436 CROSSTOWN HWY,LAKEWOOD,PA,18439,9998,,X19259,P
ATLANTIC,4B,DE-PA 2,190,18440,LA PLUME,2092 E LA PLUME RD,LA PLUME,PA,18440,9998,P,X19233,P
ATLANTIC,4B,DE-PA 2,190,18441,NICHOLSON,290 MAIN ST,NICHOLSON,PA,18446,9998,,X1A189,P
ATLANTIC,4B,DE-PA 2,190,18443,MILANVILLE,1143 RIVER RD STE B,MILANVILLE,PA,18443,9998,,X19814,P
ATLANTIC,4B,DE-PA 2,190,18444,MOSCOW,331 N MAIN ST,MOSCOW,PA,18444,9998,,X19934,P
ATLANTIC,4B,DE-PA 2,190,18445,NEWFOUNDLAND,8 PANTHER RD,NEWFOUNDLAND,PA,18445,9998,,X1A172,P
ATLANTIC,4B,DE-PA 2,190,18446,NICHOLSON,290 MAIN ST,NICHOLSON,PA,18446,9998,,X1A189,P
ATLANTIC,4B,DE-PA 2,190,18447,OLYPHANT,517 BURKE BYP,OLYPHANT,PA,18447,9998,,X1A328,P
ATLANTIC,4B,DE-PA 2,190,18451,PAUPACK,480 ROUTE 507,PAUPACK,PA,18451,9998,,X1A416,P
ATLANTIC,4B,DE-PA 2,190,18451,TAFTON,287 ROUTE 507,TAFTON,PA,18464,9998,,X1B477,P
ATLANTIC,4B,DE-PA 2,190,18452,OLYPHANT,517 BURKE BYP,OLYPHANT,PA,18447,9998,,X1A328,P
ATLANTIC,4B,DE-PA 2,190,18452,PECKVILLE,323 KEYSTONE AVE,PECKVILLE,PA,18452,9998,,X1A427,P
ATLANTIC,4B,DE-PA 2,190,18453,FOREST CITY,334 MAIN ST,FOREST CITY,PA,18421,9998,,X18438,P
ATLANTIC,4B,DE-PA 2,190,18454,POYNTELLE,718 CROSSTOWN HWY,POYNTELLE,PA,18454,9998,P,X1A636,P
ATLANTIC,4B,DE-PA 2,190,18455,LAKE COMO,3177 CREAMTON DR,LAKE COMO,PA,18437,9998,,X19250,P
ATLANTIC,4B,DE-PA 2,190,18455,LAKEWOOD,1436 CROSSTOWN HWY,LAKEWOOD,PA,18439,9998,,X19259,P
ATLANTIC,4B,DE-PA 2,190,18456,PROMPTON,88 RIVER RD,PROMPTON,PA,18456,9998,,X1A652,P
ATLANTIC,4B,DE-PA 2,190,18457,ROWLAND,102 SOLVERSON RD,ROWLAND,PA,18457,9998,P,X1A850,P
ATLANTIC,4B,DE-PA 2,190,18458,SHOHOLA,118 RICHARDSON AVE,SHOHOLA,PA,18458,9998,,X1B042,P
ATLANTIC,4B,DE-PA 2,190,18458,HAWLEY,100 MAIN AVE,HAWLEY,PA,18428,9998,,X18827,P
ATLANTIC,4B,DE-PA 2,190,18459,SOUTH CANAAN,2159 EASTON TPKE UNIT 1,SOUTH CANAAN,PA,18459,9998,P,X1B129,P
ATLANTIC,4B,DE-PA 2,190,18461,LAKEWOOD,1436 CROSSTOWN HWY,LAKEWOOD,PA,18439,9998,,X19259,P
ATLANTIC,4B,DE-PA 2,190,18462,STARRUCCA,327 STARRUCCA CREEK RD STE 101,STARRUCCA,PA,18462,9998,,X1B317,P
ATLANTIC,4B,DE-PA 2,190,18462,SUSQUEHANNA,1186 MAIN ST,SUSQUEHANNA,PA,18847,9998,,X1B433,P
ATLANTIC,4B,DE-PA 2,190,18463,STERLING,617 STERLING RD,STERLING,PA,18463,9998,,X1B353,P
ATLANTIC,4B,DE-PA 2,190,18464,TAFTON,287 ROUTE 507,TAFTON,PA,18464,9998,,X1B477,P
ATLANTIC,4B,DE-PA 2,190,18465,SUSQUEHANNA,1186 MAIN ST,SUSQUEHANNA,PA,18847,9998,,X1B433,P
ATLANTIC,4B,DE-PA 2,190,18465,THOMPSON,412 JACKSON ST,THOMPSON,PA,18465,9998,,X1B504,P
ATLANTIC,4B,DE-PA 2,190,18466,TOBYHANNA,659 MAIN ST,TOBYHANNA,PA,18466,9998,,X1B527,P
ATLANTIC,4B,DE-PA 2,190,18469,TYLER HILL,1080 COCHECTON TPKE,TYLER HILL,PA,18469,9998,,X1B593,P
ATLANTIC,4B,DE-PA 2,190,18470,UNION DALE,924 S MAIN ST,UNION DALE,PA,18470,9998,,X1B616,P
ATLANTIC,4B,DE-PA 2,190,18470,FOREST CITY,334 MAIN ST,FOREST CITY,PA,18421,9998,,X18438,P
ATLANTIC,4B,DE-PA 2,190,18471,WAVERLY,1115 N ABINGTON RD,WAVERLY,PA,18471,9800,P,X1B831,P
ATLANTIC,4B,DE-PA 2,190,18472,WAYMART,310 HONESDALE RD,WAYMART,PA,18472,9998,,X1B834,P
ATLANTIC,4B,DE-PA 2,190,18473,WHITE MILLS,744 TEXAS PALMYRA HWY,WHITE MILLS,PA,18473,9800,P,X1B996,P
ATLANTIC,4B,DE-PA 2,190,18501,DOWNTOWN SCRANTON,235 N WASHINGTON AVE OFC,SCRANTON,PA,18503,1540,P,X17995,S
ATLANTIC,4B,DE-PA 2,190,18502,STEAMTOWN,100 THE MALL AT STEAMTOWN,SCRANTON,PA,18503,9997,P,X1C343,S
ATLANTIC,4B,DE-PA 2,190,18503,SCRANTON,2800 STAFFORD AVE,SCRANTON,PA,18505,9998,,X1A957,P
ATLANTIC,4B,DE-PA 2,190,18504,WEST SCRANTON,127 S MAIN AVE,SCRANTON,PA,18504,9998,,X1B950,S
ATLANTIC,4B,DE-PA 2,190,18505,SCRANTON,2800 STAFFORD AVE,SCRANTON,PA,18505,9998,,X1A957,P
ATLANTIC,4B,DE-PA 2,190,18507,TAYLOR,910 S MAIN ST,TAYLOR,PA,18517,9998,,X1B488,B
ATLANTIC,4B,DE-PA 2,190,18508,SCRANTON,2800 STAFFORD AVE,SCRANTON,PA,18505,9998,,X1A957,P
ATLANTIC,4B,DE-PA 2,190,18509,SCRANTON,2800 STAFFORD AVE,SCRANTON,PA,18505,9998,,X1A957,P
ATLANTIC,4B,DE-PA 2,190,18510,SCRANTON,2800 STAFFORD AVE,SCRANTON,PA,18505,9998,,X1A957,P
ATLANTIC,4B,DE-PA 2,190,18512,DUNMORE,114 N BLAKELY ST,DUNMORE,PA,18512,9998,,X18039,B
ATLANTIC,4B,DE-PA 2,190,18517,TAYLOR,910 S MAIN ST,TAYLOR,PA,18517,9998,,X1B488,B
ATLANTIC,4B,DE-PA 2,190,18518,TAYLOR,910 S MAIN ST,TAYLOR,PA,18517,9998,,X1B488,B
ATLANTIC,4B,DE-PA 2,190,18519,SCRANTON,2800 STAFFORD AVE,SCRANTON,PA,18505,9998,,X1A957,P
ATLANTIC,4B,DE-PA 2,190,18602,BEAR CREEK NPU,131 WHITE HAVEN RD,BEAR CREEK,PA,18602,9998,P,019192,5
ATLANTIC,4B,DE-PA 2,190,18603,BERWICK,330 PINE ST,BERWICK,PA,18603,9998,,X17193,P
ATLANTIC,4B,DE-PA 2,190,18610,BLAKESLEE,5677 ROUTE 115,BLAKESLEE,PA,18610,9998,,X17245,P
ATLANTIC,4B,DE-PA 2,190,18611,CAMBRA,1334 OLD TIOGA TPKE,CAMBRA,PA,18611,9998,P,X17482,P
ATLANTIC,4B,DE-PA 2,190,18612,DALLAS,2759 MEMORIAL HWY,DALLAS,PA,18612,9998,,X17879,P
ATLANTIC,4B,DE-PA 2,190,18614,DUSHORE,205 CENTER ST,DUSHORE,PA,18614,9998,,X18050,P
ATLANTIC,4B,DE-PA 2,190,18615,PITTSTON,11 DOCK ST,PITTSTON,PA,18640,9998,,X1A545,P
ATLANTIC,4B,DE-PA 2,190,18615,FALLS,26 WOODSIDE DR,FALLS,PA,18615,9998,,X18342,P
ATLANTIC,4B,DE-PA 2,190,18616,DUSHORE,205 CENTER ST,DUSHORE,PA,18614,9998,,X18050,P
ATLANTIC,4B,DE-PA 2,190,18616,FORKSVILLE,53 BRIDGE ST,FORKSVILLE,PA,18616,9998,,X18451,P
ATLANTIC,4B,DE-PA 2,190,18617,NANTICOKE,70 N MARKET ST,NANTICOKE,PA,18634,9998,,X1A058,P
ATLANTIC,4B,DE-PA 2,190,18617,GLEN LYON,45 N MARKET ST,GLEN LYON,PA,18617,9998,,X18618,P
ATLANTIC,4B,DE-PA 2,190,18618,HARVEYS LAKE,2115 LAKESIDE DR,HARVEYS LAKE,PA,18618,9998,,X18815,P
ATLANTIC,4B,DE-PA 2,190,18619,DUSHORE,205 CENTER ST,DUSHORE,PA,18614,9998,,X18050,P
ATLANTIC,4B,DE-PA 2,190,18619,HILLSGROVE,1 MAIN ST,HILLSGROVE,PA,18619,9998,,X18906,P
ATLANTIC,4B,DE-PA 2,190,18621,PLYMOUTH,150 W MAIN ST,PLYMOUTH,PA,18651,9998,,X1A582,P
ATLANTIC,4B,DE-PA 2,190,18621,HUNLOCK CREEK,1623 MAIN RD,HUNLOCK CREEK,PA,18621,9998,,X18975,P
ATLANTIC,4B,DE-PA 2,190,18622,SHICKSHINNY,40 N CANAL ST,SHICKSHINNY,PA,18655,9998,,X1B022,P
ATLANTIC,4B,DE-PA 2,190,18622,HUNTINGTON MILLS,1059 STATE ROUTE 239,HUNTINGTON MILLS,PA,18622,9998,,X18988,P
ATLANTIC,4B,DE-PA 2,190,18623,LACEYVILLE,445 MAIN ST OFC,LACEYVILLE,PA,18623,9998,,X19235,P
ATLANTIC,4B,DE-PA 2,190,18624,LAKE HARMONY,8 KIRK ST,LAKE HARMONY,PA,18624,9998,P,X19251,P
ATLANTIC,4B,DE-PA 2,190,18625,LAKE WINOLA,104 POST OFFICE LN,LAKE WINOLA,PA,18625,9998,P,X19254,P
ATLANTIC,4B,DE-PA 2,190,18626,LAPORTE,1 MAIN ST,LAPORTE,PA,18626,9998,P,X19290,P
ATLANTIC,4B,DE-PA 2,190,18627,LEHMAN,1010 MOUNTAINVIEW DR,LEHMAN,PA,18627,9998,P,X19360,P
ATLANTIC,4B,DE-PA 2,190,18628,LOPEZ,61 MAIN ST,LOPEZ,PA,18628,9998,,X19498,P
ATLANTIC,4B,DE-PA 2,190,18629,MEHOOPANY,1 PEARL RD,MEHOOPANY,PA,18629,9998,,X19751,P
ATLANTIC,4B,DE-PA 2,190,18629,MESHOPPEN,149 CANAL ST,MESHOPPEN,PA,18630,9998,,X19777,P
ATLANTIC,4B,DE-PA 2,190,18630,MESHOPPEN,149 CANAL ST,MESHOPPEN,PA,18630,9998,,X19777,P
ATLANTIC,4B,DE-PA 2,190,18631,MIFFLINVILLE,206 MARKET ST,MIFFLINVILLE,PA,18631,9998,P,X19810,P
ATLANTIC,4B,DE-PA 2,190,18632,MILDRED,54 JACKSON ST,MILDRED,PA,18632,9998,,X19817,P
ATLANTIC,4B,DE-PA 2,190,18634,NANTICOKE,70 N MARKET ST,NANTICOKE,PA,18634,9998,,X1A058,P
ATLANTIC,4B,DE-PA 2,190,18635,NESCOPECK,311 BROAD ST,NESCOPECK,PA,18635,9998,,X1A090,P
ATLANTIC,4B,DE-PA 2,190,18636,HARVEYS LAKE,2115 LAKESIDE DR,HARVEYS LAKE,PA,18618,9998,,X18815,P
ATLANTIC,4B,DE-PA 2,190,18640,PITTSTON,11 DOCK ST,PITTSTON,PA,18640,9998,,X1A545,P
ATLANTIC,4B,DE-PA 2,190,18641,PITTSTON,11 DOCK ST,PITTSTON,PA,18640,9998,,X1A545,P
ATLANTIC,4B,DE-PA 2,190,18641,DURYEA,450 STEPHENSON ST,DURYEA,PA,18642,1500,,X18049,B
ATLANTIC,4B,DE-PA 2,190,18642,PITTSTON,11 DOCK ST,PITTSTON,PA,18640,9998,,X1A545,P
ATLANTIC,4B,DE-PA 2,190,18642,DURYEA,450 STEPHENSON ST,DURYEA,PA,18642,1500,,X18049,B
ATLANTIC,4B,DE-PA 2,190,18643,PITTSTON,11 DOCK ST,PITTSTON,PA,18640,9998,,X1A545,P
ATLANTIC,4B,DE-PA 2,190,18643,WEST PITTSTON,801 WYOMING AVE STE 250,WEST PITTSTON,PA,18643,2784,,X1B943,B
ATLANTIC,4B,DE-PA 2,190,18644,PITTSTON,11 DOCK ST,PITTSTON,PA,18640,9998,,X1A545,P
ATLANTIC,4B,DE-PA 2,190,18644,WYOMING,200 WYOMING AVE,WYOMING,PA,18644,9998,,X1C116,B
ATLANTIC,4B,DE-PA 2,190,18651,PLYMOUTH,150 W MAIN ST,PLYMOUTH,PA,18651,9998,,X1A582,P
ATLANTIC,4B,DE-PA 2,190,18653,RANSOM,3063 MAIN ST,RANSOM,PA,18653,9998,P,X1A693,P
ATLANTIC,4B,DE-PA 2,190,18654,HARVEYS LAKE,2115 LAKESIDE DR,HARVEYS LAKE,PA,18618,9998,P,X18815,P
ATLANTIC,4B,DE-PA 2,190,18655,SHICKSHINNY,40 N CANAL ST,SHICKSHINNY,PA,18655,9998,,X1B022,P
ATLANTIC,4B,DE-PA 2,190,18656,SWEET VALLEY,5319 MAIN RD,SWEET VALLEY,PA,18656,9998,,X1B449,P
ATLANTIC,4B,DE-PA 2,190,18656,DALLAS,2759 MEMORIAL HWY,DALLAS,PA,18612,9998,,X17879,P
ATLANTIC,4B,DE-PA 2,190,18657,TUNKHANNOCK,109 BRIDGE ST,TUNKHANNOCK,PA,18657,9998,,X1B575,P
ATLANTIC,4B,DE-PA 2,190,18660,WAPWALLOPEN,435 S MAIN ST,WAPWALLOPEN,PA,18660,9998,,X1B789,P
ATLANTIC,4B,DE-PA 2,190,18660,BERWICK,330 PINE ST,BERWICK,PA,18603,9998,,X17193,P
ATLANTIC,4B,DE-PA 2,190,18661,WHITE HAVEN,425 TOWANDA ST,WHITE HAVEN,PA,18661,9998,,X1B992,P
ATLANTIC,4B,DE-PA 2,190,18701,WILKES BARRE PA S&DC,300 S MAIN ST,WILKES BARRE,PA,18701,9903,,020692,4
ATLANTIC,4B,DE-PA 2,190,18702,WILKES BARRE PA S&DC,300 S MAIN ST,WILKES BARRE,PA,18701,9903,,020692,4
ATLANTIC,4B,DE-PA 2,190,18703,WILKES BARRE PA S&DC,300 S MAIN ST,WILKES BARRE,PA,18701,9903,P,020692,4
ATLANTIC,4B,DE-PA 2,190,18704,KINGSTON,435 WYOMING AVE,KINGSTON,PA,18704,9998,,X19176,B
ATLANTIC,4B,DE-PA 2,190,18704,WILKES BARRE PA S&DC,300 S MAIN ST,WILKES BARRE,PA,18701,9903,,020692,4
ATLANTIC,4B,DE-PA 2,190,18705,PLAINS,29 N RIVER ST,PLAINS,PA,18705,1332,,X1C340,B
ATLANTIC,4B,DE-PA 2,190,18705,WILKES BARRE PA S&DC,300 S MAIN ST,WILKES BARRE,PA,18701,9903,,020692,4
ATLANTIC,4B,DE-PA 2,190,18706,WILKES BARRE PA S&DC,300 S MAIN ST,WILKES BARRE,PA,18701,9903,,020692,4
ATLANTIC,4B,DE-PA 2,190,18707,MOUNTAIN TOP,42 S MOUNTAIN BLVD,MOUNTAIN TOP,PA,18707,9998,,X19989,B
ATLANTIC,4B,DE-PA 2,190,18707,WILKES BARRE PA S&DC,300 S MAIN ST,WILKES BARRE,PA,18701,9903,,020692,4
ATLANTIC,4B,DE-PA 2,190,18708,SHAVERTOWN,1915 MEMORIAL HWY,SHAVERTOWN,PA,18708,9997,,X1B001,B
ATLANTIC,4B,DE-PA 2,190,18708,WILKES BARRE PA S&DC,300 S MAIN ST,WILKES BARRE,PA,18701,9903,,020692,4
ATLANTIC,4B,DE-PA 2,190,18709,LUZERNE,122 MAIN ST,LUZERNE,PA,18709,1260,,X19541,B
ATLANTIC,4B,DE-PA 2,190,18709,WILKES BARRE PA S&DC,300 S MAIN ST,WILKES BARRE,PA,18701,9903,,020692,4
ATLANTIC,4B,DE-PA 2,190,18710,WILKES BARRE PA S&DC,300 S MAIN ST,WILKES BARRE,PA,18701,9903,P,020692,4
ATLANTIC,4B,DE-PA 2,190,18773,WILKES BARRE PA S&DC,300 S MAIN ST,WILKES BARRE,PA,18701,9903,P,020692,4
ATLANTIC,4B,DE-PA 2,190,18801,MONTROSE,38 MONUMENT SQ,MONTROSE,PA,18801,9998,,X19910,P
ATLANTIC,4B,DE-PA 2,190,18810,SAYRE,240 DESMOND ST,SAYRE,PA,18840,9998,,X1A932,P
ATLANTIC,4B,DE-PA 2,190,18810,ATHENS,301 S MAIN ST,ATHENS,PA,18810,9998,,X17021,P
ATLANTIC,4B,DE-PA 2,190,18812,BRACKNEY,3566 QUAKER LAKE RD,BRACKNEY,PA,18812,9998,,X17321,P
ATLANTIC,4B,DE-PA 2,190,18812,MONTROSE,38 MONUMENT SQ,MONTROSE,PA,18801,9998,,X19910,P
ATLANTIC,4B,DE-PA 2,190,18813,BROOKLYN,6924 MAPLE ST,BROOKLYN,PA,18813,9998,P,X17386,P
ATLANTIC,4B,DE-PA 2,190,18814,BURLINGTON,16658 ROUTE 6,BURLINGTON,PA,18814,9998,P,X17448,P
ATLANTIC,4B,DE-PA 2,190,18816,DIMOCK,7473 STATE ROUTE 29,DIMOCK,PA,18816,9998,P,X17959,P
ATLANTIC,4B,DE-PA 2,190,18817,EAST SMITHFIELD,30 VILLAGE GREEN WAY,EAST SMITHFIELD,PA,18817,9998,,X18137,P
ATLANTIC,4B,DE-PA 2,190,18818,FRIENDSVILLE,61 CROSS ST,FRIENDSVILLE,PA,18818,9998,,X18517,P
ATLANTIC,4B,DE-PA 2,190,18821,GREAT BEND,260 MAIN ST,GREAT BEND,PA,18821,9998,,X18691,P
ATLANTIC,4B,DE-PA 2,190,18822,HALLSTEAD,587 MAIN ST,HALLSTEAD,PA,18822,9998,,X18764,P
ATLANTIC,4B,DE-PA 2,190,18823,KINGSLEY,9560 MAIN ST,KINGSLEY,PA,18826,9998,,X19174,P
ATLANTIC,4B,DE-PA 2,190,18823,MONTROSE,38 MONUMENT SQ,MONTROSE,PA,18801,9998,,X19910,P
ATLANTIC,4B,DE-PA 2,190,18824,NICHOLSON,290 MAIN ST,NICHOLSON,PA,18446,9998,,X1A189,P
ATLANTIC,4B,DE-PA 2,190,18824,HOP BOTTOM,84 MAIN ST,HOP BOTTOM,PA,18824,9998,,X18946,P
ATLANTIC,4B,DE-PA 2,190,18825,JACKSON,362 OLD MILL RD,JACKSON,PA,18825,9998,,X19044,P
ATLANTIC,4B,DE-PA 2,190,18826,KINGSLEY,9560 MAIN ST,KINGSLEY,PA,18826,9998,,X19174,P
ATLANTIC,4B,DE-PA 2,190,18826,MONTROSE,38 MONUMENT SQ,MONTROSE,PA,18801,9998,,X19910,P
ATLANTIC,4B,DE-PA 2,190,18828,LAWTON,10727 STATE ROUTE 267 OFC,LAWTON,PA,18828,9998,,X19328,P
ATLANTIC,4B,DE-PA 2,190,18829,LE RAYSVILLE,981 MAIN ST,LE RAYSVILLE,PA,18829,9998,,X19331,P
ATLANTIC,4B,DE-PA 2,190,18830,LITTLE MEADOWS,1033 MAPLE ST STE 2,LITTLE MEADOWS,PA,18830,9998,,X19458,P
ATLANTIC,4B,DE-PA 2,190,18831,TOWANDA,700 MAIN ST,TOWANDA,PA,18848,9998,,X1B540,P
ATLANTIC,4B,DE-PA 2,190,18831,MILAN,28364 ROUTE 220,MILAN,PA,18831,9998,,X19813,P
ATLANTIC,4B,DE-PA 2,190,18832,TOWANDA,700 MAIN ST,TOWANDA,PA,18848,9998,,X1B540,P
ATLANTIC,4B,DE-PA 2,190,18832,MONROETON,264 SHAW BLVD,MONROETON,PA,18832,9998,,X19895,P
ATLANTIC,4B,DE-PA 2,190,18833,NEW ALBANY,360 FRONT ST,NEW ALBANY,PA,18833,9998,,X1A095,P
ATLANTIC,4B,DE-PA 2,190,18833,TOWANDA,700 MAIN ST,TOWANDA,PA,18848,9998,,X1B540,P
ATLANTIC,4B,DE-PA 2,190,18834,NEW MILFORD,667 MAIN ST,NEW MILFORD,PA,18834,9998,,X1A141,P
ATLANTIC,4B,DE-PA 2,190,18837,ROME,811 MAIN ST,ROME,PA,18837,9998,,X1A818,P
ATLANTIC,4B,DE-PA 2,190,18840,SAYRE,240 DESMOND ST,SAYRE,PA,18840,9998,,X1A932,P
ATLANTIC,4B,DE-PA 2,190,18842,SOUTH GIBSON,8917 ROUTE 92,SOUTH GIBSON,PA,18842,9998,,X1B136,P
ATLANTIC,4B,DE-PA 2,190,18843,SOUTH MONTROSE,11187 STATE ROUTE 29,SOUTH MONTROSE,PA,18843,9998,P,X1B145,P
ATLANTIC,4B,DE-PA 2,190,18844,SPRINGVILLE,12180 STATE ROUTE 3004,SPRINGVILLE,PA,18844,9998,,X1B214,P
ATLANTIC,4B,DE-PA 2,190,18844,MONTROSE,38 MONUMENT SQ,MONTROSE,PA,18801,9998,,X19910,P
ATLANTIC,4B,DE-PA 2,190,18845,STEVENSVILLE,8979 ROUTE 706,STEVENSVILLE,PA,18845,9998,,X1B355,P
ATLANTIC,4B,DE-PA 2,190,18845,WYALUSING,58 CHURCH ST,WYALUSING,PA,18853,9998,,X1C107,P
ATLANTIC,4B,DE-PA 2,190,18846,SUGAR RUN,4873 SR 187,SUGAR RUN,PA,18846,9998,,X1B407,P
ATLANTIC,4B,DE-PA 2,190,18846,WYALUSING,58 CHURCH ST,WYALUSING,PA,18853,9998,,X1C107,P
ATLANTIC,4B,DE-PA 2,190,18847,SUSQUEHANNA,1186 MAIN ST,SUSQUEHANNA,PA,18847,9998,,X1B433,P
ATLANTIC,4B,DE-PA 2,190,18848,TOWANDA,700 MAIN ST,TOWANDA,PA,18848,9998,,X1B540,P
ATLANTIC,4B,DE-PA 2,190,18850,TOWANDA,700 MAIN ST,TOWANDA,PA,18848,9998,,X1B540,P
ATLANTIC,4B,DE-PA 2,190,18850,ULSTER,23848 ROUTE 220,ULSTER,PA,18850,9998,,X1B603,P
ATLANTIC,4B,DE-PA 2,190,18851,ROME,811 MAIN ST,ROME,PA,18837,9998,,X1A818,P
ATLANTIC,4B,DE-PA 2,190,18851,WARREN CENTER,1 SCHOOL HOUSE RD,WARREN CENTER,PA,18851,9998,,X1B795,P
ATLANTIC,4B,DE-PA 2,190,18853,WYALUSING,58 CHURCH ST,WYALUSING,PA,18853,9998,,X1C107,P
ATLANTIC,4B,DE-PA 2,190,18854,WYSOX,1800 GOLDEN MILE RD,WYSOX,PA,18854,9998,,X1C119,P
ATLANTIC,4B,DE-PA 2,190,18901,NEW BRITAIN,85 W BUTLER AVE,DOYLESTOWN,PA,18901,9995,,X1A109,B
ATLANTIC,4B,DE-PA 2,190,18901,DOYLESTOWN,8 ATKINSON DR,DOYLESTOWN,PA,18901,9998,,X18000,P
ATLANTIC,4B,DE-PA 2,190,18902,DOYLESTOWN,8 ATKINSON DR,DOYLESTOWN,PA,18901,9998,,X18000,P
ATLANTIC,4B,DE-PA 2,190,18910,BEDMINSTER,3102 BEDMINSTER RD,BEDMINSTER,PA,18910,9998,P,X17140,P
ATLANTIC,4B,DE-PA 2,190,18911,BLOOMING GLEN,818 BLOOMING GLEN RD,BLOOMING GLEN,PA,18911,9900,P,X17252,P
ATLANTIC,4B,DE-PA 2,190,18912,BUCKINGHAM,4657 YORK RD,BUCKINGHAM,PA,18912,9998,P,X17425,P
ATLANTIC,4B,DE-PA 2,190,18913,CARVERSVILLE,6208 FLEECY DALE RD,CARVERSVILLE,PA,18913,9998,,X17519,P
ATLANTIC,4B,DE-PA 2,190,18914,CHALFONT,300 N MAIN ST,CHALFONT,PA,18914,9998,,X17584,P
ATLANTIC,4B,DE-PA 2,190,18915,COLMAR,104 BETHLEHEM PIKE,COLMAR,PA,18915,9998,,X17734,P
ATLANTIC,4B,DE-PA 2,190,18916,DOYLESTOWN,8 ATKINSON DR,DOYLESTOWN,PA,18901,9998,P,X18000,P
ATLANTIC,4B,DE-PA 2,190,18917,DUBLIN,301 STATION DR STE 101,DUBLIN,PA,18917,9996,,X18021,P
ATLANTIC,4B,DE-PA 2,190,18918,EARLINGTON,403 MORWOOD RD,EARLINGTON,PA,18918,9998,P,X18092,P
ATLANTIC,4B,DE-PA 2,190,18920,ERWINNA,39 HEADQUARTERS RD,ERWINNA,PA,18920,9998,,X18269,P
ATLANTIC,4B,DE-PA 2,190,18921,FERNDALE,9110 EASTON RD,FERNDALE,PA,18921,9998,P,X18379,P
ATLANTIC,4B,DE-PA 2,190,18922,FOREST GROVE,1809 FOREST GROVE RD,FOREST GROVE,PA,18922,9998,P,X18441,P
ATLANTIC,4B,DE-PA 2,190,18923,FOUNTAINVILLE,5045 SWAMP RD STE 102,FOUNTAINVILLE,PA,18923,9998,,X18469,P
ATLANTIC,4B,DE-PA 2,190,18925,FURLONG,720 EDISON FURLONG RD,FURLONG,PA,18925,9998,,X18537,P
ATLANTIC,4B,DE-PA 2,190,18927,HILLTOWN,1912 HILLTOWN PIKE,HILLTOWN,PA,18927,9998,,X18909,P
ATLANTIC,4B,DE-PA 2,190,18928,HOLICONG,4950 YORK RD,HOLICONG,PA,18928,9998,P,X18919,P
ATLANTIC,4B,DE-PA 2,190,18929,JAMISON,2370 YORK RD STE G1,JAMISON,PA,18929,9998,,X19062,P
ATLANTIC,4B,DE-PA 2,190,18930,KINTNERSVILLE,9734 EASTON RD APT 2,KINTNERSVILLE,PA,18930,9998,,X19179,P
ATLANTIC,4B,DE-PA 2,190,18931,LAHASKA,168 PEDDLERS VLG,LAHASKA,PA,18931,9998,P,X19246,P
ATLANTIC,4B,DE-PA 2,190,18932,LINE LEXINGTON,4683 COUNTY LINE RD,LINE LEXINGTON,PA,18932,9998,,X19437,P
ATLANTIC,4B,DE-PA 2,190,18933,POINT PLEASANT,4977 RIVER RD,POINT PLEASANT,PA,18950,9998,,X1A602,P
ATLANTIC,4B,DE-PA 2,190,18934,MECHANICSVILLE,3295 DURHAM RD,MECHANICSVILLE,PA,18934,9998,,X19743,P
ATLANTIC,4B,DE-PA 2,190,18935,MILFORD SQUARE,2112 ALLENTOWN RD,MILFORD SQUARE,PA,18935,9998,P,X19823,P
ATLANTIC,4B,DE-PA 2,190,18936,MONTGOMERYVILLE,411 DOYLESTOWN RD,MONTGOMERYVILLE,PA,18936,9998,,X19907,P
ATLANTIC,4B,DE-PA 2,190,18938,NEW HOPE,325 W BRIDGE ST,NEW HOPE,PA,18938,9998,,X1A135,P
ATLANTIC,4B,DE-PA 2,190,18940,NEWTOWN,20 TERRY DR,NEWTOWN,PA,18940,9998,,X1A182,P
ATLANTIC,4B,DE-PA 2,190,18942,OTTSVILLE,7790 EASTON RD,OTTSVILLE,PA,18942,9998,,X1A357,P
ATLANTIC,4B,DE-PA 2,190,18943,PENNS PARK,842 DURHAM RD,PENNS PARK,PA,18943,9998,P,X1A460,P
ATLANTIC,4B,DE-PA 2,190,18944,PERKASIE,300 N 7TH ST,PERKASIE,PA,18944,9998,,X1A472,P
ATLANTIC,4B,DE-PA 2,190,18946,PINEVILLE,1089 DURHAM RD,PINEVILLE,PA,18946,9998,P,X1A531,P
ATLANTIC,4B,DE-PA 2,190,18947,PIPERSVILLE,6907 EASTON RD FRNT,PIPERSVILLE,PA,18947,9998,,X1A533,P
ATLANTIC,4B,DE-PA 2,190,18949,PLUMSTEADVILLE,5774 EASTON RD,PLUMSTEADVILLE,PA,18949,9998,P,X1A578,P
ATLANTIC,4B,DE-PA 2,190,18950,POINT PLEASANT,4977 RIVER RD,POINT PLEASANT,PA,18950,9998,P,X1A602,P
ATLANTIC,4B,DE-PA 2,190,18951,QUAKERTOWN,165 CALIFORNIA RD,QUAKERTOWN,PA,18951,9998,,X1A670,P
ATLANTIC,4B,DE-PA 2,190,18953,REVERE,8793 EASTON RD,REVERE,PA,18953,9998,P,X1A735,P
ATLANTIC,4B,DE-PA 2,190,18954,RICHBORO,851 BUSTLETON PIKE,RICHBORO,PA,18954,9998,,X1A748,B
ATLANTIC,4B,DE-PA 2,190,18954,SOUTHAMPTON,1050 STREET RD,SOUTHAMPTON,PA,18966,9998,,X1B155,P
ATLANTIC,4B,DE-PA 2,190,18955,RICHLANDTOWN,492 RICHLANDTOWN PIKE,RICHLANDTOWN,PA,18955,9998,,X1A754,P
ATLANTIC,4B,DE-PA 2,190,18956,RUSHLAND,1070 SWAMP RD,RUSHLAND,PA,18956,9998,P,X1A863,P
ATLANTIC,4B,DE-PA 2,190,18957,SALFORD,1623 SALFORD ST,SALFORD,PA,18957,9998,P,X1A909,P
ATLANTIC,4B,DE-PA 2,190,18958,SALFORDVILLE,893 OLD SKIPPACK PIKE,SALFORDVILLE,PA,18958,9998,P,X1A910,P
ATLANTIC,4B,DE-PA 2,190,18960,SELLERSVILLE,130 N MAIN ST,SELLERSVILLE,PA,18960,9998,,X1A967,P
ATLANTIC,4B,DE-PA 2,190,18962,SILVERDALE,141 E MAIN ST,SILVERDALE,PA,18962,9998,P,X1B062,P
ATLANTIC,4B,DE-PA 2,190,18963,SOLEBURY,2996 SUGAN RD,SOLEBURY,PA,18963,9998,P,X1B119,P
ATLANTIC,4B,DE-PA 2,190,18964,TELFORD,99 S 4TH ST,TELFORD,PA,18969,9998,,X1B491,P
ATLANTIC,4B,DE-PA 2,190,18966,SOUTHAMPTON,1050 STREET RD,SOUTHAMPTON,PA,18966,9998,,X1B155,P
ATLANTIC,4B,DE-PA 2,190,18968,SPINNERSTOWN,2191 SPINNERSTOWN RD,SPINNERSTOWN,PA,18968,9998,P,X1B173,P
ATLANTIC,4B,DE-PA 2,190,18969,TELFORD,99 S 4TH ST,TELFORD,PA,18969,9998,,X1B491,P
ATLANTIC,4B,DE-PA 2,190,18970,TRUMBAUERSVILLE,120 N MAIN ST,TRUMBAUERSVILLE,PA,18970,9998,P,X1B570,P
ATLANTIC,4B,DE-PA 2,190,18971,TYLERSPORT,139 RIDGE RD,TYLERSPORT,PA,18971,9998,P,X1B596,P
ATLANTIC,4B,DE-PA 2,190,18972,UPPER BLACK EDDY,1704 FIREHOUSE LN,UPPER BLACK EDDY,PA,18972,9998,,X1B640,P
ATLANTIC,4B,DE-PA 2,190,18974,WARMINSTER,1135 MEARNS RD,WARMINSTER,PA,18974,9998,,X1B792,P
ATLANTIC,4B,DE-PA 2,190,18974,YORK ROAD,445 YORK RD,WARMINSTER,PA,18974,9997,,X1C136,S
ATLANTIC,4B,DE-PA 2,190,18976,WARRINGTON,1380 EASTON RD STE 1,WARRINGTON,PA,18976,9998,,X1B800,P
ATLANTIC,4B,DE-PA 2,190,18977,WASHINGTON CROSSING,1077 RIVER RD STE 1,WASHINGTON CROSSING,PA,18977,9998,,X1B813,P
ATLANTIC,4B,DE-PA 2,190,18979,WOXALL,2040 OLD SKIPPACK PIKE,WOXALL,PA,18979,9998,P,X1C101,P
ATLANTIC,4B,DE-PA 2,190,18980,WYCOMBE,4122 TOWNSHIP LINE RD,WYCOMBE,PA,18980,9998,P,X1C109,P
ATLANTIC,4B,DE-PA 2,190,18981,ZIONHILL,2985B OLD BETHLEHEM PIKE,ZIONHILL,PA,18981,9998,P,X1C153,P
ATLANTIC,4B,DE-PA 2,190,19001,ROSLYN,1302 EASTON RD,ABINGTON,PA,19001,9997,,X1A836,B
ATLANTIC,4B,DE-PA 2,190,19001,ABINGTON,1925 KEITH RD,ABINGTON,PA,19001,9998,,X16881,P
ATLANTIC,4B,DE-PA 2,190,19002,AMBLER,200 W BUTLER AVE,AMBLER,PA,19002,9998,,X16960,P
ATLANTIC,4B,DE-PA 2,190,19003,ARDMORE,30 ARDMORE AVE,ARDMORE,PA,19003,9998,,X16991,P
ATLANTIC,4B,DE-PA 2,190,19004,BALA CYNWYD,1 UNION AVE,BALA CYNWYD,PA,19004,9998,,X17061,P
ATLANTIC,4B,DE-PA 2,190,19006,HUNTINGDON VALLEY,830 WELSH RD,HUNTINGDON VALLEY,PA,19006,9998,,X18985,P
ATLANTIC,4B,DE-PA 2,190,19007,BRISTOL,699 BEAVER ST,BRISTOL,PA,19007,9998,,X17363,P
ATLANTIC,4B,DE-PA 2,190,19008,BROOMALL,2628 W CHESTER PIKE,BROOMALL,PA,19008,9998,,X17391,P
ATLANTIC,4B,DE-PA 2,190,19009,BRYN ATHYN,999 FETTERS MILL RD,BRYN ATHYN,PA,19009,9900,P,X17414,P
ATLANTIC,4B,DE-PA 2,190,19010,BRYN MAWR,16 N BRYN MAWR AVE,BRYN MAWR,PA,19010,9998,,X17416,P
ATLANTIC,4B,DE-PA 2,190,19010,SOUTHEASTERN PA S&DC,1000 W VALLEY RD,SOUTHEASTERN,PA,19399,9944,,020655,4
ATLANTIC,4B,DE-PA 2,190,19012,ELKINS PARK,1800 ASHBOURNE RD,ELKINS PARK,PA,19027,9998,,X1C419,P
ATLANTIC,4B,DE-PA 2,190,19012,CHELTENHAM,521 CENTRAL AVE,CHELTENHAM,PA,19012,9998,,X17604,P
ATLANTIC,4B,DE-PA 2,190,19013,CHESTER,400 EDGMONT AVE,CHESTER,PA,19013,9998,,X17616,P
ATLANTIC,4B,DE-PA 2,190,19014,ASTON,4708 PENNELL RD,ASTON,PA,19014,9997,,X17019,B
ATLANTIC,4B,DE-PA 2,190,19014,CHESTER,400 EDGMONT AVE,CHESTER,PA,19013,9998,,X17616,P
ATLANTIC,4B,DE-PA 2,190,19015,BROOKHAVEN,3522 EDGMONT AVE,BROOKHAVEN,PA,19015,9998,,X17381,B
ATLANTIC,4B,DE-PA 2,190,19015,CHESTER,400 EDGMONT AVE,CHESTER,PA,19013,9998,,X17616,P
ATLANTIC,4B,DE-PA 2,190,19016,CHESTER,400 EDGMONT AVE,CHESTER,PA,19013,9998,P,X17616,P
ATLANTIC,4B,DE-PA 2,190,19017,CHESTER HEIGHTS,1 SMITHBRIDGE RD,CHESTER HEIGHTS,PA,19017,9900,P,X17617,P
ATLANTIC,4B,DE-PA 2,190,19018,PRIMOS SECANE,925 PROVIDENCE RD STE 12,SECANE,PA,19018,9997,,X1A646,B
ATLANTIC,4B,DE-PA 2,190,19018,CLIFTON HEIGHTS,135 S SPRINGFIELD RD,CLIFTON HEIGHTS,PA,19018,9998,,X17682,P
ATLANTIC,4B,DE-PA 2,190,19020,BENSALEM,1800 BYBERRY RD,BENSALEM,PA,19020,9998,,X17175,P
ATLANTIC,4B,DE-PA 2,190,19021,BENSALEM,1800 BYBERRY RD,BENSALEM,PA,19020,9998,,X17175,P
ATLANTIC,4B,DE-PA 2,190,19021,CROYDON,300 BRISTOL PIKE,CROYDON,PA,19021,9997,,X17852,B
ATLANTIC,4B,DE-PA 2,190,19022,CHESTER,400 EDGMONT AVE,CHESTER,PA,19013,9998,,X17616,P
ATLANTIC,4B,DE-PA 2,190,19023,SHARON HILL,1198 CHESTER PIKE STE 1,SHARON HILL,PA,19079,9998,,X1A994,P
ATLANTIC,4B,DE-PA 2,190,19023,DARBY,801 MAIN ST,DARBY,PA,19023,9998,,X17891,P
ATLANTIC,4B,DE-PA 2,190,19025,FORT WASHINGTON,575 PINETOWN RD,FORT WASHINGTON,PA,19034,9998,,X18461,P
ATLANTIC,4B,DE-PA 2,190,19026,PILGRIM GARDENS,1051 PONTIAC RD,DREXEL HILL,PA,19026,9997,,X1A510,B
ATLANTIC,4B,DE-PA 2,190,19026,DREXEL HILL,698 BURMONT RD,DREXEL HILL,PA,19026,9998,,X18005,P
ATLANTIC,4B,DE-PA 2,190,19027,ELKINS PARK,1800 ASHBOURNE RD,ELKINS PARK,PA,19027,9998,,X1C419,P
ATLANTIC,4B,DE-PA 2,190,19028,EDGEMONT,5044 W CHESTER PIKE,EDGEMONT,PA,19028,9901,P,X18169,P
ATLANTIC,4B,DE-PA 2,190,19029,NORWOOD,326 CHESTER PIKE,NORWOOD,PA,19074,9998,,X1A239,P
ATLANTIC,4B,DE-PA 2,190,19029,ESSINGTON,408 POWHATTAN AVE STE 2,ESSINGTON,PA,19029,9998,,X18274,P
ATLANTIC,4B,DE-PA 2,190,19030,FAIRLESS HILLS,481 S OXFORD VALLEY RD,FAIRLESS HILLS,PA,19030,9998,,X18319,P
ATLANTIC,4B,DE-PA 2,190,19030,LEVITTOWN,7200 NEW FALLS RD,LEVITTOWN,PA,19055,9998,,X19391,P
ATLANTIC,4B,DE-PA 2,190,19031,FLOURTOWN,1818 BETHLEHEM PIKE,FLOURTOWN,PA,19031,9998,,X18422,P
ATLANTIC,4B,DE-PA 2,190,19031,FORT WASHINGTON,575 PINETOWN RD,FORT WASHINGTON,PA,19034,9998,,X18461,P
ATLANTIC,4B,DE-PA 2,190,19032,SHARON HILL,1198 CHESTER PIKE STE 1,SHARON HILL,PA,19079,9998,,X1A994,P
ATLANTIC,4B,DE-PA 2,190,19032,FOLCROFT,1836 DELMAR DR STE 1,FOLCROFT,PA,19032,9998,,X18426,P
ATLANTIC,4B,DE-PA 2,190,19033,FOLSOM,1414 MACDADE BLVD,FOLSOM,PA,19033,9998,,X18427,P
ATLANTIC,4B,DE-PA 2,190,19033,GLENOLDEN,109 S MACDADE BLVD,GLENOLDEN,PA,19036,9998,,X18634,P
ATLANTIC,4B,DE-PA 2,190,19034,FORT WASHINGTON,575 PINETOWN RD,FORT WASHINGTON,PA,19034,9998,,X18461,P
ATLANTIC,4B,DE-PA 2,190,19035,GLADWYNE,326 CONSHOHOCKEN STATE RD,GLADWYNE,PA,19035,9998,,X18608,P
ATLANTIC,4B,DE-PA 2,190,19035,SOUTHEASTERN PA S&DC,1000 W VALLEY RD,SOUTHEASTERN,PA,19399,9944,,020655,4
ATLANTIC,4B,DE-PA 2,190,19036,GLENOLDEN,109 S MACDADE BLVD,GLENOLDEN,PA,19036,9998,,X18634,P
ATLANTIC,4B,DE-PA 2,190,19037,GLEN RIDDLE LIMA,18 S PENNELL RD,MEDIA,PA,19063,9994,P,X18624,B
ATLANTIC,4B,DE-PA 2,190,19038,GLENSIDE,262 S EASTON RD,GLENSIDE,PA,19038,9998,,X18636,P
ATLANTIC,4B,DE-PA 2,190,19039,GRADYVILLE,1347 MIDDLETOWN RD,GRADYVILLE,PA,19039,9900,P,X18667,P
ATLANTIC,4B,DE-PA 2,190,19040,HATBORO,12 N YORK RD,HATBORO,PA,19040,9998,,X18821,P
ATLANTIC,4B,DE-PA 2,190,19041,ARDMORE,30 ARDMORE AVE,ARDMORE,PA,19003,9998,,X16991,P
ATLANTIC,4B,DE-PA 2,190,19041,HAVERFORD,387 W LANCASTER AVE,HAVERFORD,PA,19041,9998,,X18823,P
ATLANTIC,4B,DE-PA 2,190,19043,NORWOOD,326 CHESTER PIKE,NORWOOD,PA,19074,9998,,X1A239,P
ATLANTIC,4B,DE-PA 2,190,19043,HOLMES,228 HOLMES RD,HOLMES,PA,19043,9998,,X18927,P
ATLANTIC,4B,DE-PA 2,190,19044,AMBLER,200 W BUTLER AVE,AMBLER,PA,19002,9998,,X16960,P
ATLANTIC,4B,DE-PA 2,190,19044,HORSHAM,575 HORSHAM RD UNIT D38,HORSHAM,PA,19044,9997,,X18952,P
ATLANTIC,4B,DE-PA 2,190,19046,RYDAL,1470 SUSQUEHANNA RD,JENKINTOWN,PA,19046,9997,,X1A874,B
ATLANTIC,4B,DE-PA 2,190,19046,FOXCROFT SQUARE,261 OLD YORK RD,JENKINTOWN,PA,19046,9995,,X18482,B
ATLANTIC,4B,DE-PA 2,190,19046,JENKINTOWN,601 WEST AVE,JENKINTOWN,PA,19046,9998,,X19076,P
ATLANTIC,4B,DE-PA 2,190,19047,PENNDEL,27 BELLEVUE AVE,PENNDEL,PA,19047,9996,,X1A457,B
ATLANTIC,4B,DE-PA 2,190,19047,LANGHORNE,980 WHEELER WAY,LANGHORNE,PA,19047,9998,,X19284,P
ATLANTIC,4B,DE-PA 2,190,19050,YEADON,709 CHURCH LN,LANSDOWNE,PA,19050,9997,,X1C124,B
ATLANTIC,4B,DE-PA 2,190,19050,LANSDOWNE,45 N UNION AVE,LANSDOWNE,PA,19050,9998,,X19286,P
ATLANTIC,4B,DE-PA 2,190,19052,LENNI,417 LENNI RD,LENNI,PA,19052,9900,P,X19376,P
ATLANTIC,4B,DE-PA 2,190,19053,FEASTERVILLE TREVOSE,275 E STREET RD STE A,FEASTERVILLE TREVOSE,PA,19053,9997,,X18369,B
ATLANTIC,4B,DE-PA 2,190,19053,LANGHORNE,980 WHEELER WAY,LANGHORNE,PA,19047,9998,,X19284,P
ATLANTIC,4B,DE-PA 2,190,19054,LEVITTOWN,7200 NEW FALLS RD,LEVITTOWN,PA,19055,9998,,X19391,P
ATLANTIC,4B,DE-PA 2,190,19055,LEVITTOWN,7200 NEW FALLS RD,LEVITTOWN,PA,19055,9998,,X19391,P
ATLANTIC,4B,DE-PA 2,190,19056,LEVITTOWN,7200 NEW FALLS RD,LEVITTOWN,PA,19055,9998,,X19391,P
ATLANTIC,4B,DE-PA 2,190,19057,LEVITTOWN,7200 NEW FALLS RD,LEVITTOWN,PA,19055,9998,,X19391,P
ATLANTIC,4B,DE-PA 2,190,19058,LEVITTOWN,7200 NEW FALLS RD,LEVITTOWN,PA,19055,9998,P,X19391,P
ATLANTIC,4B,DE-PA 2,190,19060,LINWOOD,1401 HUDDELL AVE STE 1,MARCUS HOOK,PA,19061,9998,,X19443,B
ATLANTIC,4B,DE-PA 2,190,19061,BOOTHWYN,3390 CHICHESTER AVE,UPPER CHICHESTER,PA,19061,9996,,X17285,B
ATLANTIC,4B,DE-PA 2,190,19061,LINWOOD,1401 HUDDELL AVE STE 1,MARCUS HOOK,PA,19061,9998,,X19443,B
ATLANTIC,4B,DE-PA 2,190,19061,MARCUS HOOK,926 MARKET ST,MARCUS HOOK,PA,19061,9997,,X19613,P
ATLANTIC,4B,DE-PA 2,190,19063,ELWYN,5 GLEN RIDDLE RD,MEDIA,PA,19063,9995,,X18234,B
ATLANTIC,4B,DE-PA 2,190,19063,MEDIA,101 E BALTIMORE AVE,MEDIA,PA,19063,9998,,X19749,P
ATLANTIC,4B,DE-PA 2,190,19064,SPRINGFIELD,1138 BALTIMORE PIKE,SPRINGFIELD,PA,19064,9998,,X1B201,B
ATLANTIC,4B,DE-PA 2,190,19064,LANSDOWNE,45 N UNION AVE,LANSDOWNE,PA,19050,9998,,X19286,P
ATLANTIC,4B,DE-PA 2,190,19065,MOYLAN,4 MANCHESTER RD,MEDIA,PA,19063,9993,P,X19999,B
ATLANTIC,4B,DE-PA 2,190,19066,BALA CYNWYD,1 UNION AVE,BALA CYNWYD,PA,19004,9998,,X17061,P
ATLANTIC,4B,DE-PA 2,190,19066,MERION STATION,17 CIVIC CIR,MERION STATION,PA,19066,9998,,X19772,P
ATLANTIC,4B,DE-PA 2,190,19067,YARDLEY,56 S MAIN ST STE 2,YARDLEY,PA,19067,9997,,X1C120,B
ATLANTIC,4B,DE-PA 2,190,19067,MORRISVILLE,950 W TRENTON AVE,MORRISVILLE,PA,19067,9998,,X19929,P
ATLANTIC,4B,DE-PA 2,190,19070,MORTON,128 YALE AVE,MORTON,PA,19070,9998,,X19930,P
ATLANTIC,4B,DE-PA 2,190,19072,NARBERTH,144 N NARBERTH AVE,NARBERTH,PA,19072,9998,,X1A062,P
ATLANTIC,4B,DE-PA 2,190,19073,NEWTOWN SQUARE,3576 W CHESTER PIKE,NEWTOWN SQUARE,PA,19073,9997,,X1A184,P
ATLANTIC,4B,DE-PA 2,190,19073,NEWTOWN SQ CARRIER ANNEX,4607 W CHESTER PIKE,NEWTOWN SQUARE,PA,19073,9998,,013153,4
ATLANTIC,4B,DE-PA 2,190,19074,NORWOOD,326 CHESTER PIKE,NORWOOD,PA,19074,9998,,X1A239,P
ATLANTIC,4B,DE-PA 2,190,19075,ORELAND,1407 BRUCE RD,ORELAND,PA,19075,9998,,X1A340,P
ATLANTIC,4B,DE-PA 2,190,19075,FORT WASHINGTON,575 PINETOWN RD,FORT WASHINGTON,PA,19034,9998,,X18461,P
ATLANTIC,4B,DE-PA 2,190,19076,PROSPECT PARK,811 11TH AVE,PROSPECT PARK,PA,19076,9998,,X1A654,P
ATLANTIC,4B,DE-PA 2,190,19078,RIDLEY PARK,15 E FELTON ST,RIDLEY PARK,PA,19078,9997,,X1A767,P
ATLANTIC,4B,DE-PA 2,190,19079,SHARON HILL,1198 CHESTER PIKE STE 1,SHARON HILL,PA,19079,9998,,X1A994,P
ATLANTIC,4B,DE-PA 2,190,19081,SWARTHMORE,105 RUTGERS AVE,SWARTHMORE,PA,19081,9998,,X1B440,P
ATLANTIC,4B,DE-PA 2,190,19082,UPPER DARBY,201 BYWOOD AVE,UPPER DARBY,PA,19082,9998,,X1B642,P
ATLANTIC,4B,DE-PA 2,190,19083,HAVERTOWN,444 E TOWNSHIP LINE RD,HAVERTOWN,PA,19083,9998,,X18824,B
ATLANTIC,4B,DE-PA 2,190,19085,VILLANOVA,789 E LANCASTER AVE STE 40,VILLANOVA,PA,19085,9997,,X1B710,P
ATLANTIC,4B,DE-PA 2,190,19085,SOUTHEASTERN PA S&DC,1000 W VALLEY RD,SOUTHEASTERN,PA,19399,9944,,020655,4
ATLANTIC,4B,DE-PA 2,190,19086,WALLINGFORD,19 N PROVIDENCE RD,WALLINGFORD,PA,19086,9998,,X1B773,B
ATLANTIC,4B,DE-PA 2,190,19086,CHESTER,400 EDGMONT AVE,CHESTER,PA,19013,9998,,X17616,P
ATLANTIC,4B,DE-PA 2,190,19087,WAYNE,104 S WAYNE AVE,WAYNE,PA,19087,9998,,X1B838,P
ATLANTIC,4B,DE-PA 2,190,19087,SOUTHEASTERN PA S&DC,1000 W VALLEY RD,SOUTHEASTERN,PA,19399,9944,,020655,4
ATLANTIC,4B,DE-PA 2,190,19090,WILLOW GROVE,611 EASTON RD,WILLOW GROVE,PA,19090,9998,,X1C046,P
ATLANTIC,4B,DE-PA 2,190,19094,RIDLEY PARK,15 E FELTON ST,RIDLEY PARK,PA,19078,9997,,X1A767,P
ATLANTIC,4B,DE-PA 2,190,19094,WOODLYN,217 FAIRVIEW RD,WOODLYN,PA,19094,9998,,X1C090,P
ATLANTIC,4B,DE-PA 2,190,19095,WYNCOTE,207 GLENSIDE AVE,WYNCOTE,PA,19095,9998,,X1C112,P
ATLANTIC,4B,DE-PA 2,190,19095,JENKINTOWN,601 WEST AVE,JENKINTOWN,PA,19046,9998,,X19076,P
ATLANTIC,4B,DE-PA 2,190,19096,WYNNEWOOD,50 E WYNNEWOOD RD STE 22,WYNNEWOOD,PA,19096,9998,,X1C115,P
ATLANTIC,4B,DE-PA 2,190,19096,HAVERTOWN,444 E TOWNSHIP LINE RD,HAVERTOWN,PA,19083,9998,,X18824,B
ATLANTIC,4B,DE-PA 2,190,19101,PHILADELPHIA,3000 CHESTNUT ST,PHILADELPHIA,PA,19104,9998,P,X1A496,P
ATLANTIC,4B,DE-PA 2,190,19102,PENN CENTER,1500 JOHN F KENNEDY BLVD STE C31,PHILADELPHIA,PA,19102,9997,,X1A444,S
ATLANTIC,4B,DE-PA 2,190,19102,PHILADELPHIA,3000 CHESTNUT ST,PHILADELPHIA,PA,19104,9998,,X1A496,P
ATLANTIC,4B,DE-PA 2,190,19103,PHILADELPHIA,3000 CHESTNUT ST,PHILADELPHIA,PA,19104,9998,,X1A496,P
ATLANTIC,4B,DE-PA 2,190,19103,MIDDLE CITY,2037 CHESTNUT ST FL 1,PHILADELPHIA,PA,19103,9997,,X19785,S
ATLANTIC,4B,DE-PA 2,190,19104,PHILADELPHIA,3000 CHESTNUT ST,PHILADELPHIA,PA,19104,9998,,X1A496,P
ATLANTIC,4B,DE-PA 2,190,19104,UNIVERSITY CITY,228 S 40TH ST,PHILADELPHIA,PA,19104,9971,,X1B633,S
ATLANTIC,4B,DE-PA 2,190,19105,WILLIAM PENN RETAIL,720 ARCH ST,PHILADELPHIA,PA,19105,9998,P,018629,S
ATLANTIC,4B,DE-PA 2,190,19106,PHILADELPHIA,3000 CHESTNUT ST,PHILADELPHIA,PA,19104,9998,,X1A496,P
ATLANTIC,4B,DE-PA 2,190,19106,WILLIAM PENN RETAIL,720 ARCH ST,PHILADELPHIA,PA,19105,9998,,018629,S
ATLANTIC,4B,DE-PA 2,190,19107,PHILADELPHIA,3000 CHESTNUT ST,PHILADELPHIA,PA,19104,9998,,X1A496,P
ATLANTIC,4B,DE-PA 2,190,19107,WILLIAM PENN RETAIL,720 ARCH ST,PHILADELPHIA,PA,19105,9998,,018629,S
ATLANTIC,4B,DE-PA 2,190,19110,LAND TITLE BLDG,100 S BROAD ST STE 30,PHILADELPHIA,PA,19110,9997,,X1C517,S
ATLANTIC,4B,DE-PA 2,190,19111,FOX CHASE,7232 RISING SUN AVE,PHILADELPHIA,PA,19111,9998,,X18474,S
ATLANTIC,4B,DE-PA 2,190,19112,POINT BREEZE,2500 SNYDER AVE,PHILADELPHIA,PA,19145,9998,,X1A600,S
ATLANTIC,4B,DE-PA 2,190,19113,NORWOOD,326 CHESTER PIKE,NORWOOD,PA,19074,9998,,X1A239,P
ATLANTIC,4B,DE-PA 2,190,19114,TORRESDALE,10380 DRUMMOND RD,PHILADELPHIA,PA,19154,9998,,X1B537,S
ATLANTIC,4B,DE-PA 2,190,19115,BUSTLETON,9925 BUSTLETON AVE,PHILADELPHIA,PA,19115,9998,,X17457,S
ATLANTIC,4B,DE-PA 2,190,19116,SOMERTON POSTAL STORE,669 HENDRIX ST,PHILADELPHIA,PA,19116,9998,,X1C589,S
ATLANTIC,4B,DE-PA 2,190,19116,BUSTLETON,9925 BUSTLETON AVE,PHILADELPHIA,PA,19115,9998,,X17457,S
ATLANTIC,4B,DE-PA 2,190,19118,CHESTNUT HILL,8225 GERMANTOWN AVE,PHILADELPHIA,PA,19118,9997,,X17623,S
ATLANTIC,4B,DE-PA 2,190,19118,MARKET SQUARE,7782 CRITTENDEN ST,PHILADELPHIA,PA,19118,9998,,X19626,S
ATLANTIC,4B,DE-PA 2,190,19119,GERMANTOWN,5209 GREENE ST STE 1,PHILADELPHIA,PA,19144,9998,,X18586,S
ATLANTIC,4B,DE-PA 2,190,19119,MOUNT AIRY POSTAL STORE,6711 GERMANTOWN AVE,PHILADELPHIA,PA,19119,9997,,X19943,S
ATLANTIC,4B,DE-PA 2,190,19120,HUNTING PARK,4350 N FRONT ST,PHILADELPHIA,PA,19140,9995,,X1C515,S
ATLANTIC,4B,DE-PA 2,190,19120,OLNEY RETAIL,101 E OLNEY AVE UNIT 330,PHILADELPHIA,PA,19120,9996,,014812,S
ATLANTIC,4B,DE-PA 2,190,19121,NORTH PHILADELPHIA,2601 N 16TH ST,PHILADELPHIA,PA,19132,9998,,X1A225,S
ATLANTIC,4B,DE-PA 2,190,19122,SPRING GARDEN,1299 N 7TH ST,PHILADELPHIA,PA,19122,9998,,X1B186,S
ATLANTIC,4B,DE-PA 2,190,19123,SPRING GARDEN,1299 N 7TH ST,PHILADELPHIA,PA,19122,9998,,X1B186,S
ATLANTIC,4B,DE-PA 2,190,19124,FRANKFORD,4410 PAUL ST,PHILADELPHIA,PA,19124,9998,,X18489,S
ATLANTIC,4B,DE-PA 2,190,19125,KENSINGTON,1602 FRANKFORD AVE,PHILADELPHIA,PA,19125,9998,,X19154,S
ATLANTIC,4B,DE-PA 2,190,19126,LOGAN,6150 N BROAD ST,PHILADELPHIA,PA,19141,9998,,X19484,S
ATLANTIC,4B,DE-PA 2,190,19127,MANAYUNK,4431 MAIN ST,PHILADELPHIA,PA,19127,9998,,X19588,S
ATLANTIC,4B,DE-PA 2,190,19128,ROXBOROUGH,555 GREEN LN,PHILADELPHIA,PA,19128,9998,,X1A852,S
ATLANTIC,4B,DE-PA 2,190,19129,EAST FALLS,4130 RIDGE AVE,PHILADELPHIA,PA,19129,9998,,X18109,S
ATLANTIC,4B,DE-PA 2,190,19130,FAIRMOUNT,900 N 19TH ST,PHILADELPHIA,PA,19130,9998,,X18322,S
ATLANTIC,4B,DE-PA 2,190,19130,FAIRMOUNT FINANCE,1939 FAIRMOUNT AVE,PHILADELPHIA,PA,19130,9997,,001970,S
ATLANTIC,4B,DE-PA 2,190,19131,WEST PARK,5300 W JEFFERSON ST,PHILADELPHIA,PA,19131,9998,,X1B935,S
ATLANTIC,4B,DE-PA 2,190,19132,NORTH PHILADELPHIA,2601 N 16TH ST,PHILADELPHIA,PA,19132,9998,,X1A225,S
ATLANTIC,4B,DE-PA 2,190,19133,NORTH PHILADELPHIA,2601 N 16TH ST,PHILADELPHIA,PA,19132,9998,,X1A225,S
ATLANTIC,4B,DE-PA 2,190,19133,FAIRHILL,217 W LEHIGH AVE STE 2,PHILADELPHIA,PA,19133,9997,,X18313,S
ATLANTIC,4B,DE-PA 2,190,19134,RICHMOND,2001 E WILLARD ST,PHILADELPHIA,PA,19134,9998,,X1A758,S
ATLANTIC,4B,DE-PA 2,190,19135,TACONY,4620 LONGSHORE AVE,PHILADELPHIA,PA,19135,9998,,X1B476,S
ATLANTIC,4B,DE-PA 2,190,19136,TORRESDALE,10380 DRUMMOND RD,PHILADELPHIA,PA,19154,9998,,X1B537,S
ATLANTIC,4B,DE-PA 2,190,19136,HOLMESBURG POSTAL STORE,8232 FRANKFORD AVE STE A,PHILADELPHIA,PA,19136,9998,,X1C587,S
ATLANTIC,4B,DE-PA 2,190,19136,MAYFAIR,7303 FRANKFORD AVE,PHILADELPHIA,PA,19136,9996,,X19668,S
ATLANTIC,4B,DE-PA 2,190,19137,BRIDESBURG,2734 ORTHODOX ST,PHILADELPHIA,PA,19137,9998,,X17354,S
ATLANTIC,4B,DE-PA 2,190,19137,FRANKFORD,4410 PAUL ST,PHILADELPHIA,PA,19124,9998,,X18489,S
ATLANTIC,4B,DE-PA 2,190,19138,EAST GERMANTOWN,2031 66TH AVE,PHILADELPHIA,PA,19138,9998,,X18112,S
ATLANTIC,4B,DE-PA 2,190,19139,WEST MARKET,5011 SANSOM ST,PHILADELPHIA,PA,19139,9998,,X1B925,S
ATLANTIC,4B,DE-PA 2,190,19140,NICETOWN FINANCE,3968 GERMANTOWN AVE,PHILADELPHIA,PA,19140,9998,,X1A188,S
ATLANTIC,4B,DE-PA 2,190,19140,HUNTING PARK,4350 N FRONT ST,PHILADELPHIA,PA,19140,9995,,X1C515,S
ATLANTIC,4B,DE-PA 2,190,19141,LOGAN,6150 N BROAD ST,PHILADELPHIA,PA,19141,9998,,X19484,S
ATLANTIC,4B,DE-PA 2,190,19142,PASCHALL,7300 LINDBERGH BLVD FRNT,PHILADELPHIA,PA,19153,9903,,017048,S
ATLANTIC,4B,DE-PA 2,190,19143,KINGSESSING,5311 FLORENCE AVE,PHILADELPHIA,PA,19143,9998,,X19173,S
ATLANTIC,4B,DE-PA 2,190,19144,GERMANTOWN,5209 GREENE ST STE 1,PHILADELPHIA,PA,19144,9998,,X18586,S
ATLANTIC,4B,DE-PA 2,190,19145,POINT BREEZE,2500 SNYDER AVE,PHILADELPHIA,PA,19145,9998,,X1A600,S
ATLANTIC,4B,DE-PA 2,190,19145,POINT BREEZE POSTAL STORE,2200 W OREGON AVE STE H3,PHILADELPHIA,PA,19145,9995,,019050,S
ATLANTIC,4B,DE-PA 2,190,19146,SCHUYLKILL,3005 GRAYS FERRY AVE,PHILADELPHIA,PA,19146,9997,,X1A949,S
ATLANTIC,4B,DE-PA 2,190,19146,PASCHALL,7300 LINDBERGH BLVD FRNT,PHILADELPHIA,PA,19153,9903,,017048,S
ATLANTIC,4B,DE-PA 2,190,19147,SOUTHWARK,925 DICKINSON ST,PHILADELPHIA,PA,19147,9998,,X1B161,S
ATLANTIC,4B,DE-PA 2,190,19147,PENNS LANDING,622 S 4TH ST STE 1,PHILADELPHIA,PA,19147,9997,,001968,S
ATLANTIC,4B,DE-PA 2,190,19148,SOUTHWARK,925 DICKINSON ST,PHILADELPHIA,PA,19147,9998,,X1B161,S
ATLANTIC,4B,DE-PA 2,190,19148,CASTLE,1713 S BROAD ST,PHILADELPHIA,PA,19148,9996,,X1C588,S
ATLANTIC,4B,DE-PA 2,190,19148,SNYDER PLAZA,58 SNYDER AVE,PHILADELPHIA,PA,19148,9998,,001966,S
ATLANTIC,4B,DE-PA 2,190,19149,ROOSEVELT MALL,2311 COTTMAN AVE STE 10,PHILADELPHIA,PA,19149,9996,,X1D189,S
ATLANTIC,4B,DE-PA 2,190,19149,BOULEVARD,2801 LEVICK ST,PHILADELPHIA,PA,19149,9998,,020479,4
ATLANTIC,4B,DE-PA 2,190,19150,MARKET SQUARE,7782 CRITTENDEN ST,PHILADELPHIA,PA,19118,9998,,X19626,S
ATLANTIC,4B,DE-PA 2,190,19151,OVERBROOK,658 N 63RD ST,PHILADELPHIA,PA,19151,9998,,X1A361,S
ATLANTIC,4B,DE-PA 2,190,19152,BUSTLETON,9925 BUSTLETON AVE,PHILADELPHIA,PA,19115,9998,,X17457,S
ATLANTIC,4B,DE-PA 2,190,19153,PASCHALL,7300 LINDBERGH BLVD FRNT,PHILADELPHIA,PA,19153,9903,,017048,S
ATLANTIC,4B,DE-PA 2,190,19154,TORRESDALE,10380 DRUMMOND RD,PHILADELPHIA,PA,19154,9998,,X1B537,S
ATLANTIC,4B,DE-PA 2,190,19155,HOLMESBURG POSTAL STORE,8232 FRANKFORD AVE STE A,PHILADELPHIA,PA,19136,9998,P,X1C587,S
ATLANTIC,4B,DE-PA 2,190,19160,HUNTING PARK,4350 N FRONT ST,PHILADELPHIA,PA,19140,9995,P,X1C515,S
ATLANTIC,4B,DE-PA 2,190,19176,PHILADELPHIA,7500 LINDBERGH BLVD,PHILADELPHIA,PA,19176,9997,P,005918,E
ATLANTIC,4B,DE-PA 2,190,19301,PAOLI,43 PAOLI PLZ,PAOLI,PA,19301,9997,,X1A377,P
ATLANTIC,4B,DE-PA 2,190,19301,SOUTHEASTERN PA S&DC,1000 W VALLEY RD,SOUTHEASTERN,PA,19399,9944,,020655,4
ATLANTIC,4B,DE-PA 2,190,19310,ATGLEN,316 VALLEY AVE,ATGLEN,PA,19310,9998,,X17020,P
ATLANTIC,4B,DE-PA 2,190,19311,AVONDALE,112 PENNSYLVANIA AVE,AVONDALE,PA,19311,9998,,X17046,P
ATLANTIC,4B,DE-PA 2,190,19312,BERWYN,662 LANCASTER AVE,BERWYN,PA,19312,9998,,X17194,P
ATLANTIC,4B,DE-PA 2,190,19312,SOUTHEASTERN PA S&DC,1000 W VALLEY RD,SOUTHEASTERN,PA,19399,9944,,020655,4
ATLANTIC,4B,DE-PA 2,190,19316,BRANDAMORE,546 HIBERNIA RD STE 5,BRANDAMORE,PA,19316,9998,P,X17336,P
ATLANTIC,4B,DE-PA 2,190,19317,CHADDS FORD,1620 BALTIMORE PIKE,CHADDS FORD,PA,19317,9998,,X17581,P
ATLANTIC,4B,DE-PA 2,190,19318,WEST GROVE,5 PROSPECT AVE,WEST GROVE,PA,19390,9998,P,X1B910,P
ATLANTIC,4B,DE-PA 2,190,19319,CHEYNEY,119 STATION RD,CHEYNEY,PA,19319,9998,,X17628,P
ATLANTIC,4B,DE-PA 2,190,19320,COATESVILLE,230 E CHESTNUT ST,COATESVILLE,PA,19320,9998,,X17703,P
ATLANTIC,4B,DE-PA 2,190,19330,COCHRANVILLE,1030 GAP NEWPORT PIKE,COCHRANVILLE,PA,19330,9998,,X17707,P
ATLANTIC,4B,DE-PA 2,190,19331,GLEN MILLS CARRIER ANNEX,99 ALDAN AVE FRNT,GLEN MILLS,PA,19342,9997,P,002105,4
ATLANTIC,4B,DE-PA 2,190,19333,DEVON,7 N WATERLOO RD,DEVON,PA,19333,9998,,X17942,P
ATLANTIC,4B,DE-PA 2,190,19333,SOUTHEASTERN PA S&DC,1000 W VALLEY RD,SOUTHEASTERN,PA,19399,9944,,020655,4
ATLANTIC,4B,DE-PA 2,190,19335,DOWNINGTOWN,470 BOOT RD,DOWNINGTOWN,PA,19335,9998,,X17988,P
ATLANTIC,4B,DE-PA 2,190,19341,EXTON,430 EXTON SQUARE PKWY,EXTON,PA,19341,9998,,X18298,P
ATLANTIC,4B,DE-PA 2,190,19342,GLEN MILLS,142 GLEN MILLS RD,GLEN MILLS,PA,19342,9998,,X18620,P
ATLANTIC,4B,DE-PA 2,190,19342,GLEN MILLS CARRIER ANNEX,99 ALDAN AVE FRNT,GLEN MILLS,PA,19342,9997,,002105,4
ATLANTIC,4B,DE-PA 2,190,19343,GLENMOORE,560 FAIRVIEW RD,GLENMOORE,PA,19343,9998,,X18633,P
ATLANTIC,4B,DE-PA 2,190,19344,HONEY BROOK,51 PEQUEA AVE,HONEY BROOK,PA,19344,9998,,X18941,P
ATLANTIC,4B,DE-PA 2,190,19346,KELTON,203 CORBY RD,KELTON,PA,19346,9998,P,X19141,P
ATLANTIC,4B,DE-PA 2,190,19347,KEMBLESVILLE,1 MUNICIPAL LN,KEMBLESVILLE,PA,19347,9998,P,X19142,P
ATLANTIC,4B,DE-PA 2,190,19348,KENNETT SQUARE,222 E STATE ST,KENNETT SQUARE,PA,19348,9998,,X19152,P
ATLANTIC,4B,DE-PA 2,190,19350,LANDENBERG,645 PENN GREEN RD,LANDENBERG,PA,19350,9998,,X19271,P
ATLANTIC,4B,DE-PA 2,190,19351,LEWISVILLE,950 CHESTERVILLE RD,LEWISVILLE,PA,19351,9900,P,X19401,P
ATLANTIC,4B,DE-PA 2,190,19352,LINCOLN UNIVERSITY,301 ASHMUN AVE,LINCOLN UNIVERSITY,PA,19352,9998,,X19434,P
ATLANTIC,4B,DE-PA 2,190,19353,CPU LIONVILLE,256 EAGLEVIEW BLVD STE 100,EXTON,PA,19341,1157,P,018153,5
ATLANTIC,4B,DE-PA 2,190,19354,LYNDELL,2 LYNDELL RD,LYNDELL,PA,19354,9998,P,X19546,P
ATLANTIC,4B,DE-PA 2,190,19355,FRAZER,490 LANCASTER AVE STE 15,MALVERN,PA,19355,9997,,X18501,B
ATLANTIC,4B,DE-PA 2,190,19355,MALVERN,33 W KING ST,MALVERN,PA,19355,9998,,X19583,P
ATLANTIC,4B,DE-PA 2,190,19357,MENDENHALL,330 KENNETT PIKE,MENDENHALL,PA,19357,9998,P,X19760,P
ATLANTIC,4B,DE-PA 2,190,19358,MODENA,108 N BRANDYWINE AVE,MODENA,PA,19358,9998,P,X19878,P
ATLANTIC,4B,DE-PA 2,190,19360,KEMBLESVILLE,1 MUNICIPAL LN,KEMBLESVILLE,PA,19347,9998,P,X19142,P
ATLANTIC,4B,DE-PA 2,190,19362,NOTTINGHAM,127 BALTIMORE PIKE,NOTTINGHAM,PA,19362,9998,,X1A241,P
ATLANTIC,4B,DE-PA 2,190,19363,OXFORD,215 E LOCUST ST,OXFORD,PA,19363,9998,,X1A364,P
ATLANTIC,4B,DE-PA 2,190,19365,PARKESBURG,167 BRANDT ST,PARKESBURG,PA,19365,9998,,X1A394,P
ATLANTIC,4B,DE-PA 2,190,19366,POCOPSON,1110 POCOPSON RD,POCOPSON,PA,19366,9998,P,X1A595,P
ATLANTIC,4B,DE-PA 2,190,19367,POMEROY,30-2 CHESTNUT ST,POMEROY,PA,19367,9901,P,X1A605,P
ATLANTIC,4B,DE-PA 2,190,19369,SADSBURYVILLE,2969 W LINCOLN HWY,SADSBURYVILLE,PA,19369,9900,P,X1A889,P
ATLANTIC,4B,DE-PA 2,190,19372,THORNDALE,20 N BAILEY RD,THORNDALE,PA,19372,9998,,X1B506,B
ATLANTIC,4B,DE-PA 2,190,19372,DOWNINGTOWN,470 BOOT RD,DOWNINGTOWN,PA,19335,9998,,X17988,P
ATLANTIC,4B,DE-PA 2,190,19373,THORNTON,378 GLEN MILLS RD,THORNTON,PA,19373,9998,,X1B510,P
ATLANTIC,4B,DE-PA 2,190,19373,GLEN MILLS CARRIER ANNEX,99 ALDAN AVE FRNT,GLEN MILLS,PA,19342,9997,,002105,4
ATLANTIC,4B,DE-PA 2,190,19374,TOUGHKENAMON,155 CENTER ST,TOUGHKENAMON,PA,19374,9998,,X1B539,P
ATLANTIC,4B,DE-PA 2,190,19375,UNIONVILLE,1752 W DOE RUN RD,UNIONVILLE,PA,19375,9998,P,X1B626,P
ATLANTIC,4B,DE-PA 2,190,19376,WAGONTOWN,418 W KINGS HWY,WAGONTOWN,PA,19376,9902,P,X1B766,P
ATLANTIC,4B,DE-PA 2,190,19380,GAY STREET,101 E GAY ST,WEST CHESTER,PA,19380,9997,,X18564,S
ATLANTIC,4B,DE-PA 2,190,19380,SOUTHEASTERN PA S&DC,1000 W VALLEY RD,SOUTHEASTERN,PA,19399,9944,,020655,4
ATLANTIC,4B,DE-PA 2,190,19381,GAY STREET,101 E GAY ST,WEST CHESTER,PA,19380,9997,P,X18564,S
ATLANTIC,4B,DE-PA 2,190,19382,SOUTHEASTERN PA S&DC,1000 W VALLEY RD,SOUTHEASTERN,PA,19399,9944,,020655,4
ATLANTIC,4B,DE-PA 2,190,19390,WEST GROVE,5 PROSPECT AVE,WEST GROVE,PA,19390,9998,,X1B910,P
ATLANTIC,4B,DE-PA 2,190,19395,WESTTOWN,844 E STREET RD,WESTTOWN,PA,19395,9998,P,X1B977,P
ATLANTIC,4B,DE-PA 2,190,19398,SOUTHEASTERN PA S&DC,1000 W VALLEY RD,SOUTHEASTERN,PA,19399,9944,P,020655,4
ATLANTIC,4B,DE-PA 2,190,19399,SOUTHEASTERN PA S&DC,1000 W VALLEY RD,SOUTHEASTERN,PA,19399,9944,P,020655,4
ATLANTIC,4B,DE-PA 2,190,19401,CONSHOHOCKEN CARRIER ANNEX,101 INDUSTRIAL WAY,CONSHOHOCKEN,PA,19428,1052,,001023,4
ATLANTIC,4B,DE-PA 2,190,19403,EAGLEVILLE CARRIER ANNEX,2300 POTSHOP LN,NORRISTOWN,PA,19403,9996,,001916,4
ATLANTIC,4B,DE-PA 2,190,19404,NORRISTOWN,28 E AIRY ST,NORRISTOWN,PA,19401,9998,P,X1A208,P
ATLANTIC,4B,DE-PA 2,190,19405,BRIDGEPORT,312 MILL ST,BRIDGEPORT,PA,19405,9998,,X17356,B
ATLANTIC,4B,DE-PA 2,190,19405,SOUTHEASTERN PA S&DC,1000 W VALLEY RD,SOUTHEASTERN,PA,19399,9944,,020655,4
ATLANTIC,4B,DE-PA 2,190,19406,KING OF PRUSSIA,620 ALLENDALE RD STE 125,KING OF PRUSSIA,PA,19406,9990,,X19170,B
ATLANTIC,4B,DE-PA 2,190,19406,SOUTHEASTERN PA S&DC,1000 W VALLEY RD,SOUTHEASTERN,PA,19399,9944,,020655,4
ATLANTIC,4B,DE-PA 2,190,19407,AUDUBON,2838 AUDUBON VILLAGE DR OFC,AUDUBON,PA,19407,9998,P,X17032,B
ATLANTIC,4B,DE-PA 2,190,19408,EAGLEVILLE,3200 RIDGE PIKE STE 300,NORRISTOWN,PA,19403,9998,P,X18088,B
ATLANTIC,4B,DE-PA 2,190,19409,FAIRVIEW VILLAGE,1025 VALLEY FORGE RD,FAIRVIEW VILLAGE,PA,19409,9998,P,X18336,B
ATLANTIC,4B,DE-PA 2,190,19421,BIRCHRUNVILLE,1405 HOLLOW RD,BIRCHRUNVILLE,PA,19421,9902,P,X17226,P
ATLANTIC,4B,DE-PA 2,190,19422,BLUE BELL,651 E TOWNSHIP LINE RD,BLUE BELL,PA,19422,9998,,X17260,P
ATLANTIC,4B,DE-PA 2,190,19423,SKIPPACK,3801 SKIPPACK PIKE,SKIPPACK,PA,19474,9914,P,X1B073,P
ATLANTIC,4B,DE-PA 2,190,19425,CHESTER SPRINGS,1214 KIMBERTON RD,CHESTER SPRINGS,PA,19425,9998,,X17620,P
ATLANTIC,4B,DE-PA 2,190,19426,COLLEGEVILLE,52 W THIRD AVE,COLLEGEVILLE,PA,19426,9998,,X17729,P
ATLANTIC,4B,DE-PA 2,190,19428,CONSHOHOCKEN,425 FAYETTE ST,CONSHOHOCKEN,PA,19428,9998,,X17769,P
ATLANTIC,4B,DE-PA 2,190,19428,CONSHOHOCKEN CARRIER ANNEX,101 INDUSTRIAL WAY,CONSHOHOCKEN,PA,19428,1052,,001023,4
ATLANTIC,4B,DE-PA 2,190,19430,CREAMERY,1117 BRIDGE RD,CREAMERY,PA,19430,9900,P,X17831,P
ATLANTIC,4B,DE-PA 2,190,19432,DEVAULT,4030 S WHITEHORSE RD,DEVAULT,PA,19432,9905,P,X17941,P
ATLANTIC,4B,DE-PA 2,190,19435,FREDERICK,2581 BIG RD,FREDERICK,PA,19435,9998,,X18502,P
ATLANTIC,4B,DE-PA 2,190,19436,NORTH WALES,450 BEAVER ST,NORTH WALES,PA,19454,9998,,X1A232,P
ATLANTIC,4B,DE-PA 2,190,19436,SPRING HOUSE,905 BETHLEHEM PIKE,SPRING HOUSE,PA,19477,9998,,X1B191,B
ATLANTIC,4B,DE-PA 2,190,19437,GWYNEDD VALLEY,527 PLYMOUTH RD,GWYNEDD VALLEY,PA,19437,9900,P,X18754,P
ATLANTIC,4B,DE-PA 2,190,19438,HARLEYSVILLE,600 OAK DR,HARLEYSVILLE,PA,19438,9998,,X18792,P
ATLANTIC,4B,DE-PA 2,190,19440,HATFIELD,45 N MAIN ST,HATFIELD,PA,19440,9998,,X18822,P
ATLANTIC,4B,DE-PA 2,190,19442,KIMBERTON,2102 KIMBERTON RD,KIMBERTON,PA,19442,9912,P,X19167,P
ATLANTIC,4B,DE-PA 2,190,19443,KULPSVILLE,1586 SUMNEYTOWN PIKE,KULPSVILLE,PA,19443,9991,P,X19223,P
ATLANTIC,4B,DE-PA 2,190,19444,LAFAYETTE HILL,446 GERMANTOWN PIKE,LAFAYETTE HILL,PA,19444,9998,,X19242,P
ATLANTIC,4B,DE-PA 2,190,19444,CONSHOHOCKEN CARRIER ANNEX,101 INDUSTRIAL WAY,CONSHOHOCKEN,PA,19428,1052,,001023,4
ATLANTIC,4B,DE-PA 2,190,19446,LANSDALE,20 VINE ST,LANSDALE,PA,19446,9998,,X19285,P
ATLANTIC,4B,DE-PA 2,190,19450,LEDERACH,690 HARLEYSVILLE PIKE,LEDERACH,PA,19450,9903,P,X19346,P
ATLANTIC,4B,DE-PA 2,190,19451,HARLEYSVILLE,600 OAK DR,HARLEYSVILLE,PA,19438,9998,P,X18792,P
ATLANTIC,4B,DE-PA 2,190,19453,SOUTHEASTERN PA S&DC,1000 W VALLEY RD,SOUTHEASTERN,PA,19399,9944,,020655,4
ATLANTIC,4B,DE-PA 2,190,19454,NORTH WALES,450 BEAVER ST,NORTH WALES,PA,19454,9998,,X1A232,P
ATLANTIC,4B,DE-PA 2,190,19456,OAKS,1310 EGYPT RD,OAKS,PA,19456,9901,P,X1A287,P
ATLANTIC,4B,DE-PA 2,190,19457,PARKER FORD,1355 OLD SCHUYLKILL RD,PARKER FORD,PA,19457,9905,P,X1A392,P
ATLANTIC,4B,DE-PA 2,190,19460,PHOENIXVILLE,116 GAY ST,PHOENIXVILLE,PA,19460,9998,,X1A503,P
ATLANTIC,4B,DE-PA 2,190,19460,SOUTHEASTERN PA S&DC,1000 W VALLEY RD,SOUTHEASTERN,PA,19399,9944,,020655,4
ATLANTIC,4B,DE-PA 2,190,19462,PLYMOUTH MEETING,26 E GERMANTOWN PIKE,PLYMOUTH MEETING,PA,19462,9998,,X1A583,P
ATLANTIC,4B,DE-PA 2,190,19462,BLUE BELL,651 E TOWNSHIP LINE RD,BLUE BELL,PA,19422,9998,,X17260,P
ATLANTIC,4B,DE-PA 2,190,19464,POTTSTOWN,770 E HIGH ST,POTTSTOWN,PA,19464,9998,,X1A630,P
ATLANTIC,4B,DE-PA 2,190,19464,STOWE,60 LEMON ST,POTTSTOWN,PA,19464,9997,,X1B382,B
ATLANTIC,4B,DE-PA 2,190,19465,POTTSTOWN,770 E HIGH ST,POTTSTOWN,PA,19464,9998,,X1A630,P
ATLANTIC,4B,DE-PA 2,190,19468,ROYERSFORD,354 N LEWIS RD,ROYERSFORD,PA,19468,9998,,X1A855,P
ATLANTIC,4B,DE-PA 2,190,19468,LIMERICK,327 W RIDGE PIKE STE A,ROYERSFORD,PA,19468,9996,,X19421,B
ATLANTIC,4B,DE-PA 2,190,19470,SAINT PETERS,3300 SAINT PETERS RD,SAINT PETERS,PA,19470,9901,P,X1A904,P
ATLANTIC,4B,DE-PA 2,190,19472,SASSAMANSVILLE,140 HOFFMANSVILLE RD,SASSAMANSVILLE,PA,19472,9900,P,X1A926,P
ATLANTIC,4B,DE-PA 2,190,19473,SCHWENKSVILLE,153 CENTENNIAL ST,SCHWENKSVILLE,PA,19473,9998,,X1A951,B
ATLANTIC,4B,DE-PA 2,190,19473,COLLEGEVILLE,52 W THIRD AVE,COLLEGEVILLE,PA,19426,9998,,X17729,P
ATLANTIC,4B,DE-PA 2,190,19474,SKIPPACK,3801 SKIPPACK PIKE,SKIPPACK,PA,19474,9914,P,X1B073,P
ATLANTIC,4B,DE-PA 2,190,19475,SPRING CITY,124 NEW ST,SPRING CITY,PA,19475,9998,,X1B181,P
ATLANTIC,4B,DE-PA 2,190,19477,NORTH WALES,450 BEAVER ST,NORTH WALES,PA,19454,9998,,X1A232,P
ATLANTIC,4B,DE-PA 2,190,19477,SPRING HOUSE,905 BETHLEHEM PIKE,SPRING HOUSE,PA,19477,9998,,X1B191,B
ATLANTIC,4B,DE-PA 2,190,19478,ZIEGLERVILLE,1204 N GRAVEL PIKE,ZIEGLERVILLE,PA,19492,9998,P,X1C150,P
ATLANTIC,4B,DE-PA 2,190,19480,UWCHLAND,101 FELLOWSHIP RD,UWCHLAND,PA,19480,9998,P,X1B672,P
ATLANTIC,4B,DE-PA 2,190,19481,VALLEY FORGE,1721 VALLEY FORGE RD,VALLEY FORGE,PA,19481,9998,P,X1B678,P
ATLANTIC,4B,DE-PA 2,190,19482,VALLEY FORGE,1721 VALLEY FORGE RD,VALLEY FORGE,PA,19481,9998,P,X1B678,P
ATLANTIC,4B,DE-PA 2,190,19484,VALLEY FORGE,1721 VALLEY FORGE RD,VALLEY FORGE,PA,19481,9998,P,X1B678,P
ATLANTIC,4B,DE-PA 2,190,19486,WEST POINT,1851 W POINT PIKE,WEST POINT,PA,19486,9998,P,X1B945,P
ATLANTIC,4B,DE-PA 2,190,19490,WORCESTER,1741 VALLEY FORGE RD,WORCESTER,PA,19490,9998,P,X1C094,P
ATLANTIC,4B,DE-PA 2,190,19492,ZIEGLERVILLE,1204 N GRAVEL PIKE,ZIEGLERVILLE,PA,19492,9998,,X1C150,P
ATLANTIC,4B,DE-PA 2,190,19501,ADAMSTOWN,128 W MAIN ST,ADAMSTOWN,PA,19501,9998,P,X16894,P
ATLANTIC,4B,DE-PA 2,190,19503,BALLY,9 S 7TH ST,BALLY,PA,19503,9998,,X17066,P
ATLANTIC,4B,DE-PA 2,190,19504,BARTO,2245 OLD ROUTE 100,BARTO,PA,19504,9998,,X17089,P
ATLANTIC,4B,DE-PA 2,190,19505,BECHTELSVILLE,1811 N MAIN ST,BECHTELSVILLE,PA,19505,9998,,X17134,P
ATLANTIC,4B,DE-PA 2,190,19506,BERNVILLE,125 E 3RD ST,BERNVILLE,PA,19506,9998,,X17188,P
ATLANTIC,4B,DE-PA 2,190,19507,BETHEL,10 LEGION DR,BETHEL,PA,19507,9998,,X17199,P
ATLANTIC,4B,DE-PA 2,190,19508,BIRDSBORO,340 W MAIN ST,BIRDSBORO,PA,19508,9998,,X17228,P
ATLANTIC,4B,DE-PA 2,190,19510,BLANDON,120 E WESNER RD,BLANDON,PA,19510,9998,,X17248,P
ATLANTIC,4B,DE-PA 2,190,19511,BOWERS,97 OLD BOWERS RD,BOWERS,PA,19511,9998,P,X17294,P
ATLANTIC,4B,DE-PA 2,190,19512,BOYERTOWN,128 S WASHINGTON ST,BOYERTOWN,PA,19512,9998,,X17306,P
ATLANTIC,4B,DE-PA 2,190,19516,CENTERPORT,106 E CHESTNUT ST,CENTERPORT,PA,19516,9998,P,X17564,P
ATLANTIC,4B,DE-PA 2,190,19518,DOUGLASSVILLE,197 OLD SWEDE RD,DOUGLASSVILLE,PA,19518,9998,,X17983,P
ATLANTIC,4B,DE-PA 2,190,19520,ELVERSON,24 S PINE ST,ELVERSON,PA,19520,9998,,X18233,P
ATLANTIC,4B,DE-PA 2,190,19522,FLEETWOOD,9 LENHART RD,FLEETWOOD,PA,19522,9998,,X18411,P
ATLANTIC,4B,DE-PA 2,190,19523,GEIGERTOWN,3291 HAYCREEK RD,GEIGERTOWN,PA,19523,9998,P,X18568,P
ATLANTIC,4B,DE-PA 2,190,19525,GILBERTSVILLE,1516 SWAMP PIKE,GILBERTSVILLE,PA,19525,9998,,X18596,P
ATLANTIC,4B,DE-PA 2,190,19526,HAMBURG,50 N 3RD ST,HAMBURG,PA,19526,9998,,X18765,P
ATLANTIC,4B,DE-PA 2,190,19529,KEMPTON,3759 ROUTE 737,KEMPTON,PA,19529,9998,,X19143,P
ATLANTIC,4B,DE-PA 2,190,19530,KUTZTOWN,235 GRIMLEY ST,KUTZTOWN,PA,19530,9998,,X19227,P
ATLANTIC,4B,DE-PA 2,190,19533,LEESPORT,4 E WALL ST,LEESPORT,PA,19533,9998,,X19351,P
ATLANTIC,4B,DE-PA 2,190,19534,HAMBURG,50 N 3RD ST,HAMBURG,PA,19526,9998,,X18765,P
ATLANTIC,4B,DE-PA 2,190,19534,LENHARTSVILLE,83 PENN ST,LENHARTSVILLE,PA,19534,9998,,X19371,P
ATLANTIC,4B,DE-PA 2,190,19535,OLEY,644 MAIN ST,OLEY,PA,19547,9998,P,X1A319,P
ATLANTIC,4B,DE-PA 2,190,19536,LYON STATION,104 S KEMP ST,LYON STATION,PA,19536,9998,P,X19555,P
ATLANTIC,4B,DE-PA 2,190,19538,MAXATAWNY,15881 KUTZTOWN RD,MAXATAWNY,PA,19538,9998,P,X19665,P
ATLANTIC,4B,DE-PA 2,190,19539,MERTZTOWN,1001 STATE ST,MERTZTOWN,PA,19539,9998,,X19775,P
ATLANTIC,4B,DE-PA 2,190,19540,MOHNTON,328 E WYOMISSING AVE,MOHNTON,PA,19540,9998,,X19881,P
ATLANTIC,4B,DE-PA 2,190,19541,MOHRSVILLE,518 MAIN ST,MOHRSVILLE,PA,19541,9998,,X19882,P
ATLANTIC,4B,DE-PA 2,190,19543,MORGANTOWN,101 N MULBERRY ST,MORGANTOWN,PA,19543,9998,,X19923,P
ATLANTIC,4B,DE-PA 2,190,19544,MOUNT AETNA,2 E MILL ST,MOUNT AETNA,PA,19544,9998,P,X19940,P
ATLANTIC,4B,DE-PA 2,190,19545,NEW BERLINVILLE,721 N READING AVE,NEW BERLINVILLE,PA,19545,9998,P,X1A101,P
ATLANTIC,4B,DE-PA 2,190,19547,OLEY,644 MAIN ST,OLEY,PA,19547,9998,,X1A319,P
ATLANTIC,4B,DE-PA 2,190,19548,PINE FORGE,213 PINE FORGE RD,PINE FORGE,PA,19548,9998,P,X1A518,P
ATLANTIC,4B,DE-PA 2,190,19549,PORT CLINTON,6 BROAD ST,PORT CLINTON,PA,19549,9998,P,X1A612,P
ATLANTIC,4B,DE-PA 2,190,19550,REHRERSBURG,349 GODFREY ST,REHRERSBURG,PA,19550,9998,P,X1A725,P
ATLANTIC,4B,DE-PA 2,190,19551,ROBESONIA,37 E PENN AVE,ROBESONIA,PA,19551,9998,,X1A790,P
ATLANTIC,4B,DE-PA 2,190,19554,SHARTLESVILLE,11 N 1ST ST,SHARTLESVILLE,PA,19554,9998,P,X1A997,P
ATLANTIC,4B,DE-PA 2,190,19555,SHOEMAKERSVILLE,511 FRANKLIN ST,SHOEMAKERSVILLE,PA,19555,9998,,X1B039,P
ATLANTIC,4B,DE-PA 2,190,19559,STRAUSSTOWN,72 MAIN ST,STRAUSSTOWN,PA,19559,9998,P,X1B389,P
ATLANTIC,4B,DE-PA 2,190,19560,TEMPLE,4917 KUTZTOWN RD,TEMPLE,PA,19560,9998,,X1B493,P
ATLANTIC,4B,DE-PA 2,190,19562,TOPTON,33 S HOME AVE,TOPTON,PA,19562,9998,,X1B534,P
ATLANTIC,4B,DE-PA 2,190,19564,VIRGINVILLE,475 MAIN ST,VIRGINVILLE,PA,19564,9998,P,X1B715,P
ATLANTIC,4B,DE-PA 2,190,19565,WERNERSVILLE,55 S CHURCH RD,WERNERSVILLE,PA,19565,9998,,X1B870,P
ATLANTIC,4B,DE-PA 2,190,19567,WOMELSDORF,37 N 3RD ST,WOMELSDORF,PA,19567,9998,,X1C083,P
ATLANTIC,4B,DE-PA 2,190,19601,READING PA SDC,2100 N 13TH ST,READING,PA,19612,9939,,021241,4
ATLANTIC,4B,DE-PA 2,190,19602,READING STATION,3115 SAINT LAWRENCE AVE,READING,PA,19606,9998,,X19963,B
ATLANTIC,4B,DE-PA 2,190,19603,READING PA SDC,2100 N 13TH ST,READING,PA,19612,9939,P,021241,4
ATLANTIC,4B,DE-PA 2,190,19604,READING PA SDC,2100 N 13TH ST,READING,PA,19612,9939,,021241,4
ATLANTIC,4B,DE-PA 2,190,19605,READING PA SDC,2100 N 13TH ST,READING,PA,19612,9939,,021241,4
ATLANTIC,4B,DE-PA 2,190,19606,READING STATION,3115 SAINT LAWRENCE AVE,READING,PA,19606,9998,,X19963,B
ATLANTIC,4B,DE-PA 2,190,19607,SHILLINGTON,550 KENHORST PLZ,READING,PA,19607,3653,,X1B023,B
ATLANTIC,4B,DE-PA 2,190,19608,SINKING SPRING,4100 PENN AVE,READING,PA,19608,9998,,X1B067,B
ATLANTIC,4B,DE-PA 2,190,19608,WYOMISSING,1021 PENN AVE,READING,PA,19610,2000,,X1C117,B
ATLANTIC,4B,DE-PA 2,190,19609,WYOMISSING,1021 PENN AVE,READING,PA,19610,2000,,X1C117,B
ATLANTIC,4B,DE-PA 2,190,19610,WYOMISSING,1021 PENN AVE,READING,PA,19610,2000,,X1C117,B
ATLANTIC,4B,DE-PA 2,190,19610,READING PA SDC,2100 N 13TH ST,READING,PA,19612,9939,,021241,4
ATLANTIC,4B,DE-PA 2,190,19611,READING PA SDC,2100 N 13TH ST,READING,PA,19612,9939,,021241,4
ATLANTIC,4B,DE-PA 2,190,19612,READING PA SDC,2100 N 13TH ST,READING,PA,19612,9939,P,021241,4
