area_name,area_code,district_name,district_no,delivery_zipcode,locale_name,physical_delivery_address,physical_city,physical_state,physical_zip,physical_zip4,zip_class_code,locale_key,locale_type
SOUTHERN,4G,TEXAS 1,752,71854,TEXARKANA TX SDC,2211 N ROBISON RD,TEXARKANA,TX,75501,9900,,021155,4
SOUTHERN,4G,TEXAS 1,752,75001,ADDISON,4900 AIRPORT PKWY,ADDISON,TX,75001,9998,,W22681,P
SOUTHERN,4G,TEXAS 1,752,75002,ALLEN,401 CENTURY PKWY,ALLEN,TX,75013,8043,,W22717,P
SOUTHERN,4G,TEXAS 1,752,75006,CARROLLTON,2030 E JACKSON RD,CARROLLTON,TX,75006,9998,,W23158,P
SOUTHERN,4G,TEXAS 1,752,75007,ROSEMEADE,3755 N JOSEY LN,CARROLLTON,TX,75007,9998,,W25434,S
SOUTHERN,4G,TEXAS 1,752,75009,CELINA,918 W WALNUT ST,CELINA,TX,75009,9998,,W23189,P
SOUTHERN,4G,TEXAS 1,752,75010,ROSEMEADE,3755 N JOSEY LN,CARROLLTON,TX,75007,9998,,W25434,S
SOUTHERN,4G,TEXAS 1,752,75011,CARROLLTON,2030 E JACKSON RD,CARROLLTON,TX,75006,9998,P,W23158,P
SOUTHERN,4G,TEXAS 1,752,75011,ROSEMEADE,3755 N JOSEY LN,CARROLLTON,TX,75007,9998,P,W25434,S
SOUTHERN,4G,TEXAS 1,752,75013,ALLEN,401 CENTURY PKWY,ALLEN,TX,75013,8043,,W22717,P
SOUTHERN,4G,TEXAS 1,752,75014,LAS COLINAS,3900 TELEPORT BLVD,IRVING,TX,75039,9998,P,W24431,S
SOUTHERN,4G,TEXAS 1,752,75015,IRVING,2701 W IRVING BLVD,IRVING,TX,75061,9998,P,W24197,P
SOUTHERN,4G,TEXAS 1,752,75016,CENTRAL IRVING,2300 STORY RD W,IRVING,TX,75038,9998,P,W23197,S
SOUTHERN,4G,TEXAS 1,752,75017,IRVING,2701 W IRVING BLVD,IRVING,TX,75061,9998,P,W24197,P
SOUTHERN,4G,TEXAS 1,752,75019,COPPELL,450 S DENTON TAP RD,COPPELL,TX,75019,9998,,W23332,P
SOUTHERN,4G,TEXAS 1,752,75020,DENISON,231 W WOODARD ST,DENISON,TX,75020,9998,,W23465,P
SOUTHERN,4G,TEXAS 1,752,75021,DENISON,231 W WOODARD ST,DENISON,TX,75020,9998,,W23465,P
SOUTHERN,4G,TEXAS 1,752,75022,FLOWER MOUND,2300 OLYMPIA DR,FLOWER MOUND,TX,75028,9998,,W23758,B
SOUTHERN,4G,TEXAS 1,752,75023,WILDCAT,2901 W PARKER RD,PLANO,TX,75023,9998,,W26331,S
SOUTHERN,4G,TEXAS 1,752,75024,NORTHWEST PLANO,3905 HEDGCOXE RD,PLANO,TX,75025,9998,,W26847,S
SOUTHERN,4G,TEXAS 1,752,75025,NORTHWEST PLANO,3905 HEDGCOXE RD,PLANO,TX,75025,9998,,W26847,S
SOUTHERN,4G,TEXAS 1,752,75026,COIT,3400 COIT RD,PLANO,TX,75075,9998,P,W23406,S
SOUTHERN,4G,TEXAS 1,752,75027,FLOWER MOUND,2300 OLYMPIA DR,FLOWER MOUND,TX,75028,9998,P,W23758,B
SOUTHERN,4G,TEXAS 1,752,75028,FLOWER MOUND,2300 OLYMPIA DR,FLOWER MOUND,TX,75028,9998,,W23758,B
SOUTHERN,4G,TEXAS 1,752,75029,LEWISVILLE,194 CIVIC CIR,LEWISVILLE,TX,75067,9998,P,W24477,P
SOUTHERN,4G,TEXAS 1,752,75030,ROWLETT,3416 ENTERPRISE DR,ROWLETT,TX,75088,9998,P,W25452,P
SOUTHERN,4G,TEXAS 1,752,75032,ROCKWALL,609 S GOLIAD ST,ROCKWALL,TX,75087,9998,,W25411,P
SOUTHERN,4G,TEXAS 1,752,75033,FRISCO,8700 STONEBROOK PKWY,FRISCO,TX,75034,9998,,W23826,P
SOUTHERN,4G,TEXAS 1,752,75034,FRISCO,8700 STONEBROOK PKWY,FRISCO,TX,75034,9998,,W23826,P
SOUTHERN,4G,TEXAS 1,752,75035,TEEL VILLAGE,8811 TEEL PKWY STE 100,FRISCO,TX,75036,9997,,010983,S
SOUTHERN,4G,TEXAS 1,752,75035,EAST FRISCO CARRIER ANNEX,12580 ROLATER RD,FRISCO,TX,75035,9997,,011954,4
SOUTHERN,4G,TEXAS 1,752,75036,FRISCO,8700 STONEBROOK PKWY,FRISCO,TX,75034,9998,,W23826,P
SOUTHERN,4G,TEXAS 1,752,75038,CENTRAL IRVING,2300 STORY RD W,IRVING,TX,75038,9998,,W23197,S
SOUTHERN,4G,TEXAS 1,752,75039,VALLEY RANCH,8501 N MACARTHUR BLVD,IRVING,TX,75063,9998,,W26444,S
SOUTHERN,4G,TEXAS 1,752,75040,GARLAND,1000 W WALNUT ST,GARLAND,TX,75040,9998,,W23863,P
SOUTHERN,4G,TEXAS 1,752,75041,KINGSLEY,3260 SATURN RD,GARLAND,TX,75041,9998,,W24315,S
SOUTHERN,4G,TEXAS 1,752,75042,GARLAND,1000 W WALNUT ST,GARLAND,TX,75040,9998,,W23863,P
SOUTHERN,4G,TEXAS 1,752,75043,SOUTH GARLAND,501 E OATES RD,GARLAND,TX,75043,9998,,W25684,S
SOUTHERN,4G,TEXAS 1,752,75044,NORTH GARLAND,2346 BELT LINE RD,GARLAND,TX,75044,9998,,W24927,S
SOUTHERN,4G,TEXAS 1,752,75045,NORTH GARLAND,2346 BELT LINE RD,GARLAND,TX,75044,9998,P,W24927,S
SOUTHERN,4G,TEXAS 1,752,75046,GARLAND,1000 W WALNUT ST,GARLAND,TX,75040,9998,P,W23863,P
SOUTHERN,4G,TEXAS 1,752,75047,KINGSLEY,3260 SATURN RD,GARLAND,TX,75041,9998,P,W24315,S
SOUTHERN,4G,TEXAS 1,752,75048,NORTH GARLAND,2346 BELT LINE RD,GARLAND,TX,75044,9998,,W24927,S
SOUTHERN,4G,TEXAS 1,752,75049,SOUTH GARLAND,501 E OATES RD,GARLAND,TX,75043,9998,P,W25684,S
SOUTHERN,4G,TEXAS 1,752,75050,GRAND PRAIRIE,802 S CARRIER PKWY,GRAND PRAIRIE,TX,75051,9998,,W23938,P
SOUTHERN,4G,TEXAS 1,752,75051,GRAND PRAIRIE,802 S CARRIER PKWY,GRAND PRAIRIE,TX,75051,9998,,W23938,P
SOUTHERN,4G,TEXAS 1,752,75052,WESTCHESTER,765 W WESTCHESTER PKWY,GRAND PRAIRIE,TX,75052,9998,,W26283,S
SOUTHERN,4G,TEXAS 1,752,75053,FOUNTAIN,505 FOUNTAIN PKWY,GRAND PRAIRIE,TX,75050,9998,P,W23798,S
SOUTHERN,4G,TEXAS 1,752,75053,GRAND PRAIRIE,802 S CARRIER PKWY,GRAND PRAIRIE,TX,75051,9998,P,W23938,P
SOUTHERN,4G,TEXAS 1,752,75054,WESTCHESTER,765 W WESTCHESTER PKWY,GRAND PRAIRIE,TX,75052,9998,,W26283,S
SOUTHERN,4G,TEXAS 1,752,75056,THE COLONY,5200 S COLONY BLVD,THE COLONY,TX,75056,9998,,W26009,B
SOUTHERN,4G,TEXAS 1,752,75056,THE COLONY CARRIER ANNEX,5201 S COLONY BLVD STE 600,THE COLONY,TX,75056,9997,,010075,4
SOUTHERN,4G,TEXAS 1,752,75057,LEWISVILLE,194 CIVIC CIR,LEWISVILLE,TX,75067,9998,,W24477,P
SOUTHERN,4G,TEXAS 1,752,75058,GUNTER,500 W MAIN ST,GUNTER,TX,75058,9998,,W23995,P
SOUTHERN,4G,TEXAS 1,752,75060,IRVING,2701 W IRVING BLVD,IRVING,TX,75061,9998,,W24197,P
SOUTHERN,4G,TEXAS 1,752,75061,IRVING,2701 W IRVING BLVD,IRVING,TX,75061,9998,,W24197,P
SOUTHERN,4G,TEXAS 1,752,75062,CENTRAL IRVING,2300 STORY RD W,IRVING,TX,75038,9998,,W23197,S
SOUTHERN,4G,TEXAS 1,752,75063,VALLEY RANCH,8501 N MACARTHUR BLVD,IRVING,TX,75063,9998,,W26444,S
SOUTHERN,4G,TEXAS 1,752,75065,LAKE DALLAS,201 S SHADY SHORES DR,LAKE DALLAS,TX,75065,2980,,W24383,P
SOUTHERN,4G,TEXAS 1,752,75067,LEWISVILLE,194 CIVIC CIR,LEWISVILLE,TX,75067,9998,,W24477,P
SOUTHERN,4G,TEXAS 1,752,75067,OLD TOWN FINANCE,320 S CHARLES ST,LEWISVILLE,TX,75057,9998,,W25018,B
SOUTHERN,4G,TEXAS 1,752,75068,LITTLE ELM,1012 W ELDORADO PKWY,LITTLE ELM,TX,75068,9998,,W24499,P
SOUTHERN,4G,TEXAS 1,752,75069,MCKINNEY,550 N CENTRAL EXPY,MCKINNEY,TX,75070,9998,,W24653,P
SOUTHERN,4G,TEXAS 1,752,75070,MCKINNEY,550 N CENTRAL EXPY,MCKINNEY,TX,75070,9998,,W24653,P
SOUTHERN,4G,TEXAS 1,752,75071,MCKINNEY,550 N CENTRAL EXPY,MCKINNEY,TX,75070,9998,,W24653,P
SOUTHERN,4G,TEXAS 1,752,75071,LINKSIDE PARK,7210 VIRGINIA PKWY STE 100,MCKINNEY,TX,75071,9996,,017833,S
SOUTHERN,4G,TEXAS 1,752,75072,MCKINNEY,550 N CENTRAL EXPY,MCKINNEY,TX,75070,9998,,W24653,P
SOUTHERN,4G,TEXAS 1,752,75074,PLANO,1200 JUPITER RD,PLANO,TX,75074,9998,,W25171,P
SOUTHERN,4G,TEXAS 1,752,75075,COIT,3400 COIT RD,PLANO,TX,75075,9998,,W23406,S
SOUTHERN,4G,TEXAS 1,752,75076,POTTSBORO,509 W FM 120,POTTSBORO,TX,75076,2600,,W25225,P
SOUTHERN,4G,TEXAS 1,752,75077,LEWISVILLE,194 CIVIC CIR,LEWISVILLE,TX,75067,9998,,W24477,P
SOUTHERN,4G,TEXAS 1,752,75078,PROSPER,941 N COLEMAN ST,PROSPER,TX,75078,2301,,W25256,P
SOUTHERN,4G,TEXAS 1,752,75080,RICHARDSON,433 BELLE GROVE DR,RICHARDSON,TX,75080,9998,,W25361,P
SOUTHERN,4G,TEXAS 1,752,75081,HUFFHINES PARK,1206 APOLLO RD,RICHARDSON,TX,75081,9998,,W24140,S
SOUTHERN,4G,TEXAS 1,752,75082,HUFFHINES PARK,1206 APOLLO RD,RICHARDSON,TX,75081,9998,,W24140,S
SOUTHERN,4G,TEXAS 1,752,75083,PROMENADE,400 N COIT RD STE 1975,RICHARDSON,TX,75080,9997,P,W25255,S
SOUTHERN,4G,TEXAS 1,752,75083,RICHARDSON,433 BELLE GROVE DR,RICHARDSON,TX,75080,9998,P,W25361,P
SOUTHERN,4G,TEXAS 1,752,75085,HUFFHINES PARK,1206 APOLLO RD,RICHARDSON,TX,75081,9998,P,W24140,S
SOUTHERN,4G,TEXAS 1,752,75086,DOWNTOWN PLANO,1112 18TH ST,PLANO,TX,75074,9997,P,W23544,S
SOUTHERN,4G,TEXAS 1,752,75086,PLANO,1200 JUPITER RD,PLANO,TX,75074,9998,P,W25171,P
SOUTHERN,4G,TEXAS 1,752,75086,WILDCAT,2901 W PARKER RD,PLANO,TX,75023,9998,P,W26331,S
SOUTHERN,4G,TEXAS 1,752,75087,ROCKWALL,609 S GOLIAD ST,ROCKWALL,TX,75087,9998,,W25411,P
SOUTHERN,4G,TEXAS 1,752,75088,ROWLETT,3416 ENTERPRISE DR,ROWLETT,TX,75088,9998,,W25452,P
SOUTHERN,4G,TEXAS 1,752,75089,ROWLETT,3416 ENTERPRISE DR,ROWLETT,TX,75088,9998,,W25452,P
SOUTHERN,4G,TEXAS 1,752,75090,SHERMAN,701 E PEYTON ST,SHERMAN,TX,75090,9998,,W25626,P
SOUTHERN,4G,TEXAS 1,752,75091,SHERMAN,701 E PEYTON ST,SHERMAN,TX,75090,9998,P,W25626,P
SOUTHERN,4G,TEXAS 1,752,75092,SHERMAN,701 E PEYTON ST,SHERMAN,TX,75090,9998,,W25626,P
SOUTHERN,4G,TEXAS 1,752,75093,COIT,3400 COIT RD,PLANO,TX,75075,9998,,W23406,S
SOUTHERN,4G,TEXAS 1,752,75094,PLANO,1200 JUPITER RD,PLANO,TX,75074,9998,,W25171,P
SOUTHERN,4G,TEXAS 1,752,75097,WESTON,101 MAIN ST,WESTON,TX,75097,9998,P,W26291,P
SOUTHERN,4G,TEXAS 1,752,75098,WYLIE,940 W FM 544,WYLIE,TX,75098,5157,,W26399,P
SOUTHERN,4G,TEXAS 1,752,75101,BARDWELL,100 ELLIS ST,BARDWELL,TX,75101,9998,P,W22849,P
SOUTHERN,4G,TEXAS 1,752,75102,BARRY,103 HOUSTON ST,BARRY,TX,75102,9998,,W22857,P
SOUTHERN,4G,TEXAS 1,752,75103,CANTON,1001 W DALLAS ST,CANTON,TX,75103,9998,,W23131,P
SOUTHERN,4G,TEXAS 1,752,75104,CEDAR HILL,475 E FM 1382,CEDAR HILL,TX,75104,9998,,W23178,P
SOUTHERN,4G,TEXAS 1,752,75105,CHATFIELD,4857 FM 1603,CHATFIELD,TX,75105,9998,,W23219,P
SOUTHERN,4G,TEXAS 1,752,75106,CEDAR HILL,475 E FM 1382,CEDAR HILL,TX,75104,9998,P,W23178,P
SOUTHERN,4G,TEXAS 1,752,75109,CORSICANA,116 S MAIN ST,CORSICANA,TX,75110,9998,,W23349,P
SOUTHERN,4G,TEXAS 1,752,75110,CORSICANA,116 S MAIN ST,CORSICANA,TX,75110,9998,,W23349,P
SOUTHERN,4G,TEXAS 1,752,75114,CRANDALL,123 S MAIN ST,CRANDALL,TX,75114,9998,,W23371,P
SOUTHERN,4G,TEXAS 1,752,75115,DESOTO,229 S HAMPTON RD,DESOTO,TX,75115,9998,,W23452,P
SOUTHERN,4G,TEXAS 1,752,75116,DUNCANVILLE,711 S CEDAR RIDGE DR,DUNCANVILLE,TX,75137,9998,,W23562,P
SOUTHERN,4G,TEXAS 1,752,75117,EDGEWOOD,100 N MAIN ST,EDGEWOOD,TX,75117,9998,,W23606,P
SOUTHERN,4G,TEXAS 1,752,75118,ELMO,10482 COUNTY ROAD 376,ELMO,TX,75118,9998,P,W23647,P
SOUTHERN,4G,TEXAS 1,752,75119,ENNIS,205 N MCKINNEY ST,ENNIS,TX,75119,9998,,W23666,P
SOUTHERN,4G,TEXAS 1,752,75120,ENNIS,205 N MCKINNEY ST,ENNIS,TX,75119,9998,P,W23666,P
SOUTHERN,4G,TEXAS 1,752,75121,COPEVILLE,15104 COUNTY ROAD 549,COPEVILLE,TX,75121,9998,P,W23330,P
SOUTHERN,4G,TEXAS 1,752,75123,DESOTO,229 S HAMPTON RD,DESOTO,TX,75115,9998,P,W23452,P
SOUTHERN,4G,TEXAS 1,752,75124,EUSTACE,202 US HIGHWAY 175 W,EUSTACE,TX,75124,9998,,W23682,P
SOUTHERN,4G,TEXAS 1,752,75125,FERRIS,413 W 6TH ST,FERRIS,TX,75125,9998,,W23728,P
SOUTHERN,4G,TEXAS 1,752,75126,FORNEY,102 E BROAD ST,FORNEY,TX,75126,9998,,W23777,P
SOUTHERN,4G,TEXAS 1,752,75127,FRUITVALE,121 VZ COUNTY ROAD 1910,FRUITVALE,TX,75127,9998,,W23832,P
SOUTHERN,4G,TEXAS 1,752,75132,FATE,909 W HOLIDAY DR,FATE,TX,75132,9998,P,W23722,P
SOUTHERN,4G,TEXAS 1,752,75134,LANCASTER,200 N STATE ST,LANCASTER,TX,75146,9998,,W24419,P
SOUTHERN,4G,TEXAS 1,752,75135,CADDO MILLS,2109 STATE HIGHWAY 66,CADDO MILLS,TX,75135,9998,,W23110,P
SOUTHERN,4G,TEXAS 1,752,75137,DUNCANVILLE,711 S CEDAR RIDGE DR,DUNCANVILLE,TX,75137,9998,,W23562,P
SOUTHERN,4G,TEXAS 1,752,75138,DUNCANVILLE,711 S CEDAR RIDGE DR,DUNCANVILLE,TX,75137,9998,P,W23562,P
SOUTHERN,4G,TEXAS 1,752,75140,GRAND SALINE,200 N GREEN ST,GRAND SALINE,TX,75140,9998,,W23940,P
SOUTHERN,4G,TEXAS 1,752,75141,HUTCHINS,720 LANCASTER HUTCHINS RD,HUTCHINS,TX,75141,9998,,W24156,P
SOUTHERN,4G,TEXAS 1,752,75141,WILMER,120 BLACKWELL BLVD,WILMER,TX,75172,9998,,W26352,P
SOUTHERN,4G,TEXAS 1,752,75142,KAUFMAN,2231 S WASHINGTON ST,KAUFMAN,TX,75142,9998,,W24278,P
SOUTHERN,4G,TEXAS 1,752,75143,KEMP,101 W 9TH ST,KEMP,TX,75143,9998,,W24291,P
SOUTHERN,4G,TEXAS 1,752,75144,KERENS,106 S COLKET ST,KERENS,TX,75144,9998,,W24303,P
SOUTHERN,4G,TEXAS 1,752,75146,LANCASTER,200 N STATE ST,LANCASTER,TX,75146,9998,,W24419,P
SOUTHERN,4G,TEXAS 1,752,75147,MABANK,1401 S 3RD ST,MABANK,TX,75147,9998,,W24576,P
SOUTHERN,4G,TEXAS 1,752,75148,MALAKOFF,609 W ROYALL BLVD,MALAKOFF,TX,75148,9998,,W24593,P
SOUTHERN,4G,TEXAS 1,752,75149,MESQUITE,120 E GRUBB DR,MESQUITE,TX,75149,9998,,W24710,P
SOUTHERN,4G,TEXAS 1,752,75150,MESQUITE CARRIER SECTION,501 E OATES RD,GARLAND,TX,75043,9997,,012469,4
SOUTHERN,4G,TEXAS 1,752,75151,CORSICANA,116 S MAIN ST,CORSICANA,TX,75110,9998,P,W23349,P
SOUTHERN,4G,TEXAS 1,752,75152,PALMER,310 E JEFFERSON ST,PALMER,TX,75152,9998,,W25066,P
SOUTHERN,4G,TEXAS 1,752,75153,POWELL,101 BROOKSHIRE ST,POWELL,TX,75153,8883,,W25230,P
SOUTHERN,4G,TEXAS 1,752,75154,RED OAK,104 E OVILLA RD,RED OAK,TX,75154,9998,,W25323,P
SOUTHERN,4G,TEXAS 1,752,75155,RICE,300 E CALHOUN ST,RICE,TX,75155,9705,,W25357,P
SOUTHERN,4G,TEXAS 1,752,75156,MABANK,1401 S 3RD ST,MABANK,TX,75147,9998,,W24576,P
SOUTHERN,4G,TEXAS 1,752,75157,ROSSER,208 MAIN ST,ROSSER,TX,75157,9998,P,W25443,P
SOUTHERN,4G,TEXAS 1,752,75158,SCURRY,8315 S STATE HIGHWAY 34,SCURRY,TX,75158,9998,,W25572,P
SOUTHERN,4G,TEXAS 1,752,75159,SEAGOVILLE,15300 SEAGOVILLE RD,DALLAS,TX,75253,9998,,W25575,P
SOUTHERN,4G,TEXAS 1,752,75160,TERRELL,1250 STATE HIGHWAY 34 S,TERRELL,TX,75160,9998,,W25982,P
SOUTHERN,4G,TEXAS 1,752,75161,TERRELL,1250 STATE HIGHWAY 34 S,TERRELL,TX,75160,9998,,W25982,P
SOUTHERN,4G,TEXAS 1,752,75163,TRINIDAD,206 PARK ST,TRINIDAD,TX,75163,9998,,W26067,P
SOUTHERN,4G,TEXAS 1,752,75164,JOSEPHINE,408 MAIN ST,JOSEPHINE,TX,75164,9998,P,W24255,P
SOUTHERN,4G,TEXAS 1,752,75165,WAXAHACHIE,316 N COLLEGE ST,WAXAHACHIE,TX,75165,9998,,W26238,P
SOUTHERN,4G,TEXAS 1,752,75166,LAVON,609 MAIN ST,LAVON,TX,75166,9998,,W24442,P
SOUTHERN,4G,TEXAS 1,752,75167,WAXAHACHIE,316 N COLLEGE ST,WAXAHACHIE,TX,75165,9998,,W26238,P
SOUTHERN,4G,TEXAS 1,752,75168,WAXAHACHIE,316 N COLLEGE ST,WAXAHACHIE,TX,75165,9998,P,W26238,P
SOUTHERN,4G,TEXAS 1,752,75169,WILLS POINT,415 N 4TH ST,WILLS POINT,TX,75169,9998,,W26351,P
SOUTHERN,4G,TEXAS 1,752,75172,WILMER,120 BLACKWELL BLVD,WILMER,TX,75172,9998,,W26352,P
SOUTHERN,4G,TEXAS 1,752,75173,NEVADA,102 S FM 1138,NEVADA,TX,75173,9998,,W24864,P
SOUTHERN,4G,TEXAS 1,752,75180,BALCH SPRINGS,3400 HICKORY TREE RD,BALCH SPRINGS,TX,75180,9998,,W22833,B
SOUTHERN,4G,TEXAS 1,752,75180,MESQUITE,120 E GRUBB DR,MESQUITE,TX,75149,9998,,W24710,P
SOUTHERN,4G,TEXAS 1,752,75181,MESQUITE,120 E GRUBB DR,MESQUITE,TX,75149,9998,,W24710,P
SOUTHERN,4G,TEXAS 1,752,75182,MESQUITE,120 E GRUBB DR,MESQUITE,TX,75149,9998,,W24710,P
SOUTHERN,4G,TEXAS 1,752,75185,MESQUITE,120 E GRUBB DR,MESQUITE,TX,75149,9998,P,W24710,P
SOUTHERN,4G,TEXAS 1,752,75187,NORTH MESQUITE,3501 GUS THOMASSON RD STE 35,MESQUITE,TX,75150,9998,P,W26846,S
SOUTHERN,4G,TEXAS 1,752,75189,ROYSE CITY,217 E MAIN ST,ROYSE CITY,TX,75189,9998,,W25458,P
SOUTHERN,4G,TEXAS 1,752,75201,DOWNTOWN DALLAS,400 N ERVAY ST,DALLAS,TX,75201,9998,,W23532,S
SOUTHERN,4G,TEXAS 1,752,75202,DOWNTOWN DALLAS,400 N ERVAY ST,DALLAS,TX,75201,9998,,W23532,S
SOUTHERN,4G,TEXAS 1,752,75203,DR CAESAR A W CLARK SR,1502 E KIEST BLVD,DALLAS,TX,75216,9998,,W25692,S
SOUTHERN,4G,TEXAS 1,752,75204,JUANITA CRAFT,3055 AL LIPSCOMB WAY,DALLAS,TX,75215,9998,,W24259,S
SOUTHERN,4G,TEXAS 1,752,75205,UNIVERSITY DALLAS,5606 SMU BLVD,DALLAS,TX,75206,9998,,W26115,S
SOUTHERN,4G,TEXAS 1,752,75206,UNIVERSITY DALLAS,5606 SMU BLVD,DALLAS,TX,75206,9998,,W26115,S
SOUTHERN,4G,TEXAS 1,752,75207,BROOKHOLLOW,5055 NORWOOD RD,DALLAS,TX,75247,9998,,W23047,S
SOUTHERN,4G,TEXAS 1,752,75208,STATION A DALLAS,515 CENTRE ST,DALLAS,TX,75208,9998,,W22662,S
SOUTHERN,4G,TEXAS 1,752,75209,NORTHWEST DALLAS,2341 W NORTHWEST HWY,DALLAS,TX,75220,9998,,W24961,S
SOUTHERN,4G,TEXAS 1,752,75210,JUANITA CRAFT,3055 AL LIPSCOMB WAY,DALLAS,TX,75215,9998,,W24259,S
SOUTHERN,4G,TEXAS 1,752,75211,BEVERLY HILLS,2202 S COCKRELL HILL RD,DALLAS,TX,75211,9998,,W22942,S
SOUTHERN,4G,TEXAS 1,752,75212,BROOKHOLLOW,5055 NORWOOD RD,DALLAS,TX,75247,9998,,W23047,S
SOUTHERN,4G,TEXAS 1,752,75214,LAKEWOOD,6120 SWISS AVE,DALLAS,TX,75214,9998,,W24408,S
SOUTHERN,4G,TEXAS 1,752,75215,JUANITA CRAFT,3055 AL LIPSCOMB WAY,DALLAS,TX,75215,9998,,W24259,S
SOUTHERN,4G,TEXAS 1,752,75216,DR CAESAR A W CLARK SR,1502 E KIEST BLVD,DALLAS,TX,75216,9998,,W25692,S
SOUTHERN,4G,TEXAS 1,752,75217,PLEASANT GROVE,350 S BUCKNER BLVD,DALLAS,TX,75217,9998,,W25174,S
SOUTHERN,4G,TEXAS 1,752,75218,WHITE ROCK,1351 N BUCKNER BLVD,DALLAS,TX,75218,9998,,W26310,S
SOUTHERN,4G,TEXAS 1,752,75219,OAK LAWN,2825 OAK LAWN AVE,DALLAS,TX,75219,9998,,W24977,S
SOUTHERN,4G,TEXAS 1,752,75219,MOCKINGBIRD FINANCE,4740 W MOCKINGBIRD LN STE C,DALLAS,TX,75209,9997,,013190,S
SOUTHERN,4G,TEXAS 1,752,75220,NORTHWEST DALLAS,2341 W NORTHWEST HWY,DALLAS,TX,75220,9998,,W24961,S
SOUTHERN,4G,TEXAS 1,752,75221,DOWNTOWN DALLAS,400 N ERVAY ST,DALLAS,TX,75201,9998,P,W23532,S
SOUTHERN,4G,TEXAS 1,752,75222,DALLAS,401 TOM LANDRY HWY,DALLAS,TX,75260,9998,P,W23428,P
SOUTHERN,4G,TEXAS 1,752,75223,JUANITA CRAFT,3055 AL LIPSCOMB WAY,DALLAS,TX,75215,9998,,W24259,S
SOUTHERN,4G,TEXAS 1,752,75224,JOE POOL,5521 S HAMPTON RD,DALLAS,TX,75232,9998,,W24238,S
SOUTHERN,4G,TEXAS 1,752,75225,PRESTON,8604 TURTLE CREEK BLVD,DALLAS,TX,75225,9998,,W25245,S
SOUTHERN,4G,TEXAS 1,752,75226,JUANITA CRAFT,3055 AL LIPSCOMB WAY,DALLAS,TX,75215,9998,,W24259,S
SOUTHERN,4G,TEXAS 1,752,75227,PARKDALE,7720 MILITARY PKWY,DALLAS,TX,75227,9998,,W25089,S
SOUTHERN,4G,TEXAS 1,752,75228,MEDRANO,8624 FERGUSON RD,DALLAS,TX,75228,9998,,001445,S
SOUTHERN,4G,TEXAS 1,752,75229,NORTHAVEN,2736 ROYAL LN,DALLAS,TX,75229,9998,,W24951,S
SOUTHERN,4G,TEXAS 1,752,75230,ROBERT E PRICE,8135 FOREST LN,DALLAS,TX,75230,9998,,W25456,S
SOUTHERN,4G,TEXAS 1,752,75231,VICKERY,6640 ABRAMS RD,DALLAS,TX,75231,9998,,W26169,S
SOUTHERN,4G,TEXAS 1,752,75232,JOE POOL,5521 S HAMPTON RD,DALLAS,TX,75232,9998,,W24238,S
SOUTHERN,4G,TEXAS 1,752,75233,BEVERLY HILLS,2202 S COCKRELL HILL RD,DALLAS,TX,75211,9998,,W22942,S
SOUTHERN,4G,TEXAS 1,752,75234,FARMERS BRANCH,13904 JOSEY LN,DALLAS,TX,75234,9998,,W23713,B
SOUTHERN,4G,TEXAS 1,752,75235,BROOKHOLLOW,5055 NORWOOD RD,DALLAS,TX,75247,9998,,W23047,S
SOUTHERN,4G,TEXAS 1,752,75236,BEVERLY HILLS,2202 S COCKRELL HILL RD,DALLAS,TX,75211,9998,,W22942,S
SOUTHERN,4G,TEXAS 1,752,75237,JOE POOL,5521 S HAMPTON RD,DALLAS,TX,75232,9998,,W24238,S
SOUTHERN,4G,TEXAS 1,752,75238,LAKE HIGHLANDS,10502 MARKISON RD,DALLAS,TX,75238,9998,,W24384,S
SOUTHERN,4G,TEXAS 1,752,75238,NORTHLAKE FINANCE,10233 E NORTHWEST HWY STE 333,DALLAS,TX,75238,9997,,W24939,S
SOUTHERN,4G,TEXAS 1,752,75240,SPRING VALLEY,13770 NOEL RD,DALLAS,TX,75240,9998,,W25737,S
SOUTHERN,4G,TEXAS 1,752,75241,HIGHLAND HILLS DALLAS,3655 SIMPSON STUART RD,DALLAS,TX,75241,9998,,W24089,S
SOUTHERN,4G,TEXAS 1,752,75242,DOWNTOWN DALLAS,400 N ERVAY ST,DALLAS,TX,75201,9998,,W23532,S
SOUTHERN,4G,TEXAS 1,752,75243,RICHLAND,9130 MARKVILLE DR,DALLAS,TX,75243,9998,,W25363,S
SOUTHERN,4G,TEXAS 1,752,75244,FARMERS BRANCH,13904 JOSEY LN,DALLAS,TX,75234,9998,,W23713,B
SOUTHERN,4G,TEXAS 1,752,75246,JUANITA CRAFT,3055 AL LIPSCOMB WAY,DALLAS,TX,75215,9998,,W24259,S
SOUTHERN,4G,TEXAS 1,752,75247,BROOKHOLLOW,5055 NORWOOD RD,DALLAS,TX,75247,9998,,W23047,S
SOUTHERN,4G,TEXAS 1,752,75248,PRESTONWOOD,5995 SUMMERSIDE DR,DALLAS,TX,75248,9998,,W25246,B
SOUTHERN,4G,TEXAS 1,752,75249,BEVERLY HILLS,2202 S COCKRELL HILL RD,DALLAS,TX,75211,9998,,W22942,S
SOUTHERN,4G,TEXAS 1,752,75250,DOWNTOWN DALLAS,400 N ERVAY ST,DALLAS,TX,75201,9998,P,W23532,S
SOUTHERN,4G,TEXAS 1,752,75251,ROBERT E PRICE,8135 FOREST LN,DALLAS,TX,75230,9998,,W25456,S
SOUTHERN,4G,TEXAS 1,752,75252,PRESTONWOOD,5995 SUMMERSIDE DR,DALLAS,TX,75248,9998,,W25246,B
SOUTHERN,4G,TEXAS 1,752,75253,SEAGOVILLE,15300 SEAGOVILLE RD,DALLAS,TX,75253,9998,,W25575,P
SOUTHERN,4G,TEXAS 1,752,75254,SPRING VALLEY,13770 NOEL RD,DALLAS,TX,75240,9998,,W25737,S
SOUTHERN,4G,TEXAS 1,752,75261,DFW DALLAS,2420 INNOVATION DR,DFW AIRPORT,TX,75261,4601,P,018953,S
SOUTHERN,4G,TEXAS 1,752,75262,DALLAS,401 TOM LANDRY HWY,DALLAS,TX,75260,9998,P,W23428,P
SOUTHERN,4G,TEXAS 1,752,75263,DALLAS,401 TOM LANDRY HWY,DALLAS,TX,75260,9998,P,W23428,P
SOUTHERN,4G,TEXAS 1,752,75264,DALLAS,401 TOM LANDRY HWY,DALLAS,TX,75260,9998,P,W23428,P
SOUTHERN,4G,TEXAS 1,752,75265,DALLAS,401 TOM LANDRY HWY,DALLAS,TX,75260,9998,P,W23428,P
SOUTHERN,4G,TEXAS 1,752,75266,DALLAS,401 TOM LANDRY HWY,DALLAS,TX,75260,9998,P,W23428,P
SOUTHERN,4G,TEXAS 1,752,75267,DALLAS,401 TOM LANDRY HWY,DALLAS,TX,75260,9998,P,W23428,P
SOUTHERN,4G,TEXAS 1,752,75270,DOWNTOWN DALLAS,400 N ERVAY ST,DALLAS,TX,75201,9998,,W23532,S
SOUTHERN,4G,TEXAS 1,752,75287,BENT TREE,4475 TRINITY MILLS RD,DALLAS,TX,75287,9998,,W22922,S
SOUTHERN,4G,TEXAS 1,752,75313,DOWNTOWN DALLAS,400 N ERVAY ST,DALLAS,TX,75201,9998,P,W23532,S
SOUTHERN,4G,TEXAS 1,752,75315,JUANITA CRAFT,3055 AL LIPSCOMB WAY,DALLAS,TX,75215,9998,P,W24259,S
SOUTHERN,4G,TEXAS 1,752,75336,SEAGOVILLE,15300 SEAGOVILLE RD,DALLAS,TX,75253,9998,P,W25575,P
SOUTHERN,4G,TEXAS 1,752,75339,DR CAESAR A W CLARK SR,1502 E KIEST BLVD,DALLAS,TX,75216,9998,P,W25692,S
SOUTHERN,4G,TEXAS 1,752,75342,BROOKHOLLOW,5055 NORWOOD RD,DALLAS,TX,75247,9998,P,W23047,S
SOUTHERN,4G,TEXAS 1,752,75354,NORTHWEST DALLAS,2341 W NORTHWEST HWY,DALLAS,TX,75220,9998,P,W24961,S
SOUTHERN,4G,TEXAS 1,752,75355,LAKE HIGHLANDS,10502 MARKISON RD,DALLAS,TX,75238,9998,P,W24384,S
SOUTHERN,4G,TEXAS 1,752,75356,BROOKHOLLOW,5055 NORWOOD RD,DALLAS,TX,75247,9998,P,W23047,S
SOUTHERN,4G,TEXAS 1,752,75357,MEDRANO,8624 FERGUSON RD,DALLAS,TX,75228,9998,P,001445,S
SOUTHERN,4G,TEXAS 1,752,75360,UNIVERSITY DALLAS,5606 SMU BLVD,DALLAS,TX,75206,9998,P,W26115,S
SOUTHERN,4G,TEXAS 1,752,75367,PRESTON ROYAL,5959 ROYAL LN STE 539,DALLAS,TX,75230,9997,P,W26887,S
SOUTHERN,4G,TEXAS 1,752,75370,BENT TREE,4475 TRINITY MILLS RD,DALLAS,TX,75287,9998,P,W22922,S
SOUTHERN,4G,TEXAS 1,752,75371,JUANITA CRAFT,3055 AL LIPSCOMB WAY,DALLAS,TX,75215,9998,P,W24259,S
SOUTHERN,4G,TEXAS 1,752,75372,UNIVERSITY DALLAS,5606 SMU BLVD,DALLAS,TX,75206,9998,P,W26115,S
SOUTHERN,4G,TEXAS 1,752,75374,RICHLAND,9130 MARKVILLE DR,DALLAS,TX,75243,9998,P,W25363,S
SOUTHERN,4G,TEXAS 1,752,75376,JOE POOL,5521 S HAMPTON RD,DALLAS,TX,75232,9998,P,W24238,S
SOUTHERN,4G,TEXAS 1,752,75378,NORTHWEST DALLAS,2341 W NORTHWEST HWY,DALLAS,TX,75220,9998,P,W24961,S
SOUTHERN,4G,TEXAS 1,752,75379,PRESTONWOOD,5995 SUMMERSIDE DR,DALLAS,TX,75248,9998,P,W25246,B
SOUTHERN,4G,TEXAS 1,752,75380,SPRING VALLEY,13770 NOEL RD,DALLAS,TX,75240,9998,P,W25737,S
SOUTHERN,4G,TEXAS 1,752,75381,FARMERS BRANCH,13904 JOSEY LN,DALLAS,TX,75234,9998,P,W23713,B
SOUTHERN,4G,TEXAS 1,752,75382,VICKERY,6640 ABRAMS RD,DALLAS,TX,75231,9998,P,W26169,S
SOUTHERN,4G,TEXAS 1,752,75401,GREENVILLE,3701 STANFORD ST,GREENVILLE,TX,75401,9998,,W23962,P
SOUTHERN,4G,TEXAS 1,752,75402,GREENVILLE,3701 STANFORD ST,GREENVILLE,TX,75401,9998,,W23962,P
SOUTHERN,4G,TEXAS 1,752,75403,GREENVILLE,2600 WESLEY ST,GREENVILLE,TX,75401,9994,P,011827,S
SOUTHERN,4G,TEXAS 1,752,75404,ROLLING HILLS,6305 WESLEY ST,GREENVILLE,TX,75402,9998,P,000229,S
SOUTHERN,4G,TEXAS 1,752,75407,PRINCETON,621 E PRINCETON DR,PRINCETON,TX,75407,9998,,W25251,P
SOUTHERN,4G,TEXAS 1,752,75409,ANNA,715 S POWELL PKWY,ANNA,TX,75409,9998,,W22757,P
SOUTHERN,4G,TEXAS 1,752,75410,ALBA,240 W HOLLEY ST,ALBA,TX,75410,9998,,W22703,P
SOUTHERN,4G,TEXAS 1,752,75411,ARTHUR CITY,12552 N US HIGHWAY 271,ARTHUR CITY,TX,75411,9998,,W22792,P
SOUTHERN,4G,TEXAS 1,752,75412,BAGWELL,5294 FARM ROAD 2573,BAGWELL,TX,75412,9998,,W22827,P
SOUTHERN,4G,TEXAS 1,752,75412,CLARKSVILLE,403 N WALNUT ST,CLARKSVILLE,TX,75426,9998,,W23264,P
SOUTHERN,4G,TEXAS 1,752,75413,BAILEY,107 N MAIN ST,BAILEY,TX,75413,9998,P,W22829,P
SOUTHERN,4G,TEXAS 1,752,75414,BELLS,710 W BELLS BLVD,BELLS,TX,75414,9998,,W22904,P
SOUTHERN,4G,TEXAS 1,752,75415,BEN FRANKLIN,828 FARM ROAD 38,BEN FRANKLIN,TX,75415,9998,,W22913,P
SOUTHERN,4G,TEXAS 1,752,75416,BLOSSOM,215 N CENTER ST,BLOSSOM,TX,75416,9998,,W22979,P
SOUTHERN,4G,TEXAS 1,752,75417,BOGATA,141 N MAIN ST,BOGATA,TX,75417,9998,,W22997,P
SOUTHERN,4G,TEXAS 1,752,75418,BONHAM,300 N CENTER ST,BONHAM,TX,75418,9998,,W23003,P
SOUTHERN,4G,TEXAS 1,752,75420,BRASHEAR,276 FARM ROAD 2653,BRASHEAR,TX,75420,9998,,W23027,P
SOUTHERN,4G,TEXAS 1,752,75421,BROOKSTON,100 N 1ST ST,BROOKSTON,TX,75421,9998,,W23052,P
SOUTHERN,4G,TEXAS 1,752,75422,CAMPBELL,609 W MAIN ST,CAMPBELL,TX,75422,9998,,W23126,P
SOUTHERN,4G,TEXAS 1,752,75422,COMMERCE,1300 PARK ST,COMMERCE,TX,75428,9998,,W23312,P
SOUTHERN,4G,TEXAS 1,752,75423,CELESTE,103 N US HIGHWAY 69,CELESTE,TX,75423,9998,,W23188,P
SOUTHERN,4G,TEXAS 1,752,75424,BLUE RIDGE,301 S BUSINESS HIGHWAY 78,BLUE RIDGE,TX,75424,9998,,W22982,P
SOUTHERN,4G,TEXAS 1,752,75425,CHICOTA,3696 FM 197,CHICOTA,TX,75425,9998,P,W23228,P
SOUTHERN,4G,TEXAS 1,752,75426,CLARKSVILLE,403 N WALNUT ST,CLARKSVILLE,TX,75426,9998,,W23264,P
SOUTHERN,4G,TEXAS 1,752,75428,COMMERCE,1300 PARK ST,COMMERCE,TX,75428,9998,,W23312,P
SOUTHERN,4G,TEXAS 1,752,75429,COMMERCE,1300 PARK ST,COMMERCE,TX,75428,9998,P,W23312,P
SOUTHERN,4G,TEXAS 1,752,75429,EAST TEXAS,2600 W NEAL ST,COMMERCE,TX,75428,4311,P,W23585,S
SOUTHERN,4G,TEXAS 1,752,75431,COMO,103 GASKINS ST,COMO,TX,75431,9998,,W23314,P
SOUTHERN,4G,TEXAS 1,752,75432,COOPER,150 E DALLAS AVE,COOPER,TX,75432,9998,,W23328,P
SOUTHERN,4G,TEXAS 1,752,75433,CUMBY,200 DEPOT ST,CUMBY,TX,75433,9998,,W23399,P
SOUTHERN,4G,TEXAS 1,752,75434,CUNNINGHAM,12810 FM 196,CUNNINGHAM,TX,75434,9998,P,W23401,P
SOUTHERN,4G,TEXAS 1,752,75435,DEPORT,141 MONROE ST,DEPORT,TX,75435,9998,,W23473,P
SOUTHERN,4G,TEXAS 1,752,75436,DETROIT,215 W GARNER ST,DETROIT,TX,75436,9998,,W23481,P
SOUTHERN,4G,TEXAS 1,752,75437,DIKE,6938 FARM ROAD 69 N,DIKE,TX,75437,9998,,W23495,P
SOUTHERN,4G,TEXAS 1,752,75438,DODD CITY,210 S MAIN ST,DODD CITY,TX,75438,9998,,W23506,P
SOUTHERN,4G,TEXAS 1,752,75439,ECTOR,106 E SAM RAYBURN RD,ECTOR,TX,75439,9998,,W23598,P
SOUTHERN,4G,TEXAS 1,752,75440,EMORY,934 N TEXAS ST,EMORY,TX,75440,2462,,W23658,P
SOUTHERN,4G,TEXAS 1,752,75441,ENLOE,1884 FARM ROAD 2949 S,ENLOE,TX,75441,9998,P,W23665,P
SOUTHERN,4G,TEXAS 1,752,75442,FARMERSVILLE,213 MCKINNEY ST,FARMERSVILLE,TX,75442,9998,,W23715,P
SOUTHERN,4G,TEXAS 1,752,75443,GOBER,4672 FM 68,GOBER,TX,75443,9998,P,W23908,P
SOUTHERN,4G,TEXAS 1,752,75444,GOLDEN,5785 FM 779,GOLDEN,TX,75444,9998,P,W23911,P
SOUTHERN,4G,TEXAS 1,752,75446,HONEY GROVE,100 E MAIN ST,HONEY GROVE,TX,75446,9998,,W24120,P
SOUTHERN,4G,TEXAS 1,752,75447,IVANHOE,3876 N FM 273,IVANHOE,TX,75447,9998,,W24205,P
SOUTHERN,4G,TEXAS 1,752,75448,KLONDIKE,5548 FARM ROAD 1528,KLONDIKE,TX,75448,9998,,W24333,P
SOUTHERN,4G,TEXAS 1,752,75449,LADONIA,202 PARIS ST,LADONIA,TX,75449,9998,,W24371,P
SOUTHERN,4G,TEXAS 1,752,75450,LAKE CREEK,2128 COUNTY ROAD 4620,LAKE CREEK,TX,75450,9998,,W24382,P
SOUTHERN,4G,TEXAS 1,752,75451,LEESBURG,7666 STATE HIGHWAY 11 W,LEESBURG,TX,75451,9998,,W24456,P
SOUTHERN,4G,TEXAS 1,752,75452,LEONARD,113 W COLLIN ST,LEONARD,TX,75452,9998,,W24471,P
SOUTHERN,4G,TEXAS 1,752,75453,LONE OAK,401 US HIGHWAY 69 N,LONE OAK,TX,75453,9998,,W24521,P
SOUTHERN,4G,TEXAS 1,752,75454,MELISSA,1919 E MELISSA RD,MELISSA,TX,75454,9998,,W24688,P
SOUTHERN,4G,TEXAS 1,752,75455,MOUNT PLEASANT,201 W ALABAMA ST,MOUNT PLEASANT,TX,75455,9998,,W24810,P
SOUTHERN,4G,TEXAS 1,752,75456,MOUNT PLEASANT,201 W ALABAMA ST,MOUNT PLEASANT,TX,75455,9998,P,W24810,P
SOUTHERN,4G,TEXAS 1,752,75457,MOUNT VERNON,207 KAUFMAN ST S,MOUNT VERNON,TX,75457,9998,,W24814,P
SOUTHERN,4G,TEXAS 1,752,75458,MERIT,2584 FM 36 N,MERIT,TX,75458,9998,P,W24704,P
SOUTHERN,4G,TEXAS 1,752,75459,HOWE,101 W HANING ST,HOWE,TX,75459,9998,,W24132,P
SOUTHERN,4G,TEXAS 1,752,75460,PARIS,500 CLARKSVILLE ST,PARIS,TX,75460,9998,,W25085,P
SOUTHERN,4G,TEXAS 1,752,75461,PARIS,500 CLARKSVILLE ST,PARIS,TX,75460,9998,P,W25085,P
SOUTHERN,4G,TEXAS 1,752,75462,PARIS,500 CLARKSVILLE ST,PARIS,TX,75460,9998,,W25085,P
SOUTHERN,4G,TEXAS 1,752,75468,PATTONVILLE,6863 US HIGHWAY 271 S,PATTONVILLE,TX,75468,9998,,W25095,P
SOUTHERN,4G,TEXAS 1,752,75469,PECAN GAP,112 3RD ST,PECAN GAP,TX,75469,9998,,W25109,P
SOUTHERN,4G,TEXAS 1,752,75470,PETTY,306 FRONT ST,PETTY,TX,75470,9998,,W25142,P
SOUTHERN,4G,TEXAS 1,752,75471,PICKTON,33 COUNTY ROAD 2419 N,PICKTON,TX,75471,9998,,W25147,P
SOUTHERN,4G,TEXAS 1,752,75472,POINT,281 AVENUE C,POINT,TX,75472,9998,,W25188,P
SOUTHERN,4G,TEXAS 1,752,75473,PARIS,500 CLARKSVILLE ST,PARIS,TX,75460,9998,,W25085,P
SOUTHERN,4G,TEXAS 1,752,75473,POWDERLY,8500 US HIGHWAY 271 N,POWDERLY,TX,75473,9998,,W25229,P
SOUTHERN,4G,TEXAS 1,752,75474,QUINLAN,8570 STATE HIGHWAY 34 S,QUINLAN,TX,75474,9998,,W25281,P
SOUTHERN,4G,TEXAS 1,752,75475,RANDOLPH,100 NW STATE HIGHWAY 11,RANDOLPH,TX,75475,9998,P,W25299,P
SOUTHERN,4G,TEXAS 1,752,75476,IVANHOE,3876 N FM 273,IVANHOE,TX,75447,9998,,W24205,P
SOUTHERN,4G,TEXAS 1,752,75476,RAVENNA,105 N MAIN ST,RAVENNA,TX,75476,9998,,W25309,P
SOUTHERN,4G,TEXAS 1,752,75477,ROXTON,208 HARRISON AVE,ROXTON,TX,75477,9998,,W25453,P
SOUTHERN,4G,TEXAS 1,752,75478,MOUNT VERNON,207 KAUFMAN ST S,MOUNT VERNON,TX,75457,9998,,W24814,P
SOUTHERN,4G,TEXAS 1,752,75478,SALTILLO,13562 US HIGHWAY 67,SALTILLO,TX,75478,9998,,W25498,P
SOUTHERN,4G,TEXAS 1,752,75479,BELLS,710 W BELLS BLVD,BELLS,TX,75414,9998,,W22904,P
SOUTHERN,4G,TEXAS 1,752,75479,SAVOY,301 E HAYES ST,SAVOY,TX,75479,9998,,W25561,P
SOUTHERN,4G,TEXAS 1,752,75480,SCROGGINS,14891 FARM ROAD 115,SCROGGINS,TX,75480,9998,,W25571,P
SOUTHERN,4G,TEXAS 1,752,75481,SULPHUR BLUFF,12060 FARM ROAD 71 E,SULPHUR BLUFF,TX,75481,9998,,W25905,P
SOUTHERN,4G,TEXAS 1,752,75482,SULPHUR SPRINGS,320 CHURCH ST,SULPHUR SPRINGS,TX,75482,9998,,W25906,P
SOUTHERN,4G,TEXAS 1,752,75483,SULPHUR SPRINGS,320 CHURCH ST,SULPHUR SPRINGS,TX,75482,9998,P,W25906,P
SOUTHERN,4G,TEXAS 1,752,75485,WESTMINSTER,701 W HOUSTON ST,WESTMINSTER,TX,75485,9998,P,W26290,P
SOUTHERN,4G,TEXAS 1,752,75486,SUMNER,10182 FARM ROAD 79,SUMNER,TX,75486,5541,,W25910,P
SOUTHERN,4G,TEXAS 1,752,75487,TALCO,307 W BROAD ST,TALCO,TX,75487,9998,,W25946,P
SOUTHERN,4G,TEXAS 1,752,75488,TELEPHONE,100 MAIN ST,TELEPHONE,TX,75488,9998,,W25969,P
SOUTHERN,4G,TEXAS 1,752,75489,TOM BEAN,105 BRITTON ST,TOM BEAN,TX,75489,9700,P,W26046,P
SOUTHERN,4G,TEXAS 1,752,75490,TRENTON,200 HAMILTON ST,TRENTON,TX,75490,9998,,W26064,P
SOUTHERN,4G,TEXAS 1,752,75491,WHITEWRIGHT,125 W WALNUT ST,WHITEWRIGHT,TX,75491,9998,,W26317,P
SOUTHERN,4G,TEXAS 1,752,75492,WINDOM,408 MAIN ST,WINDOM,TX,75492,9998,,W26360,P
SOUTHERN,4G,TEXAS 1,752,75493,WINFIELD,116 MAIN ST,WINFIELD,TX,75493,9998,P,W26363,P
SOUTHERN,4G,TEXAS 1,752,75494,WINNSBORO,210 LOCUST ST,WINNSBORO,TX,75494,9998,,W26369,P
SOUTHERN,4G,TEXAS 1,752,75495,VAN ALSTYNE,130 E JEFFERSON ST,VAN ALSTYNE,TX,75495,9998,,W26150,P
SOUTHERN,4G,TEXAS 1,752,75496,WOLFE CITY,200 W MAIN ST,WOLFE CITY,TX,75496,9998,,W26375,P
SOUTHERN,4G,TEXAS 1,752,75497,YANTIS,122 N MAIN ST,YANTIS,TX,75497,9998,,W26401,P
SOUTHERN,4G,TEXAS 1,752,75501,TEXARKANA TX SDC,2211 N ROBISON RD,TEXARKANA,TX,75501,9900,,021155,4
SOUTHERN,4G,TEXAS 1,752,75503,TEXARKANA TX SDC,2211 N ROBISON RD,TEXARKANA,TX,75501,9900,,021155,4
SOUTHERN,4G,TEXAS 1,752,75505,TEXARKANA TX SDC,2211 N ROBISON RD,TEXARKANA,TX,75501,9900,P,021155,4
SOUTHERN,4G,TEXAS 1,752,75550,ANNONA,103 E MAIN ST,ANNONA,TX,75550,9998,,W22758,P
SOUTHERN,4G,TEXAS 1,752,75551,ATLANTA,101 E MILLER ST,ATLANTA,TX,75551,9998,,W22810,P
SOUTHERN,4G,TEXAS 1,752,75554,AVERY,340 FM 911 S,AVERY,TX,75554,9998,,W22819,P
SOUTHERN,4G,TEXAS 1,752,75555,BIVINS,103 MORSE RD,BIVINS,TX,75555,9998,,W22957,P
SOUTHERN,4G,TEXAS 1,752,75556,BLOOMBURG,411 S ARKANSAS AVE,BLOOMBURG,TX,75556,9998,,W22975,P
SOUTHERN,4G,TEXAS 1,752,75558,COOKVILLE,6648 US HIGHWAY 67 E,COOKVILLE,TX,75558,9998,,W23326,P
SOUTHERN,4G,TEXAS 1,752,75559,DE KALB,312 W FRONT ST,DE KALB,TX,75559,9998,,W23449,P
SOUTHERN,4G,TEXAS 1,752,75560,DOUGLASSVILLE,105 W HIGHWAY 77,DOUGLASSVILLE,TX,75560,9998,,W23525,P
SOUTHERN,4G,TEXAS 1,752,75561,HOOKS,15 E AVENUE A,HOOKS,TX,75561,9998,,W24122,P
SOUTHERN,4G,TEXAS 1,752,75562,KILDARE,1315 COUNTY ROAD 1894,KILDARE,TX,75562,9998,P,W24308,P
SOUTHERN,4G,TEXAS 1,752,75563,LINDEN,200 E RUSH ST,LINDEN,TX,75563,9998,,W24489,P
SOUTHERN,4G,TEXAS 1,752,75564,LODI,6819 FM 248 S,LODI,TX,75564,9998,P,W24512,P
SOUTHERN,4G,TEXAS 1,752,75565,MC LEOD,19641 FM 125 S,MC LEOD,TX,75565,9998,P,W24654,P
SOUTHERN,4G,TEXAS 1,752,75566,MARIETTA,104 S CENTRAL AVE,MARIETTA,TX,75566,9998,,W24609,P
SOUTHERN,4G,TEXAS 1,752,75567,MAUD,366 HOUSTON ST,MAUD,TX,75567,9998,,W24631,P
SOUTHERN,4G,TEXAS 1,752,75568,NAPLES,203 MAIN ST,NAPLES,TX,75568,9998,,W24837,P
SOUTHERN,4G,TEXAS 1,752,75569,NASH,1910 N KINGS HWY,NASH,TX,75569,2127,,W24840,P
SOUTHERN,4G,TEXAS 1,752,75569,TEXARKANA TX SDC,2211 N ROBISON RD,TEXARKANA,TX,75501,9900,,021155,4
SOUTHERN,4G,TEXAS 1,752,75570,NEW BOSTON,115 N WEST ST,NEW BOSTON,TX,75570,9998,,W24866,P
SOUTHERN,4G,TEXAS 1,752,75571,OMAHA,103 E MAIN ST,OMAHA,TX,75571,9998,,W25030,P
SOUTHERN,4G,TEXAS 1,752,75572,QUEEN CITY,1014 HOUSTON ST,QUEEN CITY,TX,75572,9998,,W25279,P
SOUTHERN,4G,TEXAS 1,752,75573,REDWATER,115 REDWATER BLVD W,REDWATER,TX,75573,9998,P,W25340,P
SOUTHERN,4G,TEXAS 1,752,75574,SIMMS,7539 US HIGHWAY 67 W,SIMMS,TX,75574,9997,,W25647,P
SOUTHERN,4G,TEXAS 1,752,75601,LONGVIEW,2336 S MOBBERLY AVE,LONGVIEW,TX,75602,9998,,W24532,P
SOUTHERN,4G,TEXAS 1,752,75602,LONGVIEW,2336 S MOBBERLY AVE,LONGVIEW,TX,75602,9998,,W24532,P
SOUTHERN,4G,TEXAS 1,752,75603,LONGVIEW,2336 S MOBBERLY AVE,LONGVIEW,TX,75602,9998,,W24532,P
SOUTHERN,4G,TEXAS 1,752,75604,NORTHWEST LONGVIEW,4501 MCCANN RD,LONGVIEW,TX,75605,9998,,W24962,S
SOUTHERN,4G,TEXAS 1,752,75605,NORTHWEST LONGVIEW,4501 MCCANN RD,LONGVIEW,TX,75605,9998,,W24962,S
SOUTHERN,4G,TEXAS 1,752,75606,DOWNTOWN LONGVIEW,201 E METHVIN ST,LONGVIEW,TX,75601,9998,P,W23539,S
SOUTHERN,4G,TEXAS 1,752,75607,LONGVIEW,2336 S MOBBERLY AVE,LONGVIEW,TX,75602,9998,P,W24532,P
SOUTHERN,4G,TEXAS 1,752,75608,NORTHWEST LONGVIEW,4501 MCCANN RD,LONGVIEW,TX,75605,9998,P,W24962,S
SOUTHERN,4G,TEXAS 1,752,75615,NORTHWEST LONGVIEW,4501 MCCANN RD,LONGVIEW,TX,75605,9998,P,W24962,S
SOUTHERN,4G,TEXAS 1,752,75630,AVINGER,102 TEXAS HIGHWAY 155,AVINGER,TX,75630,9998,,W22820,P
SOUTHERN,4G,TEXAS 1,752,75631,BECKVILLE,125 S WASHINGTON ST,BECKVILLE,TX,75631,9998,,W22889,P
SOUTHERN,4G,TEXAS 1,752,75633,CARTHAGE,109 W WELLINGTON ST,CARTHAGE,TX,75633,9998,,W23163,P
SOUTHERN,4G,TEXAS 1,752,75636,CASON,4334 TEXAS STATE HIGHWAY 11 W,CASON,TX,75636,9998,P,W23165,P
SOUTHERN,4G,TEXAS 1,752,75637,CLAYTON,4535 W HIGHWAY 315,CLAYTON,TX,75637,9998,P,W23271,P
SOUTHERN,4G,TEXAS 1,752,75638,DAINGERFIELD,214 W SCURRY ST,DAINGERFIELD,TX,75638,9998,,W23420,P
SOUTHERN,4G,TEXAS 1,752,75639,DE BERRY,7132 US HIGHWAY 79 N,DE BERRY,TX,75639,9998,,W23448,P
SOUTHERN,4G,TEXAS 1,752,75640,DIANA,2218 US HIGHWAY 259 S,DIANA,TX,75640,9998,,W23490,P
SOUTHERN,4G,TEXAS 1,752,75642,ELYSIAN FIELDS,18154 FM 31,ELYSIAN FIELDS,TX,75642,9998,P,W23653,P
SOUTHERN,4G,TEXAS 1,752,75643,GARY,2601 FM 999,GARY,TX,75643,9998,,W23867,P
SOUTHERN,4G,TEXAS 1,752,75644,GILMER,405 N CYPRESS ST,GILMER,TX,75644,9998,,W23893,P
SOUTHERN,4G,TEXAS 1,752,75645,GILMER,405 N CYPRESS ST,GILMER,TX,75644,9998,,W23893,P
SOUTHERN,4G,TEXAS 1,752,75647,GLADEWATER,101 N DEAN ST,GLADEWATER,TX,75647,9998,,W23896,P
SOUTHERN,4G,TEXAS 1,752,75650,HALLSVILLE,208 E MAIN ST,HALLSVILLE,TX,75650,9998,,W24009,P
SOUTHERN,4G,TEXAS 1,752,75651,HARLETON,17017 STATE HIGHWAY 154,HARLETON,TX,75651,9998,,W24032,P
SOUTHERN,4G,TEXAS 1,752,75652,HENDERSON,505 S MAIN ST,HENDERSON,TX,75654,9998,,W24067,P
SOUTHERN,4G,TEXAS 1,752,75653,HENDERSON,505 S MAIN ST,HENDERSON,TX,75654,9998,P,W24067,P
SOUTHERN,4G,TEXAS 1,752,75654,HENDERSON,505 S MAIN ST,HENDERSON,TX,75654,9998,,W24067,P
SOUTHERN,4G,TEXAS 1,752,75656,HUGHES SPRINGS,104 E 2ND,HUGHES SPRINGS,TX,75656,9998,,W24143,P
SOUTHERN,4G,TEXAS 1,752,75657,JEFFERSON,214 W LAFAYETTE ST,JEFFERSON,TX,75657,9998,,W24228,P
SOUTHERN,4G,TEXAS 1,752,75658,JOINERVILLE,7110 HIGHWAY 64 W,JOINERVILLE,TX,75658,9998,P,W24242,P
SOUTHERN,4G,TEXAS 1,752,75659,JONESVILLE,2335 FM 134,JONESVILLE,TX,75659,9998,P,W24251,P
SOUTHERN,4G,TEXAS 1,752,75660,JUDSON,7526 TRYON RD,JUDSON,TX,75660,5048,P,W24262,P
SOUTHERN,4G,TEXAS 1,752,75661,KARNACK,15592 FM 134,KARNACK,TX,75661,9998,,W24274,P
SOUTHERN,4G,TEXAS 1,752,75662,KILGORE,500 N KILGORE ST,KILGORE,TX,75662,9998,,W24309,P
SOUTHERN,4G,TEXAS 1,752,75663,KILGORE,500 N KILGORE ST,KILGORE,TX,75662,9998,P,W24309,P
SOUTHERN,4G,TEXAS 1,752,75666,LAIRD HILL,10992 S STATE HIGHWAY 42,LAIRD HILL,TX,75666,9702,P,W24379,P
SOUTHERN,4G,TEXAS 1,752,75667,LANEVILLE,13836 FM 225 S,LANEVILLE,TX,75667,9998,,W24424,P
SOUTHERN,4G,TEXAS 1,752,75668,LONE STAR,308 N MAIN ST,LONE STAR,TX,75668,9998,,W24523,P
SOUTHERN,4G,TEXAS 1,752,75669,LONG BRANCH,671 FM 348,LONG BRANCH,TX,75669,9998,,W24526,P
SOUTHERN,4G,TEXAS 1,752,75669,MOUNT ENTERPRISE,211 E RUSK ST,MOUNT ENTERPRISE,TX,75681,9998,,W24807,P
SOUTHERN,4G,TEXAS 1,752,75670,MARSHALL,202 E TRAVIS ST,MARSHALL,TX,75670,9998,,W24614,P
SOUTHERN,4G,TEXAS 1,752,75671,MARSHALL,202 E TRAVIS ST,MARSHALL,TX,75670,9998,P,W24614,P
SOUTHERN,4G,TEXAS 1,752,75672,MARSHALL,202 E TRAVIS ST,MARSHALL,TX,75670,9998,,W24614,P
SOUTHERN,4G,TEXAS 1,752,75680,HENDERSON,505 S MAIN ST,HENDERSON,TX,75654,9998,P,W24067,P
SOUTHERN,4G,TEXAS 1,752,75681,MOUNT ENTERPRISE,211 E RUSK ST,MOUNT ENTERPRISE,TX,75681,9998,,W24807,P
SOUTHERN,4G,TEXAS 1,752,75682,NEW LONDON,10750 S MAIN ST,NEW LONDON,TX,75682,9998,P,W24880,P
SOUTHERN,4G,TEXAS 1,752,75683,ORE CITY,203 US HIGHWAY 259 S,ORE CITY,TX,75683,9998,,W25040,P
SOUTHERN,4G,TEXAS 1,752,75684,OVERTON,115 S RUSK ST,OVERTON,TX,75684,9998,,W25049,P
SOUTHERN,4G,TEXAS 1,752,75685,PANOLA,175 S FM 9,PANOLA,TX,75685,9998,P,W25079,P
SOUTHERN,4G,TEXAS 1,752,75686,PITTSBURG,151 E MARSHALL ST,PITTSBURG,TX,75686,9998,,W25167,P
SOUTHERN,4G,TEXAS 1,752,75687,PRICE,9031 FM 13,PRICE,TX,75687,9800,P,W25247,P
SOUTHERN,4G,TEXAS 1,752,75688,SCOTTSVILLE,8657 US HIGHWAY 80 E,SCOTTSVILLE,TX,75688,9998,P,W25570,P
SOUTHERN,4G,TEXAS 1,752,75689,SELMAN CITY,10310 HIGHWAY 64 W,SELMAN CITY,TX,75689,9998,P,W25592,P
SOUTHERN,4G,TEXAS 1,752,75691,TATUM,165 N HOOD ST,TATUM,TX,75691,9998,,W25960,P
SOUTHERN,4G,TEXAS 1,752,75692,WASKOM,265 SPUR 156,WASKOM,TX,75692,9998,,W26228,P
SOUTHERN,4G,TEXAS 1,752,75693,WHITE OAK,1200 S WHITE OAK RD,WHITE OAK,TX,75693,3519,,W26309,P
SOUTHERN,4G,TEXAS 1,752,75694,WOODLAWN,9620 US HIGHWAY 59 N,WOODLAWN,TX,75694,9998,P,W26384,P
SOUTHERN,4G,TEXAS 1,752,75701,AZALEA,2627 S BROADWAY AVE,TYLER,TX,75701,9998,,W22824,S
SOUTHERN,4G,TEXAS 1,752,75702,TYLER,2100 W MARTIN LUTHER KING JR BLVD,TYLER,TX,75702,9998,,W26091,P
SOUTHERN,4G,TEXAS 1,752,75703,SOUTH TYLER ANNEX,6722 S BROADWAY AVE STE 100,TYLER,TX,75703,9997,,W26572,4
SOUTHERN,4G,TEXAS 1,752,75704,TYLER,2100 W MARTIN LUTHER KING JR BLVD,TYLER,TX,75702,9998,,W26091,P
SOUTHERN,4G,TEXAS 1,752,75705,TYLER,2100 W MARTIN LUTHER KING JR BLVD,TYLER,TX,75702,9998,,W26091,P
SOUTHERN,4G,TEXAS 1,752,75706,TYLER,2100 W MARTIN LUTHER KING JR BLVD,TYLER,TX,75702,9998,,W26091,P
SOUTHERN,4G,TEXAS 1,752,75707,AZALEA,2627 S BROADWAY AVE,TYLER,TX,75701,9998,,W22824,S
SOUTHERN,4G,TEXAS 1,752,75708,TYLER,2100 W MARTIN LUTHER KING JR BLVD,TYLER,TX,75702,9998,,W26091,P
SOUTHERN,4G,TEXAS 1,752,75709,TYLER,2100 W MARTIN LUTHER KING JR BLVD,TYLER,TX,75702,9998,,W26091,P
SOUTHERN,4G,TEXAS 1,752,75710,TYLER,2100 W MARTIN LUTHER KING JR BLVD,TYLER,TX,75702,9998,P,W26091,P
SOUTHERN,4G,TEXAS 1,752,75711,AZALEA,2627 S BROADWAY AVE,TYLER,TX,75701,9998,P,W22824,S
SOUTHERN,4G,TEXAS 1,752,75712,TYLER,2100 W MARTIN LUTHER KING JR BLVD,TYLER,TX,75702,9998,P,W26091,P
SOUTHERN,4G,TEXAS 1,752,75713,SOUTHEAST CROSSING,3320 TROUP HWY STE 290,TYLER,TX,75701,9997,P,W25705,S
SOUTHERN,4G,TEXAS 1,752,75750,ARP,202 W FRONT ST,ARP,TX,75750,9998,,W22787,P
SOUTHERN,4G,TEXAS 1,752,75751,ATHENS,409 E TYLER ST,ATHENS,TX,75751,9998,,W22809,P
SOUTHERN,4G,TEXAS 1,752,75752,ATHENS,409 E TYLER ST,ATHENS,TX,75751,9998,,W22809,P
SOUTHERN,4G,TEXAS 1,752,75754,BEN WHEELER,13838 STATE HIGHWAY 64,BEN WHEELER,TX,75754,9998,,W22915,P
SOUTHERN,4G,TEXAS 1,752,75755,BIG SANDY,210 E BROADWAY ST,BIG SANDY,TX,75755,9998,,W22947,P
SOUTHERN,4G,TEXAS 1,752,75756,BROWNSBORO,14201 STATE HIGHWAY 31 E,BROWNSBORO,TX,75756,9998,,W23055,P
SOUTHERN,4G,TEXAS 1,752,75757,BULLARD,409 E MAIN ST,BULLARD,TX,75757,9997,,W23084,P
SOUTHERN,4G,TEXAS 1,752,75758,CHANDLER,326 STATE HIGHWAY 31 E,CHANDLER,TX,75758,9998,,W23208,P
SOUTHERN,4G,TEXAS 1,752,75759,CUNEY,9455 US HIGHWAY 175 W,CUNEY,TX,75759,9998,P,W23400,P
SOUTHERN,4G,TEXAS 1,752,75760,CUSHING,602 7TH ST,CUSHING,TX,75760,9998,,W23405,P
SOUTHERN,4G,TEXAS 1,752,75762,FLINT,10668 FM 346 W,FLINT,TX,75762,9998,,W23749,P
SOUTHERN,4G,TEXAS 1,752,75763,FRANKSTON,400 E MAIN ST,FRANKSTON,TX,75763,9998,,W23804,P
SOUTHERN,4G,TEXAS 1,752,75764,GALLATIN,139 E FIRST AVE,GALLATIN,TX,75764,9998,P,W23848,P
SOUTHERN,4G,TEXAS 1,752,75765,HAWKINS,969 N BEAULAH ST,HAWKINS,TX,75765,9998,,W24050,P
SOUTHERN,4G,TEXAS 1,752,75766,JACKSONVILLE,400 W RUSK ST,JACKSONVILLE,TX,75766,9998,,W24215,P
SOUTHERN,4G,TEXAS 1,752,75770,LARUE,11085 LOOP 60,LARUE,TX,75770,9998,,W24429,P
SOUTHERN,4G,TEXAS 1,752,75771,LINDALE,507 S MAIN ST,LINDALE,TX,75771,9998,,W24488,P
SOUTHERN,4G,TEXAS 1,752,75772,MAYDELLE,156 COUNTY ROAD 1801,MAYDELLE,TX,75772,9998,P,W24637,P
SOUTHERN,4G,TEXAS 1,752,75773,MINEOLA,630 E BROAD ST,MINEOLA,TX,75773,9998,,W24746,P
SOUTHERN,4G,TEXAS 1,752,75778,MURCHISON,6684 STATE HIGHWAY 31,MURCHISON,TX,75778,9998,,W24830,P
SOUTHERN,4G,TEXAS 1,752,75779,NECHES,100 FM 2574,NECHES,TX,75779,9998,P,W24855,P
SOUTHERN,4G,TEXAS 1,752,75780,NEW SUMMERFIELD,13460 STATE HIGHWAY 110 N,NEW SUMMERFIELD,TX,75780,9998,P,W24886,P
SOUTHERN,4G,TEXAS 1,752,75782,POYNOR,15662 US HIGHWAY 175 E,POYNOR,TX,75782,9998,P,W25232,P
SOUTHERN,4G,TEXAS 1,752,75783,QUITMAN,202 N SISSY SPACEK DR,QUITMAN,TX,75783,9998,,W25284,P
SOUTHERN,4G,TEXAS 1,752,75784,REKLAW,320 N MAIN ST,REKLAW,TX,75784,9998,,W25347,P
SOUTHERN,4G,TEXAS 1,752,75785,RUSK,112 W 5TH ST,RUSK,TX,75785,9998,,W25465,P
SOUTHERN,4G,TEXAS 1,752,75788,SACUL,100 US HIGHWAY 204,SACUL,TX,75788,9998,P,W25481,P
SOUTHERN,4G,TEXAS 1,752,75789,TROUP,104 E DUVAL ST,TROUP,TX,75789,9998,,W26071,P
SOUTHERN,4G,TEXAS 1,752,75790,VAN,770 W MAIN ST,VAN,TX,75790,9998,,W26149,P
SOUTHERN,4G,TEXAS 1,752,75791,WHITEHOUSE,1114 STATE HIGHWAY 110 N,WHITEHOUSE,TX,75791,9998,,W26314,P
SOUTHERN,4G,TEXAS 1,752,75792,WINONA,908 DALLAS ST,WINONA,TX,75792,9998,,W26370,P
SOUTHERN,4G,TEXAS 1,752,75801,PALESTINE,1213 N LINK ST,PALESTINE,TX,75803,9998,,W25063,P
SOUTHERN,4G,TEXAS 1,752,75802,PALESTINE,1213 N LINK ST,PALESTINE,TX,75803,9998,P,W25063,P
SOUTHERN,4G,TEXAS 1,752,75803,PALESTINE,1213 N LINK ST,PALESTINE,TX,75803,9998,,W25063,P
SOUTHERN,4G,TEXAS 1,752,75831,BUFFALO,208 CENTER ST,BUFFALO,TX,75831,9998,,W23080,P
SOUTHERN,4G,TEXAS 1,752,75832,CAYUGA,21649 N US HIGHWAY 287,CAYUGA,TX,75832,9998,P,W23173,P
SOUTHERN,4G,TEXAS 1,752,75833,CENTERVILLE,322 E SAINT MARYS ST,CENTERVILLE,TX,75833,9998,,W23194,P
SOUTHERN,4G,TEXAS 1,752,75835,CROCKETT,600 E GOLIAD AVE,CROCKETT,TX,75835,9998,,W23383,P
SOUTHERN,4G,TEXAS 1,752,75838,DONIE,236 MAIN ST,DONIE,TX,75838,9998,,W23513,P
SOUTHERN,4G,TEXAS 1,752,75839,ELKHART,100 SHERIDAN ST,ELKHART,TX,75839,9998,,W23640,P
SOUTHERN,4G,TEXAS 1,752,75840,FAIRFIELD,320 E COMMERCE ST,FAIRFIELD,TX,75840,9998,,W23699,P
SOUTHERN,4G,TEXAS 1,752,75844,GRAPELAND,309 W CHESTNUT ST,GRAPELAND,TX,75844,9998,,W23951,P
SOUTHERN,4G,TEXAS 1,752,75845,GROVETON,147 E 2ND ST,GROVETON,TX,75845,9998,,W23984,P
SOUTHERN,4G,TEXAS 1,752,75846,JEWETT,1001 N MAIN ST,JEWETT,TX,75846,9998,,W24235,P
SOUTHERN,4G,TEXAS 1,752,75847,KENNARD,312 W MAIN ST,KENNARD,TX,75847,9998,,W24297,P
SOUTHERN,4G,TEXAS 1,752,75848,STREETMAN,223 E MAIN ST,STREETMAN,TX,75859,9998,P,W25894,P
SOUTHERN,4G,TEXAS 1,752,75849,LATEXO,3529 US HIGHWAY 287 N,LATEXO,TX,75849,9998,P,W24437,P
SOUTHERN,4G,TEXAS 1,752,75850,LEONA,143 N LEONA BLVD,LEONA,TX,75850,9998,,W24470,P
SOUTHERN,4G,TEXAS 1,752,75851,LOVELADY,290 S COMMERCE ST,LOVELADY,TX,75851,9998,,W24552,P
SOUTHERN,4G,TEXAS 1,752,75852,MIDWAY,11528 STATE HIGHWAY 21 E,MIDWAY,TX,75852,9998,,W24725,P
SOUTHERN,4G,TEXAS 1,752,75853,MONTALBA,200 E FM 321,MONTALBA,TX,75853,9998,,W24772,P
SOUTHERN,4G,TEXAS 1,752,75853,TENNESSEE COLONY,1816 FM 645,TENNESSEE COLONY,TX,75861,9998,,W25978,P
SOUTHERN,4G,TEXAS 1,752,75855,OAKWOOD,315 W BROAD ST,OAKWOOD,TX,75855,9998,,W24993,P
SOUTHERN,4G,TEXAS 1,752,75856,PENNINGTON,6552 FM 2781,PENNINGTON,TX,75856,9998,,W25119,P
SOUTHERN,4G,TEXAS 1,752,75858,RATCLIFF,100 STATE HIGHWAY 7,RATCLIFF,TX,75858,9998,P,W25306,P
SOUTHERN,4G,TEXAS 1,752,75859,STREETMAN,223 E MAIN ST,STREETMAN,TX,75859,9998,,W25894,P
SOUTHERN,4G,TEXAS 1,752,75860,TEAGUE,320 MAIN ST,TEAGUE,TX,75860,9998,,W25964,P
SOUTHERN,4G,TEXAS 1,752,75861,TENNESSEE COLONY,1816 FM 645,TENNESSEE COLONY,TX,75861,9998,,W25978,P
SOUTHERN,4G,TEXAS 1,752,75862,TRINITY,116 W MAIN ST,TRINITY,TX,75862,9998,,W26068,P
SOUTHERN,4G,TEXAS 1,752,75865,GROVETON,147 E 2ND ST,GROVETON,TX,75845,9998,P,W23984,P
SOUTHERN,4G,TEXAS 1,752,75901,LUFKIN,800 S JOHN REDDITT DR,LUFKIN,TX,75904,9998,,W24563,P
SOUTHERN,4G,TEXAS 1,752,75902,DOWNTOWN LUFKIN,601 E LUFKIN AVE,LUFKIN,TX,75901,4043,P,019738,S
SOUTHERN,4G,TEXAS 1,752,75903,KELTYS,1908 N RAGUET,LUFKIN,TX,75903,9901,P,W24289,S
SOUTHERN,4G,TEXAS 1,752,75904,LUFKIN,800 S JOHN REDDITT DR,LUFKIN,TX,75904,9998,,W24563,P
SOUTHERN,4G,TEXAS 1,752,75915,LUFKIN,800 S JOHN REDDITT DR,LUFKIN,TX,75904,9998,P,W24563,P
SOUTHERN,4G,TEXAS 1,752,75925,ALTO,201 COOPER ST,ALTO,TX,75925,9998,,W22724,P
SOUTHERN,4G,TEXAS 1,752,75926,APPLE SPRINGS,15799 N STATE HIGHWAY 94,APPLE SPRINGS,TX,75926,9998,,W22770,P
SOUTHERN,4G,TEXAS 1,752,75928,BON WIER,10735 US HIGHWAY 190 E,BON WIER,TX,75928,9998,,W23001,P
SOUTHERN,4G,TEXAS 1,752,75929,BROADDUS,506 STATE HIGHWAY 147,BROADDUS,TX,75929,9998,,W23041,P
SOUTHERN,4G,TEXAS 1,752,75930,BRONSON,10850 US HIGHWAY 96 N,BRONSON,TX,75930,9998,,W23043,P
SOUTHERN,4G,TEXAS 1,752,75930,PINELAND,100 TIMBERLAND HWY,PINELAND,TX,75968,4011,,W25159,P
SOUTHERN,4G,TEXAS 1,752,75931,BROOKELAND,15674 US HIGHWAY 96 N,BROOKELAND,TX,75931,9998,,W23045,P
SOUTHERN,4G,TEXAS 1,752,75932,BURKEVILLE,147 STATE HIGHWAY 63 E,BURKEVILLE,TX,75932,9998,,W23090,P
SOUTHERN,4G,TEXAS 1,752,75933,CALL,676 FM 1013 S,CALL,TX,75933,9998,,W23114,P
SOUTHERN,4G,TEXAS 1,752,75934,CORRIGAN,502 N HOME ST,CORRIGAN,TX,75939,9998,P,W23348,P
SOUTHERN,4G,TEXAS 1,752,75935,CENTER,101 WEAVER ST,CENTER,TX,75935,9998,,W23190,P
SOUTHERN,4G,TEXAS 1,752,75936,CHESTER,13884 MAIN ST,CHESTER,TX,75936,9998,,W23225,P
SOUTHERN,4G,TEXAS 1,752,75937,CHIRENO,691 MAIN ST,CHIRENO,TX,75937,9998,,W23238,P
SOUTHERN,4G,TEXAS 1,752,75938,COLMESNEIL,605 N WHEELER RD,COLMESNEIL,TX,75938,9998,,W23301,P
SOUTHERN,4G,TEXAS 1,752,75939,CORRIGAN,502 N HOME ST,CORRIGAN,TX,75939,9998,,W23348,P
SOUTHERN,4G,TEXAS 1,752,75941,DIBOLL,302 N HENDRICK AVE,DIBOLL,TX,75941,9998,,W23491,P
SOUTHERN,4G,TEXAS 1,752,75942,DOUCETTE,100 US HIGHWAY 69,DOUCETTE,TX,75942,9998,P,W23522,P
SOUTHERN,4G,TEXAS 1,752,75943,DOUGLASS,15614 W STATE HIGHWAY 21,DOUGLASS,TX,75943,9998,,W23524,P
SOUTHERN,4G,TEXAS 1,752,75944,ETOILE,2506 STATE HIGHWAY 103 STE A,ETOILE,TX,75944,9998,,W23677,P
SOUTHERN,4G,TEXAS 1,752,75946,GARRISON,222 N B AVE,GARRISON,TX,75946,9998,,W23864,P
SOUTHERN,4G,TEXAS 1,752,75948,HEMPHILL,255 N TEXAS ST,HEMPHILL,TX,75948,9998,,W24065,P
SOUTHERN,4G,TEXAS 1,752,75949,HUNTINGTON,260 S US HIGHWAY 69,HUNTINGTON,TX,75949,9998,,W24151,P
SOUTHERN,4G,TEXAS 1,752,75951,JASPER,215 N BOWIE ST,JASPER,TX,75951,9998,,W24224,P
SOUTHERN,4G,TEXAS 1,752,75951,CPU SAM RAYBURN,3881 SAM RAYBURN PKWY,BROOKELAND,TX,75931,9991,,W25502,5
SOUTHERN,4G,TEXAS 1,752,75954,JOAQUIN,209 84TH ST,JOAQUIN,TX,75954,9998,,W24237,P
SOUTHERN,4G,TEXAS 1,752,75956,KIRBYVILLE,301 E LAVIELLE ST,KIRBYVILLE,TX,75956,9998,,W24323,P
SOUTHERN,4G,TEXAS 1,752,75958,MARTINSVILLE,10990 FM 95,MARTINSVILLE,TX,75958,9998,P,W24620,P
SOUTHERN,4G,TEXAS 1,752,75959,MILAM,150 STATE HIGHWAY 21,MILAM,TX,75959,9998,,W24730,P
SOUTHERN,4G,TEXAS 1,752,75960,MOSCOW,16281 US HIGHWAY 59 N,MOSCOW,TX,75960,9998,,W24797,P
SOUTHERN,4G,TEXAS 1,752,75961,NACOGDOCHES,3007 N UNIVERSITY DR,NACOGDOCHES,TX,75965,9998,,W24834,P
SOUTHERN,4G,TEXAS 1,752,75963,NACOGDOCHES,3007 N UNIVERSITY DR,NACOGDOCHES,TX,75965,9998,P,W24834,P
SOUTHERN,4G,TEXAS 1,752,75964,NACOGDOCHES,3007 N UNIVERSITY DR,NACOGDOCHES,TX,75965,9998,,W24834,P
SOUTHERN,4G,TEXAS 1,752,75965,NACOGDOCHES,3007 N UNIVERSITY DR,NACOGDOCHES,TX,75965,9998,,W24834,P
SOUTHERN,4G,TEXAS 1,752,75966,NEWTON,419 RUSK ST,NEWTON,TX,75966,9998,,W24898,P
SOUTHERN,4G,TEXAS 1,752,75968,PINELAND,100 TIMBERLAND HWY,PINELAND,TX,75968,4011,,W25159,P
SOUTHERN,4G,TEXAS 1,752,75969,POLLOK,533 W STATE HIGHWAY 7,POLLOK,TX,75969,9998,,W25193,P
SOUTHERN,4G,TEXAS 1,752,75972,SAN AUGUSTINE,117 W MAIN ST,SAN AUGUSTINE,TX,75972,9998,,W25506,P
SOUTHERN,4G,TEXAS 1,752,75973,SHELBYVILLE,5182 STATE HIGHWAY 87 S,SHELBYVILLE,TX,75973,9998,,W25620,P
SOUTHERN,4G,TEXAS 1,752,75974,TENAHA,152 S GEORGE BOWERS DR,TENAHA,TX,75974,9998,,W25975,P
SOUTHERN,4G,TEXAS 1,752,75975,TIMPSON,437 BEAR DR,TIMPSON,TX,75975,9998,,W26037,P
SOUTHERN,4G,TEXAS 1,752,75976,WELLS,314 RUSK AVE,WELLS,TX,75976,9998,P,W26256,P
SOUTHERN,4G,TEXAS 1,752,75977,WIERGATE,983 FM 1415,WIERGATE,TX,75977,9998,,W26328,P
SOUTHERN,4G,TEXAS 1,752,75978,WODEN,5148 FM 226,WODEN,TX,75978,9998,P,W26374,P
SOUTHERN,4G,TEXAS 1,752,75979,WOODVILLE,307 W WHEAT ST,WOODVILLE,TX,75979,9998,,W26388,P
SOUTHERN,4G,TEXAS 1,752,75980,ZAVALLA,247 E MAIN ST,ZAVALLA,TX,75980,9998,,W26412,P
SOUTHERN,4G,TEXAS 1,752,76001,BARDIN ROAD,1301 E BARDIN RD,ARLINGTON,TX,76018,2130,,W22848,S
SOUTHERN,4G,TEXAS 1,752,76002,BARDIN ROAD,1301 E BARDIN RD,ARLINGTON,TX,76018,2130,,W22848,S
SOUTHERN,4G,TEXAS 1,752,76003,TATE SPRINGS,4108 SW GREEN OAKS BLVD,ARLINGTON,TX,76017,4198,P,W25959,S
SOUTHERN,4G,TEXAS 1,752,76004,MAIN OFFICE ARLINGTON,300 E SOUTH ST,ARLINGTON,TX,76004,9998,P,004914,S
SOUTHERN,4G,TEXAS 1,752,76005,WATSON COMMUNITY,1975 BALLPARK WAY,ARLINGTON,TX,76006,6635,,W26236,S
SOUTHERN,4G,TEXAS 1,752,76006,WATSON COMMUNITY,1975 BALLPARK WAY,ARLINGTON,TX,76006,6635,,W26236,S
SOUTHERN,4G,TEXAS 1,752,76007,EAST ARLINGTON,1828 E PARK ROW DR STE B,ARLINGTON,TX,76010,9997,P,W23575,S
SOUTHERN,4G,TEXAS 1,752,76008,ALEDO,412 OLD ANNETTA RD,ALEDO,TX,76008,9998,,W22708,P
SOUTHERN,4G,TEXAS 1,752,76009,ALVARADO,300 E HIGHWAY 67,ALVARADO,TX,76009,9998,,W22727,P
SOUTHERN,4G,TEXAS 1,752,76010,MAIN OFFICE ARLINGTON,300 E SOUTH ST,ARLINGTON,TX,76004,9998,,004914,S
SOUTHERN,4G,TEXAS 1,752,76011,WATSON COMMUNITY,1975 BALLPARK WAY,ARLINGTON,TX,76006,6635,,W26236,S
SOUTHERN,4G,TEXAS 1,752,76012,OAKWOOD,1009 OAKWOOD LN,ARLINGTON,TX,76012,4475,,W24992,S
SOUTHERN,4G,TEXAS 1,752,76013,OAKWOOD,1009 OAKWOOD LN,ARLINGTON,TX,76012,4475,,W24992,S
SOUTHERN,4G,TEXAS 1,752,76014,BARDIN ROAD,1301 E BARDIN RD,ARLINGTON,TX,76018,2130,,W22848,S
SOUTHERN,4G,TEXAS 1,752,76015,MELEAR,3903 MELEAR DR,ARLINGTON,TX,76015,9998,,W24687,S
SOUTHERN,4G,TEXAS 1,752,76016,MELEAR,3903 MELEAR DR,ARLINGTON,TX,76015,9998,,W24687,S
SOUTHERN,4G,TEXAS 1,752,76017,MELEAR,3903 MELEAR DR,ARLINGTON,TX,76015,9998,,W24687,S
SOUTHERN,4G,TEXAS 1,752,76018,BARDIN ROAD,1301 E BARDIN RD,ARLINGTON,TX,76018,2130,,W22848,S
SOUTHERN,4G,TEXAS 1,752,76020,AZLE,409 COMMERCE ST,AZLE,TX,76020,9998,,W22825,P
SOUTHERN,4G,TEXAS 1,752,76021,BEDFORD,1300 HARWOOD RD,BEDFORD,TX,76021,4516,,W22890,P
SOUTHERN,4G,TEXAS 1,752,76022,BEDFORD,1300 HARWOOD RD,BEDFORD,TX,76021,4516,,W22890,P
SOUTHERN,4G,TEXAS 1,752,76023,BOYD,121 N FM 730,BOYD,TX,76023,9998,,W23017,P
SOUTHERN,4G,TEXAS 1,752,76028,BURLESON,232 SW JOHNSON AVE,BURLESON,TX,76028,9998,,W23092,P
SOUTHERN,4G,TEXAS 1,752,76031,CLEBURNE,201 FAIRCREST DR,CLEBURNE,TX,76033,4649,,W23277,P
SOUTHERN,4G,TEXAS 1,752,76033,CLEBURNE,201 FAIRCREST DR,CLEBURNE,TX,76033,4649,,W23277,P
SOUTHERN,4G,TEXAS 1,752,76034,COLLEYVILLE,1501 HALL JOHNSON RD,COLLEYVILLE,TX,76034,9998,,W23299,P
SOUTHERN,4G,TEXAS 1,752,76035,CRESSON,9300 PITTSBURG ST,CRESSON,TX,76035,9998,,W23379,P
SOUTHERN,4G,TEXAS 1,752,76036,CROWLEY,200 S CROWLEY RD,CROWLEY,TX,76036,9998,,W23392,P
SOUTHERN,4G,TEXAS 1,752,76039,EULESS,210 N ECTOR DR,EULESS,TX,76039,3651,,W23680,P
SOUTHERN,4G,TEXAS 1,752,76040,EULESS,210 N ECTOR DR,EULESS,TX,76039,3651,,W23680,P
SOUTHERN,4G,TEXAS 1,752,76041,FORRESTON,406 CHERRY ST,FORRESTON,TX,76041,1702,,W23778,P
SOUTHERN,4G,TEXAS 1,752,76043,GLEN ROSE,500 NE BIG BEND TRL,GLEN ROSE,TX,76043,9998,,W23902,P
SOUTHERN,4G,TEXAS 1,752,76044,GODLEY,100 S MAIN ST,GODLEY,TX,76044,9998,,W23909,P
SOUTHERN,4G,TEXAS 1,752,76048,GRANBURY,530 N CROCKETT ST,GRANBURY,TX,76048,9998,,W23936,P
SOUTHERN,4G,TEXAS 1,752,76049,ACTON,5561 N GATE RD,GRANBURY,TX,76049,9998,,W26817,B
SOUTHERN,4G,TEXAS 1,752,76050,GRANDVIEW,900 E CRINER ST,GRANDVIEW,TX,76050,9998,,W23942,P
SOUTHERN,4G,TEXAS 1,752,76051,GRAPEVINE,1251 WILLIAM D TATE AVE,GRAPEVINE,TX,76051,9998,,W23952,P
SOUTHERN,4G,TEXAS 1,752,76052,HASLET,1097 SCHOOLHOUSE RD,HASLET,TX,76052,9998,,W24045,P
SOUTHERN,4G,TEXAS 1,752,76053,HURST,825 PRECINCT LINE RD,HURST,TX,76053,4974,,W24153,P
SOUTHERN,4G,TEXAS 1,752,76054,NORTH HURST,777 CANNON DR,HURST,TX,76054,3174,,W24938,S
SOUTHERN,4G,TEXAS 1,752,76055,ITASCA,100 E ADAMS ST,ITASCA,TX,76055,9998,,W24204,P
SOUTHERN,4G,TEXAS 1,752,76058,JOSHUA,306 N BROADWAY ST,JOSHUA,TX,76058,3075,,W24256,P
SOUTHERN,4G,TEXAS 1,752,76059,KEENE,203 S OLD BETSY RD,KEENE,TX,76059,9998,,W24281,P
SOUTHERN,4G,TEXAS 1,752,76060,KENNEDALE,317 E KENNEDALE PKWY,KENNEDALE,TX,76060,3267,,W24298,P
SOUTHERN,4G,TEXAS 1,752,76061,LILLIAN,10061 E FM 917,LILLIAN,TX,76061,9800,P,W24485,P
SOUTHERN,4G,TEXAS 1,752,76063,MANSFIELD,752 N MAIN ST,MANSFIELD,TX,76063,3203,,W24602,P
SOUTHERN,4G,TEXAS 1,752,76064,MAYPEARL,80 MAIN ST,MAYPEARL,TX,76064,9998,,W24639,P
SOUTHERN,4G,TEXAS 1,752,76065,MIDLOTHIAN,211 E AVENUE G,MIDLOTHIAN,TX,76065,3039,,W24722,P
SOUTHERN,4G,TEXAS 1,752,76066,MILLSAP,103 FAIRVIEW RD,MILLSAP,TX,76066,9998,,W24744,P
SOUTHERN,4G,TEXAS 1,752,76067,MINERAL WELLS,200 SW 1ST AVE,MINERAL WELLS,TX,76067,9998,,W24748,P
SOUTHERN,4G,TEXAS 1,752,76068,MINERAL WELLS,200 SW 1ST AVE,MINERAL WELLS,TX,76067,9998,P,W24748,P
SOUTHERN,4G,TEXAS 1,752,76070,NEMO,1015 COUNTY ROAD 407,NEMO,TX,76070,2092,,W24860,P
SOUTHERN,4G,TEXAS 1,752,76071,NEWARK,312 FM 718,NEWARK,TX,76071,3855,,W24893,P
SOUTHERN,4G,TEXAS 1,752,76073,PARADISE,217 MAIN ST,PARADISE,TX,76073,9998,,W25084,P
SOUTHERN,4G,TEXAS 1,752,76077,RAINBOW,1683 N FM 200,RAINBOW,TX,76077,9998,,W25291,P
SOUTHERN,4G,TEXAS 1,752,76078,RHOME,500 S MAIN ST,RHOME,TX,76078,9998,,W25354,P
SOUTHERN,4G,TEXAS 1,752,76082,SPRINGTOWN,225 BONNIE BELL LN,SPRINGTOWN,TX,76082,9998,,W25745,P
SOUTHERN,4G,TEXAS 1,752,76084,VENUS,101 W 8TH ST,VENUS,TX,76084,9998,,W26162,P
SOUTHERN,4G,TEXAS 1,752,76085,WEATHERFORD,1145 SANTA FE DR,WEATHERFORD,TX,76086,5887,,W26241,P
SOUTHERN,4G,TEXAS 1,752,76086,WEATHERFORD,1145 SANTA FE DR,WEATHERFORD,TX,76086,5887,,W26241,P
SOUTHERN,4G,TEXAS 1,752,76087,WEATHERFORD,1145 SANTA FE DR,WEATHERFORD,TX,76086,5887,,W26241,P
SOUTHERN,4G,TEXAS 1,752,76088,WEATHERFORD,1145 SANTA FE DR,WEATHERFORD,TX,76086,5887,,W26241,P
SOUTHERN,4G,TEXAS 1,752,76092,SOUTHLAKE,300 STATE ST,SOUTHLAKE,TX,76092,9998,,W25710,B
SOUTHERN,4G,TEXAS 1,752,76093,RIO VISTA,205 HIGHWAY 174 S,RIO VISTA,TX,76093,9998,,W25380,P
SOUTHERN,4G,TEXAS 1,752,76094,PANTEGO,1114 S BOWEN RD,ARLINGTON,TX,76013,2299,P,W25082,S
SOUTHERN,4G,TEXAS 1,752,76095,BEDFORD,1300 HARWOOD RD,BEDFORD,TX,76021,4516,P,W22890,P
SOUTHERN,4G,TEXAS 1,752,76095,CENTRAL BEDFORD,2124 L DON DODSON DR,BEDFORD,TX,76021,5896,P,W23195,S
SOUTHERN,4G,TEXAS 1,752,76096,BARDIN ROAD,1301 E BARDIN RD,ARLINGTON,TX,76018,2130,P,W22848,S
SOUTHERN,4G,TEXAS 1,752,76097,BURLESON,232 SW JOHNSON AVE,BURLESON,TX,76028,9998,P,W23092,P
SOUTHERN,4G,TEXAS 1,752,76098,AZLE,409 COMMERCE ST,AZLE,TX,76020,9998,P,W22825,P
SOUTHERN,4G,TEXAS 1,752,76099,GRAPEVINE,1251 WILLIAM D TATE AVE,GRAPEVINE,TX,76051,9998,P,W23952,P
SOUTHERN,4G,TEXAS 1,752,76101,DOWNTOWN FORT WORTH,251 W LANCASTER AVE,FORT WORTH,TX,76102,9997,P,W23534,S
SOUTHERN,4G,TEXAS 1,752,76102,CENTRAL FORT WORTH,819 TAYLOR ST,FORT WORTH,TX,76102,6124,,W23196,S
SOUTHERN,4G,TEXAS 1,752,76102,DOWNTOWN FORT WORTH,251 W LANCASTER AVE,FORT WORTH,TX,76102,9997,,W23534,S
SOUTHERN,4G,TEXAS 1,752,76103,POLYTECHNIC,4650 E ROSEDALE ST,FORT WORTH,TX,76105,1800,,W25194,S
SOUTHERN,4G,TEXAS 1,752,76104,DOWNTOWN FORT WORTH,251 W LANCASTER AVE,FORT WORTH,TX,76102,9997,,W23534,S
SOUTHERN,4G,TEXAS 1,752,76105,POLYTECHNIC,4650 E ROSEDALE ST,FORT WORTH,TX,76105,1800,,W25194,S
SOUTHERN,4G,TEXAS 1,752,76106,FORT WORTH NORTH CARRIER ANX,4909 NORTHEAST PKWY,FORT WORTH,TX,76106,1834,,W26585,4
SOUTHERN,4G,TEXAS 1,752,76107,TRINITY RIVER,4450 OAK PARK LN,FORT WORTH,TX,76109,9998,,W26069,S
SOUTHERN,4G,TEXAS 1,752,76108,WHITE SETTLEMENT,301 N LAS VEGAS TRL,FORT WORTH,TX,76108,1500,,W26312,B
SOUTHERN,4G,TEXAS 1,752,76109,TRINITY RIVER,4450 OAK PARK LN,FORT WORTH,TX,76109,9998,,W26069,S
SOUTHERN,4G,TEXAS 1,752,76110,EIGHTH AVENUE,2600 8TH AVE,FORT WORTH,TX,76110,3051,,W22930,S
SOUTHERN,4G,TEXAS 1,752,76111,RIVERSIDE,400 N RETTA ST,FORT WORTH,TX,76111,9998,,W25387,S
SOUTHERN,4G,TEXAS 1,752,76112,POLYTECHNIC,4650 E ROSEDALE ST,FORT WORTH,TX,76105,1800,,W25194,S
SOUTHERN,4G,TEXAS 1,752,76113,DOWNTOWN FORT WORTH,251 W LANCASTER AVE,FORT WORTH,TX,76102,9997,P,W23534,S
SOUTHERN,4G,TEXAS 1,752,76114,OAKS,1008 ROBERTS CUT OFF RD,RIVER OAKS,TX,76114,9998,,W25385,B
SOUTHERN,4G,TEXAS 1,752,76115,SEMINARY HILL,1001 ALTAMESA BLVD,FORT WORTH,TX,76134,3411,,W25593,S
SOUTHERN,4G,TEXAS 1,752,76116,RIDGLEA,3020 CHERRY LN,FORT WORTH,TX,76116,3944,,W25370,S
SOUTHERN,4G,TEXAS 1,752,76117,HALTOM CITY,5709 BROADWAY AVE,HALTOM CITY,TX,76117,3325,,W24011,B
SOUTHERN,4G,TEXAS 1,752,76118,NORTH RICHLAND HILLS,6051 DAVIS BLVD,NORTH RICHLAND HILLS,TX,76180,6385,,W24945,B
SOUTHERN,4G,TEXAS 1,752,76119,GLENCREST,5125 WICHITA ST,FORT WORTH,TX,76119,9998,,W23903,S
SOUTHERN,4G,TEXAS 1,752,76120,POLYTECHNIC,4650 E ROSEDALE ST,FORT WORTH,TX,76105,1800,,W25194,S
SOUTHERN,4G,TEXAS 1,752,76121,RIDGLEA,3020 CHERRY LN,FORT WORTH,TX,76116,3944,P,W25370,S
SOUTHERN,4G,TEXAS 1,752,76123,CITYVIEW,7101 BRYANT IRVIN RD,FORT WORTH,TX,76132,4135,,001527,S
SOUTHERN,4G,TEXAS 1,752,76124,HANDLEY,1475 HANDLEY DR,FORT WORTH,TX,76112,3371,P,W24018,S
SOUTHERN,4G,TEXAS 1,752,76126,BENBROOK,9415 HIGHWAY 377 S,BENBROOK,TX,76126,9998,,W22917,B
SOUTHERN,4G,TEXAS 1,752,76127,NAVAL AIR STATION JRB,1501 ARNOLD AVE,NAVAL AIR STATION JRB,TX,76127,9998,,W23160,B
SOUTHERN,4G,TEXAS 1,752,76127,OAKS,1008 ROBERTS CUT OFF RD,RIVER OAKS,TX,76114,9998,,W25385,B
SOUTHERN,4G,TEXAS 1,752,76131,FORT WORTH NORTH CARRIER ANX,4909 NORTHEAST PKWY,FORT WORTH,TX,76106,1834,,W26585,4
SOUTHERN,4G,TEXAS 1,752,76132,CITYVIEW,7101 BRYANT IRVIN RD,FORT WORTH,TX,76132,4135,,001527,S
SOUTHERN,4G,TEXAS 1,752,76133,WEDGWOOD,3701 ALTAMESA BLVD,FORT WORTH,TX,76133,5649,,W26245,S
SOUTHERN,4G,TEXAS 1,752,76134,SEMINARY HILL,1001 ALTAMESA BLVD,FORT WORTH,TX,76134,3411,,W25593,S
SOUTHERN,4G,TEXAS 1,752,76135,LAKE WORTH,3930 TELEPHONE RD,FORT WORTH,TX,76135,9998,,W24392,B
SOUTHERN,4G,TEXAS 1,752,76136,LAKE WORTH,3930 TELEPHONE RD,FORT WORTH,TX,76135,9998,P,W24392,B
SOUTHERN,4G,TEXAS 1,752,76137,FORT WORTH NORTH CARRIER ANX,4909 NORTHEAST PKWY,FORT WORTH,TX,76106,1834,,W26585,4
SOUTHERN,4G,TEXAS 1,752,76140,SOUTHEAST,500 S FOREST HILL DR,FORT WORTH,TX,76140,4830,,W26821,B
SOUTHERN,4G,TEXAS 1,752,76147,ARLINGTON HEIGHTS,3101 W 6TH ST,FORT WORTH,TX,76107,2778,P,W22783,S
SOUTHERN,4G,TEXAS 1,752,76148,NORTH RICHLAND HILLS,6051 DAVIS BLVD,NORTH RICHLAND HILLS,TX,76180,6385,,W24945,B
SOUTHERN,4G,TEXAS 1,752,76148,WATAUGA,6651 WATAUGA RD STE 103,WATAUGA,TX,76148,9998,,W26230,B
SOUTHERN,4G,TEXAS 1,752,76155,AMON CARTER,4400 AMON CARTER BLVD STE 103,FORT WORTH,TX,76155,9998,,W22746,S
SOUTHERN,4G,TEXAS 1,752,76161,JACK D WATSON WINDOW UNIT,4600 MARK IV PKWY,FORT WORTH,TX,76161,9804,P,W24211,S
SOUTHERN,4G,TEXAS 1,752,76162,CITYVIEW,7101 BRYANT IRVIN RD,FORT WORTH,TX,76132,4135,P,001527,S
SOUTHERN,4G,TEXAS 1,752,76163,WEDGWOOD,3701 ALTAMESA BLVD,FORT WORTH,TX,76133,5649,P,W26245,S
SOUTHERN,4G,TEXAS 1,752,76164,STOCKYARDS,2120 ELLIS AVE,FORT WORTH,TX,76164,9997,,W25884,S
SOUTHERN,4G,TEXAS 1,752,76177,ALLIANCE AIRPORT,2400 WESTPORT PKWY STE 200,FORT WORTH,TX,76177,9998,,W26971,S
SOUTHERN,4G,TEXAS 1,752,76179,SAGINAW,101 BELMONT ST,SAGINAW,TX,76179,1601,,W25484,B
SOUTHERN,4G,TEXAS 1,752,76179,FORT WORTH NORTH CARRIER ANX,4909 NORTHEAST PKWY,FORT WORTH,TX,76106,1834,,W26585,4
SOUTHERN,4G,TEXAS 1,752,76180,NORTH RICHLAND HILLS,6051 DAVIS BLVD,NORTH RICHLAND HILLS,TX,76180,6385,,W24945,B
SOUTHERN,4G,TEXAS 1,752,76181,RIVERBEND,2414 GRAVEL DR,FORT WORTH,TX,76118,6989,P,W25384,S
SOUTHERN,4G,TEXAS 1,752,76182,NORTH RICHLAND HILLS,6051 DAVIS BLVD,NORTH RICHLAND HILLS,TX,76180,6385,,W24945,B
SOUTHERN,4G,TEXAS 1,752,76185,TRINITY RIVER,4450 OAK PARK LN,FORT WORTH,TX,76109,9998,P,W26069,S
SOUTHERN,4G,TEXAS 1,752,76201,DENTON TX SDC,101 E MCKINNEY ST,DENTON,TX,76201,9907,,021026,4
SOUTHERN,4G,TEXAS 1,752,76202,DENTON TX SDC,101 E MCKINNEY ST,DENTON,TX,76201,9907,P,021026,4
SOUTHERN,4G,TEXAS 1,752,76205,DENTON TX SDC,101 E MCKINNEY ST,DENTON,TX,76201,9907,,021026,4
SOUTHERN,4G,TEXAS 1,752,76206,GOLDEN TRIANGLE,2101 COLORADO BLVD,DENTON,TX,76205,7521,P,W23913,S
SOUTHERN,4G,TEXAS 1,752,76207,DENTON TX SDC,101 E MCKINNEY ST,DENTON,TX,76201,9907,,021026,4
SOUTHERN,4G,TEXAS 1,752,76208,DENTON TX SDC,101 E MCKINNEY ST,DENTON,TX,76201,9907,,021026,4
SOUTHERN,4G,TEXAS 1,752,76209,DENTON TX SDC,101 E MCKINNEY ST,DENTON,TX,76201,9907,,021026,4
SOUTHERN,4G,TEXAS 1,752,76210,DENTON TX SDC,101 E MCKINNEY ST,DENTON,TX,76201,9907,,021026,4
SOUTHERN,4G,TEXAS 1,752,76225,ALVORD,105 N ONEIL ST,ALVORD,TX,76225,1100,,W22729,P
SOUTHERN,4G,TEXAS 1,752,76226,ARGYLE,440 HIGHWAY 377 N,ARGYLE,TX,76226,9998,,W22780,P
SOUTHERN,4G,TEXAS 1,752,76227,AUBREY,120 STANLEY DR,AUBREY,TX,76227,9997,,W22812,P
SOUTHERN,4G,TEXAS 1,752,76228,BELLEVUE,501 FRANKLIN ST,BELLEVUE,TX,76228,9998,,W22902,P
SOUTHERN,4G,TEXAS 1,752,76228,BOWIE,113 N MASON ST,BOWIE,TX,76230,9998,,W23015,P
SOUTHERN,4G,TEXAS 1,752,76230,BOWIE,113 N MASON ST,BOWIE,TX,76230,9998,,W23015,P
SOUTHERN,4G,TEXAS 1,752,76233,COLLINSVILLE,200 N MAIN ST,COLLINSVILLE,TX,76233,9998,,W23300,P
SOUTHERN,4G,TEXAS 1,752,76234,DECATUR,206 E WALNUT ST,DECATUR,TX,76234,9998,,W23455,P
SOUTHERN,4G,TEXAS 1,752,76239,FORESTBURG,16928 FM 455,FORESTBURG,TX,76239,9998,,W23776,P
SOUTHERN,4G,TEXAS 1,752,76240,GAINESVILLE,321 E CALIFORNIA ST,GAINESVILLE,TX,76240,9998,,W23846,P
SOUTHERN,4G,TEXAS 1,752,76241,GAINESVILLE,321 E CALIFORNIA ST,GAINESVILLE,TX,76240,9998,P,W23846,P
SOUTHERN,4G,TEXAS 1,752,76244,KELLER,520 E VINE ST,KELLER,TX,76248,2300,,W24282,P
SOUTHERN,4G,TEXAS 1,752,76245,GORDONVILLE,17371 FM 901,GORDONVILLE,TX,76245,9998,,W23928,P
SOUTHERN,4G,TEXAS 1,752,76247,JUSTIN,120 W 5TH ST,JUSTIN,TX,76247,9998,,W24269,P
SOUTHERN,4G,TEXAS 1,752,76248,KELLER,520 E VINE ST,KELLER,TX,76248,2300,,W24282,P
SOUTHERN,4G,TEXAS 1,752,76249,KRUM,121 N 2ND ST,KRUM,TX,76249,9998,,W24346,P
SOUTHERN,4G,TEXAS 1,752,76250,LINDSAY,625 N ASH ST,LINDSAY,TX,76250,9998,,W24491,P
SOUTHERN,4G,TEXAS 1,752,76251,MONTAGUE,104 FRANKLIN ST,MONTAGUE,TX,76251,9998,,W24769,P
SOUTHERN,4G,TEXAS 1,752,76252,MUENSTER,235 W 2ND ST,MUENSTER,TX,76252,9998,,W24823,P
SOUTHERN,4G,TEXAS 1,752,76253,MUENSTER,235 W 2ND ST,MUENSTER,TX,76252,9998,P,W24823,P
SOUTHERN,4G,TEXAS 1,752,76255,NOCONA,400 CLAY ST,NOCONA,TX,76255,9998,,W24911,P
SOUTHERN,4G,TEXAS 1,752,76258,PILOT POINT,401 N WASHINGTON ST,PILOT POINT,TX,76258,9998,,W25152,P
SOUTHERN,4G,TEXAS 1,752,76259,PONDER,201 W BAILEY ST,PONDER,TX,76259,9998,,W25195,P
SOUTHERN,4G,TEXAS 1,752,76262,ROANOKE,516 E BYRON NELSON BLVD,ROANOKE,TX,76262,9998,,W25391,P
SOUTHERN,4G,TEXAS 1,752,76264,SADLER,102 S MAIN ST,SADLER,TX,76264,9998,,W25482,P
SOUTHERN,4G,TEXAS 1,752,76265,SAINT JO,210 S BROAD ST,SAINT JO,TX,76265,9998,,W25488,P
SOUTHERN,4G,TEXAS 1,752,76266,SANGER,1008 N 5TH ST,SANGER,TX,76266,3293,,W25537,P
SOUTHERN,4G,TEXAS 1,752,76267,SLIDELL,112 COUNTY ROAD 2820,SLIDELL,TX,76267,9998,P,W25659,P
SOUTHERN,4G,TEXAS 1,752,76268,SOUTHMAYD,102 CHRISTI LN,SOUTHMAYD,TX,76268,9998,P,W25713,P
SOUTHERN,4G,TEXAS 1,752,76270,SUNSET,107 HIGHWAY 101 W,SUNSET,TX,76270,9998,,W25921,P
SOUTHERN,4G,TEXAS 1,752,76271,TIOGA,301 N RAY ROBERTS PKWY,TIOGA,TX,76271,9998,,W26038,P
SOUTHERN,4G,TEXAS 1,752,76272,VALLEY VIEW,409 N FRONTAGE RD,VALLEY VIEW,TX,76272,9998,,W26148,P
SOUTHERN,4G,TEXAS 1,752,76273,WHITESBORO,110 W MAIN ST,WHITESBORO,TX,76273,9998,,W26315,P
SOUTHERN,4G,TEXAS 1,752,76301,MORNINGSIDE,3107 5TH ST,WICHITA FALLS,TX,76301,9992,,W24792,S
SOUTHERN,4G,TEXAS 1,752,76302,BRIDGE CREEK,4001 SOUTHWEST PKWY,WICHITA FALLS,TX,76308,3563,,W26123,S
SOUTHERN,4G,TEXAS 1,752,76305,MORNINGSIDE,3107 5TH ST,WICHITA FALLS,TX,76301,9992,,W24792,S
SOUTHERN,4G,TEXAS 1,752,76306,MORNINGSIDE,3107 5TH ST,WICHITA FALLS,TX,76301,9992,,W24792,S
SOUTHERN,4G,TEXAS 1,752,76307,MAIN OFFICE WICHITA FALLS,1000 LAMAR ST,WICHITA FALLS,TX,76301,9995,P,004915,S
SOUTHERN,4G,TEXAS 1,752,76308,BRIDGE CREEK,4001 SOUTHWEST PKWY,WICHITA FALLS,TX,76308,3563,,W26123,S
SOUTHERN,4G,TEXAS 1,752,76309,MORNINGSIDE,3107 5TH ST,WICHITA FALLS,TX,76301,9992,,W24792,S
SOUTHERN,4G,TEXAS 1,752,76310,BRIDGE CREEK,4001 SOUTHWEST PKWY,WICHITA FALLS,TX,76308,3563,,W26123,S
SOUTHERN,4G,TEXAS 1,752,76311,SHEPPARD AFB,527 I AVE,SHEPPARD AFB,TX,76311,2502,,W25624,B
SOUTHERN,4G,TEXAS 1,752,76351,ARCHER CITY,500 N CENTER,ARCHER CITY,TX,76351,9801,P,W22776,P
SOUTHERN,4G,TEXAS 1,752,76352,BLUEGROVE,1720 FM 172,BLUEGROVE,TX,76352,9998,P,W22984,P
SOUTHERN,4G,TEXAS 1,752,76354,BURKBURNETT,501 COUNTY RD,BURKBURNETT,TX,76354,2673,,W23088,P
SOUTHERN,4G,TEXAS 1,752,76357,BYERS,206 CENTRAL AVE,BYERS,TX,76357,9998,,W23105,P
SOUTHERN,4G,TEXAS 1,752,76360,ELECTRA,200 W CLEVELAND AVE,ELECTRA,TX,76360,9998,,W23633,P
SOUTHERN,4G,TEXAS 1,752,76363,GOREE,105 N 5TH ST,GOREE,TX,76363,9998,,W23929,P
SOUTHERN,4G,TEXAS 1,752,76365,HENRIETTA,202 W IKARD ST,HENRIETTA,TX,76365,9998,,W24071,P
SOUTHERN,4G,TEXAS 1,752,76366,HOLLIDAY,100 E CHESTNUT ST,HOLLIDAY,TX,76366,9998,,W24114,P
SOUTHERN,4G,TEXAS 1,752,76367,IOWA PARK,211 E CASH ST,IOWA PARK,TX,76367,9998,,W24188,P
SOUTHERN,4G,TEXAS 1,752,76369,KAMAY,8162 STATE HIGHWAY 258,KAMAY,TX,76369,9801,P,W24271,P
SOUTHERN,4G,TEXAS 1,752,76370,MEGARGEL,421 FM 210,MEGARGEL,TX,76370,9801,P,W24684,P
SOUTHERN,4G,TEXAS 1,752,76371,MUNDAY,241 W B ST,MUNDAY,TX,76371,9998,,W24829,P
SOUTHERN,4G,TEXAS 1,752,76372,NEWCASTLE,800 BROADWAY,NEWCASTLE,TX,76372,9802,,W24895,P
SOUTHERN,4G,TEXAS 1,752,76373,OKLAUNION,9172 1ST ST,OKLAUNION,TX,76373,9998,,W25006,P
SOUTHERN,4G,TEXAS 1,752,76374,OLNEY,301 E ELM ST,OLNEY,TX,76374,9998,,W25028,P
SOUTHERN,4G,TEXAS 1,752,76377,PETROLIA,108 W BENTON ST,PETROLIA,TX,76377,9852,,W25136,P
SOUTHERN,4G,TEXAS 1,752,76379,SCOTLAND,562 7TH ST,SCOTLAND,TX,76379,9998,,W25567,P
SOUTHERN,4G,TEXAS 1,752,76380,SEYMOUR,210 N WASHINGTON ST,SEYMOUR,TX,76380,9998,,W25602,P
SOUTHERN,4G,TEXAS 1,752,76384,VERNON,1701 TEXAS ST,VERNON,TX,76384,9998,,W26166,P
SOUTHERN,4G,TEXAS 1,752,76385,VERNON,1701 TEXAS ST,VERNON,TX,76384,9998,P,W26166,P
SOUTHERN,4G,TEXAS 1,752,76388,WEINERT,105 S BREUSTEDT ST,WEINERT,TX,76388,9700,,W26249,P
SOUTHERN,4G,TEXAS 1,752,76389,WINDTHORST,18504 US HIGHWAY 281,WINDTHORST,TX,76389,9998,,W26362,P
SOUTHERN,4G,TEXAS 1,752,76401,STEPHENVILLE,431 N GRAHAM ST,STEPHENVILLE,TX,76401,9998,,W25873,P
SOUTHERN,4G,TEXAS 1,752,76424,BRECKENRIDGE,123 W WILLIAMS ST,BRECKENRIDGE,TX,76424,9998,,W23030,P
SOUTHERN,4G,TEXAS 1,752,76426,BRIDGEPORT,1305 HALSELL ST,BRIDGEPORT,TX,76426,9998,,W23037,P
SOUTHERN,4G,TEXAS 1,752,76427,BRYSON,103 N DEPOT ST,BRYSON,TX,76427,9998,,W23073,P
SOUTHERN,4G,TEXAS 1,752,76429,CADDO,14075 LOOP 252,CADDO,TX,76429,9998,,W23109,P
SOUTHERN,4G,TEXAS 1,752,76430,ALBANY,24 N JACOBS ST,ALBANY,TX,76430,5947,,W22704,P
SOUTHERN,4G,TEXAS 1,752,76431,CHICO,100 S BUFFALO ST,CHICO,TX,76431,9998,,W23227,P
SOUTHERN,4G,TEXAS 1,752,76432,BLANKET,801 MAIN ST,BLANKET,TX,76432,9998,,W22965,P
SOUTHERN,4G,TEXAS 1,752,76432,COMANCHE,410 W OAK AVE,COMANCHE,TX,76442,9998,,W23308,P
SOUTHERN,4G,TEXAS 1,752,76433,BLUFF DALE,28283 US HIGHWAY 377 N,BLUFF DALE,TX,76433,9998,,W22986,P
SOUTHERN,4G,TEXAS 1,752,76435,CARBON,1 MAIN ST,CARBON,TX,76435,9802,,W23141,P
SOUTHERN,4G,TEXAS 1,752,76435,EASTLAND,411 W MAIN ST,EASTLAND,TX,76448,9998,,W23590,P
SOUTHERN,4G,TEXAS 1,752,76436,CARLTON,139 S FM 1744,CARLTON,TX,76436,9802,,W23151,P
SOUTHERN,4G,TEXAS 1,752,76437,CISCO,206 W 6TH ST,CISCO,TX,76437,9998,,W23249,P
SOUTHERN,4G,TEXAS 1,752,76439,DENNIS,6940 FM 1189,DENNIS,TX,76439,9998,P,W23467,P
SOUTHERN,4G,TEXAS 1,752,76442,COMANCHE,410 W OAK AVE,COMANCHE,TX,76442,9998,,W23308,P
SOUTHERN,4G,TEXAS 1,752,76443,CROSS PLAINS,101 N AVENUE D,CROSS PLAINS,TX,76443,9803,,W23386,P
SOUTHERN,4G,TEXAS 1,752,76444,DE LEON,540 W NAVARRO AVE,DE LEON,TX,76444,9998,,W23450,P
SOUTHERN,4G,TEXAS 1,752,76445,DESDEMONA,6016 HIGHWAY 8,DESDEMONA,TX,76445,9998,,W23477,P
SOUTHERN,4G,TEXAS 1,752,76446,DUBLIN,222 N PATRICK ST,DUBLIN,TX,76446,9998,,W23557,P
SOUTHERN,4G,TEXAS 1,752,76448,EASTLAND,411 W MAIN ST,EASTLAND,TX,76448,9998,,W23590,P
SOUTHERN,4G,TEXAS 1,752,76449,GRAFORD,118 N MAIN ST,GRAFORD,TX,76449,9998,,W23934,P
SOUTHERN,4G,TEXAS 1,752,76450,GRAHAM,100 TENNESSEE ST,GRAHAM,TX,76450,2243,,W23935,P
SOUTHERN,4G,TEXAS 1,752,76452,ENERGY,6951 FM 1702 S,ENERGY,TX,76452,9900,P,W23662,P
SOUTHERN,4G,TEXAS 1,752,76453,GORDON,201 S MAIN ST,GORDON,TX,76453,9998,,W23927,P
SOUTHERN,4G,TEXAS 1,752,76454,GORMAN,112 N KENT ST,GORMAN,TX,76454,9998,,W23930,P
SOUTHERN,4G,TEXAS 1,752,76455,COMANCHE,410 W OAK AVE,COMANCHE,TX,76442,9998,,W23308,P
SOUTHERN,4G,TEXAS 1,752,76455,GUSTINE,213 E MAIN ST,GUSTINE,TX,76455,9802,,W23996,P
SOUTHERN,4G,TEXAS 1,752,76457,HICO,112 E 1ST ST,HICO,TX,76457,9998,,W24081,P
SOUTHERN,4G,TEXAS 1,752,76458,JACKSBORO,100 E SOUTH ST,JACKSBORO,TX,76458,9998,,W24212,P
SOUTHERN,4G,TEXAS 1,752,76459,JERMYN,7664 STATE HIGHWAY 114,JERMYN,TX,76459,9802,,W24232,P
SOUTHERN,4G,TEXAS 1,752,76460,LOVING,401 HAWKINS ST,LOVING,TX,76460,3000,,W24553,P
SOUTHERN,4G,TEXAS 1,752,76461,LINGLEVILLE,18999 W FM 8,LINGLEVILLE,TX,76461,9801,P,W24492,P
SOUTHERN,4G,TEXAS 1,752,76462,LIPAN,106 W LIPAN DR,LIPAN,TX,76462,9803,,W24495,P
SOUTHERN,4G,TEXAS 1,752,76463,MINGUS,109 GORDON RD,MINGUS,TX,76463,9998,,W24751,P
SOUTHERN,4G,TEXAS 1,752,76464,MORAN,340 WATERS ST,MORAN,TX,76464,9998,,W24785,P
SOUTHERN,4G,TEXAS 1,752,76465,MORGAN MILL,20909 N US HIGHWAY 281,MORGAN MILL,TX,76465,9801,P,W24788,P
SOUTHERN,4G,TEXAS 1,752,76466,OLDEN,526 FM 3363,OLDEN,TX,76466,2102,P,W25021,P
SOUTHERN,4G,TEXAS 1,752,76467,TOLAR,9101 W US HIGHWAY 377,TOLAR,TX,76476,9998,P,W26044,P
SOUTHERN,4G,TEXAS 1,752,76468,PROCTOR,1270 HIGHWAY 1476,PROCTOR,TX,76468,9801,P,W25253,P
SOUTHERN,4G,TEXAS 1,752,76469,PUTNAM,104 W TRAVIS ST,PUTNAM,TX,76469,9998,P,W25274,P
SOUTHERN,4G,TEXAS 1,752,76470,RANGER,202 N AUSTIN ST,RANGER,TX,76470,9998,,W25302,P
SOUTHERN,4G,TEXAS 1,752,76471,RISING STAR,124 N MAIN ST,RISING STAR,TX,76471,9803,,W25383,P
SOUTHERN,4G,TEXAS 1,752,76472,SANTO,58 BELL ST,SANTO,TX,76472,9998,,W25548,P
SOUTHERN,4G,TEXAS 1,752,76474,SIDNEY,2051 HIGHWAY 589,SIDNEY,TX,76474,9802,,W25635,P
SOUTHERN,4G,TEXAS 1,752,76475,STRAWN,203 E HOUSLEY ST,STRAWN,TX,76475,9998,,W25892,P
SOUTHERN,4G,TEXAS 1,752,76476,TOLAR,9101 W US HIGHWAY 377,TOLAR,TX,76476,9998,,W26044,P
SOUTHERN,4G,TEXAS 1,752,76481,GRAHAM,100 TENNESSEE ST,GRAHAM,TX,76450,2243,,W23935,P
SOUTHERN,4G,TEXAS 1,752,76481,SOUTH BEND,313 S MAIN ST,SOUTH BEND,TX,76481,9801,,W25687,P
SOUTHERN,4G,TEXAS 1,752,76483,THROCKMORTON,233 N MINTER AVE,THROCKMORTON,TX,76483,9998,,W26030,P
SOUTHERN,4G,TEXAS 1,752,76484,PALO PINTO,106 N 5TH AVE,PALO PINTO,TX,76484,9998,,W25071,P
SOUTHERN,4G,TEXAS 1,752,76485,PEASTER,8616 FM 920,PEASTER,TX,76485,9998,P,W25106,P
SOUTHERN,4G,TEXAS 1,752,76486,PERRIN,319 W HACKLEY ST,PERRIN,TX,76486,9998,,W25126,P
SOUTHERN,4G,TEXAS 1,752,76487,POOLVILLE,104 WEST AVE,POOLVILLE,TX,76487,9998,,W25200,P
SOUTHERN,4G,TEXAS 1,752,76490,WHITT,191 MAIN ST,WHITT,TX,76490,9998,,W26322,P
SOUTHERN,4G,TEXAS 1,752,76491,WOODSON,105 HIGHWAY 183 N,WOODSON,TX,76491,9998,,W26387,P
SOUTHERN,4G,TEXAS 3,780,76501,TEMPLE,401 N MAIN ST,TEMPLE,TX,76501,9998,,W25973,P
SOUTHERN,4G,TEXAS 3,780,76502,TEMPLE,401 N MAIN ST,TEMPLE,TX,76501,9998,,W25973,P
SOUTHERN,4G,TEXAS 3,780,76503,TEMPLE,401 N MAIN ST,TEMPLE,TX,76501,9998,P,W25973,P
SOUTHERN,4G,TEXAS 3,780,76504,TEMPLE,401 N MAIN ST,TEMPLE,TX,76501,9998,,W25973,P
SOUTHERN,4G,TEXAS 3,780,76511,BARTLETT,131 N EVIE ST,BARTLETT,TX,76511,9998,,W22859,P
SOUTHERN,4G,TEXAS 3,780,76513,BELTON,111 N WALL ST,BELTON,TX,76513,9998,,W22910,P
SOUTHERN,4G,TEXAS 3,780,76518,BUCKHOLTS,300 E HIGHWAY 190,BUCKHOLTS,TX,76518,9998,,W23076,P
SOUTHERN,4G,TEXAS 3,780,76519,ROSEBUD,206 N 5TH ST,ROSEBUD,TX,76570,9998,,W25433,P
SOUTHERN,4G,TEXAS 3,780,76520,CAMERON,202 W 2ND ST,CAMERON,TX,76520,9998,,W23119,P
SOUTHERN,4G,TEXAS 3,780,76522,COPPERAS COVE,802 E AVENUE D,COPPERAS COVE,TX,76522,9998,,W23334,P
SOUTHERN,4G,TEXAS 3,780,76523,DAVILLA,20905 N FM 487,DAVILLA,TX,76523,9800,P,W23441,P
SOUTHERN,4G,TEXAS 3,780,76524,EDDY,100 FRANKLIN RD,EDDY,TX,76524,9998,,W23601,P
SOUTHERN,4G,TEXAS 3,780,76525,EVANT,153 N US HIGHWAY 281,EVANT,TX,76525,9998,,W23684,P
SOUTHERN,4G,TEXAS 3,780,76526,FLAT,10065 S STATE HIGHWAY 36,FLAT,TX,76526,9800,P,W23744,P
SOUTHERN,4G,TEXAS 3,780,76527,FLORENCE,308 N PATTERSON AVE,FLORENCE,TX,76527,9998,,W23753,P
SOUTHERN,4G,TEXAS 3,780,76528,GATESVILLE,802 E LEON ST,GATESVILLE,TX,76528,9998,,W23869,P
SOUTHERN,4G,TEXAS 3,780,76530,BARTLETT,131 N EVIE ST,BARTLETT,TX,76511,9998,,W22859,P
SOUTHERN,4G,TEXAS 3,780,76530,GRANGER,117 W DAVILLA ST,GRANGER,TX,76530,9998,,W23945,P
SOUTHERN,4G,TEXAS 3,780,76531,HAMILTON,120 S RICE ST,HAMILTON,TX,76531,9998,,W24013,P
SOUTHERN,4G,TEXAS 3,780,76533,HEIDENHEIMER,5720 E US HIGHWAY 190,HEIDENHEIMER,TX,76533,9800,P,W24059,P
SOUTHERN,4G,TEXAS 3,780,76534,BARTLETT,131 N EVIE ST,BARTLETT,TX,76511,9998,,W22859,P
SOUTHERN,4G,TEXAS 3,780,76534,HOLLAND,205 W TRAVIS ST,HOLLAND,TX,76534,9998,,W24113,P
SOUTHERN,4G,TEXAS 3,780,76537,JARRELL,12355 N INTERSTATE 35,JARRELL,TX,76537,9998,,W24222,P
SOUTHERN,4G,TEXAS 3,780,76538,JONESBORO,11345 N STATE HIGHWAY 36,JONESBORO,TX,76538,9998,,W24249,P
SOUTHERN,4G,TEXAS 3,780,76539,KEMPNER,379 PECAN ST,KEMPNER,TX,76539,9998,,W24292,P
SOUTHERN,4G,TEXAS 3,780,76540,KILLEEN,300 N 10TH ST,KILLEEN,TX,76541,9998,P,W24310,P
SOUTHERN,4G,TEXAS 3,780,76541,KILLEEN,300 N 10TH ST,KILLEEN,TX,76541,9998,,W24310,P
SOUTHERN,4G,TEXAS 3,780,76542,COPPER MOUNTAIN,3100 S W S YOUNG DR,KILLEEN,TX,76542,9998,,W23333,S
SOUTHERN,4G,TEXAS 3,780,76543,KILLEEN,300 N 10TH ST,KILLEEN,TX,76541,9998,,W24310,P
SOUTHERN,4G,TEXAS 3,780,76544,FORT HOOD,332 761ST TANK BATTALION AVE,FORT HOOD,TX,76544,9800,,W23785,B
SOUTHERN,4G,TEXAS 3,780,76544,KILLEEN,300 N 10TH ST,KILLEEN,TX,76541,9998,,W24310,P
SOUTHERN,4G,TEXAS 3,780,76547,COPPER MOUNTAIN,3100 S W S YOUNG DR,KILLEEN,TX,76542,9998,P,W23333,S
SOUTHERN,4G,TEXAS 3,780,76548,HARKER HEIGHTS,415 E FM 2410 RD,HARKER HEIGHTS,TX,76548,9998,,W24028,B
SOUTHERN,4G,TEXAS 3,780,76549,COPPER MOUNTAIN,3100 S W S YOUNG DR,KILLEEN,TX,76542,9998,,W23333,S
SOUTHERN,4G,TEXAS 3,780,76549,WILLOW SPRINGS,2403 W STAN SCHLUETER LOOP,KILLEEN,TX,76549,9998,,W26961,S
SOUTHERN,4G,TEXAS 3,780,76550,LAMPASAS,1700 E 4TH ST,LAMPASAS,TX,76550,9998,,W24417,P
SOUTHERN,4G,TEXAS 3,780,76554,LITTLE RIVER ACADEMY,106 N EVANS ST,LITTLE RIVER ACADEMY,TX,76554,9998,,W24501,P
SOUTHERN,4G,TEXAS 3,780,76556,MILANO,320 W AVENUE E,MILANO,TX,76556,9998,,W24735,P
SOUTHERN,4G,TEXAS 3,780,76557,MOODY,501 AVENUE E,MOODY,TX,76557,9998,,W24779,P
SOUTHERN,4G,TEXAS 3,780,76558,MOUND,5116 FM 1829,MOUND,TX,76558,9800,P,W24803,P
SOUTHERN,4G,TEXAS 3,780,76559,NOLANVILLE,201 N MAIN ST,NOLANVILLE,TX,76559,9998,,W24914,P
SOUTHERN,4G,TEXAS 1,752,76561,OGLESBY,108 MAIN ST,OGLESBY,TX,76561,9998,,W25003,P
SOUTHERN,4G,TEXAS 3,780,76564,PENDLETON,9765 PENDLETON TROY RD,PENDLETON,TX,76564,9800,P,W25116,P
SOUTHERN,4G,TEXAS 3,780,76565,HAMILTON,120 S RICE ST,HAMILTON,TX,76531,9998,,W24013,P
SOUTHERN,4G,TEXAS 3,780,76566,PURMELA,12250 W US HIGHWAY 84,PURMELA,TX,76566,9998,,W25272,P
SOUTHERN,4G,TEXAS 3,780,76567,ROCKDALE,234 ACKERMAN ST,ROCKDALE,TX,76567,9998,,W25407,P
SOUTHERN,4G,TEXAS 3,780,76569,ROGERS,202 W MESQUITE AVE,ROGERS,TX,76569,9998,,W25416,P
SOUTHERN,4G,TEXAS 3,780,76570,ROSEBUD,206 N 5TH ST,ROSEBUD,TX,76570,9998,,W25433,P
SOUTHERN,4G,TEXAS 3,780,76571,SALADO,820 N MAIN ST,SALADO,TX,76571,9998,,W25490,P
SOUTHERN,4G,TEXAS 3,780,76573,SCHWERTNER,14775 FM 1105,SCHWERTNER,TX,76573,9800,P,W25566,P
SOUTHERN,4G,TEXAS 3,780,76574,TAYLOR,202 W 4TH ST,TAYLOR,TX,76574,9998,,W25962,P
SOUTHERN,4G,TEXAS 3,780,76577,THORNDALE,107 N 1ST ST,THORNDALE,TX,76577,9998,,W26022,P
SOUTHERN,4G,TEXAS 3,780,76578,THRALL,101 E SHELDON AVE,THRALL,TX,76578,9998,,W26025,P
SOUTHERN,4G,TEXAS 3,780,76579,TROY,10 FRONT ST,TROY,TX,76579,9998,,W26073,P
SOUTHERN,4G,TEXAS 1,752,76621,ABBOTT,220 E WALNUT ST,ABBOTT,TX,76621,9998,,W22664,P
SOUTHERN,4G,TEXAS 1,752,76622,AQUILLA,200 E TREADWELL,AQUILLA,TX,76622,9998,,W22772,P
SOUTHERN,4G,TEXAS 1,752,76623,AVALON,108 E MAIN ST,AVALON,TX,76623,9800,P,W22818,P
SOUTHERN,4G,TEXAS 1,752,76624,AXTELL,4521 E OLD AXTELL RD,AXTELL,TX,76624,9998,,W22823,P
SOUTHERN,4G,TEXAS 1,752,76626,BLOOMING GROVE,100 S FORDYCE ST,BLOOMING GROVE,TX,76626,9998,,W22976,P
SOUTHERN,4G,TEXAS 1,752,76627,BLUM,108 W 4TH ST,BLUM,TX,76627,9998,,W22989,P
SOUTHERN,4G,TEXAS 1,752,76627,COVINGTON,306 GATHINGS AVE,COVINGTON,TX,76636,9998,,W23363,P
SOUTHERN,4G,TEXAS 1,752,76628,HILLSBORO,100 W FRANKLIN ST,HILLSBORO,TX,76645,9998,P,W24100,P
SOUTHERN,4G,TEXAS 1,752,76629,BREMOND,400 S MAIN ST,BREMOND,TX,76629,9998,,W23031,P
SOUTHERN,4G,TEXAS 1,752,76630,EDDY,100 FRANKLIN RD,EDDY,TX,76524,9998,,W23601,P
SOUTHERN,4G,TEXAS 1,752,76631,BYNUM,200 WHITE AVE,BYNUM,TX,76631,9998,,W23106,P
SOUTHERN,4G,TEXAS 1,752,76632,CHILTON,2581 STATE HIGHWAY 7,CHILTON,TX,76632,9998,,W23233,P
SOUTHERN,4G,TEXAS 1,752,76633,CHINA SPRING,14038 CHINA SPRING RD,CHINA SPRING,TX,76633,9998,,W23237,P
SOUTHERN,4G,TEXAS 1,752,76634,CLIFTON,407 W 5TH ST,CLIFTON,TX,76634,9998,,W23280,P
SOUTHERN,4G,TEXAS 1,752,76635,COOLIDGE,310 BELL ST,COOLIDGE,TX,76635,9998,,W23327,P
SOUTHERN,4G,TEXAS 1,752,76636,COVINGTON,306 GATHINGS AVE,COVINGTON,TX,76636,9998,,W23363,P
SOUTHERN,4G,TEXAS 1,752,76637,CRANFILLS GAP,608 BRONSTAD ST,CRANFILLS GAP,TX,76637,4101,,W23373,P
SOUTHERN,4G,TEXAS 1,752,76638,CRAWFORD,6835 N LONE STAR PKWY,CRAWFORD,TX,76638,9998,,W23374,P
SOUTHERN,4G,TEXAS 1,752,76639,DAWSON,108 N MAIN ST,DAWSON,TX,76639,9998,,W23446,P
SOUTHERN,4G,TEXAS 1,752,76639,HUBBARD,306 N MAGNOLIA AVE,HUBBARD,TX,76648,9998,,W24136,P
SOUTHERN,4G,TEXAS 1,752,76640,ELM MOTT,252 W ELM MOTT DR,ELM MOTT,TX,76640,9998,,W23644,P
SOUTHERN,4G,TEXAS 1,752,76641,FROST,301 N GARITTY ST,FROST,TX,76641,9998,,W23829,P
SOUTHERN,4G,TEXAS 1,752,76642,GROESBECK,112 S DR J B RIGGS DR,GROESBECK,TX,76642,9998,,W23980,P
SOUTHERN,4G,TEXAS 1,752,76643,HEWITT,901 S HEWITT DR,HEWITT,TX,76643,3273,,W24077,P
SOUTHERN,4G,TEXAS 1,752,76643,WACO TX S&DC,430 W STATE HIGHWAY 6,WACO,TX,76702,9300,,020559,4
SOUTHERN,4G,TEXAS 1,752,76645,HILLSBORO,100 W FRANKLIN ST,HILLSBORO,TX,76645,9998,,W24100,P
SOUTHERN,4G,TEXAS 1,752,76648,HUBBARD,306 N MAGNOLIA AVE,HUBBARD,TX,76648,9998,,W24136,P
SOUTHERN,4G,TEXAS 1,752,76649,IREDELL,306 S EASTLAND,IREDELL,TX,76649,9998,,W24191,P
SOUTHERN,4G,TEXAS 1,752,76650,IRENE,116 1ST ST,IRENE,TX,76650,9800,P,W24194,P
SOUTHERN,4G,TEXAS 1,752,76651,ITALY,105 POPLAR ST,ITALY,TX,76651,9998,,W24203,P
SOUTHERN,4G,TEXAS 1,752,76652,KOPPERL,106 FM 1859,KOPPERL,TX,76652,9998,,W24341,P
SOUTHERN,4G,TEXAS 1,752,76653,KOSSE,107 W ADAMS ST,KOSSE,TX,76653,9998,,W24342,P
SOUTHERN,4G,TEXAS 1,752,76654,LEROY,115 W COMMERCE,LEROY,TX,76654,9800,P,W24472,P
SOUTHERN,4G,TEXAS 1,752,76655,LORENA,1190 OLD LORENA RD,LORENA,TX,76655,9998,,W24539,P
SOUTHERN,4G,TEXAS 1,752,76655,WACO TX S&DC,430 W STATE HIGHWAY 6,WACO,TX,76702,9300,,020559,4
SOUTHERN,4G,TEXAS 3,780,76656,LOTT,217 E GASSAWAY,LOTT,TX,76656,9998,,W24549,P
SOUTHERN,4G,TEXAS 1,752,76657,MCGREGOR,408 S MAIN ST,MCGREGOR,TX,76657,9998,,W24652,P
SOUTHERN,4G,TEXAS 1,752,76657,WACO TX S&DC,430 W STATE HIGHWAY 6,WACO,TX,76702,9300,,020559,4
SOUTHERN,4G,TEXAS 1,752,76660,MALONE,221 N PECAN,MALONE,TX,76660,3090,,W24595,P
SOUTHERN,4G,TEXAS 1,752,76661,MARLIN,207 COLEMAN ST,MARLIN,TX,76661,9998,,W24612,P
SOUTHERN,4G,TEXAS 1,752,76664,MART,301 E TEXAS AVE,MART,TX,76664,9998,,W24616,P
SOUTHERN,4G,TEXAS 1,752,76665,MERIDIAN,512 E LIVE OAK,MERIDIAN,TX,76665,9998,,W24703,P
SOUTHERN,4G,TEXAS 1,752,76666,MERTENS,101 E HIGHWAY 22,MERTENS,TX,76666,9998,,W24706,P
SOUTHERN,4G,TEXAS 1,752,76667,MEXIA,100 N MCKINNEY ST,MEXIA,TX,76667,9998,,W24711,P
SOUTHERN,4G,TEXAS 1,752,76670,MILFORD,200 N MAIN,MILFORD,TX,76670,9998,,W24739,P
SOUTHERN,4G,TEXAS 1,752,76671,MORGAN,1002 HARRIS,MORGAN,TX,76671,9998,,W24787,P
SOUTHERN,4G,TEXAS 1,752,76673,MOUNT CALM,221 STATE HIGHWAY 31 BUSINESS,MOUNT CALM,TX,76673,9998,,W24805,P
SOUTHERN,4G,TEXAS 1,752,76676,PENELOPE,122 E COMMERCE,PENELOPE,TX,76676,9998,,W25117,P
SOUTHERN,4G,TEXAS 1,752,76678,PRAIRIE HILL,4874 FM 73 W,PRAIRIE HILL,TX,76678,9998,,W25239,P
SOUTHERN,4G,TEXAS 1,752,76679,PURDON,700 S BROWN ST,PURDON,TX,76679,9998,,W25271,P
SOUTHERN,4G,TEXAS 1,752,76680,REAGAN,3700 FM 413,REAGAN,TX,76680,9998,,W25316,P
SOUTHERN,4G,TEXAS 1,752,76681,RICHLAND,107 E MAIN ST,RICHLAND,TX,76681,9998,,W25364,P
SOUTHERN,4G,TEXAS 1,752,76682,RIESEL,202 E ALEXANDER ST,RIESEL,TX,76682,9998,,W25371,P
SOUTHERN,4G,TEXAS 1,752,76684,ROSS,1441 ROSS RD,ROSS,TX,76684,9800,P,W25442,P
SOUTHERN,4G,TEXAS 1,752,76685,CHILTON,2581 STATE HIGHWAY 7,CHILTON,TX,76632,9998,,W23233,P
SOUTHERN,4G,TEXAS 1,752,76686,TEHUACANA,208 S RAILROAD ST,TEHUACANA,TX,76686,9800,P,W25967,P
SOUTHERN,4G,TEXAS 1,752,76687,THORNTON,1008 MARSHALL ST,THORNTON,TX,76687,9998,,W26023,P
SOUTHERN,4G,TEXAS 1,752,76689,VALLEY MILLS,501 AVENUE D,VALLEY MILLS,TX,76689,9998,,W26141,P
SOUTHERN,4G,TEXAS 1,752,76690,WALNUT SPRINGS,4105 3RD ST,WALNUT SPRINGS,TX,76690,9998,,W26216,P
SOUTHERN,4G,TEXAS 1,752,76691,WEST,301 W COLUMBUS ST,WEST,TX,76691,9998,,W26260,P
SOUTHERN,4G,TEXAS 1,752,76692,WHITNEY,516 E JEFFERSON AVE,WHITNEY,TX,76692,9998,,W26319,P
SOUTHERN,4G,TEXAS 1,752,76693,WORTHAM,203 W MAIN ST,WORTHAM,TX,76693,9998,,W26394,P
SOUTHERN,4G,TEXAS 1,752,76701,WACO TX S&DC,430 W STATE HIGHWAY 6,WACO,TX,76702,9300,,020559,4
SOUTHERN,4G,TEXAS 1,752,76702,WACO TX S&DC,430 W STATE HIGHWAY 6,WACO,TX,76702,9300,P,020559,4
SOUTHERN,4G,TEXAS 1,752,76703,DOWNTOWN WACO,424 CLAY AVE,WACO,TX,76706,9998,P,W23548,S
SOUTHERN,4G,TEXAS 1,752,76704,BELLMEAD,901 BANK DR,WACO,TX,76705,9998,,W22903,B
SOUTHERN,4G,TEXAS 1,752,76705,BELLMEAD,901 BANK DR,WACO,TX,76705,9998,,W22903,B
SOUTHERN,4G,TEXAS 1,752,76706,DOWNTOWN WACO,424 CLAY AVE,WACO,TX,76706,9998,,W23548,S
SOUTHERN,4G,TEXAS 1,752,76706,WACO TX S&DC,430 W STATE HIGHWAY 6,WACO,TX,76702,9300,,020559,4
SOUTHERN,4G,TEXAS 1,752,76707,HIGHLANDER,4428 N 19TH ST,WACO,TX,76708,9998,,W24756,S
SOUTHERN,4G,TEXAS 1,752,76708,HIGHLANDER,4428 N 19TH ST,WACO,TX,76708,9998,,W24756,S
SOUTHERN,4G,TEXAS 1,752,76710,WACO TX S&DC,430 W STATE HIGHWAY 6,WACO,TX,76702,9300,,020559,4
SOUTHERN,4G,TEXAS 1,752,76711,WACO TX S&DC,430 W STATE HIGHWAY 6,WACO,TX,76702,9300,,020559,4
SOUTHERN,4G,TEXAS 1,752,76712,WACO TX S&DC,430 W STATE HIGHWAY 6,WACO,TX,76702,9300,,020559,4
SOUTHERN,4G,TEXAS 1,752,76714,WESTVIEW,800 WOODED ACRES DR,WACO,TX,76710,9998,P,W26295,S
SOUTHERN,4G,TEXAS 1,752,76715,BELLMEAD,901 BANK DR,WACO,TX,76705,9998,P,W22903,B
SOUTHERN,4G,TEXAS 1,752,76716,DOWNTOWN WACO,424 CLAY AVE,WACO,TX,76706,9998,P,W23548,S
SOUTHERN,4G,TEXAS 3,780,76801,BROWNWOOD,600 CENTER AVE,BROWNWOOD,TX,76801,2800,,W23059,P
SOUTHERN,4G,TEXAS 3,780,76802,EARLY,101 CRESCENT DR,EARLY,TX,76802,9998,,W23573,B
SOUTHERN,4G,TEXAS 3,780,76803,EARLY,101 CRESCENT DR,EARLY,TX,76802,9998,P,W23573,B
SOUTHERN,4G,TEXAS 3,780,76804,BROWNWOOD,600 CENTER AVE,BROWNWOOD,TX,76801,2800,P,W23059,P
SOUTHERN,4G,TEXAS 3,780,76820,ART,7866 E STATE HIGHWAY 29,ART,TX,76820,9817,,W22790,P
SOUTHERN,4G,TEXAS 3,780,76821,BALLINGER,116 S 8TH ST,BALLINGER,TX,76821,9998,,W22839,P
SOUTHERN,4G,TEXAS 3,780,76823,BANGS,300 E SANTA FE ST,BANGS,TX,76823,9998,,W22843,P
SOUTHERN,4G,TEXAS 3,780,76824,BEND,22902 W FM 580,BEND,TX,76824,3000,P,W22920,P
SOUTHERN,4G,TEXAS 3,780,76825,BRADY,229 S BLACKBURN ST,BRADY,TX,76825,9998,,W23024,P
SOUTHERN,4G,TEXAS 3,780,76827,BROOKESMITH,13375 FM 586 S,BROOKESMITH,TX,76827,9998,,W23046,P
SOUTHERN,4G,TEXAS 3,780,76828,BURKETT,357 BAYOU ST,BURKETT,TX,76828,9998,,W23089,P
SOUTHERN,4G,TEXAS 3,780,76831,CASTELL,19479 RANCH ROAD 152,CASTELL,TX,76831,3000,,W23166,P
SOUTHERN,4G,TEXAS 3,780,76832,CHEROKEE,206 N HIGHWAY 16,CHEROKEE,TX,76832,9998,,W23222,P
SOUTHERN,4G,TEXAS 3,780,76834,COLEMAN,201 W PECAN ST,COLEMAN,TX,76834,9998,,W23295,P
SOUTHERN,4G,TEXAS 3,780,76836,DOOLE,6662 FM 503,DOOLE,TX,76836,3000,,W23515,P
SOUTHERN,4G,TEXAS 3,780,76837,EDEN,100 W BROADWAY ST,EDEN,TX,76837,9998,,W23602,P
SOUTHERN,4G,TEXAS 3,780,76841,FORT MC KAVETT,6576 FM 864,FORT MC KAVETT,TX,76841,9700,,W23791,P
SOUTHERN,4G,TEXAS 3,780,76844,GOLDTHWAITE,1401 W FRONT ST,GOLDTHWAITE,TX,76844,9998,,W23916,P
SOUTHERN,4G,TEXAS 3,780,76845,GOULDBUSK,500 MAIN ST,GOULDBUSK,TX,76845,9998,,W23931,P
SOUTHERN,4G,TEXAS 3,780,76848,HEXT,15193 STATE HIGHWAY 29,HEXT,TX,76848,9870,,W24078,P
SOUTHERN,4G,TEXAS 3,780,76849,JUNCTION,612 COLLEGE ST,JUNCTION,TX,76849,9998,,W24265,P
SOUTHERN,4G,TEXAS 3,780,76852,LOHN,1156 FM 504,LOHN,TX,76852,9801,,W24514,P
SOUTHERN,4G,TEXAS 3,780,76853,LOMETA,116 E ELM ST,LOMETA,TX,76853,9997,,W24517,P
SOUTHERN,4G,TEXAS 3,780,76854,LONDON,17295 N US HIGHWAY 377,LONDON,TX,76854,9998,,W24518,P
SOUTHERN,4G,TEXAS 3,780,76855,ROWENA,501 MARY ST,ROWENA,TX,76875,9803,P,W25451,P
SOUTHERN,4G,TEXAS 3,780,76856,MASON,704 WREN ST,MASON,TX,76856,9998,,W24622,P
SOUTHERN,4G,TEXAS 3,780,76857,EARLY,101 CRESCENT DR,EARLY,TX,76802,9998,,W23573,B
SOUTHERN,4G,TEXAS 3,780,76857,MAY,18807 HIGHWAY 183 N,MAY,TX,76857,9998,,W24636,P
SOUTHERN,4G,TEXAS 3,780,76858,MELVIN,105 E MESQUITE ST,MELVIN,TX,76858,9901,,W24691,P
SOUTHERN,4G,TEXAS 3,780,76859,MENARD,911 FRISCO ST,MENARD,TX,76859,9998,,W24695,P
SOUTHERN,4G,TEXAS 3,780,76861,MILES,300 ROBINSON ST,MILES,TX,76861,9998,,W24738,P
SOUTHERN,4G,TEXAS 3,780,76862,MILLERSVIEW,8090 FM 765 E,MILLERSVIEW,TX,76862,9998,,W24741,P
SOUTHERN,4G,TEXAS 3,780,76864,MULLIN,108 E SHERMAN ST,MULLIN,TX,76864,9998,,W24826,P
SOUTHERN,4G,TEXAS 3,780,76866,PAINT ROCK,331 S ROBERTS AVE,PAINT ROCK,TX,76866,9802,,W25059,P
SOUTHERN,4G,TEXAS 3,780,76869,PONTOTOC,17658 COLLEGE ST,PONTOTOC,TX,76869,9814,,W25198,P
SOUTHERN,4G,TEXAS 3,780,76870,PRIDDY,13420 HIGHWAY 16 N,PRIDDY,TX,76870,9865,,W25248,P
SOUTHERN,4G,TEXAS 3,780,76871,RICHLAND SPRINGS,105 W MAIN ST,RICHLAND SPRINGS,TX,76871,9802,,W25366,P
SOUTHERN,4G,TEXAS 3,780,76872,BRADY,229 S BLACKBURN ST,BRADY,TX,76825,9998,,W23024,P
SOUTHERN,4G,TEXAS 3,780,76872,ROCHELLE,5702 CREW AVE,ROCHELLE,TX,76872,9802,,W25401,P
SOUTHERN,4G,TEXAS 3,780,76873,ROCKWOOD,135 POLK AVE,ROCKWOOD,TX,76873,9998,,W25412,P
SOUTHERN,4G,TEXAS 3,780,76874,ROOSEVELT,3861 STATE LOOP 291,ROOSEVELT,TX,76874,8900,,W25427,P
SOUTHERN,4G,TEXAS 3,780,76875,ROWENA,501 MARY ST,ROWENA,TX,76875,9803,,W25451,P
SOUTHERN,4G,TEXAS 3,780,76877,SAN SABA,603 S HIGH ST,SAN SABA,TX,76877,9998,,W25525,P
SOUTHERN,4G,TEXAS 3,780,76878,SANTA ANNA,207 N 1ST ST,SANTA ANNA,TX,76878,9998,,W25539,P
SOUTHERN,4G,TEXAS 3,780,76880,STAR,39 FM 1047 S,STAR,TX,76880,9801,P,W25861,P
SOUTHERN,4G,TEXAS 3,780,76882,TALPA,110 2ND ST,TALPA,TX,76882,9802,,W25947,P
SOUTHERN,4G,TEXAS 3,780,76884,VALERA,10490 US HIGHWAY 67,VALERA,TX,76884,9801,,W26137,P
SOUTHERN,4G,TEXAS 3,780,76885,VALLEY SPRING,11936 W STATE HIGHWAY 71,VALLEY SPRING,TX,76885,9998,,W26143,P
SOUTHERN,4G,TEXAS 3,780,76886,VERIBEST,10777 FM 380,VERIBEST,TX,76886,9800,P,W26165,P
SOUTHERN,4G,TEXAS 3,780,76887,VOCA,255 N FM 1851,VOCA,TX,76887,9814,,W26187,P
SOUTHERN,4G,TEXAS 3,780,76888,VALERA,10490 US HIGHWAY 67,VALERA,TX,76884,9801,,W26137,P
SOUTHERN,4G,TEXAS 3,780,76890,EARLY,101 CRESCENT DR,EARLY,TX,76802,9998,,W23573,B
SOUTHERN,4G,TEXAS 3,780,76890,ZEPHYR,11680 HIGHWAY 84 E,ZEPHYR,TX,76890,3829,,W26413,P
SOUTHERN,4G,TEXAS 3,780,76901,SAN ANGELO,1 N ABE ST,SAN ANGELO,TX,76902,9998,,W25504,P
SOUTHERN,4G,TEXAS 3,780,76902,SAN ANGELO,1 N ABE ST,SAN ANGELO,TX,76902,9998,P,W25504,P
SOUTHERN,4G,TEXAS 3,780,76903,SAN ANGELO,1 N ABE ST,SAN ANGELO,TX,76902,9998,,W25504,P
SOUTHERN,4G,TEXAS 3,780,76904,SOUTHWEST,3201 LOOP 306,SAN ANGELO,TX,76904,9998,,W25718,S
SOUTHERN,4G,TEXAS 3,780,76905,SAN ANGELO,1 N ABE ST,SAN ANGELO,TX,76902,9998,,W25504,P
SOUTHERN,4G,TEXAS 3,780,76906,SOUTHWEST,3201 LOOP 306,SAN ANGELO,TX,76904,9998,P,W25718,S
SOUTHERN,4G,TEXAS 3,780,76908,GOODFELLOW AFB,161 NUCHOLS ST UNIT 102,GOODFELLOW AFB,TX,76908,3352,,008451,B
SOUTHERN,4G,TEXAS 3,780,76930,BARNHART,133 MAIN ST,BARNHART,TX,76930,9700,P,W22854,P
SOUTHERN,4G,TEXAS 3,780,76932,BIG LAKE,210 E 2ND ST,BIG LAKE,TX,76932,9998,,W22946,P
SOUTHERN,4G,TEXAS 3,780,76933,BRONTE,124 S WASHINGTON,BRONTE,TX,76933,2152,,W23044,P
SOUTHERN,4G,TEXAS 3,780,76934,CARLSBAD,11794 FORT WORTH ST,CARLSBAD,TX,76934,9802,,W23149,P
SOUTHERN,4G,TEXAS 3,780,76935,CHRISTOVAL,19919 MAIN ST,CHRISTOVAL,TX,76935,5101,,W23243,P
SOUTHERN,4G,TEXAS 3,780,76936,ELDORADO,100 COTTONWOOD,ELDORADO,TX,76936,9800,,W23632,P
SOUTHERN,4G,TEXAS 3,780,76937,EOLA,12436 COUNTY ROAD 5502,EOLA,TX,76937,3010,,W23670,P
SOUTHERN,4G,TEXAS 3,780,76939,KNICKERBOCKER,14553 FM 2335,KNICKERBOCKER,TX,76939,9998,P,W24334,P
SOUTHERN,4G,TEXAS 3,780,76940,MERETA,997 BROADWAY ST,MERETA,TX,76940,9803,,W24702,P
SOUTHERN,4G,TEXAS 3,780,76941,MERTZON,303 W OAK AVE,MERTZON,TX,76941,5900,,W24707,P
SOUTHERN,4G,TEXAS 3,780,76943,OZONA,1106 AVE F,OZONA,TX,76943,9803,,W25054,P
SOUTHERN,4G,TEXAS 3,780,76945,ROBERT LEE,722 HOUSTON ST,ROBERT LEE,TX,76945,9804,,W25395,P
SOUTHERN,4G,TEXAS 3,780,76950,SONORA,102 W MAIN ST,SONORA,TX,76950,9998,,W25680,P
SOUTHERN,4G,TEXAS 3,780,76951,STERLING CITY,410 ELM ST,STERLING CITY,TX,76951,9803,,W25874,P
SOUTHERN,4G,TEXAS 3,780,76953,TENNYSON,11301 HIGHWAY 277,TENNYSON,TX,76953,9800,P,W25979,P
SOUTHERN,4G,TEXAS 3,780,76955,VANCOURT,9538 YORK RD,VANCOURT,TX,76955,9800,,W26154,P
SOUTHERN,4G,TEXAS 3,780,76957,WALL,7901 LOOP 570 S,WALL,TX,76957,9802,,W26209,P
SOUTHERN,4G,TEXAS 3,780,76958,WATER VALLEY,15949 SPRING AVE,WATER VALLEY,TX,76958,9998,P,W26231,P
SOUTHERN,4G,TEXAS 2,770,77001,HOUSTON,1500 HADLEY ST,HOUSTON,TX,77002,9998,P,W24130,P
SOUTHERN,4G,TEXAS 2,770,77002,SAM HOUSTON,1500 HADLEY ST,HOUSTON,TX,77002,8943,,018396,4
SOUTHERN,4G,TEXAS 2,770,77003,EASTWOOD,5415 LAWNDALE ST,HOUSTON,TX,77023,9998,,W23592,S
SOUTHERN,4G,TEXAS 2,770,77004,SOUTHMORE,4110 ALMEDA RD,HOUSTON,TX,77004,9998,,W25714,S
SOUTHERN,4G,TEXAS 2,770,77005,WILLIAM RICE,5201 WAKEFOREST ST,HOUSTON,TX,77005,9998,,W26339,4
SOUTHERN,4G,TEXAS 2,770,77006,UNIVERSITY,1319 RICHMOND AVE,HOUSTON,TX,77006,9998,,W26965,S
SOUTHERN,4G,TEXAS 2,770,77007,T W HOUSE,1300 W 19TH ST,HOUSTON,TX,77008,9998,,018053,S
SOUTHERN,4G,TEXAS 2,770,77008,T W HOUSE,1300 W 19TH ST,HOUSTON,TX,77008,9998,,018053,S
SOUTHERN,4G,TEXAS 2,770,77009,ANSON JONES,634 W CAVALCADE ST,HOUSTON,TX,77009,9998,,W22760,S
SOUTHERN,4G,TEXAS 2,770,77010,SAM HOUSTON,1500 HADLEY ST,HOUSTON,TX,77002,8943,,018396,4
SOUTHERN,4G,TEXAS 2,770,77011,EASTWOOD,5415 LAWNDALE ST,HOUSTON,TX,77023,9998,,W23592,S
SOUTHERN,4G,TEXAS 2,770,77012,EASTWOOD,5415 LAWNDALE ST,HOUSTON,TX,77023,9998,,W23592,S
SOUTHERN,4G,TEXAS 2,770,77013,GRANVILLE W ELDER,550 MAXEY RD,HOUSTON,TX,77013,9998,,W23950,S
SOUTHERN,4G,TEXAS 2,770,77014,CORNERSTONE,14403 WALTERS RD,HOUSTON,TX,77014,9998,,W23340,S
SOUTHERN,4G,TEXAS 2,770,77015,GRANVILLE W ELDER,550 MAXEY RD,HOUSTON,TX,77013,9998,,W23950,S
SOUTHERN,4G,TEXAS 2,770,77016,ROY ROYALL,4206 LITTLE YORK RD,HOUSTON,TX,77016,9998,,W25455,S
SOUTHERN,4G,TEXAS 2,770,77017,PARK PLACE,5302 GALVESTON RD,HOUSTON,TX,77017,9998,,W25087,S
SOUTHERN,4G,TEXAS 2,770,77018,OAK FOREST,2499 JUDIWAY ST,HOUSTON,TX,77018,9998,,W24973,S
SOUTHERN,4G,TEXAS 2,770,77019,RIVER OAKS,1900 W GRAY ST,HOUSTON,TX,77019,9998,,W25386,S
SOUTHERN,4G,TEXAS 2,770,77020,DENVER HARBOR,5901 MARKET ST,HOUSTON,TX,77020,9998,,W23472,S
SOUTHERN,4G,TEXAS 2,770,77021,FOSTER PLACE,5210 GRIGGS RD,HOUSTON,TX,77021,9998,,W23797,S
SOUTHERN,4G,TEXAS 2,770,77022,OAK FOREST,2499 JUDIWAY ST,HOUSTON,TX,77018,9998,,W24973,S
SOUTHERN,4G,TEXAS 2,770,77023,EASTWOOD,5415 LAWNDALE ST,HOUSTON,TX,77023,9998,,W23592,S
SOUTHERN,4G,TEXAS 2,770,77024,MEMORIAL PARK,10505 TOWN AND COUNTRY WAY,HOUSTON,TX,77024,9998,,W24693,S
SOUTHERN,4G,TEXAS 2,770,77025,ASTRODOME,8205 BRAESMAIN DR,HOUSTON,TX,77025,9998,,W22803,S
SOUTHERN,4G,TEXAS 2,770,77026,JENSEN DRIVE,3520 JENSEN DR,HOUSTON,TX,77026,9998,,W24230,S
SOUTHERN,4G,TEXAS 2,770,77027,JULIUS MELCHER,2802 TIMMONS LN,HOUSTON,TX,77027,9998,,W24264,S
SOUTHERN,4G,TEXAS 2,770,77028,ROY ROYALL,4206 LITTLE YORK RD,HOUSTON,TX,77016,9998,,W25455,S
SOUTHERN,4G,TEXAS 2,770,77029,GRANVILLE W ELDER,550 MAXEY RD,HOUSTON,TX,77013,9998,,W23950,S
SOUTHERN,4G,TEXAS 2,770,77030,MEDICAL CENTER,7205 ALMEDA RD,HOUSTON,TX,77054,9998,,W24679,S
SOUTHERN,4G,TEXAS 2,770,77031,WESTBRAE,10910 S GESSNER RD,HOUSTON,TX,77071,9998,,W26280,S
SOUTHERN,4G,TEXAS 2,770,77032,GREENS NORTH,1530 GREENSMARK DR,HOUSTON,TX,77067,9998,,W23960,S
SOUTHERN,4G,TEXAS 2,770,77033,MARTIN LUTHER KING,9444 CULLEN BLVD,HOUSTON,TX,77051,9998,,W24617,S
SOUTHERN,4G,TEXAS 2,770,77034,WINDMILL,9898 ALMEDA GENOA RD,HOUSTON,TX,77075,9998,,W26359,S
SOUTHERN,4G,TEXAS 2,770,77035,WESTBURY,11805 CHIMNEY ROCK RD,HOUSTON,TX,77035,9998,,001624,S
SOUTHERN,4G,TEXAS 2,770,77036,DE MOSS,6500 DE MOSS DR,HOUSTON,TX,77074,9998,,W23451,S
SOUTHERN,4G,TEXAS 2,770,77037,NORTH SHEPHERD,7511 N SHEPHERD DR,HOUSTON,TX,77088,9998,,W24946,S
SOUTHERN,4G,TEXAS 2,770,77038,GREENS NORTH,1530 GREENSMARK DR,HOUSTON,TX,77067,9998,,W23960,S
SOUTHERN,4G,TEXAS 2,770,77039,NORTH SHEPHERD,7511 N SHEPHERD DR,HOUSTON,TX,77088,9998,,W24946,S
SOUTHERN,4G,TEXAS 2,770,77040,FAIRBANKS,7050 BROOKHOLLOW WEST DR,HOUSTON,TX,77040,9998,,W23696,S
SOUTHERN,4G,TEXAS 2,770,77041,JAMES GRIFFITH,9320 EMNORA LN,HOUSTON,TX,77080,9998,,W24219,S
SOUTHERN,4G,TEXAS 2,770,77042,DEBORA SUE SCHATZ,2909 ROGERDALE RD,HOUSTON,TX,77042,9998,,W23454,S
SOUTHERN,4G,TEXAS 2,770,77043,JAMES GRIFFITH,9320 EMNORA LN,HOUSTON,TX,77080,9998,,W24219,S
SOUTHERN,4G,TEXAS 2,770,77044,ROY ROYALL,4206 LITTLE YORK RD,HOUSTON,TX,77016,9998,,W25455,S
SOUTHERN,4G,TEXAS 2,770,77045,ALMEDA,3030 W FUQUA ST,HOUSTON,TX,77045,9998,,W22720,S
SOUTHERN,4G,TEXAS 2,770,77046,JULIUS MELCHER,2802 TIMMONS LN,HOUSTON,TX,77027,9998,,W24264,S
SOUTHERN,4G,TEXAS 2,770,77047,ALMEDA,3030 W FUQUA ST,HOUSTON,TX,77045,9998,,W22720,S
SOUTHERN,4G,TEXAS 2,770,77048,MARTIN LUTHER KING,9444 CULLEN BLVD,HOUSTON,TX,77051,9998,,W24617,S
SOUTHERN,4G,TEXAS 2,770,77049,GRANVILLE W ELDER,550 MAXEY RD,HOUSTON,TX,77013,9998,,W23950,S
SOUTHERN,4G,TEXAS 2,770,77050,ROY ROYALL,4206 LITTLE YORK RD,HOUSTON,TX,77016,9998,,W25455,S
SOUTHERN,4G,TEXAS 2,770,77051,MARTIN LUTHER KING,9444 CULLEN BLVD,HOUSTON,TX,77051,9998,,W24617,S
SOUTHERN,4G,TEXAS 2,770,77052,SAM HOUSTON,701 SAN JACINTO ST STE 149,HOUSTON,TX,77002,3629,P,W25500,S
SOUTHERN,4G,TEXAS 2,770,77053,ALMEDA,3030 W FUQUA ST,HOUSTON,TX,77045,9998,,W22720,S
SOUTHERN,4G,TEXAS 2,770,77054,MEDICAL CENTER,7205 ALMEDA RD,HOUSTON,TX,77054,9998,,W24679,S
SOUTHERN,4G,TEXAS 2,770,77055,LONG POINT,8000 LONG POINT RD,HOUSTON,TX,77055,9998,,W24528,S
SOUTHERN,4G,TEXAS 2,770,77056,GALLERIA,5015 WESTHEIMER RD STE 1200,HOUSTON,TX,77056,9903,,W23849,S
SOUTHERN,4G,TEXAS 2,770,77056,RICH HILL,2950 UNITY DR,HOUSTON,TX,77057,9998,,W25359,S
SOUTHERN,4G,TEXAS 2,770,77057,RICH HILL,2950 UNITY DR,HOUSTON,TX,77057,9998,,W25359,S
SOUTHERN,4G,TEXAS 2,770,77058,ALBERT THOMAS,14917 EL CAMINO REAL,HOUSTON,TX,77062,9998,,W22706,S
SOUTHERN,4G,TEXAS 2,770,77059,ALBERT THOMAS,14917 EL CAMINO REAL,HOUSTON,TX,77062,9998,,W22706,S
SOUTHERN,4G,TEXAS 2,770,77060,GREENS NORTH,1530 GREENSMARK DR,HOUSTON,TX,77067,9998,,W23960,S
SOUTHERN,4G,TEXAS 2,770,77061,PARK PLACE,5302 GALVESTON RD,HOUSTON,TX,77017,9998,,W25087,S
SOUTHERN,4G,TEXAS 2,770,77062,ALBERT THOMAS,14917 EL CAMINO REAL,HOUSTON,TX,77062,9998,,W22706,S
SOUTHERN,4G,TEXAS 2,770,77063,JOHN DUNLOP,8728 BEVERLYHILL ST,HOUSTON,TX,77063,9998,,W24239,S
SOUTHERN,4G,TEXAS 2,770,77064,WILLOW PLACE,12955 WILLOW PLACE DR W,HOUSTON,TX,77070,9998,,W26348,S
SOUTHERN,4G,TEXAS 2,770,77065,FAIRBANKS,7050 BROOKHOLLOW WEST DR,HOUSTON,TX,77040,9998,,W23696,S
SOUTHERN,4G,TEXAS 2,770,77066,CORNERSTONE,14403 WALTERS RD,HOUSTON,TX,77014,9998,,W23340,S
SOUTHERN,4G,TEXAS 2,770,77067,GREENS NORTH,1530 GREENSMARK DR,HOUSTON,TX,77067,9998,,W23960,S
SOUTHERN,4G,TEXAS 2,770,77068,CORNERSTONE,14403 WALTERS RD,HOUSTON,TX,77014,9998,,W23340,S
SOUTHERN,4G,TEXAS 2,770,77069,WILLOW PLACE,12955 WILLOW PLACE DR W,HOUSTON,TX,77070,9998,,W26348,S
SOUTHERN,4G,TEXAS 2,770,77070,WILLOW PLACE,12955 WILLOW PLACE DR W,HOUSTON,TX,77070,9998,,W26348,S
SOUTHERN,4G,TEXAS 2,770,77071,WESTBRAE,10910 S GESSNER RD,HOUSTON,TX,77071,9998,,W26280,S
SOUTHERN,4G,TEXAS 2,770,77072,BEECHNUT,11703 BEECHNUT ST,HOUSTON,TX,77072,9998,,W22896,S
SOUTHERN,4G,TEXAS 2,770,77073,WESTFIELD,17119 RED OAK DR,HOUSTON,TX,77090,9998,,W26285,S
SOUTHERN,4G,TEXAS 2,770,77074,DE MOSS,6500 DE MOSS DR,HOUSTON,TX,77074,9998,,W23451,S
SOUTHERN,4G,TEXAS 2,770,77075,WINDMILL,9898 ALMEDA GENOA RD,HOUSTON,TX,77075,9998,,W26359,S
SOUTHERN,4G,TEXAS 2,770,77076,NORTH SHEPHERD,7511 N SHEPHERD DR,HOUSTON,TX,77088,9998,,W24946,S
SOUTHERN,4G,TEXAS 2,770,77077,ASHFORD WEST,12655 WHITTINGTON DR,HOUSTON,TX,77077,9998,,W22796,S
SOUTHERN,4G,TEXAS 2,770,77078,ROY ROYALL,4206 LITTLE YORK RD,HOUSTON,TX,77016,9998,,W25455,S
SOUTHERN,4G,TEXAS 2,770,77079,FLEETWOOD,315 ADDICKS HOWELL RD,HOUSTON,TX,77079,9998,,W26825,S
SOUTHERN,4G,TEXAS 2,770,77080,JAMES GRIFFITH,9320 EMNORA LN,HOUSTON,TX,77080,9998,,W24219,S
SOUTHERN,4G,TEXAS 2,770,77081,DE MOSS,6500 DE MOSS DR,HOUSTON,TX,77074,9998,,W23451,S
SOUTHERN,4G,TEXAS 2,770,77082,ASHFORD WEST,12655 WHITTINGTON DR,HOUSTON,TX,77077,9998,,W22796,S
SOUTHERN,4G,TEXAS 2,770,77083,BEECHNUT,11703 BEECHNUT ST,HOUSTON,TX,77072,9998,,W22896,S
SOUTHERN,4G,TEXAS 2,770,77084,BEAR CREEK,16015 CAIRNWAY DR,HOUSTON,TX,77084,9998,,W22882,S
SOUTHERN,4G,TEXAS 2,770,77085,ALMEDA,3030 W FUQUA ST,HOUSTON,TX,77045,9998,,W22720,S
SOUTHERN,4G,TEXAS 2,770,77086,GREENS NORTH,1530 GREENSMARK DR,HOUSTON,TX,77067,9998,,W23960,S
SOUTHERN,4G,TEXAS 2,770,77087,PARK PLACE,5302 GALVESTON RD,HOUSTON,TX,77017,9998,,W25087,S
SOUTHERN,4G,TEXAS 2,770,77088,NORTH SHEPHERD,7511 N SHEPHERD DR,HOUSTON,TX,77088,9998,,W24946,S
SOUTHERN,4G,TEXAS 2,770,77089,WINDMILL,9898 ALMEDA GENOA RD,HOUSTON,TX,77075,9998,,W26359,S
SOUTHERN,4G,TEXAS 2,770,77090,WESTFIELD,17119 RED OAK DR,HOUSTON,TX,77090,9998,,W26285,S
SOUTHERN,4G,TEXAS 2,770,77091,NORTH SHEPHERD,7511 N SHEPHERD DR,HOUSTON,TX,77088,9998,,W24946,S
SOUTHERN,4G,TEXAS 2,770,77092,OAK FOREST,2499 JUDIWAY ST,HOUSTON,TX,77018,9998,,W24973,S
SOUTHERN,4G,TEXAS 2,770,77093,NORTH SHEPHERD,7511 N SHEPHERD DR,HOUSTON,TX,77088,9998,,W24946,S
SOUTHERN,4G,TEXAS 2,770,77094,FLEETWOOD,315 ADDICKS HOWELL RD,HOUSTON,TX,77079,9998,,W26825,S
SOUTHERN,4G,TEXAS 2,770,77095,COPPERFIELD ANNEX,8825 HIGHWAY 6 N,HOUSTON,TX,77095,9998,,004578,4
SOUTHERN,4G,TEXAS 2,770,77096,WESTBURY,11805 CHIMNEY ROCK RD,HOUSTON,TX,77035,9998,,001624,S
SOUTHERN,4G,TEXAS 2,770,77098,GREENBRIAR,3740 GREENBRIAR DR,HOUSTON,TX,77098,9998,,W23958,S
SOUTHERN,4G,TEXAS 2,770,77099,BEECHNUT,11703 BEECHNUT ST,HOUSTON,TX,77072,9998,,W22896,S
SOUTHERN,4G,TEXAS 2,770,77202,HOUSTON,1500 HADLEY ST,HOUSTON,TX,77002,9998,P,W24130,P
SOUTHERN,4G,TEXAS 2,770,77203,HOUSTON,1500 HADLEY ST,HOUSTON,TX,77002,9998,P,W24130,P
SOUTHERN,4G,TEXAS 2,770,77205,FOXBROOK,7231 FM 1960 RD W STE A,HUMBLE,TX,77338,3468,P,011262,B
SOUTHERN,4G,TEXAS 2,770,77206,GARDEN OAKS,3816 N SHEPHERD DR,HOUSTON,TX,77018,9997,P,W23858,S
SOUTHERN,4G,TEXAS 2,770,77207,BROADWAY,4020 BROADWAY ST,HOUSTON,TX,77087,4800,P,W23042,S
SOUTHERN,4G,TEXAS 2,770,77208,CIVIC CENTER,700 SMITH ST,HOUSTON,TX,77002,2717,P,W23258,S
SOUTHERN,4G,TEXAS 2,770,77210,HOUSTON,1500 HADLEY ST,HOUSTON,TX,77002,9998,P,W24130,P
SOUTHERN,4G,TEXAS 2,770,77213,GRANVILLE W ELDER,550 MAXEY RD,HOUSTON,TX,77013,9998,P,W23950,S
SOUTHERN,4G,TEXAS 2,770,77215,WESTCHASE,3836 S GESSNER RD,HOUSTON,TX,77063,9944,P,W26282,S
SOUTHERN,4G,TEXAS 2,770,77217,PARK PLACE,5302 GALVESTON RD,HOUSTON,TX,77017,9998,P,W25087,S
SOUTHERN,4G,TEXAS 2,770,77218,FLEETWOOD,315 ADDICKS HOWELL RD,HOUSTON,TX,77079,9998,P,W26825,S
SOUTHERN,4G,TEXAS 2,770,77219,RIVER OAKS,1900 W GRAY ST,HOUSTON,TX,77019,9998,P,W25386,S
SOUTHERN,4G,TEXAS 2,770,77220,DENVER HARBOR,5901 MARKET ST,HOUSTON,TX,77020,9998,P,W23472,S
SOUTHERN,4G,TEXAS 2,770,77221,FOSTER PLACE,5210 GRIGGS RD,HOUSTON,TX,77021,9998,P,W23797,S
SOUTHERN,4G,TEXAS 2,770,77222,NORTH SHEPHERD,7511 N SHEPHERD DR,HOUSTON,TX,77088,9998,P,W24946,S
SOUTHERN,4G,TEXAS 2,770,77223,EASTWOOD,5415 LAWNDALE ST,HOUSTON,TX,77023,9998,P,W23592,S
SOUTHERN,4G,TEXAS 2,770,77224,MEMORIAL PARK,10505 TOWN AND COUNTRY WAY,HOUSTON,TX,77024,9998,P,W24693,S
SOUTHERN,4G,TEXAS 2,770,77225,ASTRODOME,8205 BRAESMAIN DR,HOUSTON,TX,77025,9998,P,W22803,S
SOUTHERN,4G,TEXAS 2,770,77226,JENSEN DRIVE,3520 JENSEN DR,HOUSTON,TX,77026,9998,P,W24230,S
SOUTHERN,4G,TEXAS 2,770,77227,JULIUS MELCHER,2802 TIMMONS LN,HOUSTON,TX,77027,9998,P,W24264,S
SOUTHERN,4G,TEXAS 2,770,77228,ROY ROYALL,4206 LITTLE YORK RD,HOUSTON,TX,77016,9998,P,W25455,S
SOUTHERN,4G,TEXAS 2,770,77229,GRANVILLE W ELDER,550 MAXEY RD,HOUSTON,TX,77013,9998,P,W23950,S
SOUTHERN,4G,TEXAS 2,770,77230,MEDICAL CENTER,7205 ALMEDA RD,HOUSTON,TX,77054,9998,P,W24679,S
SOUTHERN,4G,TEXAS 2,770,77231,WESTBURY,11805 CHIMNEY ROCK RD,HOUSTON,TX,77035,9998,P,001624,S
SOUTHERN,4G,TEXAS 2,770,77233,MARTIN LUTHER KING,9444 CULLEN BLVD,HOUSTON,TX,77051,9998,P,W24617,S
SOUTHERN,4G,TEXAS 2,770,77234,GENOA,10935 ALMEDA GENOA RD,HOUSTON,TX,77034,9998,P,W23881,S
SOUTHERN,4G,TEXAS 2,770,77235,WESTBURY,11805 CHIMNEY ROCK RD,HOUSTON,TX,77035,9998,P,001624,S
SOUTHERN,4G,TEXAS 2,770,77236,DE MOSS,6500 DE MOSS DR,HOUSTON,TX,77074,9998,P,W23451,S
SOUTHERN,4G,TEXAS 2,770,77237,RICH HILL,2950 UNITY DR,HOUSTON,TX,77057,9998,P,W25359,S
SOUTHERN,4G,TEXAS 2,770,77238,NORTH SHEPHERD,7511 N SHEPHERD DR,HOUSTON,TX,77088,9998,P,W24946,S
SOUTHERN,4G,TEXAS 2,770,77240,FAIRBANKS,7050 BROOKHOLLOW WEST DR,HOUSTON,TX,77040,9998,P,W23696,S
SOUTHERN,4G,TEXAS 2,770,77241,FAIRBANKS,7050 BROOKHOLLOW WEST DR,HOUSTON,TX,77040,9998,P,W23696,S
SOUTHERN,4G,TEXAS 2,770,77242,DEBORA SUE SCHATZ,2909 ROGERDALE RD,HOUSTON,TX,77042,9998,P,W23454,S
SOUTHERN,4G,TEXAS 2,770,77243,JAMES GRIFFITH,9320 EMNORA LN,HOUSTON,TX,77080,9998,P,W24219,S
SOUTHERN,4G,TEXAS 2,770,77244,ASHFORD WEST,12655 WHITTINGTON DR,HOUSTON,TX,77077,9998,P,W22796,S
SOUTHERN,4G,TEXAS 2,770,77245,ALMEDA,3030 W FUQUA ST,HOUSTON,TX,77045,9998,P,W22720,S
SOUTHERN,4G,TEXAS 2,770,77248,T W HOUSE,1300 W 19TH ST,HOUSTON,TX,77008,9998,P,018053,S
SOUTHERN,4G,TEXAS 2,770,77249,ANSON JONES,634 W CAVALCADE ST,HOUSTON,TX,77009,9998,P,W22760,S
SOUTHERN,4G,TEXAS 2,770,77251,HOUSTON,1500 HADLEY ST,HOUSTON,TX,77002,9998,P,W24130,P
SOUTHERN,4G,TEXAS 2,770,77252,HOUSTON,1500 HADLEY ST,HOUSTON,TX,77002,9998,P,W24130,P
SOUTHERN,4G,TEXAS 2,770,77253,HOUSTON,1500 HADLEY ST,HOUSTON,TX,77002,9998,P,W24130,P
SOUTHERN,4G,TEXAS 2,770,77254,GREENBRIAR,3740 GREENBRIAR DR,HOUSTON,TX,77098,9998,P,W23958,S
SOUTHERN,4G,TEXAS 2,770,77255,LONG POINT,8000 LONG POINT RD,HOUSTON,TX,77055,9998,P,W24528,S
SOUTHERN,4G,TEXAS 2,770,77256,JULIUS MELCHER,2802 TIMMONS LN,HOUSTON,TX,77027,9998,P,W24264,S
SOUTHERN,4G,TEXAS 2,770,77257,RICH HILL,2950 UNITY DR,HOUSTON,TX,77057,9998,P,W25359,S
SOUTHERN,4G,TEXAS 2,770,77258,NASSAU BAY,18214 UPPER BAY RD,HOUSTON,TX,77058,9998,P,W24843,S
SOUTHERN,4G,TEXAS 2,770,77259,ALBERT THOMAS,14917 EL CAMINO REAL,HOUSTON,TX,77062,9998,P,W22706,S
SOUTHERN,4G,TEXAS 2,770,77261,EASTWOOD,5415 LAWNDALE ST,HOUSTON,TX,77023,9998,P,W23592,S
SOUTHERN,4G,TEXAS 2,770,77262,HARRISBURG,8330 MANCHESTER ST,HOUSTON,TX,77012,2137,P,W24036,S
SOUTHERN,4G,TEXAS 2,770,77263,JOHN DUNLOP,8728 BEVERLYHILL ST,HOUSTON,TX,77063,9998,P,W24239,S
SOUTHERN,4G,TEXAS 2,770,77265,WESLAYAN,5340 WESLAYAN ST,HOUSTON,TX,77005,9922,P,W26259,S
SOUTHERN,4G,TEXAS 2,770,77266,UNIVERSITY,1319 RICHMOND AVE,HOUSTON,TX,77006,9998,P,W26965,S
SOUTHERN,4G,TEXAS 2,770,77267,GREENS NORTH,1530 GREENSMARK DR,HOUSTON,TX,77067,9998,P,W23960,S
SOUTHERN,4G,TEXAS 2,770,77268,CORNERSTONE,14403 WALTERS RD,HOUSTON,TX,77014,9998,P,W23340,S
SOUTHERN,4G,TEXAS 2,770,77269,WILLOW PLACE,12955 WILLOW PLACE DR W,HOUSTON,TX,77070,9998,P,W26348,S
SOUTHERN,4G,TEXAS 2,770,77270,T W HOUSE,1300 W 19TH ST,HOUSTON,TX,77008,9998,P,018053,S
SOUTHERN,4G,TEXAS 2,770,77271,WESTBRAE,10910 S GESSNER RD,HOUSTON,TX,77071,9998,P,W26280,S
SOUTHERN,4G,TEXAS 2,770,77272,BEECHNUT,11703 BEECHNUT ST,HOUSTON,TX,77072,9998,P,W22896,S
SOUTHERN,4G,TEXAS 2,770,77273,WESTFIELD,17119 RED OAK DR,HOUSTON,TX,77090,9998,P,W26285,S
SOUTHERN,4G,TEXAS 2,770,77274,DE MOSS,6500 DE MOSS DR,HOUSTON,TX,77074,9998,P,W23451,S
SOUTHERN,4G,TEXAS 2,770,77275,WINDMILL,9898 ALMEDA GENOA RD,HOUSTON,TX,77075,9998,P,W26359,S
SOUTHERN,4G,TEXAS 2,770,77277,WESLAYAN,5340 WESLAYAN ST,HOUSTON,TX,77005,9922,P,W26259,S
SOUTHERN,4G,TEXAS 2,770,77279,MEMORIAL PARK,10505 TOWN AND COUNTRY WAY,HOUSTON,TX,77024,9998,P,W24693,S
SOUTHERN,4G,TEXAS 2,770,77280,JAMES GRIFFITH,9320 EMNORA LN,HOUSTON,TX,77080,9998,P,W24219,S
SOUTHERN,4G,TEXAS 2,770,77282,ASHFORD WEST,12655 WHITTINGTON DR,HOUSTON,TX,77077,9998,P,W22796,S
SOUTHERN,4G,TEXAS 2,770,77284,BEAR CREEK,16015 CAIRNWAY DR,HOUSTON,TX,77084,9998,P,W22882,S
SOUTHERN,4G,TEXAS 2,770,77287,PARK PLACE,5302 GALVESTON RD,HOUSTON,TX,77017,9998,P,W25087,S
SOUTHERN,4G,TEXAS 2,770,77288,SOUTHMORE,4110 ALMEDA RD,HOUSTON,TX,77004,9998,P,W25714,S
SOUTHERN,4G,TEXAS 2,770,77289,ALBERT THOMAS,14917 EL CAMINO REAL,HOUSTON,TX,77062,9998,P,W22706,S
SOUTHERN,4G,TEXAS 2,770,77290,WESTFIELD,17119 RED OAK DR,HOUSTON,TX,77090,9998,P,W26285,S
SOUTHERN,4G,TEXAS 2,770,77291,NORTH SHEPHERD,7511 N SHEPHERD DR,HOUSTON,TX,77088,9998,P,W24946,S
SOUTHERN,4G,TEXAS 2,770,77292,OAK FOREST,2499 JUDIWAY ST,HOUSTON,TX,77018,9998,P,W24973,S
SOUTHERN,4G,TEXAS 2,770,77293,ROY ROYALL,4206 LITTLE YORK RD,HOUSTON,TX,77016,9998,P,W25455,S
SOUTHERN,4G,TEXAS 2,770,77301,CONROE,809 W DALLAS ST,CONROE,TX,77301,9998,,W23323,P
SOUTHERN,4G,TEXAS 2,770,77302,CONROE,809 W DALLAS ST,CONROE,TX,77301,9998,,W23323,P
SOUTHERN,4G,TEXAS 2,770,77303,CONROE,809 W DALLAS ST,CONROE,TX,77301,9998,,W23323,P
SOUTHERN,4G,TEXAS 2,770,77304,CONROE,809 W DALLAS ST,CONROE,TX,77301,9998,,W23323,P
SOUTHERN,4G,TEXAS 2,770,77305,CONROE,809 W DALLAS ST,CONROE,TX,77301,9998,P,W23323,P
SOUTHERN,4G,TEXAS 2,770,77306,CONROE,809 W DALLAS ST,CONROE,TX,77301,9998,,W23323,P
SOUTHERN,4G,TEXAS 2,770,77316,MONTGOMERY ANNEX,21359 EVA ST,MONTGOMERY,TX,77356,9997,,010858,4
SOUTHERN,4G,TEXAS 2,770,77318,WILLIS,609 N CAMPBELL ST,WILLIS,TX,77378,9998,,W26342,P
SOUTHERN,4G,TEXAS 2,770,77320,HUNTSVILLE,3190 HIGHWAY 30 W,HUNTSVILLE,TX,77340,6431,,W24152,P
SOUTHERN,4G,TEXAS 2,770,77325,KINGWOOD,4025 FEATHER LAKES WAY,KINGWOOD,TX,77339,9998,P,W24319,B
SOUTHERN,4G,TEXAS 2,770,77326,ACE,2038 HIGHWAY 2610,ACE,TX,77326,0001,P,W22674,P
SOUTHERN,4G,TEXAS 2,770,77327,CLEVELAND,1213 E HOUSTON ST,CLEVELAND,TX,77327,9998,,W23279,P
SOUTHERN,4G,TEXAS 2,770,77328,CLEVELAND,1213 E HOUSTON ST,CLEVELAND,TX,77327,9998,,W23279,P
SOUTHERN,4G,TEXAS 2,770,77331,COLDSPRING,14231 STATE HIGHWAY 150 W,COLDSPRING,TX,77331,4093,,W23294,P
SOUTHERN,4G,TEXAS 2,770,77332,DALLARDSVILLE,9030 FM 1276,DALLARDSVILLE,TX,77332,0015,P,W23425,P
SOUTHERN,4G,TEXAS 2,770,77333,MONTGOMERY,20821 EVA ST STE H,MONTGOMERY,TX,77356,9998,P,W24775,P
SOUTHERN,4G,TEXAS 2,770,77334,DODGE,174 FM 405,DODGE,TX,77334,9800,P,W23507,P
SOUTHERN,4G,TEXAS 2,770,77335,GOODRICH,7440 US HIGHWAY 59 S,GOODRICH,TX,77335,1410,,W23925,P
SOUTHERN,4G,TEXAS 2,770,77336,HUFFMAN,24936 FM 2100 RD,HUFFMAN,TX,77336,9998,,W24141,P
SOUTHERN,4G,TEXAS 2,770,77338,HUMBLE,1202 E 1ST ST,HUMBLE,TX,77338,9998,,W24146,P
SOUTHERN,4G,TEXAS 2,770,77339,KINGWOOD,4025 FEATHER LAKES WAY,KINGWOOD,TX,77339,9998,,W24319,B
SOUTHERN,4G,TEXAS 2,770,77340,HUNTSVILLE,3190 HIGHWAY 30 W,HUNTSVILLE,TX,77340,6431,,W24152,P
SOUTHERN,4G,TEXAS 2,770,77342,DOWNTOWN HUNTSVILLE,1315 10TH ST,HUNTSVILLE,TX,77320,9998,P,001596,S
SOUTHERN,4G,TEXAS 2,770,77345,KINGWOOD,4025 FEATHER LAKES WAY,KINGWOOD,TX,77339,9998,,W24319,B
SOUTHERN,4G,TEXAS 2,770,77346,HUMBLE,1202 E 1ST ST,HUMBLE,TX,77338,9998,,W24146,P
SOUTHERN,4G,TEXAS 2,770,77347,HUMBLE,1202 E 1ST ST,HUMBLE,TX,77338,9998,P,W24146,P
SOUTHERN,4G,TEXAS 2,770,77350,LEGGETT,9381 US HIGHWAY 59 N,LEGGETT,TX,77350,0173,P,W24459,P
SOUTHERN,4G,TEXAS 2,770,77351,LIVINGSTON,1325 W CHURCH ST,LIVINGSTON,TX,77351,9998,,W24506,P
SOUTHERN,4G,TEXAS 2,770,77352,LIVINGSTON,1325 W CHURCH ST,LIVINGSTON,TX,77351,9998,,W24506,P
SOUTHERN,4G,TEXAS 2,770,77353,MAGNOLIA,815 GOODSON RD,MAGNOLIA,TX,77355,9998,P,W24585,P
SOUTHERN,4G,TEXAS 2,770,77354,MAGNOLIA,815 GOODSON RD,MAGNOLIA,TX,77355,9998,,W24585,P
SOUTHERN,4G,TEXAS 2,770,77355,MAGNOLIA,815 GOODSON RD,MAGNOLIA,TX,77355,9998,,W24585,P
SOUTHERN,4G,TEXAS 2,770,77356,MONTGOMERY,20821 EVA ST STE H,MONTGOMERY,TX,77356,9998,,W24775,P
SOUTHERN,4G,TEXAS 2,770,77356,MONTGOMERY ANNEX,21359 EVA ST,MONTGOMERY,TX,77356,9997,,010858,4
SOUTHERN,4G,TEXAS 2,770,77357,NEW CANEY,20811 US HIGHWAY 59,NEW CANEY,TX,77357,2701,,W24868,P
SOUTHERN,4G,TEXAS 2,770,77358,NEW WAVERLY,9301 STATE HIGHWAY 75 S,NEW WAVERLY,TX,77358,4225,,W24891,P
SOUTHERN,4G,TEXAS 2,770,77359,OAKHURST,1100 HIGHWAY 190 W,OAKHURST,TX,77359,9820,,W24985,P
SOUTHERN,4G,TEXAS 2,770,77360,ONALASKA,203 N FM 356,ONALASKA,TX,77360,7603,,W25032,P
SOUTHERN,4G,TEXAS 2,770,77362,PINEHURST,34635 WRIGHT RD,PINEHURST,TX,77362,9998,,W25158,P
SOUTHERN,4G,TEXAS 2,770,77363,PLANTERSVILLE,8625 POST OFFICE RD,PLANTERSVILLE,TX,77363,9800,,W25172,P
SOUTHERN,4G,TEXAS 2,770,77364,ONALASKA,203 N FM 356,ONALASKA,TX,77360,7603,,W25032,P
SOUTHERN,4G,TEXAS 2,770,77364,POINTBLANK,30 S COUNTS RD,POINTBLANK,TX,77364,6623,,W25192,P
SOUTHERN,4G,TEXAS 2,770,77365,PORTER,23550 PARTNERS WAY,PORTER,TX,77365,9998,,W25215,P
SOUTHERN,4G,TEXAS 2,770,77367,RIVERSIDE,3782B HIGHWAY 19,RIVERSIDE,TX,77367,9800,P,W25388,P
SOUTHERN,4G,TEXAS 2,770,77368,ROMAYOR,336 COUNTY ROAD 2150,ROMAYOR,TX,77368,0561,P,W25426,P
SOUTHERN,4G,TEXAS 2,770,77369,RYE,31422 HIGHWAY 146 N,RYE,TX,77369,0001,P,W25467,P
SOUTHERN,4G,TEXAS 2,770,77371,SHEPHERD,1350 S BYRD AVE,SHEPHERD,TX,77371,9998,,W25623,P
SOUTHERN,4G,TEXAS 2,770,77372,SPLENDORA,26130 FM 2090 RD E,SPLENDORA,TX,77372,9800,,W25729,P
SOUTHERN,4G,TEXAS 2,770,77373,SPRING,1411 WUNSCHE LOOP,SPRING,TX,77373,9998,,W25731,P
SOUTHERN,4G,TEXAS 2,770,77374,THICKET,23394 FM 1293,THICKET,TX,77374,0237,P,W26017,P
SOUTHERN,4G,TEXAS 2,770,77375,TOMBALL,122 N HOLDERRIETH BLVD,TOMBALL,TX,77375,9998,,W26047,P
SOUTHERN,4G,TEXAS 2,770,77376,VOTAW,21598 OLD HWY,VOTAW,TX,77376,0015,P,W26191,P
SOUTHERN,4G,TEXAS 2,770,77377,TOMBALL,122 N HOLDERRIETH BLVD,TOMBALL,TX,77375,9998,,W26047,P
SOUTHERN,4G,TEXAS 2,770,77378,WILLIS,609 N CAMPBELL ST,WILLIS,TX,77378,9998,,W26342,P
SOUTHERN,4G,TEXAS 2,770,77379,KLEIN,7717 LOUETTA RD,SPRING,TX,77379,9998,,W24332,B
SOUTHERN,4G,TEXAS 2,770,77380,THE WOODLANDS,9450 PINECROFT DR,SPRING,TX,77380,9998,,W26013,B
SOUTHERN,4G,TEXAS 2,770,77381,SPRING PANTHER CREEK TX SDC,10800 GOSLING RD,SPRING,TX,77381,9934,,021418,4
SOUTHERN,4G,TEXAS 2,770,77382,SPRING PANTHER CREEK TX SDC,10800 GOSLING RD,SPRING,TX,77381,9934,,021418,4
SOUTHERN,4G,TEXAS 2,770,77383,SPRING,1411 WUNSCHE LOOP,SPRING,TX,77373,9998,P,W25731,P
SOUTHERN,4G,TEXAS 2,770,77384,CONROE,809 W DALLAS ST,CONROE,TX,77301,9998,,W23323,P
SOUTHERN,4G,TEXAS 2,770,77385,CONROE,809 W DALLAS ST,CONROE,TX,77301,9998,,W23323,P
SOUTHERN,4G,TEXAS 2,770,77386,THE WOODLANDS,9450 PINECROFT DR,SPRING,TX,77380,9998,,W26013,B
SOUTHERN,4G,TEXAS 2,770,77387,THE WOODLANDS,9450 PINECROFT DR,SPRING,TX,77380,9998,P,W26013,B
SOUTHERN,4G,TEXAS 2,770,77388,SPRING,1411 WUNSCHE LOOP,SPRING,TX,77373,9998,,W25731,P
SOUTHERN,4G,TEXAS 2,770,77389,KLEIN,7717 LOUETTA RD,SPRING,TX,77379,9998,,W24332,B
SOUTHERN,4G,TEXAS 2,770,77391,KLEIN,7717 LOUETTA RD,SPRING,TX,77379,9998,P,W24332,B
SOUTHERN,4G,TEXAS 2,770,77393,SPRING PANTHER CREEK TX SDC,10800 GOSLING RD,SPRING,TX,77381,9934,P,021418,4
SOUTHERN,4G,TEXAS 2,770,77396,HUMBLE,1202 E 1ST ST,HUMBLE,TX,77338,9998,,W24146,P
SOUTHERN,4G,TEXAS 2,770,77401,BELLAIRE,5350 BELLAIRE BLVD,BELLAIRE,TX,77401,9998,,W22901,P
SOUTHERN,4G,TEXAS 2,770,77402,BELLAIRE,5350 BELLAIRE BLVD,BELLAIRE,TX,77401,9998,P,W22901,P
SOUTHERN,4G,TEXAS 2,770,77404,BAY CITY,1309 BAYWOOD DR,BAY CITY,TX,77414,9998,P,W22870,P
SOUTHERN,4G,TEXAS 2,770,77404,CPU GULF COAST,22114 FM 457,BAY CITY,TX,77414,3472,P,016028,5
SOUTHERN,4G,TEXAS 2,770,77406,RICHMOND,5560 FM 1640 RD,RICHMOND,TX,77469,9998,,W25368,P
SOUTHERN,4G,TEXAS 2,770,77407,RICHMOND,5560 FM 1640 RD,RICHMOND,TX,77469,9998,,W25368,P
SOUTHERN,4G,TEXAS 2,770,77410,CYPRESS,16635 SPRING CYPRESS RD,CYPRESS,TX,77429,9998,P,W23411,P
SOUTHERN,4G,TEXAS 2,770,77411,ALIEF,11936 BELLAIRE BLVD,ALIEF,TX,77411,0017,P,W22716,P
SOUTHERN,4G,TEXAS 2,770,77412,ALTAIR,4159 US HIGHWAY 90A,ALTAIR,TX,77412,0003,P,W22723,P
SOUTHERN,4G,TEXAS 2,770,77413,BARKER,211 BAKER RD,BARKER,TX,77413,9800,P,W22850,P
SOUTHERN,4G,TEXAS 2,770,77414,BAY CITY,1309 BAYWOOD DR,BAY CITY,TX,77414,9998,,W22870,P
SOUTHERN,4G,TEXAS 2,770,77415,CEDAR LANE,13412 FM 457,CEDAR LANE,TX,77415,0177,P,W23180,P
SOUTHERN,4G,TEXAS 2,770,77417,BEASLEY,7031 LOOP 540,BEASLEY,TX,77417,0079,,W22883,P
SOUTHERN,4G,TEXAS 2,770,77417,NEEDVILLE,3000 SCHOOL ST,NEEDVILLE,TX,77461,9998,,W24858,P
SOUTHERN,4G,TEXAS 2,770,77418,BELLVILLE,229 E PALM ST,BELLVILLE,TX,77418,9998,,W22906,P
SOUTHERN,4G,TEXAS 2,770,77419,BLESSING,800 FM 616 W,BLESSING,TX,77419,0015,P,W22971,P
SOUTHERN,4G,TEXAS 2,770,77420,BOLING,7031 FM 442 RD,BOLING,TX,77420,8716,,W22998,P
SOUTHERN,4G,TEXAS 2,770,77422,BRAZORIA,111 GAINES ST,BRAZORIA,TX,77422,2119,,W23028,P
SOUTHERN,4G,TEXAS 2,770,77423,BROOKSHIRE,4115 5TH ST,BROOKSHIRE,TX,77423,1586,,W23050,P
SOUTHERN,4G,TEXAS 2,770,77426,CHAPPELL HILL,5110 MAIN ST,CHAPPELL HILL,TX,77426,6246,,W23214,P
SOUTHERN,4G,TEXAS 2,770,77428,COLLEGEPORT,15235 FM 1095,COLLEGEPORT,TX,77428,0015,P,W23298,P
SOUTHERN,4G,TEXAS 2,770,77429,CYPRESS,16635 SPRING CYPRESS RD,CYPRESS,TX,77429,9998,,W23411,P
SOUTHERN,4G,TEXAS 2,770,77430,DAMON,502 MULCAHY ST,DAMON,TX,77430,9800,,W23433,P
SOUTHERN,4G,TEXAS 2,770,77431,BOLING,7031 FM 442 RD,BOLING,TX,77420,8716,P,W22998,P
SOUTHERN,4G,TEXAS 2,770,77432,DANEVANG,11294 S STATE HIGHWAY 71,DANEVANG,TX,77432,9800,P,W23436,P
SOUTHERN,4G,TEXAS 2,770,77433,CYPRESS,16635 SPRING CYPRESS RD,CYPRESS,TX,77429,9998,,W23411,P
SOUTHERN,4G,TEXAS 2,770,77434,EAGLE LAKE,100 E MAIN ST STE 1,EAGLE LAKE,TX,77434,9998,,W23571,P
SOUTHERN,4G,TEXAS 2,770,77435,EAST BERNARD,703 CHURCH ST,EAST BERNARD,TX,77435,9998,,W23577,P
SOUTHERN,4G,TEXAS 2,770,77436,EGYPT,10718 FM 1161 W,EGYPT,TX,77436,0001,P,W23613,P
SOUTHERN,4G,TEXAS 2,770,77437,EL CAMPO,110 S MECHANIC ST,EL CAMPO,TX,77437,9998,,W23614,P
SOUTHERN,4G,TEXAS 2,770,77440,ELMATON,10430 HIGHWAY 35,ELMATON,TX,77440,0077,P,W23645,P
SOUTHERN,4G,TEXAS 2,770,77441,FULSHEAR,8055 FM 359 RD S,FULSHEAR,TX,77441,1512,,W23839,P
SOUTHERN,4G,TEXAS 2,770,77442,GARWOOD,506 ARTHUR ST,GARWOOD,TX,77442,9998,,W23866,P
SOUTHERN,4G,TEXAS 2,770,77443,GLEN FLORA,126 BRIDGE ST,GLEN FLORA,TX,77443,0177,P,W23901,P
SOUTHERN,4G,TEXAS 2,770,77444,GUY,18623 HIGHWAY 36,GUY,TX,77444,8730,,W23998,P
SOUTHERN,4G,TEXAS 2,770,77445,HEMPSTEAD,901 12TH ST,HEMPSTEAD,TX,77445,9998,,W24066,P
SOUTHERN,4G,TEXAS 2,770,77446,PRAIRIE VIEW,21212 FM 1098 LOOP,PRAIRIE VIEW,TX,77446,4110,P,W25242,P
SOUTHERN,4G,TEXAS 2,770,77447,HOCKLEY,17210 WARREN RANCH RD,HOCKLEY,TX,77447,9998,,W24110,P
SOUTHERN,4G,TEXAS 2,770,77448,HUNGERFORD,210 E LIVE OAK ST,HUNGERFORD,TX,77448,0135,P,W24147,P
SOUTHERN,4G,TEXAS 2,770,77449,KATY,20180 PARK ROW DR,KATY,TX,77449,9998,,W24277,P
SOUTHERN,4G,TEXAS 2,770,77450,KATY,20180 PARK ROW DR,KATY,TX,77449,9998,,W24277,P
SOUTHERN,4G,TEXAS 2,770,77451,KENDLETON,13635 WILLIE MELTON BLVD,KENDLETON,TX,77451,9800,P,W24294,P
SOUTHERN,4G,TEXAS 2,770,77452,KENNEY,707 S LOOP 497,KENNEY,TX,77452,9800,P,W24301,P
SOUTHERN,4G,TEXAS 2,770,77453,LANE CITY,110 LENERT ST,LANE CITY,TX,77453,9800,P,W24421,P
SOUTHERN,4G,TEXAS 2,770,77454,LISSIE,213 RAYMOND AVE,LISSIE,TX,77454,9800,P,W24497,P
SOUTHERN,4G,TEXAS 2,770,77455,LOUISE,1000 N ST,LOUISE,TX,77455,9800,,W24550,P
SOUTHERN,4G,TEXAS 2,770,77456,MARKHAM,610 BROADWAY ST,MARKHAM,TX,77456,9800,P,W24611,P
SOUTHERN,4G,TEXAS 2,770,77457,WADSWORTH,13622 HIGHWAY 60 S,WADSWORTH,TX,77483,9800,P,W26198,P
SOUTHERN,4G,TEXAS 2,770,77458,MIDFIELD,275 JUNETTA AVE,MIDFIELD,TX,77458,9801,P,W24717,P
SOUTHERN,4G,TEXAS 2,770,77459,MISSOURI CITY,1902 TEXAS PKWY,MISSOURI CITY,TX,77489,9998,,W24755,P
SOUTHERN,4G,TEXAS 2,770,77459,MISSOURI CITY ANNEX,3701 GLENN LAKES LN,MISSOURI CITY,TX,77459,9998,,004577,4
SOUTHERN,4G,TEXAS 2,770,77460,NADA,8423 HIGHWAY 71 S,NADA,TX,77460,0015,P,W24835,P
SOUTHERN,4G,TEXAS 2,770,77461,NEEDVILLE,3000 SCHOOL ST,NEEDVILLE,TX,77461,9998,,W24858,P
SOUTHERN,4G,TEXAS 2,770,77463,VAN VLECK,8901 STATE HIGHWAY 35 N,VAN VLECK,TX,77482,9899,P,W26152,P
SOUTHERN,4G,TEXAS 2,770,77464,ORCHARD,218 N MISSOURI,ORCHARD,TX,77464,0010,P,W25039,P
SOUTHERN,4G,TEXAS 2,770,77465,PALACIOS,700 HENDERSON AVE,PALACIOS,TX,77465,9998,,W25060,P
SOUTHERN,4G,TEXAS 2,770,77466,PATTISON,3637 2ND ST,PATTISON,TX,77466,9800,P,W25093,P
SOUTHERN,4G,TEXAS 2,770,77467,PIERCE,18566 LOOP 526 HWY,PIERCE,TX,77467,0001,P,W25149,P
SOUTHERN,4G,TEXAS 2,770,77468,PLEDGER,9463 FM 1728 RD,PLEDGER,TX,77468,9802,,W25182,P
SOUTHERN,4G,TEXAS 2,770,77469,RICHMOND,5560 FM 1640 RD,RICHMOND,TX,77469,9998,,W25368,P
SOUTHERN,4G,TEXAS 2,770,77470,ROCK ISLAND,2215 TUTTLE ST,ROCK ISLAND,TX,77470,9800,P,W25406,P
SOUTHERN,4G,TEXAS 2,770,77471,ROSENBERG,2103 AVENUE G,ROSENBERG,TX,77471,9998,,W25435,P
SOUTHERN,4G,TEXAS 2,770,77473,SAN FELIPE,15079 FM 1458,SAN FELIPE,TX,77473,9801,P,W25511,P
SOUTHERN,4G,TEXAS 2,770,77474,SEALY,222 MOODY ST,SEALY,TX,77474,9998,,W25577,P
SOUTHERN,4G,TEXAS 2,770,77475,SHERIDAN,1402 U S HIGHWAY 90A,SHERIDAN,TX,77475,9800,P,W25625,P
SOUTHERN,4G,TEXAS 2,770,77476,SIMONTON,35608 FM 1093,SIMONTON,TX,77476,9800,P,W25648,P
SOUTHERN,4G,TEXAS 2,770,77477,STAFFORD,4110 BLUEBONNET DR,STAFFORD,TX,77477,9998,,W25854,P
SOUTHERN,4G,TEXAS 2,770,77478,SUGAR LAND,225 MATLAGE WAY,SUGAR LAND,TX,77478,9998,,W25901,P
SOUTHERN,4G,TEXAS 2,770,77479,FIRST COLONY,3130 GRANTS LAKE BLVD,SUGAR LAND,TX,77479,9998,,W26633,S
SOUTHERN,4G,TEXAS 2,770,77480,BRAZORIA,111 GAINES ST,BRAZORIA,TX,77422,2119,,W23028,P
SOUTHERN,4G,TEXAS 2,770,77480,SWEENY,301 E 2ND ST,SWEENY,TX,77480,9998,,W25930,P
SOUTHERN,4G,TEXAS 2,770,77481,RICHMOND,5560 FM 1640 RD,RICHMOND,TX,77469,9998,P,W25368,P
SOUTHERN,4G,TEXAS 2,770,77482,VAN VLECK,8901 STATE HIGHWAY 35 N,VAN VLECK,TX,77482,9899,,W26152,P
SOUTHERN,4G,TEXAS 2,770,77483,WADSWORTH,13622 HIGHWAY 60 S,WADSWORTH,TX,77483,9800,P,W26198,P
SOUTHERN,4G,TEXAS 2,770,77484,WALLER,40090 HIGHWAY 290 BUSINESS,WALLER,TX,77484,9998,,W26210,P
SOUTHERN,4G,TEXAS 2,770,77485,WALLIS,6418 RAILROAD ST,WALLIS,TX,77485,8008,,W26211,P
SOUTHERN,4G,TEXAS 2,770,77486,WEST COLUMBIA,350 W BRAZOS AVE,WEST COLUMBIA,TX,77486,9998,,W26262,P
SOUTHERN,4G,TEXAS 2,770,77487,SUGAR LAND,225 MATLAGE WAY,SUGAR LAND,TX,77478,9998,P,W25901,P
SOUTHERN,4G,TEXAS 2,770,77488,WHARTON,141 E MILAM ST,WHARTON,TX,77488,9998,,W26301,P
SOUTHERN,4G,TEXAS 2,770,77489,MISSOURI CITY,1902 TEXAS PKWY,MISSOURI CITY,TX,77489,9998,,W24755,P
SOUTHERN,4G,TEXAS 2,770,77491,KATY,20180 PARK ROW DR,KATY,TX,77449,9998,P,W24277,P
SOUTHERN,4G,TEXAS 2,770,77492,KATY FINANCE,5701 4TH ST,KATY,TX,77493,9998,P,004717,S
SOUTHERN,4G,TEXAS 2,770,77493,KATY ANNEX,1331 PIN OAK RD,KATY,TX,77494,9998,,008585,4
SOUTHERN,4G,TEXAS 2,770,77494,KATY ANNEX,1331 PIN OAK RD,KATY,TX,77494,9998,,008585,4
SOUTHERN,4G,TEXAS 2,770,77496,FIRST COLONY,3130 GRANTS LAKE BLVD,SUGAR LAND,TX,77479,9998,P,W26633,S
SOUTHERN,4G,TEXAS 2,770,77497,STAFFORD,4110 BLUEBONNET DR,STAFFORD,TX,77477,9998,P,W25854,P
SOUTHERN,4G,TEXAS 2,770,77498,SUGAR LAND,225 MATLAGE WAY,SUGAR LAND,TX,77478,9998,,W25901,P
SOUTHERN,4G,TEXAS 2,770,77501,PASADENA,1199 PASADENA BLVD,PASADENA,TX,77501,9998,P,W25091,P
SOUTHERN,4G,TEXAS 2,770,77502,JOHN FOSTER,1520 RICHEY ST,PASADENA,TX,77502,9998,,W24240,S
SOUTHERN,4G,TEXAS 2,770,77502,PASADENA,1199 PASADENA BLVD,PASADENA,TX,77501,9998,,W25091,P
SOUTHERN,4G,TEXAS 2,770,77503,PASADENA,1199 PASADENA BLVD,PASADENA,TX,77501,9998,,W25091,P
SOUTHERN,4G,TEXAS 2,770,77504,PASADENA,1199 PASADENA BLVD,PASADENA,TX,77501,9998,,W25091,P
SOUTHERN,4G,TEXAS 2,770,77505,PASADENA,1199 PASADENA BLVD,PASADENA,TX,77501,9998,,W25091,P
SOUTHERN,4G,TEXAS 2,770,77506,PASADENA,1199 PASADENA BLVD,PASADENA,TX,77501,9998,,W25091,P
SOUTHERN,4G,TEXAS 2,770,77507,PASADENA,1199 PASADENA BLVD,PASADENA,TX,77501,9998,,W25091,P
SOUTHERN,4G,TEXAS 2,770,77508,PASADENA,1199 PASADENA BLVD,PASADENA,TX,77501,9998,P,W25091,P
SOUTHERN,4G,TEXAS 2,770,77510,SANTA FE,13002 HIGHWAY 6,SANTA FE,TX,77510,9998,,W25543,P
SOUTHERN,4G,TEXAS 2,770,77511,ALVIN,455 E HOUSE ST,ALVIN,TX,77511,9998,,W22728,P
SOUTHERN,4G,TEXAS 2,770,77512,ALVIN,455 E HOUSE ST,ALVIN,TX,77511,9998,P,W22728,P
SOUTHERN,4G,TEXAS 2,770,77514,ANAHUAC,411 S MAIN ST,ANAHUAC,TX,77514,9800,,W22748,P
SOUTHERN,4G,TEXAS 2,770,77515,ANGLETON,100 CANNAN DR,ANGLETON,TX,77515,9998,,W22756,P
SOUTHERN,4G,TEXAS 2,770,77516,ANGLETON,100 CANNAN DR,ANGLETON,TX,77515,9998,P,W22756,P
SOUTHERN,4G,TEXAS 2,770,77517,SANTA FE,13002 HIGHWAY 6,SANTA FE,TX,77510,9998,,W25543,P
SOUTHERN,4G,TEXAS 2,770,77518,BACLIFF,415 GRAND AVE,BACLIFF,TX,77518,1542,,W22826,P
SOUTHERN,4G,TEXAS 2,770,77519,BATSON,9117 MAIN ST,BATSON,TX,77519,7938,,W22867,P
SOUTHERN,4G,TEXAS 2,770,77520,BAYTOWN,601 W BAKER RD,BAYTOWN,TX,77521,2306,,W22875,P
SOUTHERN,4G,TEXAS 2,770,77521,BAYTOWN,601 W BAKER RD,BAYTOWN,TX,77521,2306,,W22875,P
SOUTHERN,4G,TEXAS 2,770,77522,BAYTOWN,601 W BAKER RD,BAYTOWN,TX,77521,2306,P,W22875,P
SOUTHERN,4G,TEXAS 2,770,77523,BAYTOWN,601 W BAKER RD,BAYTOWN,TX,77521,2306,,W22875,P
SOUTHERN,4G,TEXAS 2,770,77530,CHANNELVIEW,531 SHELDON RD,CHANNELVIEW,TX,77530,9998,,W23209,P
SOUTHERN,4G,TEXAS 2,770,77531,CLUTE,530 E MAIN ST,CLUTE,TX,77531,9998,,W23286,P
SOUTHERN,4G,TEXAS 2,770,77531,LAKE JACKSON,210 OAK DR S,LAKE JACKSON,TX,77566,9998,,W24385,P
SOUTHERN,4G,TEXAS 2,770,77532,CROSBY,133 HARE RD,CROSBY,TX,77532,9998,,W23384,P
SOUTHERN,4G,TEXAS 2,770,77533,DAISETTA,410 MAIN ST,DAISETTA,TX,77533,9700,P,W23421,P
SOUTHERN,4G,TEXAS 2,770,77534,DANBURY,6003 5TH ST,DANBURY,TX,77534,9998,,W23434,P
SOUTHERN,4G,TEXAS 2,770,77535,DAYTON,110 S MAIN ST,DAYTON,TX,77535,9998,,W23447,P
SOUTHERN,4G,TEXAS 2,770,77536,DEER PARK,200 E SAN AUGUSTINE ST,DEER PARK,TX,77536,9998,,W23457,P
SOUTHERN,4G,TEXAS 2,770,77538,DEVERS,102 S GATES ST,DEVERS,TX,77538,9800,,W23482,P
SOUTHERN,4G,TEXAS 2,770,77539,DICKINSON,2515 TERMINI ST,DICKINSON,TX,77539,9998,,W23493,P
SOUTHERN,4G,TEXAS 2,770,77541,FREEPORT,924 N AVENUE F,FREEPORT,TX,77541,9998,,W23813,P
SOUTHERN,4G,TEXAS 2,770,77542,FREEPORT,924 N AVENUE F,FREEPORT,TX,77541,9998,P,W23813,P
SOUTHERN,4G,TEXAS 2,770,77545,FRESNO,4725 TEAL BEND BLVD,FRESNO,TX,77545,9998,,W23818,P
SOUTHERN,4G,TEXAS 2,770,77546,FRIENDSWOOD,310 MORNINGSIDE DR,FRIENDSWOOD,TX,77546,9998,,W23823,P
SOUTHERN,4G,TEXAS 2,770,77547,GALENA PARK,1805 CLINTON DR,GALENA PARK,TX,77547,9998,,W23847,P
SOUTHERN,4G,TEXAS 2,770,77549,FRIENDSWOOD,310 MORNINGSIDE DR,FRIENDSWOOD,TX,77546,9998,P,W23823,P
SOUTHERN,4G,TEXAS 2,770,77550,BOB LYONS,5826 BROADWAY ST,GALVESTON,TX,77551,9998,,W22993,S
SOUTHERN,4G,TEXAS 2,770,77551,BOB LYONS,5826 BROADWAY ST,GALVESTON,TX,77551,9998,,W22993,S
SOUTHERN,4G,TEXAS 2,770,77552,BOB LYONS,5826 BROADWAY ST,GALVESTON,TX,77551,9998,P,W22993,S
SOUTHERN,4G,TEXAS 2,770,77553,GALVESTON,601 TREMONT ST,GALVESTON,TX,77550,5490,P,W23851,P
SOUTHERN,4G,TEXAS 2,770,77554,BOB LYONS,5826 BROADWAY ST,GALVESTON,TX,77551,9998,,W22993,S
SOUTHERN,4G,TEXAS 2,770,77560,HANKAMER,9322 STATE HIGHWAY 61,HANKAMER,TX,77560,9800,,W24019,P
SOUTHERN,4G,TEXAS 2,770,77561,HARDIN,11158 HIGHWAY 146 N,HARDIN,TX,77561,9800,P,W24023,P
SOUTHERN,4G,TEXAS 2,770,77562,HIGHLANDS,608 S MAIN ST,HIGHLANDS,TX,77562,9998,,W24093,P
SOUTHERN,4G,TEXAS 2,770,77563,HITCHCOCK,8210 HIGHWAY 6,HITCHCOCK,TX,77563,9998,,W24106,P
SOUTHERN,4G,TEXAS 2,770,77563,SANTA FE,13002 HIGHWAY 6,SANTA FE,TX,77510,9998,,W25543,P
SOUTHERN,4G,TEXAS 2,770,77564,HULL,7404 FM 834 E,HULL,TX,77564,9800,,W24145,P
SOUTHERN,4G,TEXAS 2,770,77565,KEMAH,1129 HIGHWAY 146,KEMAH,TX,77565,1601,,W24290,P
SOUTHERN,4G,TEXAS 2,770,77565,LEAGUE CITY,240 W GALVESTON ST,LEAGUE CITY,TX,77573,9998,,W24447,P
SOUTHERN,4G,TEXAS 2,770,77566,LAKE JACKSON,210 OAK DR S,LAKE JACKSON,TX,77566,9998,,W24385,P
SOUTHERN,4G,TEXAS 2,770,77568,LA MARQUE,509 LAUREL ST,LA MARQUE,TX,77568,9998,,W24357,P
SOUTHERN,4G,TEXAS 2,770,77571,LA PORTE,801 W FAIRMONT PKWY,LA PORTE,TX,77571,9998,,W24359,P
SOUTHERN,4G,TEXAS 2,770,77572,LA PORTE,801 W FAIRMONT PKWY,LA PORTE,TX,77571,9998,P,W24359,P
SOUTHERN,4G,TEXAS 2,770,77573,LEAGUE CITY,240 W GALVESTON ST,LEAGUE CITY,TX,77573,9998,,W24447,P
SOUTHERN,4G,TEXAS 2,770,77574,LEAGUE CITY,240 W GALVESTON ST,LEAGUE CITY,TX,77573,9998,P,W24447,P
SOUTHERN,4G,TEXAS 2,770,77575,LIBERTY,1515 SAM HOUSTON ST,LIBERTY,TX,77575,9998,,W24481,P
SOUTHERN,4G,TEXAS 2,770,77577,LIVERPOOL,2320 MAIN ST,LIVERPOOL,TX,77577,8744,,W24505,P
SOUTHERN,4G,TEXAS 2,770,77578,MANVEL,6925 MASTERS RD,MANVEL,TX,77578,9998,,W24603,P
SOUTHERN,4G,TEXAS 2,770,77580,MONT BELVIEU,16043 EAGLE DR,MONT BELVIEU,TX,77580,9700,P,W24768,P
SOUTHERN,4G,TEXAS 2,770,77581,PEARLAND,3519 E WALNUT ST,PEARLAND,TX,77581,9998,,W25104,P
SOUTHERN,4G,TEXAS 2,770,77582,RAYWOOD,13615 HIGHWAY 90 E,RAYWOOD,TX,77582,9800,P,W25314,P
SOUTHERN,4G,TEXAS 2,770,77583,ROSHARON,1810 E FM 1462 RD,ROSHARON,TX,77583,9998,,W25439,P
SOUTHERN,4G,TEXAS 2,770,77584,SILVER LAKE,2700 CULLEN BLVD,PEARLAND,TX,77584,0802,,008636,S
SOUTHERN,4G,TEXAS 2,770,77585,SARATOGA,17019 FM 770,SARATOGA,TX,77585,9702,,W25551,P
SOUTHERN,4G,TEXAS 2,770,77586,SEABROOK,1600 MAIN ST,SEABROOK,TX,77586,3515,,W25573,P
SOUTHERN,4G,TEXAS 2,770,77587,SOUTH HOUSTON,315 N ALLEN GENOA RD,SOUTH HOUSTON,TX,77587,9998,,W25690,P
SOUTHERN,4G,TEXAS 2,770,77588,PEARLAND,3519 E WALNUT ST,PEARLAND,TX,77581,9998,P,W25104,P
SOUTHERN,4G,TEXAS 2,770,77590,TEXAS CITY,2002 11TH AVE N,TEXAS CITY,TX,77590,9998,,W25992,P
SOUTHERN,4G,TEXAS 2,770,77591,TEXAS CITY,2002 11TH AVE N,TEXAS CITY,TX,77590,9998,,W25992,P
SOUTHERN,4G,TEXAS 2,770,77592,TEXAS CITY,2002 11TH AVE N,TEXAS CITY,TX,77590,9998,P,W25992,P
SOUTHERN,4G,TEXAS 2,770,77597,WALLISVILLE,20142 INTERSTATE 10,WALLISVILLE,TX,77597,3024,,W26212,P
SOUTHERN,4G,TEXAS 2,770,77598,WEBSTER,17077 N TEXAS AVE,WEBSTER,TX,77598,9998,,W26243,P
SOUTHERN,4G,TEXAS 2,770,77611,BRIDGE CITY,900 TEXAS AVE,BRIDGE CITY,TX,77611,9998,,W23036,P
SOUTHERN,4G,TEXAS 2,770,77612,BUNA,332 TX STATE HIGHWAY 62,BUNA,TX,77612,0047,,W23086,P
SOUTHERN,4G,TEXAS 2,770,77613,CHINA,305 N BROADWAY ST,CHINA,TX,77613,0016,P,W23235,P
SOUTHERN,4G,TEXAS 2,770,77614,DEWEYVILLE,680 TX STATE HIGHWAY 272,DEWEYVILLE,TX,77614,0001,P,W23487,P
SOUTHERN,4G,TEXAS 2,770,77615,EVADALE,225 FM 105,EVADALE,TX,77615,0105,P,W23683,P
SOUTHERN,4G,TEXAS 2,770,77616,FRED,20239 FM 92 S,FRED,TX,77616,0017,,W23806,P
SOUTHERN,4G,TEXAS 2,770,77617,CRYSTAL BEACH,2200 HIGHWAY 87,PORT BOLIVAR,TX,77650,0717,P,W23395,B
SOUTHERN,4G,TEXAS 2,770,77619,GROVES,6230 39TH ST,GROVES,TX,77619,9998,,W23983,P
SOUTHERN,4G,TEXAS 2,770,77622,HAMSHIRE,25142 HIGHWAY 124,HAMSHIRE,TX,77622,0015,,W24017,P
SOUTHERN,4G,TEXAS 2,770,77623,HIGH ISLAND,2008 S 5TH ST,HIGH ISLAND,TX,77623,0135,P,W24088,P
SOUTHERN,4G,TEXAS 2,770,77624,HILLISTER,283 FM 1013 RD,HILLISTER,TX,77624,0001,,W24097,P
SOUTHERN,4G,TEXAS 2,770,77625,KOUNTZE,1245 S PINE ST,KOUNTZE,TX,77625,9998,,W24343,P
SOUTHERN,4G,TEXAS 2,770,77625,SILSBEE,111 W AVENUE P,SILSBEE,TX,77656,9998,,W25640,P
SOUTHERN,4G,TEXAS 2,770,77626,MAURICEVILLE,11424 HIGHWAY 12,MAURICEVILLE,TX,77626,0016,P,W24632,P
SOUTHERN,4G,TEXAS 2,770,77627,NEDERLAND,223 N 14TH ST,NEDERLAND,TX,77627,9998,,W24856,P
SOUTHERN,4G,TEXAS 2,770,77629,CHINA,305 N BROADWAY ST,CHINA,TX,77613,0016,P,W23235,P
SOUTHERN,4G,TEXAS 2,770,77630,ORANGE,500 4TH ST,ORANGE,TX,77630,9998,,W25035,P
SOUTHERN,4G,TEXAS 2,770,77631,ORANGE,500 4TH ST,ORANGE,TX,77630,9998,P,W25035,P
SOUTHERN,4G,TEXAS 2,770,77632,ORANGE,500 4TH ST,ORANGE,TX,77630,9998,,W25035,P
SOUTHERN,4G,TEXAS 2,770,77639,ORANGEFIELD,5481 FM 408,ORANGEFIELD,TX,77639,0197,P,W25037,P
SOUTHERN,4G,TEXAS 2,770,77640,PORT ARTHUR,345 LAKESHORE DR,PORT ARTHUR,TX,77640,9998,,W25205,P
SOUTHERN,4G,TEXAS 2,770,77641,PORT ARTHUR,345 LAKESHORE DR,PORT ARTHUR,TX,77640,9998,P,W25205,P
SOUTHERN,4G,TEXAS 2,770,77642,PORT ARTHUR,345 LAKESHORE DR,PORT ARTHUR,TX,77640,9998,,W25205,P
SOUTHERN,4G,TEXAS 2,770,77643,PORT ARTHUR,345 LAKESHORE DR,PORT ARTHUR,TX,77640,9998,P,W25205,P
SOUTHERN,4G,TEXAS 2,770,77650,CRYSTAL BEACH,2200 HIGHWAY 87,PORT BOLIVAR,TX,77650,0717,P,W23395,B
SOUTHERN,4G,TEXAS 2,770,77650,PORT BOLIVAR,2500 BROADWAY AVE,PORT BOLIVAR,TX,77650,0736,P,W25206,P
SOUTHERN,4G,TEXAS 2,770,77651,PORT NECHES,1324 PORT NECHES AVE,PORT NECHES,TX,77651,9998,,W25211,P
SOUTHERN,4G,TEXAS 2,770,77655,SABINE PASS,5424 TREMONT ST,SABINE PASS,TX,77655,0310,,W25479,P
SOUTHERN,4G,TEXAS 2,770,77656,SILSBEE,111 W AVENUE P,SILSBEE,TX,77656,9998,,W25640,P
SOUTHERN,4G,TEXAS 2,770,77657,LUMBERTON,650 S MAIN ST,LUMBERTON,TX,77657,9998,,W24566,B
SOUTHERN,4G,TEXAS 2,770,77659,SOUR LAKE,665 6TH ST,SOUR LAKE,TX,77659,0289,,W25683,P
SOUTHERN,4G,TEXAS 2,770,77660,SPURGER,12385 FM 92 RD S,SPURGER,TX,77660,0008,,W25748,P
SOUTHERN,4G,TEXAS 2,770,77661,STOWELL,3608 STATE HIGHWAY 124,STOWELL,TX,77661,0045,P,W25889,P
SOUTHERN,4G,TEXAS 2,770,77662,VIDOR,285 S ARCHIE ST,VIDOR,TX,77662,9998,,W26173,P
SOUTHERN,4G,TEXAS 2,770,77663,VILLAGE MILLS,4956 FM 3063,VILLAGE MILLS,TX,77663,0016,P,W26181,P
SOUTHERN,4G,TEXAS 2,770,77664,WARREN,120 COUNTY ROAD 1520,WARREN,TX,77664,0015,,W26225,P
SOUTHERN,4G,TEXAS 2,770,77665,WINNIE,324 HIGHWAY 124,WINNIE,TX,77665,0190,,W26368,P
SOUTHERN,4G,TEXAS 2,770,77670,VIDOR,285 S ARCHIE ST,VIDOR,TX,77662,9998,P,W26173,P
SOUTHERN,4G,TEXAS 2,770,77701,SOUTH END,3501 AVENUE A,BEAUMONT,TX,77705,9996,,W25689,S
SOUTHERN,4G,TEXAS 2,770,77702,SOUTH END,3501 AVENUE A,BEAUMONT,TX,77705,9996,,W25689,S
SOUTHERN,4G,TEXAS 2,770,77703,TOBE HAHN,3910 N DOWLEN RD,BEAUMONT,TX,77706,9998,,W26041,S
SOUTHERN,4G,TEXAS 2,770,77704,DOWNTOWN BEAUMONT,300 WILLOW ST STE 1,BEAUMONT,TX,77701,2296,P,W23528,S
SOUTHERN,4G,TEXAS 2,770,77705,SOUTH END,3501 AVENUE A,BEAUMONT,TX,77705,9996,,W25689,S
SOUTHERN,4G,TEXAS 2,770,77706,TOBE HAHN,3910 N DOWLEN RD,BEAUMONT,TX,77706,9998,,W26041,S
SOUTHERN,4G,TEXAS 2,770,77707,BEAUMONT,5815 WALDEN RD,BEAUMONT,TX,77707,9998,,W22886,P
SOUTHERN,4G,TEXAS 2,770,77708,TOBE HAHN,3910 N DOWLEN RD,BEAUMONT,TX,77706,9998,,W26041,S
SOUTHERN,4G,TEXAS 2,770,77713,TOBE HAHN,3910 N DOWLEN RD,BEAUMONT,TX,77706,9998,,W26041,S
SOUTHERN,4G,TEXAS 2,770,77720,BEAUMONT,5815 WALDEN RD,BEAUMONT,TX,77707,9998,P,W22886,P
SOUTHERN,4G,TEXAS 2,770,77725,SOUTH END,3501 AVENUE A,BEAUMONT,TX,77705,9996,P,W25689,S
SOUTHERN,4G,TEXAS 2,770,77726,TOBE HAHN,3910 N DOWLEN RD,BEAUMONT,TX,77706,9998,P,W26041,S
SOUTHERN,4G,TEXAS 2,770,77801,BRYAN TX S&DC,2121 E WM J BRYAN PKWY,BRYAN,TX,77801,9903,,020461,4
SOUTHERN,4G,TEXAS 2,770,77802,BRYAN TX S&DC,2121 E WM J BRYAN PKWY,BRYAN,TX,77801,9903,,020461,4
SOUTHERN,4G,TEXAS 2,770,77803,BRYAN TX S&DC,2121 E WM J BRYAN PKWY,BRYAN,TX,77801,9903,,020461,4
SOUTHERN,4G,TEXAS 2,770,77805,BRYAN TX S&DC,2121 E WM J BRYAN PKWY,BRYAN,TX,77801,9903,P,020461,4
SOUTHERN,4G,TEXAS 2,770,77806,BRYAN TX S&DC,2121 E WM J BRYAN PKWY,BRYAN,TX,77801,9903,P,020461,4
SOUTHERN,4G,TEXAS 2,770,77807,BRYAN TX S&DC,2121 E WM J BRYAN PKWY,BRYAN,TX,77801,9903,,020461,4
SOUTHERN,4G,TEXAS 2,770,77808,BRYAN TX S&DC,2121 E WM J BRYAN PKWY,BRYAN,TX,77801,9903,,020461,4
SOUTHERN,4G,TEXAS 2,770,77830,ANDERSON,1035 HIGHWAY 90 N,ANDERSON,TX,77830,9998,,W22751,P
SOUTHERN,4G,TEXAS 2,770,77831,BEDIAS,3681 MAIN ST,BEDIAS,TX,77831,9812,,W22891,P
SOUTHERN,4G,TEXAS 2,770,77833,BRENHAM,309 N MARKET ST,BRENHAM,TX,77833,9998,,W23032,P
SOUTHERN,4G,TEXAS 2,770,77834,BRENHAM,309 N MARKET ST,BRENHAM,TX,77833,9998,P,W23032,P
SOUTHERN,4G,TEXAS 2,770,77835,BURTON,500 N RAILROAD ST,BURTON,TX,77835,9202,,W23099,P
SOUTHERN,4G,TEXAS 2,770,77836,CALDWELL,201 N MAIN ST,CALDWELL,TX,77836,9998,,W23111,P
SOUTHERN,4G,TEXAS 2,770,77837,CALVERT,602 S CEDAR RD,CALVERT,TX,77837,9800,,W23116,P
SOUTHERN,4G,TEXAS 2,770,77838,CHRIESMAN,136 PRAIRIE ST,CHRIESMAN,TX,77838,5000,P,W23241,P
SOUTHERN,4G,TEXAS 2,770,77840,BRYAN TX S&DC,2121 E WM J BRYAN PKWY,BRYAN,TX,77801,9903,,020461,4
SOUTHERN,4G,TEXAS 2,770,77841,NORTHGATE COLLEGE STATION,104 N HOUSTON ST,COLLEGE STATION,TX,77841,9800,P,W24957,S
SOUTHERN,4G,TEXAS 2,770,77842,COLLEGE STATION,2130 HARVEY MITCHELL PKWY S,COLLEGE STATION,TX,77840,9998,P,W23297,P
SOUTHERN,4G,TEXAS 2,770,77845,BRYAN TX S&DC,2121 E WM J BRYAN PKWY,BRYAN,TX,77801,9903,,020461,4
SOUTHERN,4G,TEXAS 2,770,77852,DEANVILLE,6625 FM 111,DEANVILLE,TX,77852,4500,P,W23453,P
SOUTHERN,4G,TEXAS 2,770,77853,DIME BOX,1017 STEPHEN F AUSTIN BLVD,DIME BOX,TX,77853,5366,,W23498,P
SOUTHERN,4G,TEXAS 2,770,77855,FLYNN,7782 FM 39 S,FLYNN,TX,77855,9800,P,W23764,P
SOUTHERN,4G,TEXAS 2,770,77856,FRANKLIN,216 E DECHERD ST,FRANKLIN,TX,77856,9803,,W23803,P
SOUTHERN,4G,TEXAS 2,770,77857,GAUSE,100 MAIN ST,GAUSE,TX,77857,9800,P,W23874,P
SOUTHERN,4G,TEXAS 2,770,77859,HEARNE,600 W 1ST ST,HEARNE,TX,77859,9998,,W24053,P
SOUTHERN,4G,TEXAS 2,770,77861,IOLA,23329 FM 39,IOLA,TX,77861,5367,,W24185,P
SOUTHERN,4G,TEXAS 2,770,77862,KURTEN,12857 E SH HWY 21,KURTEN,TX,77862,9700,P,W24347,P
SOUTHERN,4G,TEXAS 2,770,77863,LYONS,14030 HWY 36 S,LYONS,TX,77863,9700,P,W24571,P
SOUTHERN,4G,TEXAS 2,770,77864,MADISONVILLE,310 N COMMERCE ST,MADISONVILLE,TX,77864,9998,,W24582,P
SOUTHERN,4G,TEXAS 2,770,77865,MARQUEZ,208 VW GOODWIN BLVD N,MARQUEZ,TX,77865,9998,,W24613,P
SOUTHERN,4G,TEXAS 2,770,77866,MILLICAN,22200 FM 159,MILLICAN,TX,77866,9700,P,W24743,P
SOUTHERN,4G,TEXAS 2,770,77867,HEARNE,600 W 1ST ST,HEARNE,TX,77859,9998,P,W24053,P
SOUTHERN,4G,TEXAS 2,770,77868,NAVASOTA,115 FARQUHAR ST,NAVASOTA,TX,77868,9998,,W24851,P
SOUTHERN,4G,TEXAS 2,770,77870,NEW BADEN,199 FM 1940,NEW BADEN,TX,77870,4102,P,W24865,P
SOUTHERN,4G,TEXAS 2,770,77871,HILLTOP LAKES,1 HOLSTER HWY,HILLTOP LAKES,TX,77871,9803,,W24102,C
SOUTHERN,4G,TEXAS 2,770,77871,NORMANGEE,201 HOLLIS ST,NORMANGEE,TX,77871,9801,,W24922,P
SOUTHERN,4G,TEXAS 2,770,77872,NORTH ZULCH,11337 5TH ST,NORTH ZULCH,TX,77872,9800,,W24950,P
SOUTHERN,4G,TEXAS 2,770,77873,RICHARDS,11002 FM 149,RICHARDS,TX,77873,2742,,W25360,P
SOUTHERN,4G,TEXAS 2,770,77875,ANDERSON,1035 HIGHWAY 90 N,ANDERSON,TX,77830,9998,P,W22751,P
SOUTHERN,4G,TEXAS 2,770,77876,SHIRO,19431 HIGHWAY 30,SHIRO,TX,77876,9800,P,W25631,P
SOUTHERN,4G,TEXAS 2,770,77878,SNOOK,9999 FM 2155,SNOOK,TX,77878,9800,P,W25668,P
SOUTHERN,4G,TEXAS 2,770,77879,SOMERVILLE,199 8TH ST,SOMERVILLE,TX,77879,9802,,W25679,P
SOUTHERN,4G,TEXAS 2,770,77880,WASHINGTON,23295 FM 1155 E,WASHINGTON,TX,77880,6037,,W26227,P
SOUTHERN,4G,TEXAS 2,770,77881,WELLBORN,14881 FM 2154,WELLBORN,TX,77881,9800,P,W26253,P
SOUTHERN,4G,TEXAS 2,770,77882,WHEELOCK,11546 S FM 46,WHEELOCK,TX,77882,9800,P,W26303,P
SOUTHERN,4G,TEXAS 2,770,77901,JAMES MOODY,2804 SAM HOUSTON DR,VICTORIA,TX,77904,9998,,W24220,S
SOUTHERN,4G,TEXAS 2,770,77902,VICTORIA,312 S MAIN ST,VICTORIA,TX,77901,9998,P,W26171,P
SOUTHERN,4G,TEXAS 2,770,77903,JAMES MOODY,2804 SAM HOUSTON DR,VICTORIA,TX,77904,9998,P,W24220,S
SOUTHERN,4G,TEXAS 2,770,77904,JAMES MOODY,2804 SAM HOUSTON DR,VICTORIA,TX,77904,9998,,W24220,S
SOUTHERN,4G,TEXAS 2,770,77905,JAMES MOODY,2804 SAM HOUSTON DR,VICTORIA,TX,77904,9998,,W24220,S
SOUTHERN,4G,TEXAS 2,770,77950,AUSTWELL,611 VANDENBERGE ST,AUSTWELL,TX,77950,9800,P,W22817,P
SOUTHERN,4G,TEXAS 2,770,77951,BLOOMINGTON,41 E 2ND ST,BLOOMINGTON,TX,77951,9800,P,W22978,P
SOUTHERN,4G,TEXAS 2,770,77954,CUERO,301 E MAIN ST,CUERO,TX,77954,9998,,W23397,P
SOUTHERN,4G,TEXAS 2,770,77957,EDNA,603 ROSE ST,EDNA,TX,77957,9998,,W23610,P
SOUTHERN,4G,TEXAS 2,770,77960,FANNIN,9931 US HIGHWAY 59 N,FANNIN,TX,77960,9800,P,W23712,P
SOUTHERN,4G,TEXAS 2,770,77961,FRANCITAS,66 BRYAN ST,FRANCITAS,TX,77961,9800,P,W23802,P
SOUTHERN,4G,TEXAS 2,770,77962,GANADO,101 W ROGERS ST,GANADO,TX,77962,9998,,W23852,P
SOUTHERN,4G,TEXAS 2,770,77963,GOLIAD,151 W END ST,GOLIAD,TX,77963,9998,,W23917,P
SOUTHERN,4G,TEXAS 2,770,77964,HALLETTSVILLE,206 S LA GRANGE ST,HALLETTSVILLE,TX,77964,9998,,W24006,P
SOUTHERN,4G,TEXAS 2,770,77968,EDNA,603 ROSE ST,EDNA,TX,77957,9998,,W23610,P
SOUTHERN,4G,TEXAS 2,770,77968,INEZ,126 CHURCH ST,INEZ,TX,77968,9998,,W24173,P
SOUTHERN,4G,TEXAS 2,770,77969,LA SALLE,1999 FM 616,LA SALLE,TX,77969,9800,P,W24362,P
SOUTHERN,4G,TEXAS 2,770,77970,LA WARD,13059 STATE HIGHWAY 172,LA WARD,TX,77970,9800,P,W24367,P
SOUTHERN,4G,TEXAS 2,770,77971,LOLITA,8966 FM 1593,LOLITA,TX,77971,9998,,W24515,P
SOUTHERN,4G,TEXAS 2,770,77973,MCFADDIN,2207 FM 445,MCFADDIN,TX,77973,9800,P,W24666,P
SOUTHERN,4G,TEXAS 2,770,77974,MEYERSVILLE,2233 MEYERSVILLE RD,MEYERSVILLE,TX,77974,9998,,W24712,P
SOUTHERN,4G,TEXAS 2,770,77975,MOULTON,206 S MAIN ST,MOULTON,TX,77975,9998,,W24802,P
SOUTHERN,4G,TEXAS 2,770,77976,NURSERY,12685 NURSERY DR,NURSERY,TX,77976,9800,P,W24970,P
SOUTHERN,4G,TEXAS 2,770,77977,PLACEDO,5037 FM 616,PLACEDO,TX,77977,9800,P,W25168,P
SOUTHERN,4G,TEXAS 2,770,77978,POINT COMFORT,3 LAMAR ST,POINT COMFORT,TX,77978,9800,P,W25189,P
SOUTHERN,4G,TEXAS 2,770,77979,PORT LAVACA,1201 HALF LEAGUE RD,PORT LAVACA,TX,77979,9998,,W25208,P
SOUTHERN,4G,TEXAS 2,770,77982,PORT O CONNOR,611 W ADAMS ST,PORT O CONNOR,TX,77982,9800,P,W25212,P
SOUTHERN,4G,TEXAS 2,770,77983,SEADRIFT,518 S MAIN ST,SEADRIFT,TX,77983,9998,,W25574,P
SOUTHERN,4G,TEXAS 2,770,77984,SHINER,217 W 7TH ST,SHINER,TX,77984,9998,,W25630,P
SOUTHERN,4G,TEXAS 2,770,77987,SWEET HOME,22 COUNTY ROAD 391E,SWEET HOME,TX,77987,9800,P,W25932,P
SOUTHERN,4G,TEXAS 2,770,77988,TELFERNER,319 FM 1686,TELFERNER,TX,77988,9800,P,W25970,P
SOUTHERN,4G,TEXAS 2,770,77989,THOMASTON,264 FORDTRAN RD,THOMASTON,TX,77989,9800,P,W26019,P
SOUTHERN,4G,TEXAS 2,770,77990,TIVOLI,211 W SCOTT ST,TIVOLI,TX,77990,9998,,W26039,P
SOUTHERN,4G,TEXAS 2,770,77991,VANDERBILT,5825 FM 616,VANDERBILT,TX,77991,9800,P,W26155,P
SOUTHERN,4G,TEXAS 3,780,77993,WEESATCHE,195 W FM 884,WEESATCHE,TX,77993,9800,P,W26247,P
SOUTHERN,4G,TEXAS 2,770,77994,WESTHOFF,16 HOUSTON AVE,WESTHOFF,TX,77994,9998,,W26286,P
SOUTHERN,4G,TEXAS 2,770,77995,YOAKUM,112 NELSON ST,YOAKUM,TX,77995,9998,,W26405,P
SOUTHERN,4G,TEXAS 3,780,78002,ATASCOSA,10850 PEARSALL RD,ATASCOSA,TX,78002,9998,,W22807,P
SOUTHERN,4G,TEXAS 3,780,78003,BANDERA,130 STATE HIGHWAY 173 N,BANDERA,TX,78003,9998,,W22842,P
SOUTHERN,4G,TEXAS 3,780,78004,BOERNE,607 E BLANCO RD,BOERNE,TX,78006,9998,,W22996,P
SOUTHERN,4G,TEXAS 3,780,78005,BIGFOOT,13855 FM 472,BIGFOOT,TX,78005,9998,,W22950,P
SOUTHERN,4G,TEXAS 3,780,78006,BOERNE,607 E BLANCO RD,BOERNE,TX,78006,9998,,W22996,P
SOUTHERN,4G,TEXAS 3,780,78006,BOERNE CARRIER ANNEX,6 UPPER BALCONES RD,BOERNE,TX,78006,9996,,012470,4
SOUTHERN,4G,TEXAS 3,780,78007,CALLIHAM,193 RECREATION ROAD 8,CALLIHAM,TX,78007,9998,,W23115,P
SOUTHERN,4G,TEXAS 3,780,78008,CAMPBELLTON,2905 COMMERCE ST,CAMPBELLTON,TX,78008,9998,,W23127,P
SOUTHERN,4G,TEXAS 3,780,78009,CASTROVILLE,1305 US HIGHWAY 90 W,CASTROVILLE,TX,78009,9998,,W23168,P
SOUTHERN,4G,TEXAS 3,780,78010,CENTER POINT,218 FM 480,CENTER POINT,TX,78010,9998,,W23192,P
SOUTHERN,4G,TEXAS 3,780,78011,CHARLOTTE,142 S YULE AVE,CHARLOTTE,TX,78011,9998,,W23216,P
SOUTHERN,4G,TEXAS 3,780,78011,JOURDANTON,1002 OAK ST,JOURDANTON,TX,78026,9998,,W24258,P
SOUTHERN,4G,TEXAS 3,780,78012,CHRISTINE,709 W AVENUE E,CHRISTINE,TX,78012,9998,,W23242,P
SOUTHERN,4G,TEXAS 3,780,78013,COMFORT,726 FRONT ST,COMFORT,TX,78013,9998,,W23311,P
SOUTHERN,4G,TEXAS 3,780,78014,COTULLA,209 N FRONT,COTULLA,TX,78014,9998,,W23355,P
SOUTHERN,4G,TEXAS 3,780,78015,BOERNE CARRIER ANNEX,6 UPPER BALCONES RD,BOERNE,TX,78006,9996,,012470,4
SOUTHERN,4G,TEXAS 3,780,78016,DEVINE,111 W COLLEGE AVE,DEVINE,TX,78016,9998,,W23483,P
SOUTHERN,4G,TEXAS 3,780,78017,COTULLA,209 N FRONT,COTULLA,TX,78014,9998,,W23355,P
SOUTHERN,4G,TEXAS 3,780,78017,DILLEY,102 E MILLER ST,DILLEY,TX,78017,9998,,W23496,P
SOUTHERN,4G,TEXAS 3,780,78019,ENCINAL,400 MAIN ST,ENCINAL,TX,78019,9800,P,W23659,P
SOUTHERN,4G,TEXAS 3,780,78021,JOURDANTON,1002 OAK ST,JOURDANTON,TX,78026,9998,,W24258,P
SOUTHERN,4G,TEXAS 3,780,78022,GEORGE WEST,606 FRIO ST,GEORGE WEST,TX,78022,9998,,W23882,P
SOUTHERN,4G,TEXAS 3,780,78023,HELOTES,12790 FM 1560 N,HELOTES,TX,78023,9998,,W24064,P
SOUTHERN,4G,TEXAS 3,780,78024,INGRAM,3190 JUNCTION HWY,INGRAM,TX,78025,9998,,W24176,P
SOUTHERN,4G,TEXAS 3,780,78025,INGRAM,3190 JUNCTION HWY,INGRAM,TX,78025,9998,,W24176,P
SOUTHERN,4G,TEXAS 3,780,78025,KERRVILLE,244 CULLY DR,KERRVILLE,TX,78028,9998,,W24306,P
SOUTHERN,4G,TEXAS 3,780,78026,JOURDANTON,1002 OAK ST,JOURDANTON,TX,78026,9998,,W24258,P
SOUTHERN,4G,TEXAS 3,780,78027,KENDALIA,2545 FM 473,KENDALIA,TX,78027,9998,,W24293,P
SOUTHERN,4G,TEXAS 3,780,78028,KERRVILLE,244 CULLY DR,KERRVILLE,TX,78028,9998,,W24306,P
SOUTHERN,4G,TEXAS 3,780,78029,KERRVILLE,244 CULLY DR,KERRVILLE,TX,78028,9998,P,W24306,P
SOUTHERN,4G,TEXAS 3,780,78039,LA COSTE,15843 N FRONT ST,LA COSTE,TX,78039,9998,,W24352,P
SOUTHERN,4G,TEXAS 3,780,78040,LAREDO,2700 E SAUNDERS ST,LAREDO,TX,78041,9998,,W24428,P
SOUTHERN,4G,TEXAS 3,780,78041,LAREDO,2700 E SAUNDERS ST,LAREDO,TX,78041,9998,,W24428,P
SOUTHERN,4G,TEXAS 3,780,78042,EL CENTRO,1300 MATAMOROS ST,LAREDO,TX,78040,9998,P,W23616,S
SOUTHERN,4G,TEXAS 3,780,78043,LAREDO,2700 E SAUNDERS ST,LAREDO,TX,78041,9998,,W24428,P
SOUTHERN,4G,TEXAS 3,780,78044,LAREDO,2700 E SAUNDERS ST,LAREDO,TX,78041,9998,P,W24428,P
SOUTHERN,4G,TEXAS 3,780,78045,DEL MAR,2395 E DEL MAR BLVD,LAREDO,TX,78045,9998,,001656,S
SOUTHERN,4G,TEXAS 3,780,78046,LAREDO,2700 E SAUNDERS ST,LAREDO,TX,78041,9998,,W24428,P
SOUTHERN,4G,TEXAS 3,780,78050,LEMING,7781 US HIGHWAY 281 N,LEMING,TX,78050,9800,P,W24463,P
SOUTHERN,4G,TEXAS 3,780,78052,LYTLE,14841 MAIN ST,LYTLE,TX,78052,9998,,W24572,P
SOUTHERN,4G,TEXAS 3,780,78054,MACDONA,9880 ALIANN,MACDONA,TX,78054,9800,P,W24577,P
SOUTHERN,4G,TEXAS 3,780,78055,MEDINA,13876 STATE HIGHWAY 16 N,MEDINA,TX,78055,9998,,W24680,P
SOUTHERN,4G,TEXAS 3,780,78056,CASTROVILLE,1305 US HIGHWAY 90 W,CASTROVILLE,TX,78009,9998,,W23168,P
SOUTHERN,4G,TEXAS 3,780,78057,MOORE,198 W FM 462,MOORE,TX,78057,9998,,W24780,P
SOUTHERN,4G,TEXAS 3,780,78058,MOUNTAIN HOME,5586 JUNCTION HWY,MOUNTAIN HOME,TX,78058,9998,,W24816,P
SOUTHERN,4G,TEXAS 3,780,78059,LYTLE,14841 MAIN ST,LYTLE,TX,78052,9998,,W24572,P
SOUTHERN,4G,TEXAS 3,780,78059,NATALIA,1910 STATE HIGHWAY 132 N,NATALIA,TX,78059,9998,,W24844,P
SOUTHERN,4G,TEXAS 3,780,78061,PEARSALL,411 E COLORADO ST,PEARSALL,TX,78061,9998,,W25105,P
SOUTHERN,4G,TEXAS 3,780,78063,PIPE CREEK,10005 STATE HIGHWAY 16 S,PIPE CREEK,TX,78063,9998,,W25163,P
SOUTHERN,4G,TEXAS 3,780,78064,PLEASANTON,122 W GOODWIN ST,PLEASANTON,TX,78064,9998,,W25181,P
SOUTHERN,4G,TEXAS 3,780,78065,POTEET,420 AVENUE I,POTEET,TX,78065,9998,,W25222,P
SOUTHERN,4G,TEXAS 3,780,78066,RIO MEDINA,3980 FM 471 N,RIO MEDINA,TX,78066,9998,,W25381,P
SOUTHERN,4G,TEXAS 3,780,78067,SAN YGNACIO,4327 N US HIGHWAY 83,SAN YGNACIO,TX,78067,9998,,W25526,P
SOUTHERN,4G,TEXAS 3,780,78069,SOMERSET,19608 SOMERSET RD,SOMERSET,TX,78069,9998,,W25678,P
SOUTHERN,4G,TEXAS 3,780,78069,VON ORMY,13636 INTERSTATE 35 S,VON ORMY,TX,78073,9998,,W26189,P
SOUTHERN,4G,TEXAS 3,780,78070,SPRING BRANCH,132 BLAZING MEADOW RD,SPRING BRANCH,TX,78070,9998,,W25732,P
SOUTHERN,4G,TEXAS 3,780,78071,THREE RIVERS,110 E ALEXANDER,THREE RIVERS,TX,78071,9998,,W26027,P
SOUTHERN,4G,TEXAS 3,780,78072,TILDEN,306 RIVER ST,TILDEN,TX,78072,9998,,W26033,P
SOUTHERN,4G,TEXAS 3,780,78073,VON ORMY,13636 INTERSTATE 35 S,VON ORMY,TX,78073,9998,,W26189,P
SOUTHERN,4G,TEXAS 3,780,78074,WARING,538 WARING WELFARE RD,WARING,TX,78074,9800,P,W26223,P
SOUTHERN,4G,TEXAS 3,780,78075,CAMPBELLTON,2905 COMMERCE ST,CAMPBELLTON,TX,78008,9998,,W23127,P
SOUTHERN,4G,TEXAS 3,780,78076,ZAPATA,810 N US HIGHWAY 83,ZAPATA,TX,78076,9998,,W26411,P
SOUTHERN,4G,TEXAS 3,780,78101,ADKINS,10190 US HIGHWAY 87 S,ADKINS,TX,78101,9998,,W22682,P
SOUTHERN,4G,TEXAS 3,780,78101,LA VERNIA,2560 FM 775,LA VERNIA,TX,78121,9998,,W24364,P
SOUTHERN,4G,TEXAS 3,780,78102,BEEVILLE,111 N SAINT MARYS ST,BEEVILLE,TX,78102,9998,,W22898,P
SOUTHERN,4G,TEXAS 3,780,78104,BEEVILLE,111 N SAINT MARYS ST,BEEVILLE,TX,78102,9998,P,W22898,P
SOUTHERN,4G,TEXAS 2,770,78107,BERCLAIR,15864 US HIGHWAY 59 S,BERCLAIR,TX,78107,9800,P,W22923,P
SOUTHERN,4G,TEXAS 3,780,78108,CIBOLO,725 FM 1103,CIBOLO,TX,78108,9998,,W23245,P
SOUTHERN,4G,TEXAS 3,780,78109,CONVERSE,9155 SCHAEFER RD,CONVERSE,TX,78109,9998,,W23325,P
SOUTHERN,4G,TEXAS 3,780,78111,GILLETT,21694 FM 887,GILLETT,TX,78116,9998,,W23892,P
SOUTHERN,4G,TEXAS 3,780,78112,ELMENDORF,8302 FM 327,ELMENDORF,TX,78112,9998,,W23646,P
SOUTHERN,4G,TEXAS 3,780,78113,FALLS CITY,200 N IRVIN ST,FALLS CITY,TX,78113,9998,,W23710,P
SOUTHERN,4G,TEXAS 3,780,78114,FLORESVILLE,141 PALOMA DR,FLORESVILLE,TX,78114,9998,,W23754,P
SOUTHERN,4G,TEXAS 3,780,78115,SEGUIN,531 W COURT ST,SEGUIN,TX,78155,9998,P,W25588,P
SOUTHERN,4G,TEXAS 3,780,78116,GILLETT,21694 FM 887,GILLETT,TX,78116,9998,,W23892,P
SOUTHERN,4G,TEXAS 3,780,78117,FALLS CITY,200 N IRVIN ST,FALLS CITY,TX,78113,9998,,W23710,P
SOUTHERN,4G,TEXAS 3,780,78118,KARNES CITY,404 E WALL ST,KARNES CITY,TX,78118,9998,,W24275,P
SOUTHERN,4G,TEXAS 3,780,78119,KENEDY,223 S 2ND ST,KENEDY,TX,78119,9998,,W24295,P
SOUTHERN,4G,TEXAS 3,780,78121,LA VERNIA,2560 FM 775,LA VERNIA,TX,78121,9998,,W24364,P
SOUTHERN,4G,TEXAS 3,780,78122,LEESVILLE,9606 N STATE HIGHWAY 80,LEESVILLE,TX,78122,9998,,W24457,P
SOUTHERN,4G,TEXAS 3,780,78123,MC QUEENEY,4000 FM 78,MC QUEENEY,TX,78123,9998,,W24658,P
SOUTHERN,4G,TEXAS 3,780,78123,SEGUIN,531 W COURT ST,SEGUIN,TX,78155,9998,,W25588,P
SOUTHERN,4G,TEXAS 3,780,78124,MARION,413 E SAN ANTONIO ST,MARION,TX,78124,9998,,W24610,P
SOUTHERN,4G,TEXAS 3,780,78125,MINERAL,8692 FM 673,MINERAL,TX,78125,2500,P,W24747,C
SOUTHERN,4G,TEXAS 3,780,78130,NEW BRAUNFELS ANNEX,686 S SEGUIN AVE,NEW BRAUNFELS,TX,78130,9998,,019301,4
SOUTHERN,4G,TEXAS 3,780,78131,NEW BRAUNFELS,651 N BUSINESS IH 35 STE 420,NEW BRAUNFELS,TX,78130,9808,P,W24867,P
SOUTHERN,4G,TEXAS 3,780,78132,NEW BRAUNFELS ANNEX,686 S SEGUIN AVE,NEW BRAUNFELS,TX,78130,9998,,019301,4
SOUTHERN,4G,TEXAS 3,780,78133,CANYON LAKE,1300 FM 2673,CANYON LAKE,TX,78133,9998,,W23135,B
SOUTHERN,4G,TEXAS 3,780,78135,NEW BRAUNFELS,651 N BUSINESS IH 35 STE 420,NEW BRAUNFELS,TX,78130,9808,,W24867,P
SOUTHERN,4G,TEXAS 3,780,78140,NIXON,109 E 2ND ST,NIXON,TX,78140,9998,,W24909,P
SOUTHERN,4G,TEXAS 3,780,78141,NORDHEIM,301 BROADWAY,NORDHEIM,TX,78141,9998,,W24920,P
SOUTHERN,4G,TEXAS 3,780,78142,NORMANNA,112 S BEE ST,NORMANNA,TX,78142,9800,P,W24923,P
SOUTHERN,4G,TEXAS 3,780,78143,PANDORA,8547 FM 1107,PANDORA,TX,78143,9800,P,W25075,P
SOUTHERN,4G,TEXAS 3,780,78144,PANNA MARIA,13870 N FM 81,PANNA MARIA,TX,78144,9800,P,W25078,P
SOUTHERN,4G,TEXAS 3,780,78145,PAWNEE,14132 FM 673,PAWNEE,TX,78145,9800,P,W25098,P
SOUTHERN,4G,TEXAS 3,780,78146,PETTUS,114 FM 623 W,PETTUS,TX,78146,9800,P,W25141,P
SOUTHERN,4G,TEXAS 3,780,78147,POTH,1100 STORTS,POTH,TX,78147,9800,P,W25223,P
SOUTHERN,4G,TEXAS 3,780,78148,RANDOLPH AFB,355 B ST W STE 3,JBSA RANDOLPH,TX,78150,9998,,W25300,B
SOUTHERN,4G,TEXAS 3,780,78148,UNIVERSAL CITY,830 NORTH BLVD,UNIVERSAL CITY,TX,78148,9998,,W26113,P
SOUTHERN,4G,TEXAS 3,780,78151,RUNGE,302 N HELENA,RUNGE,TX,78151,9998,,W25464,P
SOUTHERN,4G,TEXAS 3,780,78152,SAINT HEDWIG,1102 CHURCH VIEW DR,SAINT HEDWIG,TX,78152,9998,,W25487,P
SOUTHERN,4G,TEXAS 3,780,78154,SCHERTZ,1081 ELBEL RD,SCHERTZ,TX,78154,9998,,W25563,P
SOUTHERN,4G,TEXAS 3,780,78155,SEGUIN,531 W COURT ST,SEGUIN,TX,78155,9998,,W25588,P
SOUTHERN,4G,TEXAS 3,780,78156,SEGUIN,531 W COURT ST,SEGUIN,TX,78155,9998,P,W25588,P
SOUTHERN,4G,TEXAS 3,780,78159,SMILEY,401 W US HIGHWAY 87,SMILEY,TX,78159,9998,,W25661,P
SOUTHERN,4G,TEXAS 3,780,78160,STOCKDALE,102 W SALMON ST,STOCKDALE,TX,78160,9998,,W25881,P
SOUTHERN,4G,TEXAS 3,780,78161,SUTHERLAND SPRINGS,6230 US HIGHWAY 87 W,SUTHERLAND SPRINGS,TX,78161,9998,,W25926,P
SOUTHERN,4G,TEXAS 3,780,78162,TULETA,123 MAIN ST,TULETA,TX,78162,9800,P,W26075,P
SOUTHERN,4G,TEXAS 3,780,78163,BULVERDE,30131 BULVERDE LN UNIT 1,BULVERDE,TX,78163,9997,,W23085,C
SOUTHERN,4G,TEXAS 3,780,78163,SPRING BRANCH,132 BLAZING MEADOW RD,SPRING BRANCH,TX,78070,9998,,W25732,P
SOUTHERN,4G,TEXAS 3,780,78164,YORKTOWN,124 W MAIN ST,YORKTOWN,TX,78164,9998,,W26406,P
SOUTHERN,4G,TEXAS 3,780,78201,BEACON HILL,1064 VANCE JACKSON RD,SAN ANTONIO,TX,78201,9998,,W22881,S
SOUTHERN,4G,TEXAS 3,780,78202,ARSENAL,1140 S LAREDO ST,SAN ANTONIO,TX,78204,9998,,W22789,S
SOUTHERN,4G,TEXAS 3,780,78203,HACKBERRY,2000 S HACKBERRY ST,SAN ANTONIO,TX,78210,9998,,W24001,S
SOUTHERN,4G,TEXAS 3,780,78204,ARSENAL,1140 S LAREDO ST,SAN ANTONIO,TX,78204,9998,,W22789,S
SOUTHERN,4G,TEXAS 3,780,78205,ARSENAL,1140 S LAREDO ST,SAN ANTONIO,TX,78204,9998,,W22789,S
SOUTHERN,4G,TEXAS 3,780,78207,ARSENAL,1140 S LAREDO ST,SAN ANTONIO,TX,78204,9998,,W22789,S
SOUTHERN,4G,TEXAS 3,780,78208,WAINWRIGHT,515 PIERCE,SAN ANTONIO,TX,78208,9998,,W26200,S
SOUTHERN,4G,TEXAS 3,780,78208,SERNA,1948 AUSTIN HWY,SAN ANTONIO,TX,78218,0015,,019210,S
SOUTHERN,4G,TEXAS 3,780,78209,ALAMO HEIGHTS FINANCE UNIT,1107 AUSTIN HWY,SAN ANTONIO,TX,78209,9800,,019188,B
SOUTHERN,4G,TEXAS 3,780,78209,SERNA,1948 AUSTIN HWY,SAN ANTONIO,TX,78218,0015,,019210,S
SOUTHERN,4G,TEXAS 3,780,78210,HACKBERRY,2000 S HACKBERRY ST,SAN ANTONIO,TX,78210,9998,,W24001,S
SOUTHERN,4G,TEXAS 3,780,78211,TEJEDA,7411 BARLITE BLVD,SAN ANTONIO,TX,78224,9998,,W26652,S
SOUTHERN,4G,TEXAS 3,780,78212,LAUREL HEIGHTS,2400 MCCULLOUGH AVE,SAN ANTONIO,TX,78212,9998,,W24440,S
SOUTHERN,4G,TEXAS 3,780,78213,BEACON HILL,1064 VANCE JACKSON RD,SAN ANTONIO,TX,78201,9998,,W22881,S
SOUTHERN,4G,TEXAS 3,780,78213,NIMITZ CARRIER ANNEX,10330 DESERT SANDS ST,SAN ANTONIO,TX,78216,9998,,W24905,4
SOUTHERN,4G,TEXAS 3,780,78214,HARLANDALE,6302 S FLORES ST,SAN ANTONIO,TX,78214,9998,,W24031,S
SOUTHERN,4G,TEXAS 3,780,78214,TEJEDA,7411 BARLITE BLVD,SAN ANTONIO,TX,78224,9998,,W26652,S
SOUTHERN,4G,TEXAS 3,780,78215,LAUREL HEIGHTS,2400 MCCULLOUGH AVE,SAN ANTONIO,TX,78212,9998,,W24440,S
SOUTHERN,4G,TEXAS 3,780,78216,AIRPORT STATION  SAT,10250 JOHN SAUNDERS RD,SAN ANTONIO,TX,78246,9998,,004833,S
SOUTHERN,4G,TEXAS 3,780,78217,NORTH BROADWAY,9211 BROADWAY,SAN ANTONIO,TX,78217,9998,,W24931,S
SOUTHERN,4G,TEXAS 3,780,78218,SERNA,1948 AUSTIN HWY,SAN ANTONIO,TX,78218,0015,,019210,S
SOUTHERN,4G,TEXAS 3,780,78219,J FRANK DOBIE,4950 E HOUSTON ST,SAN ANTONIO,TX,78220,9998,,W24209,S
SOUTHERN,4G,TEXAS 3,780,78220,J FRANK DOBIE,4950 E HOUSTON ST,SAN ANTONIO,TX,78220,9998,,W24209,S
SOUTHERN,4G,TEXAS 3,780,78221,TEJEDA,7411 BARLITE BLVD,SAN ANTONIO,TX,78224,9998,,W26652,S
SOUTHERN,4G,TEXAS 3,780,78222,J FRANK DOBIE,4950 E HOUSTON ST,SAN ANTONIO,TX,78220,9998,,W24209,S
SOUTHERN,4G,TEXAS 3,780,78223,HIGHLAND HILLS SAN ANTONIO,3918 CLARK AVE,SAN ANTONIO,TX,78223,9998,,W24090,S
SOUTHERN,4G,TEXAS 3,780,78224,TEJEDA,7411 BARLITE BLVD,SAN ANTONIO,TX,78224,9998,,W26652,S
SOUTHERN,4G,TEXAS 3,780,78225,TEJEDA,7411 BARLITE BLVD,SAN ANTONIO,TX,78224,9998,,W26652,S
SOUTHERN,4G,TEXAS 3,780,78226,TEJEDA,7411 BARLITE BLVD,SAN ANTONIO,TX,78224,9998,,W26652,S
SOUTHERN,4G,TEXAS 3,780,78227,VALLEY HI,5510 SW LOOP 410,SAN ANTONIO,TX,78227,9998,,W26139,S
SOUTHERN,4G,TEXAS 3,780,78228,BEACON HILL,1064 VANCE JACKSON RD,SAN ANTONIO,TX,78201,9998,,W22881,S
SOUTHERN,4G,TEXAS 3,780,78229,SOUTH TEXAS MEDICAL CNTR,4835 MEDICAL DR,SAN ANTONIO,TX,78229,9998,,W25703,S
SOUTHERN,4G,TEXAS 3,780,78230,LOCKHILL,12951 HUEBNER RD,SAN ANTONIO,TX,78230,9998,,W24510,S
SOUTHERN,4G,TEXAS 3,780,78231,LOCKHILL,12951 HUEBNER RD,SAN ANTONIO,TX,78230,9998,,W24510,S
SOUTHERN,4G,TEXAS 3,780,78232,THOUSAND OAKS,15610 HENDERSON PASS,SAN ANTONIO,TX,78232,9998,,W26024,S
SOUTHERN,4G,TEXAS 3,780,78233,NORTHEAST CARR ANNEX,11119 LANDMARK 35 DR,SAN ANTONIO,TX,78233,9998,,W24955,4
SOUTHERN,4G,TEXAS 3,780,78234,FORT SAM HOUSTON,2492 STANLEY RD,JBSA FT SAM HOUSTON,TX,78234,9998,,W23793,B
SOUTHERN,4G,TEXAS 3,780,78234,SERNA,1948 AUSTIN HWY,SAN ANTONIO,TX,78218,0015,,019210,S
SOUTHERN,4G,TEXAS 3,780,78235,HIGHLAND HILLS SAN ANTONIO,3918 CLARK AVE,SAN ANTONIO,TX,78223,9998,,W24090,S
SOUTHERN,4G,TEXAS 3,780,78236,LACKLAND AFB,2261 HUGHES AVE,JBSA LACKLAND,TX,78236,9998,,W24368,B
SOUTHERN,4G,TEXAS 3,780,78237,ARSENAL,1140 S LAREDO ST,SAN ANTONIO,TX,78204,9998,,W22789,S
SOUTHERN,4G,TEXAS 3,780,78238,LEON VALLEY,6825 HUEBNER RD,SAN ANTONIO,TX,78238,9998,,W24469,B
SOUTHERN,4G,TEXAS 3,780,78239,NORTHEAST CARR ANNEX,11119 LANDMARK 35 DR,SAN ANTONIO,TX,78233,9998,,W24955,4
SOUTHERN,4G,TEXAS 3,780,78240,CEDAR ELM,5837 DE ZAVALA RD,SAN ANTONIO,TX,78249,9998,,W23176,S
SOUTHERN,4G,TEXAS 3,780,78242,VALLEY HI,5510 SW LOOP 410,SAN ANTONIO,TX,78227,9998,,W26139,S
SOUTHERN,4G,TEXAS 3,780,78244,J FRANK DOBIE,4950 E HOUSTON ST,SAN ANTONIO,TX,78220,9998,,W24209,S
SOUTHERN,4G,TEXAS 3,780,78245,HERITAGE,702 RICHLAND HILLS DR,SAN ANTONIO,TX,78245,9998,,W24074,S
SOUTHERN,4G,TEXAS 3,780,78246,AIRPORT STATION  SAT,10250 JOHN SAUNDERS RD,SAN ANTONIO,TX,78246,9998,P,004833,S
SOUTHERN,4G,TEXAS 3,780,78247,THOUSAND OAKS,15610 HENDERSON PASS,SAN ANTONIO,TX,78232,9998,,W26024,S
SOUTHERN,4G,TEXAS 3,780,78248,LOCKHILL,12951 HUEBNER RD,SAN ANTONIO,TX,78230,9998,,W24510,S
SOUTHERN,4G,TEXAS 3,780,78249,CEDAR ELM,5837 DE ZAVALA RD,SAN ANTONIO,TX,78249,9998,,W23176,S
SOUTHERN,4G,TEXAS 3,780,78250,HERITAGE,702 RICHLAND HILLS DR,SAN ANTONIO,TX,78245,9998,,W24074,S
SOUTHERN,4G,TEXAS 3,780,78251,HERITAGE,702 RICHLAND HILLS DR,SAN ANTONIO,TX,78245,9998,,W24074,S
SOUTHERN,4G,TEXAS 3,780,78252,TEJEDA,7411 BARLITE BLVD,SAN ANTONIO,TX,78224,9998,,W26652,S
SOUTHERN,4G,TEXAS 3,780,78253,HERITAGE,702 RICHLAND HILLS DR,SAN ANTONIO,TX,78245,9998,,W24074,S
SOUTHERN,4G,TEXAS 3,780,78254,LEON VALLEY,6825 HUEBNER RD,SAN ANTONIO,TX,78238,9998,,W24469,B
SOUTHERN,4G,TEXAS 3,780,78255,CEDAR ELM,5837 DE ZAVALA RD,SAN ANTONIO,TX,78249,9998,,W23176,S
SOUTHERN,4G,TEXAS 3,780,78256,LOCKHILL,12951 HUEBNER RD,SAN ANTONIO,TX,78230,9998,,W24510,S
SOUTHERN,4G,TEXAS 3,780,78257,LOCKHILL,12951 HUEBNER RD,SAN ANTONIO,TX,78230,9998,,W24510,S
SOUTHERN,4G,TEXAS 3,780,78258,ENCINO PARK,20403 ENCINO LEDGE,SAN ANTONIO,TX,78259,9998,,009114,S
SOUTHERN,4G,TEXAS 3,780,78259,ENCINO PARK,20403 ENCINO LEDGE,SAN ANTONIO,TX,78259,9998,,009114,S
SOUTHERN,4G,TEXAS 3,780,78260,ENCINO PARK,20403 ENCINO LEDGE,SAN ANTONIO,TX,78259,9998,,009114,S
SOUTHERN,4G,TEXAS 3,780,78261,ENCINO PARK,20403 ENCINO LEDGE,SAN ANTONIO,TX,78259,9998,,009114,S
SOUTHERN,4G,TEXAS 3,780,78263,J FRANK DOBIE,4950 E HOUSTON ST,SAN ANTONIO,TX,78220,9998,,W24209,S
SOUTHERN,4G,TEXAS 3,780,78264,TEJEDA,7411 BARLITE BLVD,SAN ANTONIO,TX,78224,9998,,W26652,S
SOUTHERN,4G,TEXAS 3,780,78265,GMF SAN ANTONIO,10410 PERRIN BEITEL RD,SAN ANTONIO,TX,78284,9765,P,W23878,S
SOUTHERN,4G,TEXAS 3,780,78266,NORTHEAST CARR ANNEX,11119 LANDMARK 35 DR,SAN ANTONIO,TX,78233,9998,,W24955,4
SOUTHERN,4G,TEXAS 3,780,78268,LEON VALLEY,6825 HUEBNER RD,SAN ANTONIO,TX,78238,9998,P,W24469,B
SOUTHERN,4G,TEXAS 3,780,78269,CEDAR ELM,5837 DE ZAVALA RD,SAN ANTONIO,TX,78249,9998,P,W23176,S
SOUTHERN,4G,TEXAS 3,780,78270,THOUSAND OAKS,15610 HENDERSON PASS,SAN ANTONIO,TX,78232,9998,P,W26024,S
SOUTHERN,4G,TEXAS 3,780,78278,LOCKHILL,12951 HUEBNER RD,SAN ANTONIO,TX,78230,9998,P,W24510,S
SOUTHERN,4G,TEXAS 3,780,78279,AIRPORT STATION  SAT,10250 JOHN SAUNDERS RD,SAN ANTONIO,TX,78246,9998,P,004833,S
SOUTHERN,4G,TEXAS 3,780,78280,CPU COUNTRYSIDE PLAZA,13428 SAN PEDRO AVE,SAN ANTONIO,TX,78216,9996,P,W23356,5
SOUTHERN,4G,TEXAS 3,780,78283,ARSENAL,1140 S LAREDO ST,SAN ANTONIO,TX,78204,9998,P,W22789,S
SOUTHERN,4G,TEXAS 3,780,78291,DOWNTOWN SAN ANTONIO,615 E HOUSTON ST,SAN ANTONIO,TX,78205,9998,P,W23545,S
SOUTHERN,4G,TEXAS 3,780,78292,DOWNTOWN SAN ANTONIO,615 E HOUSTON ST,SAN ANTONIO,TX,78205,9998,P,W23545,S
SOUTHERN,4G,TEXAS 3,780,78293,DOWNTOWN SAN ANTONIO,615 E HOUSTON ST,SAN ANTONIO,TX,78205,9998,P,W23545,S
SOUTHERN,4G,TEXAS 3,780,78294,DOWNTOWN SAN ANTONIO,615 E HOUSTON ST,SAN ANTONIO,TX,78205,9998,P,W23545,S
SOUTHERN,4G,TEXAS 3,780,78295,DOWNTOWN SAN ANTONIO,615 E HOUSTON ST,SAN ANTONIO,TX,78205,9998,P,W23545,S
SOUTHERN,4G,TEXAS 3,780,78296,DOWNTOWN SAN ANTONIO,615 E HOUSTON ST,SAN ANTONIO,TX,78205,9998,P,W23545,S
SOUTHERN,4G,TEXAS 3,780,78297,DOWNTOWN SAN ANTONIO,615 E HOUSTON ST,SAN ANTONIO,TX,78205,9998,P,W23545,S
SOUTHERN,4G,TEXAS 3,780,78298,DOWNTOWN SAN ANTONIO,615 E HOUSTON ST,SAN ANTONIO,TX,78205,9998,P,W23545,S
SOUTHERN,4G,TEXAS 3,780,78299,DOWNTOWN SAN ANTONIO,615 E HOUSTON ST,SAN ANTONIO,TX,78205,9998,P,W23545,S
SOUTHERN,4G,TEXAS 2,770,78330,AGUA DULCE,1518 2ND ST,AGUA DULCE,TX,78330,9998,,W22689,P
SOUTHERN,4G,TEXAS 2,770,78332,ALICE,401 E 2ND ST,ALICE,TX,78332,9998,,W22715,P
SOUTHERN,4G,TEXAS 2,770,78333,ALICE,401 E 2ND ST,ALICE,TX,78332,9998,P,W22715,P
SOUTHERN,4G,TEXAS 2,770,78335,ARANSAS PASS,634 S COMMERCIAL ST,ARANSAS PASS,TX,78336,9998,P,W22773,P
SOUTHERN,4G,TEXAS 2,770,78336,ARANSAS PASS,634 S COMMERCIAL ST,ARANSAS PASS,TX,78336,9998,,W22773,P
SOUTHERN,4G,TEXAS 2,770,78338,SARITA,103 N MALLORY ST,SARITA,TX,78385,9800,P,W25554,P
SOUTHERN,4G,TEXAS 2,770,78339,BANQUETE,4376 ELIA ST,BANQUETE,TX,78339,9800,P,W22846,P
SOUTHERN,4G,TEXAS 2,770,78340,BAYSIDE,715 THIRD ST,BAYSIDE,TX,78340,3019,,W22874,P
SOUTHERN,4G,TEXAS 2,770,78341,BENAVIDES,404 E MAIN,BENAVIDES,TX,78341,9800,P,W22916,P
SOUTHERN,4G,TEXAS 2,770,78342,ALICE,401 E 2ND ST,ALICE,TX,78332,9998,P,W22715,P
SOUTHERN,4G,TEXAS 2,770,78343,BISHOP,201 S ASH AVE,BISHOP,TX,78343,9998,,W22956,P
SOUTHERN,4G,TEXAS 2,770,78343,KINGSVILLE,103 E KLEBERG AVE,KINGSVILLE,TX,78363,4502,,W24316,P
SOUTHERN,4G,TEXAS 2,770,78344,BRUNI,204 E 3RD ST,BRUNI,TX,78344,9998,,W23067,P
SOUTHERN,4G,TEXAS 2,770,78347,CHAPMAN RANCH,1004 COUNTY ROAD 8A,CHAPMAN RANCH,TX,78347,9800,P,W23213,P
SOUTHERN,4G,TEXAS 2,770,78349,CONCEPCION,2239 FM 716,CONCEPCION,TX,78349,9998,,W23317,P
SOUTHERN,4G,TEXAS 2,770,78351,DRISCOLL,201 W MAIN,DRISCOLL,TX,78351,9800,P,W23554,P
SOUTHERN,4G,TEXAS 2,770,78352,EDROY,17916 HIGHWAY 234,EDROY,TX,78352,9800,P,W23612,P
SOUTHERN,4G,TEXAS 2,770,78353,ENCINO,291 S BUSINESS HIGHWAY 281,ENCINO,TX,78353,9998,,W23660,P
SOUTHERN,4G,TEXAS 2,770,78355,FALFURRIAS,218 E CHAPOTE ST,FALFURRIAS,TX,78355,9998,,W23708,P
SOUTHERN,4G,TEXAS 2,770,78357,FREER,320 S MAIN ST,FREER,TX,78357,9998,,W23814,P
SOUTHERN,4G,TEXAS 2,770,78358,FULTON,301 CACTUS ST,FULTON,TX,78358,2517,P,W23840,P
SOUTHERN,4G,TEXAS 2,770,78359,GREGORY,102 W 4TH ST,GREGORY,TX,78359,9800,P,W23969,P
SOUTHERN,4G,TEXAS 2,770,78360,HEBBRONVILLE,502 N SMITH AVE,HEBBRONVILLE,TX,78361,9998,,W24055,P
SOUTHERN,4G,TEXAS 2,770,78361,HEBBRONVILLE,502 N SMITH AVE,HEBBRONVILLE,TX,78361,9998,,W24055,P
SOUTHERN,4G,TEXAS 2,770,78362,INGLESIDE,2230 STATE HIGHWAY 361,INGLESIDE,TX,78362,4167,,W24174,P
SOUTHERN,4G,TEXAS 2,770,78363,KINGSVILLE,103 E KLEBERG AVE,KINGSVILLE,TX,78363,4502,,W24316,P
SOUTHERN,4G,TEXAS 2,770,78363,KINGSVILLE NAS DOPBU,554 MCCAIN ST STE 119,KINGSVILLE,TX,78363,9997,,015057,6
SOUTHERN,4G,TEXAS 2,770,78364,KINGSVILLE,103 E KLEBERG AVE,KINGSVILLE,TX,78363,4502,P,W24316,P
SOUTHERN,4G,TEXAS 2,770,78368,MATHIS,121 S BEE ST,MATHIS,TX,78368,9998,,W24628,P
SOUTHERN,4G,TEXAS 2,770,78369,BRUNI,204 E 3RD ST,BRUNI,TX,78344,9998,,W23067,P
SOUTHERN,4G,TEXAS 2,770,78370,ODEM,223 MAIN ST,ODEM,TX,78370,9998,,W24998,P
SOUTHERN,4G,TEXAS 2,770,78371,OILTON,118 W LAREDO AVE,OILTON,TX,78371,9800,P,W25004,P
SOUTHERN,4G,TEXAS 2,770,78372,ORANGE GROVE,214 S EUGENIA ST,ORANGE GROVE,TX,78372,9998,,W25036,P
SOUTHERN,4G,TEXAS 2,770,78373,PORT ARANSAS,1211 STATE HIGHWAY 361,PORT ARANSAS,TX,78373,9998,,W25204,P
SOUTHERN,4G,TEXAS 2,770,78374,PORTLAND,120 LANG RD,PORTLAND,TX,78374,2626,,W25217,P
SOUTHERN,4G,TEXAS 2,770,78375,PREMONT,305 S AGNES,PREMONT,TX,78375,9998,,W25243,P
SOUTHERN,4G,TEXAS 2,770,78376,REALITOS,6417 HIGHWAY 359,REALITOS,TX,78376,9998,,W25317,P
SOUTHERN,4G,TEXAS 2,770,78377,REFUGIO,507 OSAGE ST,REFUGIO,TX,78377,9998,,W25345,P
SOUTHERN,4G,TEXAS 2,770,78379,RIVIERA,120 S 7TH ST,RIVIERA,TX,78379,3623,,W25389,P
SOUTHERN,4G,TEXAS 2,770,78380,ROBSTOWN,313 E MAIN AVE,ROBSTOWN,TX,78380,3302,,W25399,P
SOUTHERN,4G,TEXAS 2,770,78381,ROCKPORT,1550 FM 2165,ROCKPORT,TX,78382,9998,P,W25409,P
SOUTHERN,4G,TEXAS 2,770,78382,ROCKPORT,1550 FM 2165,ROCKPORT,TX,78382,9998,,W25409,P
SOUTHERN,4G,TEXAS 2,770,78383,ORANGE GROVE,214 S EUGENIA ST,ORANGE GROVE,TX,78372,9998,,W25036,P
SOUTHERN,4G,TEXAS 2,770,78383,SANDIA,12140 HIGHWAY 359,SANDIA,TX,78383,9998,,W25529,P
SOUTHERN,4G,TEXAS 2,770,78384,ALICE,401 E 2ND ST,ALICE,TX,78332,9998,,W22715,P
SOUTHERN,4G,TEXAS 2,770,78384,SAN DIEGO,111 N VICTORIA ST,SAN DIEGO,TX,78384,1829,,W25509,P
SOUTHERN,4G,TEXAS 2,770,78385,SARITA,103 N MALLORY ST,SARITA,TX,78385,9800,P,W25554,P
SOUTHERN,4G,TEXAS 2,770,78387,SINTON,104 S SAN PATRICIO ST,SINTON,TX,78387,9998,,W25653,P
SOUTHERN,4G,TEXAS 2,770,78389,SKIDMORE,122 E PATRICIO ST,SKIDMORE,TX,78389,9998,,W25657,P
SOUTHERN,4G,TEXAS 2,770,78390,PORTLAND,120 LANG RD,PORTLAND,TX,78374,2626,,W25217,P
SOUTHERN,4G,TEXAS 2,770,78390,TAFT,110 VICTORIA AVE,TAFT,TX,78390,9998,,W25943,P
SOUTHERN,4G,TEXAS 2,770,78391,TYNAN,508 HIGHWAY 359,TYNAN,TX,78391,9998,,W26093,P
SOUTHERN,4G,TEXAS 2,770,78393,WOODSBORO,501 FIRST ST,WOODSBORO,TX,78393,9998,,W26386,P
SOUTHERN,4G,TEXAS 2,770,78401,DOWNTOWN CORPUS CHRISTI,802 N TANCAHUA ST,CORPUS CHRISTI,TX,78401,9998,,W23531,S
SOUTHERN,4G,TEXAS 2,770,78402,DOWNTOWN CORPUS CHRISTI,802 N TANCAHUA ST,CORPUS CHRISTI,TX,78401,9998,,W23531,S
SOUTHERN,4G,TEXAS 2,770,78403,DOWNTOWN CORPUS CHRISTI,802 N TANCAHUA ST,CORPUS CHRISTI,TX,78401,9998,P,W23531,S
SOUTHERN,4G,TEXAS 2,770,78404,SIX POINTS,902 AYERS ST,CORPUS CHRISTI,TX,78404,9998,,W25655,S
SOUTHERN,4G,TEXAS 2,770,78405,PORTAIRS,4213 S PORT AVE,CORPUS CHRISTI,TX,78415,9998,,W25214,S
SOUTHERN,4G,TEXAS 2,770,78406,STONEWALL STA  CC,10515 STONEWALL BLVD,CORPUS CHRISTI,TX,78410,9998,,W25886,S
SOUTHERN,4G,TEXAS 2,770,78407,DOWNTOWN CORPUS CHRISTI,802 N TANCAHUA ST,CORPUS CHRISTI,TX,78401,9998,,W23531,S
SOUTHERN,4G,TEXAS 2,770,78408,DOWNTOWN CORPUS CHRISTI,802 N TANCAHUA ST,CORPUS CHRISTI,TX,78401,9998,,W23531,S
SOUTHERN,4G,TEXAS 2,770,78409,STONEWALL STA  CC,10515 STONEWALL BLVD,CORPUS CHRISTI,TX,78410,9998,,W25886,S
SOUTHERN,4G,TEXAS 2,770,78410,STONEWALL STA  CC,10515 STONEWALL BLVD,CORPUS CHRISTI,TX,78410,9998,,W25886,S
SOUTHERN,4G,TEXAS 2,770,78411,LAMAR PARK,4801 EVERHART RD,CORPUS CHRISTI,TX,78411,9998,,W24413,S
SOUTHERN,4G,TEXAS 2,770,78412,LAMAR PARK,4801 EVERHART RD,CORPUS CHRISTI,TX,78411,9998,,W24413,S
SOUTHERN,4G,TEXAS 2,770,78413,SOUTHSIDE,6742 WEBER RD,CORPUS CHRISTI,TX,78413,9998,,W25716,S
SOUTHERN,4G,TEXAS 2,770,78414,GULFWAY,1345 CRESCENT DR,CORPUS CHRISTI,TX,78412,9998,,W23991,S
SOUTHERN,4G,TEXAS 2,770,78415,PORTAIRS,4213 S PORT AVE,CORPUS CHRISTI,TX,78415,9998,,W25214,S
SOUTHERN,4G,TEXAS 2,770,78416,PORTAIRS,4213 S PORT AVE,CORPUS CHRISTI,TX,78415,9998,,W25214,S
SOUTHERN,4G,TEXAS 2,770,78417,PORTAIRS,4213 S PORT AVE,CORPUS CHRISTI,TX,78415,9998,,W25214,S
SOUTHERN,4G,TEXAS 2,770,78418,FLOUR BLUFF,10139 SECURITY DR,CORPUS CHRISTI,TX,78418,9998,,W23756,S
SOUTHERN,4G,TEXAS 2,770,78427,SOUTHSIDE,6742 WEBER RD,CORPUS CHRISTI,TX,78413,9998,P,W25716,S
SOUTHERN,4G,TEXAS 2,770,78460,STONEWALL STA  CC,10515 STONEWALL BLVD,CORPUS CHRISTI,TX,78410,9998,P,W25886,S
SOUTHERN,4G,TEXAS 2,770,78463,SIX POINTS,902 AYERS ST,CORPUS CHRISTI,TX,78404,9998,P,W25655,S
SOUTHERN,4G,TEXAS 2,770,78465,PORTAIRS,4213 S PORT AVE,CORPUS CHRISTI,TX,78415,9998,P,W25214,S
SOUTHERN,4G,TEXAS 2,770,78466,LAMAR PARK,4801 EVERHART RD,CORPUS CHRISTI,TX,78411,9998,P,W24413,S
SOUTHERN,4G,TEXAS 2,770,78467,PORTAIRS,4213 S PORT AVE,CORPUS CHRISTI,TX,78415,9998,P,W25214,S
SOUTHERN,4G,TEXAS 2,770,78468,GULFWAY,1345 CRESCENT DR,CORPUS CHRISTI,TX,78412,9998,P,W23991,S
SOUTHERN,4G,TEXAS 2,770,78469,DR H P GARCIA,809 NUECES BAY BLVD,CORPUS CHRISTI,TX,78469,9995,P,004796,S
SOUTHERN,4G,TEXAS 2,770,78480,FLOUR BLUFF,10139 SECURITY DR,CORPUS CHRISTI,TX,78418,9998,P,W23756,S
SOUTHERN,4G,TEXAS 2,770,78501,MCALLEN,620 E PECAN BLVD,MCALLEN,TX,78501,9998,,W24661,P
SOUTHERN,4G,TEXAS 2,770,78502,MCALLEN,620 E PECAN BLVD,MCALLEN,TX,78501,9998,P,W24661,P
SOUTHERN,4G,TEXAS 2,770,78503,MCALLEN,620 E PECAN BLVD,MCALLEN,TX,78501,9998,,W24661,P
SOUTHERN,4G,TEXAS 2,770,78504,MCALLEN,620 E PECAN BLVD,MCALLEN,TX,78501,9998,,W24661,P
SOUTHERN,4G,TEXAS 2,770,78504,CPU QUIPS AND QUOTES,5011 N 10TH ST,MCALLEN,TX,78504,9996,,004614,5
SOUTHERN,4G,TEXAS 2,770,78505,DOWNTOWN MCALLEN,406 S 12TH ST,MCALLEN,TX,78501,4977,P,W23542,S
SOUTHERN,4G,TEXAS 2,770,78516,ALAMO,423 LOS ALAMOS DR,ALAMO,TX,78516,9998,,W22698,P
SOUTHERN,4G,TEXAS 2,770,78520,BROWNSVILLE,1535 E LOS EBANOS BLVD,BROWNSVILLE,TX,78520,9998,,W23057,P
SOUTHERN,4G,TEXAS 2,770,78521,BROWNSVILLE,1535 E LOS EBANOS BLVD,BROWNSVILLE,TX,78520,9998,,W23057,P
SOUTHERN,4G,TEXAS 2,770,78522,DOWNTOWN BROWNSVILLE,1001 E ELIZABETH ST FL 1,BROWNSVILLE,TX,78520,9995,P,W23529,S
SOUTHERN,4G,TEXAS 2,770,78523,BROWNSVILLE,1535 E LOS EBANOS BLVD,BROWNSVILLE,TX,78520,9998,P,W23057,P
SOUTHERN,4G,TEXAS 2,770,78526,BROWNSVILLE,1535 E LOS EBANOS BLVD,BROWNSVILLE,TX,78520,9998,,W23057,P
SOUTHERN,4G,TEXAS 2,770,78526,RESACA VLG DPOBU,1619 RESACA VLG,BROWNSVILLE,TX,78521,1408,,012991,6
SOUTHERN,4G,TEXAS 2,770,78535,COMBES,21659 S BUSINESS HIGHWAY 77,COMBES,TX,78535,9801,P,W23309,P
SOUTHERN,4G,TEXAS 2,770,78536,DELMITA,124 DELMITA RD,DELMITA,TX,78536,9998,,W23463,P
SOUTHERN,4G,TEXAS 2,770,78537,DONNA,509 N SALINAS BLVD,DONNA,TX,78537,9998,,W23514,P
SOUTHERN,4G,TEXAS 2,770,78538,EDCOUCH,420 W SANTA ROSA AVE,EDCOUCH,TX,78538,9998,,W23600,P
SOUTHERN,4G,TEXAS 2,770,78538,ELSA,706 E EDINBURG AVE,ELSA,TX,78543,9800,,W23651,P
SOUTHERN,4G,TEXAS 2,770,78539,EDINBURG,410 S JACKSON RD,EDINBURG,TX,78539,9998,,W23608,P
SOUTHERN,4G,TEXAS 2,770,78540,EDINBURG,410 S JACKSON RD,EDINBURG,TX,78539,9998,P,W23608,P
SOUTHERN,4G,TEXAS 2,770,78541,EDINBURG,410 S JACKSON RD,EDINBURG,TX,78539,9998,,W23608,P
SOUTHERN,4G,TEXAS 2,770,78542,EDINBURG,410 S JACKSON RD,EDINBURG,TX,78539,9998,,W23608,P
SOUTHERN,4G,TEXAS 2,770,78543,ELSA,706 E EDINBURG AVE,ELSA,TX,78543,9800,P,W23651,P
SOUTHERN,4G,TEXAS 2,770,78545,FALCON HEIGHTS,582 FM 2098,FALCON HEIGHTS,TX,78545,9800,P,W23706,P
SOUTHERN,4G,TEXAS 2,770,78547,GARCIASVILLE,6648 FM 1430,GARCIASVILLE,TX,78547,9800,P,W23855,P
SOUTHERN,4G,TEXAS 2,770,78548,GRULLA,247 FM 2360,GRULLA,TX,78548,9800,P,W23985,P
SOUTHERN,4G,TEXAS 2,770,78549,HARGILL,110 N FORBES,HARGILL,TX,78549,9800,P,W24027,P
SOUTHERN,4G,TEXAS 2,770,78550,HARLINGEN,1502 NEW COMBES HWY,HARLINGEN,TX,78550,9998,,W24033,P
SOUTHERN,4G,TEXAS 2,770,78551,DOWNTOWN HARLINGEN,221 E VAN BUREN AVE STE 3,HARLINGEN,TX,78550,6898,P,W23537,S
SOUTHERN,4G,TEXAS 2,770,78552,HARLINGEN,1502 NEW COMBES HWY,HARLINGEN,TX,78550,9998,,W24033,P
SOUTHERN,4G,TEXAS 2,770,78553,HARLINGEN,1502 NEW COMBES HWY,HARLINGEN,TX,78550,9998,P,W24033,P
SOUTHERN,4G,TEXAS 2,770,78557,HIDALGO,920 E COMA AVE,HIDALGO,TX,78557,9998,,W24082,P
SOUTHERN,4G,TEXAS 2,770,78558,LA BLANCA,13306 HIGHWAY 107,LA BLANCA,TX,78558,9800,P,W24350,P
SOUTHERN,4G,TEXAS 2,770,78559,LA FERIA,201 W FIRST ST,LA FERIA,TX,78559,9998,,W24353,P
SOUTHERN,4G,TEXAS 2,770,78560,LA JOYA,201 N LEO AVE,LA JOYA,TX,78560,9998,,W24356,P
SOUTHERN,4G,TEXAS 2,770,78560,MISSION,901 N FRANCISCO AVE,MISSION,TX,78572,9998,,W24753,P
SOUTHERN,4G,TEXAS 2,770,78561,LASARA,12056 FM 1015,LASARA,TX,78561,9800,P,W24434,P
SOUTHERN,4G,TEXAS 2,770,78562,EDCOUCH,420 W SANTA ROSA AVE,EDCOUCH,TX,78538,9998,P,W23600,P
SOUTHERN,4G,TEXAS 2,770,78563,LINN,22005 FM 1017,LINN,TX,78563,9998,,W24493,P
SOUTHERN,4G,TEXAS 2,770,78564,LOPENO,305 1ST ST,LOPENO,TX,78564,9998,,W24536,P
SOUTHERN,4G,TEXAS 2,770,78565,LOS EBANOS,185 ROSENDO BENAVIDEZ ST,LOS EBANOS,TX,78565,5000,P,W24544,P
SOUTHERN,4G,TEXAS 2,770,78566,LOS FRESNOS,301 W OCEAN BLVD,LOS FRESNOS,TX,78566,9998,,W24545,P
SOUTHERN,4G,TEXAS 2,770,78566,SAN BENITO,200 W HICKS ST,SAN BENITO,TX,78586,9998,,W25507,P
SOUTHERN,4G,TEXAS 2,770,78567,LOS INDIOS,810 E US HIGHWAY 281,LOS INDIOS,TX,78567,9800,P,W24546,P
SOUTHERN,4G,TEXAS 2,770,78568,LOZANO,25698 E BROWN TRACT RD,LOZANO,TX,78568,9800,P,W24556,P
SOUTHERN,4G,TEXAS 2,770,78569,LYFORD,13461 W BROADWAY,LYFORD,TX,78569,9998,,W24568,P
SOUTHERN,4G,TEXAS 2,770,78569,RAYMONDVILLE,705 E HIDALGO AVE,RAYMONDVILLE,TX,78580,9998,,W25312,P
SOUTHERN,4G,TEXAS 2,770,78570,MERCEDES,307 STARR ST,MERCEDES,TX,78570,9998,,W24700,P
SOUTHERN,4G,TEXAS 2,770,78572,MISSION,901 N FRANCISCO AVE,MISSION,TX,78572,9998,,W24753,P
SOUTHERN,4G,TEXAS 2,770,78573,MISSION,901 N FRANCISCO AVE,MISSION,TX,78572,9998,,W24753,P
SOUTHERN,4G,TEXAS 2,770,78574,MISSION,901 N FRANCISCO AVE,MISSION,TX,78572,9998,,W24753,P
SOUTHERN,4G,TEXAS 2,770,78575,BROWNSVILLE,1535 E LOS EBANOS BLVD,BROWNSVILLE,TX,78520,9998,,W23057,P
SOUTHERN,4G,TEXAS 2,770,78575,OLMITO,7955 N EXPRESSWAY 77,OLMITO,TX,78575,5270,,W25025,P
SOUTHERN,4G,TEXAS 2,770,78576,MISSION,901 N FRANCISCO AVE,MISSION,TX,78572,9998,,W24753,P
SOUTHERN,4G,TEXAS 2,770,78576,PENITAS,500 TOM GILL RD,PENITAS,TX,78576,9998,,W25118,P
SOUTHERN,4G,TEXAS 2,770,78577,MCALLEN,620 E PECAN BLVD,MCALLEN,TX,78501,9998,,W24661,P
SOUTHERN,4G,TEXAS 2,770,78577,PHARR,301 W PARK AVE,PHARR,TX,78577,9998,,W25144,P
SOUTHERN,4G,TEXAS 2,770,78578,PORT ISABEL,103 N MANAUTOU ST,PORT ISABEL,TX,78578,9998,,W25207,P
SOUTHERN,4G,TEXAS 2,770,78579,PROGRESO,215 E US HIGHWAY 281,PROGRESO,TX,78579,9800,P,W25254,P
SOUTHERN,4G,TEXAS 2,770,78580,RAYMONDVILLE,705 E HIDALGO AVE,RAYMONDVILLE,TX,78580,9998,,W25312,P
SOUTHERN,4G,TEXAS 2,770,78582,RIO GRANDE CITY,100 W EISENHOWER ST,RIO GRANDE CITY,TX,78582,2547,,W25377,P
SOUTHERN,4G,TEXAS 2,770,78583,RIO HONDO,109 E COLORADO ST,RIO HONDO,TX,78583,9998,,W25378,P
SOUTHERN,4G,TEXAS 2,770,78583,SAN BENITO,200 W HICKS ST,SAN BENITO,TX,78586,9998,,W25507,P
SOUTHERN,4G,TEXAS 2,770,78584,ROMA,1724 E GRANT ST,ROMA,TX,78584,9998,,W25425,P
SOUTHERN,4G,TEXAS 2,770,78585,SALINENO,488 POST OFFICE ST,SALINENO,TX,78585,2500,P,W25495,P
SOUTHERN,4G,TEXAS 2,770,78586,SAN BENITO,200 W HICKS ST,SAN BENITO,TX,78586,9998,,W25507,P
SOUTHERN,4G,TEXAS 2,770,78588,DELMITA,124 DELMITA RD,DELMITA,TX,78536,9998,,W23463,P
SOUTHERN,4G,TEXAS 2,770,78589,SAN JUAN,100 W AMY DR,SAN JUAN,TX,78589,9998,,W25516,P
SOUTHERN,4G,TEXAS 2,770,78590,SAN PERLITA,14264 FM 2209,SAN PERLITA,TX,78590,9800,P,W25524,P
SOUTHERN,4G,TEXAS 2,770,78591,SANTA ELENA,4753 FM 1017,SANTA ELENA,TX,78591,9998,,W25542,P
SOUTHERN,4G,TEXAS 2,770,78592,SANTA MARIA,11175 MILITARY RD,SANTA MARIA,TX,78592,9800,P,W25545,P
SOUTHERN,4G,TEXAS 2,770,78593,RAYMONDVILLE,705 E HIDALGO AVE,RAYMONDVILLE,TX,78580,9998,,W25312,P
SOUTHERN,4G,TEXAS 2,770,78593,SANTA ROSA,214 FM 506,SANTA ROSA,TX,78593,9998,,W25547,P
SOUTHERN,4G,TEXAS 2,770,78594,SEBASTIAN,3476 BUSINESS 77,SEBASTIAN,TX,78594,9800,P,W25582,P
SOUTHERN,4G,TEXAS 2,770,78595,MISSION,901 N FRANCISCO AVE,MISSION,TX,78572,9998,,W24753,P
SOUTHERN,4G,TEXAS 2,770,78595,SULLIVAN CITY,200 CENIZOS DR,SULLIVAN CITY,TX,78595,9998,,W25904,P
SOUTHERN,4G,TEXAS 2,770,78596,WESLACO,109 N BORDER AVE,WESLACO,TX,78596,9998,,W26258,P
SOUTHERN,4G,TEXAS 2,770,78597,SOUTH PADRE ISLAND,4701 PADRE BLVD,SOUTH PADRE ISLAND,TX,78597,9998,,W25694,B
SOUTHERN,4G,TEXAS 2,770,78599,WESLACO,109 N BORDER AVE,WESLACO,TX,78596,9998,,W26258,P
SOUTHERN,4G,TEXAS 3,780,78602,BASTROP,1106 MAIN ST,BASTROP,TX,78602,9998,,W22865,P
SOUTHERN,4G,TEXAS 3,780,78602,BASTROP CARRIER ANNEX,1114 MAIN ST,BASTROP,TX,78602,3219,,013003,4
SOUTHERN,4G,TEXAS 3,780,78604,LULING,517 E CROCKETT ST,LULING,TX,78648,9998,P,W24564,P
SOUTHERN,4G,TEXAS 3,780,78605,BERTRAM,135 W FM 243,BERTRAM,TX,78605,9998,,W22932,P
SOUTHERN,4G,TEXAS 3,780,78606,JOHNSON CITY,201 S AVENUE G,JOHNSON CITY,TX,78636,9998,,W24241,P
SOUTHERN,4G,TEXAS 3,780,78606,BLANCO CARRIERS,201 S AVENUE G,JOHNSON CITY,TX,78636,0029,,021770,Z
SOUTHERN,4G,TEXAS 3,780,78607,BLUFFTON,11725 RANCH ROAD 2241,BLUFFTON,TX,78607,9998,,W22988,P
SOUTHERN,4G,TEXAS 3,780,78608,BERTRAM,135 W FM 243,BERTRAM,TX,78605,9998,,W22932,P
SOUTHERN,4G,TEXAS 3,780,78608,BRIGGS,140 LOOP 308,BRIGGS,TX,78608,9998,,W23038,P
SOUTHERN,4G,TEXAS 3,780,78609,BUCHANAN DAM,17727 E STATE HIGHWAY 29,BUCHANAN DAM,TX,78609,9998,,W23074,P
SOUTHERN,4G,TEXAS 3,780,78610,BUDA,1320 CABELAS DR,BUDA,TX,78610,9998,,W23079,P
SOUTHERN,4G,TEXAS 3,780,78611,BURNET,508 E JACKSON ST,BURNET,TX,78611,9998,,W23096,P
SOUTHERN,4G,TEXAS 3,780,78612,CEDAR CREEK,1167 STATE HIGHWAY 21 W,CEDAR CREEK,TX,78612,9998,,W23175,P
SOUTHERN,4G,TEXAS 3,780,78613,CEDAR PARK,500 E WHITESTONE BLVD,CEDAR PARK,TX,78613,9998,,W23182,P
SOUTHERN,4G,TEXAS 3,780,78614,COST,136 S FM 466,COST,TX,78614,4000,,W23350,P
SOUTHERN,4G,TEXAS 3,780,78614,GONZALES,920 N SAINT JOSEPH ST STE 105,GONZALES,TX,78629,9998,,W23919,P
SOUTHERN,4G,TEXAS 3,780,78615,COUPLAND,13701 S STATE HIGHWAY 95,COUPLAND,TX,78615,9998,,W23358,P
SOUTHERN,4G,TEXAS 3,780,78616,DALE,1383 FM 1854,DALE,TX,78616,9998,,W23423,P
SOUTHERN,4G,TEXAS 3,780,78617,DEL VALLE,2883 HIGHWAY 71 E,DEL VALLE,TX,78617,9998,,W23459,P
SOUTHERN,4G,TEXAS 3,780,78618,DOSS,14112 N RANCH ROAD 783,DOSS,TX,78618,9998,,W23517,P
SOUTHERN,4G,TEXAS 3,780,78618,FREDERICKSBURG,1150 N US HIGHWAY 87,FREDERICKSBURG,TX,78624,9998,,W23808,P
SOUTHERN,4G,TEXAS 3,780,78619,DRIFTWOOD,100 ELDER HILL RD,DRIFTWOOD,TX,78619,9998,,W23552,P
SOUTHERN,4G,TEXAS 3,780,78620,DRIPPING SPRINGS,1450 W HIGHWAY 290,DRIPPING SPRINGS,TX,78620,9998,,W23553,P
SOUTHERN,4G,TEXAS 3,780,78621,ELGIN,21 N AVENUE C,ELGIN,TX,78621,9998,,W23636,P
SOUTHERN,4G,TEXAS 3,780,78622,FENTRESS,109 GONZALES AVE,FENTRESS,TX,78622,9800,P,W23727,P
SOUTHERN,4G,TEXAS 3,780,78623,FISCHER,4050 FM 484,FISCHER,TX,78623,9998,,W23740,P
SOUTHERN,4G,TEXAS 3,780,78624,FREDERICKSBURG,1150 N US HIGHWAY 87,FREDERICKSBURG,TX,78624,9998,,W23808,P
SOUTHERN,4G,TEXAS 3,780,78626,GEORGETOWN,2300 SCENIC DR,GEORGETOWN,TX,78626,9998,,W23883,P
SOUTHERN,4G,TEXAS 3,780,78627,GEORGETOWN,2300 SCENIC DR,GEORGETOWN,TX,78626,9998,P,W23883,P
SOUTHERN,4G,TEXAS 3,780,78628,GEORGETOWN,2300 SCENIC DR,GEORGETOWN,TX,78626,9998,,W23883,P
SOUTHERN,4G,TEXAS 3,780,78629,GONZALES,920 N SAINT JOSEPH ST STE 105,GONZALES,TX,78629,9998,,W23919,P
SOUTHERN,4G,TEXAS 3,780,78630,CEDAR PARK,500 E WHITESTONE BLVD,CEDAR PARK,TX,78613,9998,P,W23182,P
SOUTHERN,4G,TEXAS 3,780,78631,HARPER,23557 W US HIGHWAY 290,HARPER,TX,78631,4900,,W24035,P
SOUTHERN,4G,TEXAS 3,780,78632,HARWOOD,13078 US HIGHWAY 90 W,HARWOOD,TX,78632,4763,,W24042,P
SOUTHERN,4G,TEXAS 3,780,78632,LULING,517 E CROCKETT ST,LULING,TX,78648,9998,,W24564,P
SOUTHERN,4G,TEXAS 3,780,78633,GEORGETOWN,2300 SCENIC DR,GEORGETOWN,TX,78626,9998,,W23883,P
SOUTHERN,4G,TEXAS 3,780,78634,HUTTO,388 EXCHANGE BLVD,HUTTO,TX,78634,9998,,W24157,P
SOUTHERN,4G,TEXAS 3,780,78635,HYE,10261 W US HIGHWAY 290,HYE,TX,78635,9998,,W24159,P
SOUTHERN,4G,TEXAS 3,780,78636,JOHNSON CITY,201 S AVENUE G,JOHNSON CITY,TX,78636,9998,,W24241,P
SOUTHERN,4G,TEXAS 3,780,78638,KINGSBURY,10055 E HIGHWAY 90,KINGSBURY,TX,78638,9998,,W24313,P
SOUTHERN,4G,TEXAS 3,780,78638,LULING,517 E CROCKETT ST,LULING,TX,78648,9998,,W24564,P
SOUTHERN,4G,TEXAS 3,780,78639,KINGSLAND,1901 W RANCH ROAD 1431,KINGSLAND,TX,78639,9998,,W24314,P
SOUTHERN,4G,TEXAS 3,780,78640,KYLE,555 VETERANS DR,KYLE,TX,78640,9998,,W24348,P
SOUTHERN,4G,TEXAS 3,780,78641,LEANDER,801 S HIGHWAY 183,LEANDER,TX,78641,9998,,W24450,P
SOUTHERN,4G,TEXAS 3,780,78642,LIBERTY HILL,2655 RANCH ROAD 1869,LIBERTY HILL,TX,78642,9998,,W24483,P
SOUTHERN,4G,TEXAS 3,780,78643,LLANO,819 BERRY ST,LLANO,TX,78643,9998,,W24507,P
SOUTHERN,4G,TEXAS 3,780,78644,LOCKHART,217 W MARKET ST,LOCKHART,TX,78644,9998,,W24509,P
SOUTHERN,4G,TEXAS 3,780,78645,NORTH LAKE TRAVIS,8027 BRONCO LN,LAGO VISTA,TX,78645,9998,,000227,B
SOUTHERN,4G,TEXAS 3,780,78645,JONESTOWN DPOBU,18645 FM 1431,JONESTOWN,TX,78645,3400,,011008,6
SOUTHERN,4G,TEXAS 3,780,78646,LEANDER,801 S HIGHWAY 183,LEANDER,TX,78641,9998,P,W24450,P
SOUTHERN,4G,TEXAS 3,780,78648,LULING,517 E CROCKETT ST,LULING,TX,78648,9998,,W24564,P
SOUTHERN,4G,TEXAS 3,780,78650,MC DADE,161 WACO ST,MC DADE,TX,78650,9998,,W24650,P
SOUTHERN,4G,TEXAS 3,780,78651,MC NEIL,14005 MCNEIL RD,MC NEIL,TX,78651,9800,P,W24657,P
SOUTHERN,4G,TEXAS 3,780,78652,MANCHACA,780 W FM 1626,MANCHACA,TX,78652,9998,,W24597,P
SOUTHERN,4G,TEXAS 3,780,78653,MANOR,11401 US HIGHWAY 290 E,MANOR,TX,78653,9998,,W24601,P
SOUTHERN,4G,TEXAS 3,780,78654,MARBLE FALLS,1212 N US HIGHWAY 281,MARBLE FALLS,TX,78654,9998,,W24607,P
SOUTHERN,4G,TEXAS 3,780,78655,MARTINDALE,307 LOCKHART ST,MARTINDALE,TX,78655,9998,,W24618,P
SOUTHERN,4G,TEXAS 3,780,78656,MAXWELL,32 FM 1966,MAXWELL,TX,78656,9998,,W24635,P
SOUTHERN,4G,TEXAS 3,780,78657,HORSESHOE BAY,9740 W FM 2147,HORSESHOE BAY,TX,78657,9998,,W24127,B
SOUTHERN,4G,TEXAS 3,780,78658,GONZALES,920 N SAINT JOSEPH ST STE 105,GONZALES,TX,78629,9998,P,W23919,P
SOUTHERN,4G,TEXAS 3,780,78659,PAIGE,114 GONZALES ST,PAIGE,TX,78659,9998,,W25058,P
SOUTHERN,4G,TEXAS 3,780,78660,PFLUGERVILLE,301 S HEATHERWILDE BLVD,PFLUGERVILLE,TX,78660,9998,,W25143,P
SOUTHERN,4G,TEXAS 3,780,78661,PRAIRIE LEA,6855 SAN MARCOS HWY,PRAIRIE LEA,TX,78661,9800,P,W25241,P
SOUTHERN,4G,TEXAS 3,780,78662,RED ROCK,105 LENTZ MAIN ST,RED ROCK,TX,78662,9998,,W25326,P
SOUTHERN,4G,TEXAS 3,780,78663,ROUND MOUNTAIN,10603 US HIGHWAY 281 N,ROUND MOUNTAIN,TX,78663,9998,,W25447,P
SOUTHERN,4G,TEXAS 3,780,78664,ROUND ROCK,2250 DOUBLE CREEK DR,ROUND ROCK,TX,78664,9998,,W25448,P
SOUTHERN,4G,TEXAS 3,780,78665,ROUND ROCK,2250 DOUBLE CREEK DR,ROUND ROCK,TX,78664,9998,,W25448,P
SOUTHERN,4G,TEXAS 3,780,78666,SAN MARCOS ANNEX,210 S STAGECOACH TRL,SAN MARCOS,TX,78666,9998,,019302,4
SOUTHERN,4G,TEXAS 3,780,78667,SAN MARCOS,900 BUGG LN STE 110A,SAN MARCOS,TX,78666,9807,P,W25520,P
SOUTHERN,4G,TEXAS 3,780,78669,SPICEWOOD,121 SPUR 191,SPICEWOOD,TX,78669,9998,,W25728,P
SOUTHERN,4G,TEXAS 3,780,78670,STAPLES,2585 ALLISON RD,STAPLES,TX,78670,9800,P,W25860,P
SOUTHERN,4G,TEXAS 3,780,78671,JOHNSON CITY,201 S AVENUE G,JOHNSON CITY,TX,78636,9998,,W24241,P
SOUTHERN,4G,TEXAS 3,780,78671,STONEWALL,14490 E US HIGHWAY 290,STONEWALL,TX,78671,9998,,W25887,P
SOUTHERN,4G,TEXAS 3,780,78672,BLUFFTON,11725 RANCH ROAD 2241,BLUFFTON,TX,78607,9998,,W22988,P
SOUTHERN,4G,TEXAS 3,780,78672,TOW,16910 RANCH ROAD 2241,TOW,TX,78672,9998,,W26051,P
SOUTHERN,4G,TEXAS 3,780,78673,WALBURG,3745 FM 972,WALBURG,TX,78673,9800,P,W26204,P
SOUTHERN,4G,TEXAS 3,780,78674,WEIR,200 FM 1105,WEIR,TX,78674,9998,P,W26250,P
SOUTHERN,4G,TEXAS 3,780,78675,FREDERICKSBURG,1150 N US HIGHWAY 87,FREDERICKSBURG,TX,78624,9998,,W23808,P
SOUTHERN,4G,TEXAS 3,780,78676,WIMBERLEY,111 JOE WIMBERLEY BLVD,WIMBERLEY,TX,78676,9998,,W26356,P
SOUTHERN,4G,TEXAS 3,780,78680,ROUND ROCK WEST,797 SAM BASS RD,ROUND ROCK,TX,78681,9998,P,W26820,S
SOUTHERN,4G,TEXAS 3,780,78681,ROUND ROCK WEST,797 SAM BASS RD,ROUND ROCK,TX,78681,9998,,W26820,S
SOUTHERN,4G,TEXAS 3,780,78683,ROUND ROCK,2250 DOUBLE CREEK DR,ROUND ROCK,TX,78664,9998,P,W25448,P
SOUTHERN,4G,TEXAS 3,780,78691,PFLUGERVILLE,301 S HEATHERWILDE BLVD,PFLUGERVILLE,TX,78660,9998,P,W25143,P
SOUTHERN,4G,TEXAS 3,780,78701,SOUTHEAST AUSTIN,4516 BURLESON RD,AUSTIN,TX,78744,9998,,W25704,S
SOUTHERN,4G,TEXAS 3,780,78702,SOUTHEAST AUSTIN,4516 BURLESON RD,AUSTIN,TX,78744,9998,,W25704,S
SOUTHERN,4G,TEXAS 3,780,78703,CENTRAL PARK,3507 N LAMAR BLVD,AUSTIN,TX,78705,9997,,000276,S
SOUTHERN,4G,TEXAS 3,780,78704,SOUTH CONGRESS,3903 S CONGRESS AVE,AUSTIN,TX,78704,9998,,000725,S
SOUTHERN,4G,TEXAS 3,780,78705,NORTHCROSS,7700 NORTHCROSS DR,AUSTIN,TX,78757,9998,,W26930,S
SOUTHERN,4G,TEXAS 3,780,78708,BLUEBONNET,1822 W BRAKER LN,AUSTIN,TX,78758,9998,P,W22983,S
SOUTHERN,4G,TEXAS 3,780,78709,OAK HILL,6104 OLD FREDERICKSBURG RD,AUSTIN,TX,78749,9998,P,W24984,S
SOUTHERN,4G,TEXAS 3,780,78711,CAPITOL,111 E 17TH ST,AUSTIN,TX,78701,9997,P,W23138,S
SOUTHERN,4G,TEXAS 3,780,78714,GMF AUSTIN,8225 CROSS PARK DR,AUSTIN,TX,78710,9765,P,W23876,S
SOUTHERN,4G,TEXAS 3,780,78715,MOCKINGBIRD,7310 MENCHACA RD,AUSTIN,TX,78745,9998,P,W24759,S
SOUTHERN,4G,TEXAS 3,780,78716,WESTLAKE,3201 BEE CAVES RD STE 120,AUSTIN,TX,78746,9998,P,W26288,S
SOUTHERN,4G,TEXAS 3,780,78717,MCNEIL,10109 LAKE CREEK PKWY,AUSTIN,TX,78729,1711,,012535,S
SOUTHERN,4G,TEXAS 3,780,78718,TOWN NORTH,8557 RESEARCH BLVD STE 124,AUSTIN,TX,78758,9997,P,W26055,S
SOUTHERN,4G,TEXAS 3,780,78719,SOUTHEAST AUSTIN,4516 BURLESON RD,AUSTIN,TX,78744,9998,,W25704,S
SOUTHERN,4G,TEXAS 3,780,78720,BALCONES,11900 JOLLYVILLE RD,AUSTIN,TX,78759,9998,P,W22835,S
SOUTHERN,4G,TEXAS 3,780,78721,NORTHEAST AUSTIN,900 BLACKSON AVE,AUSTIN,TX,78752,9998,,W24953,S
SOUTHERN,4G,TEXAS 3,780,78722,NORTHEAST AUSTIN,900 BLACKSON AVE,AUSTIN,TX,78752,9998,,W24953,S
SOUTHERN,4G,TEXAS 3,780,78723,NORTHEAST AUSTIN,900 BLACKSON AVE,AUSTIN,TX,78752,9998,,W24953,S
SOUTHERN,4G,TEXAS 3,780,78724,NORTHEAST AUSTIN,900 BLACKSON AVE,AUSTIN,TX,78752,9998,,W24953,S
SOUTHERN,4G,TEXAS 3,780,78725,NORTHEAST AUSTIN,900 BLACKSON AVE,AUSTIN,TX,78752,9998,,W24953,S
SOUTHERN,4G,TEXAS 3,780,78726,BALCONES,11900 JOLLYVILLE RD,AUSTIN,TX,78759,9998,,W22835,S
SOUTHERN,4G,TEXAS 3,780,78727,BLUEBONNET,1822 W BRAKER LN,AUSTIN,TX,78758,9998,,W22983,S
SOUTHERN,4G,TEXAS 3,780,78728,BLUEBONNET,1822 W BRAKER LN,AUSTIN,TX,78758,9998,,W22983,S
SOUTHERN,4G,TEXAS 3,780,78729,MCNEIL,10109 LAKE CREEK PKWY,AUSTIN,TX,78729,1711,,012535,S
SOUTHERN,4G,TEXAS 3,780,78730,CHIMNEY CORNERS,3575 FAR WEST BLVD,AUSTIN,TX,78731,9998,,W23234,S
SOUTHERN,4G,TEXAS 3,780,78731,CHIMNEY CORNERS,3575 FAR WEST BLVD,AUSTIN,TX,78731,9998,,W23234,S
SOUTHERN,4G,TEXAS 3,780,78732,LAKE TRAVIS,2110 RANCH ROAD 620 S,LAKEWAY,TX,78734,9998,,W26525,S
SOUTHERN,4G,TEXAS 3,780,78733,LAKE TRAVIS,2110 RANCH ROAD 620 S,LAKEWAY,TX,78734,9998,,W26525,S
SOUTHERN,4G,TEXAS 3,780,78734,LAKE TRAVIS,2110 RANCH ROAD 620 S,LAKEWAY,TX,78734,9998,,W26525,S
SOUTHERN,4G,TEXAS 3,780,78735,OAK HILL,6104 OLD FREDERICKSBURG RD,AUSTIN,TX,78749,9998,,W24984,S
SOUTHERN,4G,TEXAS 3,780,78736,OAK HILL,6104 OLD FREDERICKSBURG RD,AUSTIN,TX,78749,9998,,W24984,S
SOUTHERN,4G,TEXAS 3,780,78737,OAK HILL,6104 OLD FREDERICKSBURG RD,AUSTIN,TX,78749,9998,,W24984,S
SOUTHERN,4G,TEXAS 3,780,78738,LAKE TRAVIS,2110 RANCH ROAD 620 S,LAKEWAY,TX,78734,9998,,W26525,S
SOUTHERN,4G,TEXAS 3,780,78739,OAK HILL,6104 OLD FREDERICKSBURG RD,AUSTIN,TX,78749,9998,,W24984,S
SOUTHERN,4G,TEXAS 3,780,78741,SOUTHEAST AUSTIN,4516 BURLESON RD,AUSTIN,TX,78744,9998,,W25704,S
SOUTHERN,4G,TEXAS 3,780,78742,SOUTHEAST AUSTIN,4516 BURLESON RD,AUSTIN,TX,78744,9998,,W25704,S
SOUTHERN,4G,TEXAS 3,780,78744,SOUTHEAST AUSTIN,4516 BURLESON RD,AUSTIN,TX,78744,9998,,W25704,S
SOUTHERN,4G,TEXAS 3,780,78745,MOCKINGBIRD,7310 MENCHACA RD,AUSTIN,TX,78745,9998,,W24759,S
SOUTHERN,4G,TEXAS 3,780,78746,SOUTH CONGRESS,3903 S CONGRESS AVE,AUSTIN,TX,78704,9998,,000725,S
SOUTHERN,4G,TEXAS 3,780,78747,MOCKINGBIRD,7310 MENCHACA RD,AUSTIN,TX,78745,9998,,W24759,S
SOUTHERN,4G,TEXAS 3,780,78748,MOCKINGBIRD,7310 MENCHACA RD,AUSTIN,TX,78745,9998,,W24759,S
SOUTHERN,4G,TEXAS 3,780,78749,OAK HILL,6104 OLD FREDERICKSBURG RD,AUSTIN,TX,78749,9998,,W24984,S
SOUTHERN,4G,TEXAS 3,780,78750,BALCONES,11900 JOLLYVILLE RD,AUSTIN,TX,78759,9998,,W22835,S
SOUTHERN,4G,TEXAS 3,780,78751,CENTRAL PARK,3507 N LAMAR BLVD,AUSTIN,TX,78705,9997,,000276,S
SOUTHERN,4G,TEXAS 3,780,78752,NORTHEAST AUSTIN,900 BLACKSON AVE,AUSTIN,TX,78752,9998,,W24953,S
SOUTHERN,4G,TEXAS 3,780,78753,BLUEBONNET,1822 W BRAKER LN,AUSTIN,TX,78758,9998,,W22983,S
SOUTHERN,4G,TEXAS 3,780,78754,NORTHEAST AUSTIN,900 BLACKSON AVE,AUSTIN,TX,78752,9998,,W24953,S
SOUTHERN,4G,TEXAS 3,780,78755,CHIMNEY CORNERS,3575 FAR WEST BLVD,AUSTIN,TX,78731,9998,P,W23234,S
SOUTHERN,4G,TEXAS 3,780,78756,NORTHCROSS,7700 NORTHCROSS DR,AUSTIN,TX,78757,9998,,W26930,S
SOUTHERN,4G,TEXAS 3,780,78757,NORTHCROSS,7700 NORTHCROSS DR,AUSTIN,TX,78757,9998,,W26930,S
SOUTHERN,4G,TEXAS 3,780,78758,BLUEBONNET,1822 W BRAKER LN,AUSTIN,TX,78758,9998,,W22983,S
SOUTHERN,4G,TEXAS 3,780,78759,BALCONES,11900 JOLLYVILLE RD,AUSTIN,TX,78759,9998,,W22835,S
SOUTHERN,4G,TEXAS 3,780,78760,SOUTHEAST AUSTIN,4516 BURLESON RD,AUSTIN,TX,78744,9998,P,W25704,S
SOUTHERN,4G,TEXAS 3,780,78761,NORTHEAST AUSTIN,900 BLACKSON AVE,AUSTIN,TX,78752,9998,P,W24953,S
SOUTHERN,4G,TEXAS 3,780,78762,SOUTHEAST AUSTIN,4516 BURLESON RD,AUSTIN,TX,78744,9998,P,W25704,S
SOUTHERN,4G,TEXAS 3,780,78763,WEST AUSTIN,2418 SPRING LN,AUSTIN,TX,78703,9998,P,W26261,S
SOUTHERN,4G,TEXAS 3,780,78764,SOUTH CONGRESS,3903 S CONGRESS AVE,AUSTIN,TX,78704,9998,P,000725,S
SOUTHERN,4G,TEXAS 3,780,78765,NORTHCROSS,7700 NORTHCROSS DR,AUSTIN,TX,78757,9998,P,W26930,S
SOUTHERN,4G,TEXAS 3,780,78766,NORTHCROSS,7700 NORTHCROSS DR,AUSTIN,TX,78757,9998,P,W26930,S
SOUTHERN,4G,TEXAS 3,780,78767,DOWNTOWN AUSTIN,823 CONGRESS AVE STE 150,AUSTIN,TX,78701,9998,P,W23527,S
SOUTHERN,4G,TEXAS 3,780,78768,DOWNTOWN AUSTIN,823 CONGRESS AVE STE 150,AUSTIN,TX,78701,9998,P,W23527,S
SOUTHERN,4G,TEXAS 3,780,78801,UVALDE,103 S GETTY ST,UVALDE,TX,78801,9998,,W26131,P
SOUTHERN,4G,TEXAS 3,780,78802,UVALDE,103 S GETTY ST,UVALDE,TX,78801,9998,P,W26131,P
SOUTHERN,4G,TEXAS 3,780,78827,ASHERTON,572 W CARTER ST,ASHERTON,TX,78827,9998,,W22795,P
SOUTHERN,4G,TEXAS 3,780,78828,BARKSDALE,25594 S HIGHWAY 55,BARKSDALE,TX,78828,9998,,W22852,P
SOUTHERN,4G,TEXAS 3,780,78829,BATESVILLE,1 NOPAL ALY,BATESVILLE,TX,78829,9998,,W22866,P
SOUTHERN,4G,TEXAS 3,780,78830,BIG WELLS,1411 GRAND AVE,BIG WELLS,TX,78830,9998,,W22949,P
SOUTHERN,4G,TEXAS 3,780,78832,BRACKETTVILLE,308 E SPRING ST,BRACKETTVILLE,TX,78832,9998,,W23021,P
SOUTHERN,4G,TEXAS 3,780,78833,CAMP WOOD,309 N NUECES,CAMP WOOD,TX,78833,9998,,W23125,P
SOUTHERN,4G,TEXAS 3,780,78834,CARRIZO SPRINGS,401 N 5TH ST,CARRIZO SPRINGS,TX,78834,9998,,W23157,P
SOUTHERN,4G,TEXAS 3,780,78837,COMSTOCK,32108 W US HIGHWAY 90,COMSTOCK,TX,78837,9998,,W23315,P
SOUTHERN,4G,TEXAS 3,780,78838,CONCAN,20948 US HIGHWAY 127,CONCAN,TX,78838,9998,,W23316,P
SOUTHERN,4G,TEXAS 3,780,78839,CRYSTAL CITY,2277 N US HIGHWAY 83,CRYSTAL CITY,TX,78839,9998,,W23396,P
SOUTHERN,4G,TEXAS 3,780,78840,DEL RIO,2001 N BEDELL AVE,DEL RIO,TX,78840,9998,,W23458,P
SOUTHERN,4G,TEXAS 3,780,78841,PECAN,114 E BROADWAY ST,DEL RIO,TX,78840,9997,P,W25108,S
SOUTHERN,4G,TEXAS 3,780,78842,DEL RIO,2001 N BEDELL AVE,DEL RIO,TX,78840,9998,P,W23458,P
SOUTHERN,4G,TEXAS 3,780,78850,D HANIS,7370 COUNTY ROAD 525,D HANIS,TX,78850,9998,,W23415,P
SOUTHERN,4G,TEXAS 3,780,78851,DEL RIO,2001 N BEDELL AVE,DEL RIO,TX,78840,9998,,W23458,P
SOUTHERN,4G,TEXAS 3,780,78852,EAGLE PASS,410 S BIBB AVE,EAGLE PASS,TX,78852,9998,,W23572,P
SOUTHERN,4G,TEXAS 3,780,78853,EAGLE PASS,410 S BIBB AVE,EAGLE PASS,TX,78852,9998,P,W23572,P
SOUTHERN,4G,TEXAS 3,780,78860,EL INDIO,18496 FM 1021,EL INDIO,TX,78860,9800,P,W23619,P
SOUTHERN,4G,TEXAS 3,780,78861,HONDO,1108 17TH ST,HONDO,TX,78861,9998,,W24119,P
SOUTHERN,4G,TEXAS 3,780,78870,KNIPPA,107 MAIN ST,KNIPPA,TX,78870,9998,,W24335,P
SOUTHERN,4G,TEXAS 3,780,78871,LANGTRY,95 TORRES AVE,LANGTRY,TX,78871,9800,P,W24425,P
SOUTHERN,4G,TEXAS 3,780,78872,LA PRYOR,189 W RUE ST,LA PRYOR,TX,78872,9800,P,W24360,P
SOUTHERN,4G,TEXAS 3,780,78873,LEAKEY,110 W RANCH ROAD 337,LEAKEY,TX,78873,9998,,W24449,P
SOUTHERN,4G,TEXAS 3,780,78877,QUEMADO,20001 N HIGHWAY 277,QUEMADO,TX,78877,9998,,W25280,P
SOUTHERN,4G,TEXAS 3,780,78879,RIO FRIO,5615 RANCH ROAD 1120,RIO FRIO,TX,78879,9998,,W25375,P
SOUTHERN,4G,TEXAS 3,780,78880,ROCKSPRINGS,102 W BANDERA ST,ROCKSPRINGS,TX,78880,9998,,W25410,P
SOUTHERN,4G,TEXAS 3,780,78881,SABINAL,119 N FRONT ST,SABINAL,TX,78881,9998,,W25477,P
SOUTHERN,4G,TEXAS 3,780,78883,TARPLEY,161 THOMAS CREEK RD,TARPLEY,TX,78883,9998,,W25955,P
SOUTHERN,4G,TEXAS 3,780,78884,UTOPIA,700 N MAIN,UTOPIA,TX,78884,9998,,W26130,P
SOUTHERN,4G,TEXAS 3,780,78885,VANDERPOOL,32474 FM 187,VANDERPOOL,TX,78885,9998,,W26156,P
SOUTHERN,4G,TEXAS 3,780,78886,YANCEY,106 COUNTY ROAD 743,YANCEY,TX,78886,9998,,W26400,P
SOUTHERN,4G,TEXAS 3,780,78931,BLEIBLERVILLE,3945 FM 2502,BLEIBLERVILLE,TX,78931,9998,,W22970,P
SOUTHERN,4G,TEXAS 3,780,78932,CARMINE,201 W SYLVAN ST,CARMINE,TX,78932,9998,,W23152,P
SOUTHERN,4G,TEXAS 3,780,78933,CAT SPRING,182 N FRONT ST,CAT SPRING,TX,78933,9998,,W23169,P
SOUTHERN,4G,TEXAS 3,780,78934,COLUMBUS,1221 WALNUT ST,COLUMBUS,TX,78934,9998,,W23307,P
SOUTHERN,4G,TEXAS 3,780,78935,COLUMBUS,1221 WALNUT ST,COLUMBUS,TX,78934,9998,,W23307,P
SOUTHERN,4G,TEXAS 3,780,78938,ELLINGER,706 FM 2503,ELLINGER,TX,78938,9998,,W23641,P
SOUTHERN,4G,TEXAS 3,780,78940,FAYETTEVILLE,212 E MAIN ST,FAYETTEVILLE,TX,78940,9998,,W23723,P
SOUTHERN,4G,TEXAS 3,780,78941,FLATONIA,105 E SOUTH MAIN ST,FLATONIA,TX,78941,9998,,W23746,P
SOUTHERN,4G,TEXAS 3,780,78942,GIDDINGS,279 E AUSTIN ST,GIDDINGS,TX,78942,9998,,W23888,P
SOUTHERN,4G,TEXAS 3,780,78944,INDUSTRY,7944 ERNST PKWY,INDUSTRY,TX,78944,9998,,W24172,P
SOUTHERN,4G,TEXAS 3,780,78945,LA GRANGE,113 E COLORADO ST,LA GRANGE,TX,78945,9998,,W24355,P
SOUTHERN,4G,TEXAS 3,780,78946,CARMINE,201 W SYLVAN ST,CARMINE,TX,78932,9998,,W23152,P
SOUTHERN,4G,TEXAS 3,780,78946,LEDBETTER,104 CHAPPEL ST,LEDBETTER,TX,78946,9998,,W24453,P
SOUTHERN,4G,TEXAS 3,780,78947,LEXINGTON,624 N ROCKDALE ST,LEXINGTON,TX,78947,9998,,W24478,P
SOUTHERN,4G,TEXAS 3,780,78948,GIDDINGS,279 E AUSTIN ST,GIDDINGS,TX,78942,9998,,W23888,P
SOUTHERN,4G,TEXAS 3,780,78948,LINCOLN,1243 MAIN AVE,LINCOLN,TX,78948,9998,,W24487,P
SOUTHERN,4G,TEXAS 3,780,78949,FLATONIA,105 E SOUTH MAIN ST,FLATONIA,TX,78941,9998,,W23746,P
SOUTHERN,4G,TEXAS 3,780,78950,NEW ULM,824 PECAN ST,NEW ULM,TX,78950,9998,,W24890,P
SOUTHERN,4G,TEXAS 3,780,78952,PLUM,240 PLUM CHURCH RD,PLUM,TX,78952,9800,P,W25184,P
SOUTHERN,4G,TEXAS 3,780,78953,ROSANKY,2024 FM 535,ROSANKY,TX,78953,9998,,W25429,P
SOUTHERN,4G,TEXAS 3,780,78954,ROUND TOP,395 E MILL ST,ROUND TOP,TX,78954,9998,,W25450,P
SOUTHERN,4G,TEXAS 3,780,78956,SCHULENBURG,622 ANDERSON ST,SCHULENBURG,TX,78956,9998,,W25565,P
SOUTHERN,4G,TEXAS 3,780,78957,SMITHVILLE,400 MAIN ST,SMITHVILLE,TX,78957,9998,,W25665,P
SOUTHERN,4G,TEXAS 3,780,78959,WAELDER,423 W US HIGHWAY 90,WAELDER,TX,78959,9998,,W26199,P
SOUTHERN,4G,TEXAS 3,780,78960,WARDA,5621 S US HIGHWAY 77,WARDA,TX,78960,9800,P,W26221,P
SOUTHERN,4G,TEXAS 3,780,78961,ROUND TOP,395 E MILL ST,ROUND TOP,TX,78954,9998,P,W25450,P
SOUTHERN,4G,TEXAS 3,780,78962,WEIMAR,100 E MAIN ST,WEIMAR,TX,78962,9998,,W26248,P
SOUTHERN,4G,TEXAS 3,780,78963,PLUM,240 PLUM CHURCH RD,PLUM,TX,78952,9800,,W25184,P
SOUTHERN,4G,TEXAS 3,780,79001,ADRIAN,201 HISTORIC ROUTE 66,ADRIAN,TX,79001,9998,,W22683,P
SOUTHERN,4G,TEXAS 3,780,79003,ALLISON,105 WHEELER AVE,ALLISON,TX,79003,9800,P,W22719,P
SOUTHERN,4G,TEXAS 3,780,79005,BOOKER,122 S AUSTIN ST,BOOKER,TX,79005,9803,,W23007,P
SOUTHERN,4G,TEXAS 3,780,79007,BORGER,500 S MCGEE ST,BORGER,TX,79007,9998,,W23011,P
SOUTHERN,4G,TEXAS 3,780,79008,BORGER,500 S MCGEE ST,BORGER,TX,79007,9998,P,W23011,P
SOUTHERN,4G,TEXAS 3,780,79009,BOVINA,108 2ND ST,BOVINA,TX,79009,9802,,W23014,P
SOUTHERN,4G,TEXAS 3,780,79010,BOYS RANCH,8 JULIAN BIVINS BLVD,BOYS RANCH,TX,79010,9801,P,W23019,C
SOUTHERN,4G,TEXAS 3,780,79010,VEGA,222 N MAIN ST,VEGA,TX,79092,9802,P,W26161,P
SOUTHERN,4G,TEXAS 3,780,79011,BRISCOE,15715 FM 1046,BRISCOE,TX,79011,9802,,W23040,P
SOUTHERN,4G,TEXAS 3,780,79012,BUSHLAND,300 SIMMONS RD,BUSHLAND,TX,79012,9800,P,W23100,P
SOUTHERN,4G,TEXAS 3,780,79013,CACTUS,103 NORTH DR,CACTUS,TX,79013,9800,,W23108,P
SOUTHERN,4G,TEXAS 3,780,79014,CANADIAN,311 PURCELL AVE,CANADIAN,TX,79014,9998,,W23130,P
SOUTHERN,4G,TEXAS 3,780,79015,CANYON,1304 4TH AVE,CANYON,TX,79015,3739,,W23133,P
SOUTHERN,4G,TEXAS 3,780,79018,CHANNING,705 ROCK ISLAND ST,CHANNING,TX,79018,9802,,W23210,P
SOUTHERN,4G,TEXAS 3,780,79019,CLAUDE,302 TRICE ST,CLAUDE,TX,79019,9802,,W23266,P
SOUTHERN,4G,TEXAS 3,780,79021,COTTON CENTER,2359 FM 179,COTTON CENTER,TX,79021,9800,P,W23351,P
SOUTHERN,4G,TEXAS 3,780,79022,DALHART,702 W 7TH ST,DALHART,TX,79022,9998,,W23424,P
SOUTHERN,4G,TEXAS 3,780,79024,DARROUZETT,302 MAIN ST,DARROUZETT,TX,79024,9800,P,W23439,P
SOUTHERN,4G,TEXAS 3,780,79027,DIMMITT,217 SE 2ND ST,DIMMITT,TX,79027,9998,,W23499,P
SOUTHERN,4G,TEXAS 3,780,79029,DUMAS,315 S BLISS AVE,DUMAS,TX,79029,9998,,W23560,P
SOUTHERN,4G,TEXAS 3,780,79031,EARTH,105 N AMHERST RD,EARTH,TX,79031,9803,,W23574,P
SOUTHERN,4G,TEXAS 3,780,79032,EDMONSON,100 E 1ST ST,EDMONSON,TX,79032,9800,P,W23609,P
SOUTHERN,4G,TEXAS 3,780,79033,FARNSWORTH,200 FARNSWORTH ST,FARNSWORTH,TX,79033,9998,P,W23716,P
SOUTHERN,4G,TEXAS 3,780,79034,FOLLETT,101 S MAIN ST,FOLLETT,TX,79034,9802,,W23765,P
SOUTHERN,4G,TEXAS 3,780,79035,FRIONA,1010 MAIN ST,FRIONA,TX,79035,9998,,W23825,P
SOUTHERN,4G,TEXAS 3,780,79036,FRITCH,107 N HOYNE AVE,FRITCH,TX,79036,9803,,W23827,P
SOUTHERN,4G,TEXAS 3,780,79039,GROOM,104 W 1ST ST,GROOM,TX,79039,9802,,W23981,P
SOUTHERN,4G,TEXAS 3,780,79040,GRUVER,301 MAIN ST,GRUVER,TX,79040,9802,,W23986,P
SOUTHERN,4G,TEXAS 3,780,79041,HALE CENTER,203 W STEVENSON AVE,HALE CENTER,TX,79041,9435,,W24005,P
SOUTHERN,4G,TEXAS 3,780,79041,PLAINVIEW,725 ASH ST,PLAINVIEW,TX,79072,7308,,W25170,P
SOUTHERN,4G,TEXAS 3,780,79042,HAPPY,202 MAIN ST,HAPPY,TX,79042,9803,,W24021,P
SOUTHERN,4G,TEXAS 3,780,79043,HART,600 BROADWAY ST,HART,TX,79043,9804,,W24039,P
SOUTHERN,4G,TEXAS 3,780,79044,HARTLEY,210 WHITE ST,HARTLEY,TX,79044,9800,,W24040,P
SOUTHERN,4G,TEXAS 3,780,79045,HEREFORD,408 MAIN ST,HEREFORD,TX,79045,9998,,W24073,P
SOUTHERN,4G,TEXAS 3,780,79046,HIGGINS,116 N MAIN ST,HIGGINS,TX,79046,9803,,W24085,P
SOUTHERN,4G,TEXAS 3,780,79052,KRESS,400 SKIPWORTH ST,KRESS,TX,79052,9804,,W24345,P
SOUTHERN,4G,TEXAS 3,780,79052,PLAINVIEW,725 ASH ST,PLAINVIEW,TX,79072,7308,,W25170,P
SOUTHERN,4G,TEXAS 3,780,79053,LAZBUDDIE,610 FM 1172,LAZBUDDIE,TX,79053,9800,P,W24445,P
SOUTHERN,4G,TEXAS 3,780,79054,LEFORS,111 E 2ND ST,LEFORS,TX,79054,9800,P,W24458,P
SOUTHERN,4G,TEXAS 3,780,79056,LIPSCOMB,100 S MAIN ST,LIPSCOMB,TX,79056,9802,,W24496,P
SOUTHERN,4G,TEXAS 3,780,79057,MCLEAN,101 S MAIN ST,MCLEAN,TX,79057,9805,,W24669,P
SOUTHERN,4G,TEXAS 3,780,79058,CHANNING,705 ROCK ISLAND ST,CHANNING,TX,79018,9802,,W23210,P
SOUTHERN,4G,TEXAS 3,780,79059,MIAMI,116 S MAIN ST,MIAMI,TX,79059,9803,,W24713,P
SOUTHERN,4G,TEXAS 3,780,79061,MOBEETIE,214 W 1ST ST,MOBEETIE,TX,79061,9802,,W24758,P
SOUTHERN,4G,TEXAS 3,780,79061,WHEELER,507 S CANADIAN ST,WHEELER,TX,79096,9803,,W26302,P
SOUTHERN,4G,TEXAS 3,780,79062,MORSE,200 MAIN ST,MORSE,TX,79062,9800,,W24794,P
SOUTHERN,4G,TEXAS 3,780,79063,NAZARETH,101 SAINT JOSEPH ST,NAZARETH,TX,79063,9997,,W24852,P
SOUTHERN,4G,TEXAS 3,780,79064,OLTON,416 8TH ST,OLTON,TX,79064,9805,,W25029,P
SOUTHERN,4G,TEXAS 3,780,79065,PAMPA,120 E FOSTER AVE,PAMPA,TX,79065,9998,,W25073,P
SOUTHERN,4G,TEXAS 3,780,79066,PAMPA,120 E FOSTER AVE,PAMPA,TX,79065,9998,P,W25073,P
SOUTHERN,4G,TEXAS 3,780,79068,PANHANDLE,402 MAIN ST,PANHANDLE,TX,79068,3052,,W25077,P
SOUTHERN,4G,TEXAS 3,780,79070,PERRYTON,2722 S MAIN ST,PERRYTON,TX,79070,9998,,W25128,P
SOUTHERN,4G,TEXAS 3,780,79072,PLAINVIEW,725 ASH ST,PLAINVIEW,TX,79072,7308,,W25170,P
SOUTHERN,4G,TEXAS 3,780,79073,PLAINVIEW,725 ASH ST,PLAINVIEW,TX,79072,7308,P,W25170,P
SOUTHERN,4G,TEXAS 3,780,79078,SANFORD,305 E MAIN ST,SANFORD,TX,79078,9800,P,W25536,P
SOUTHERN,4G,TEXAS 3,780,79079,SHAMROCK,210 N MADDEN ST,SHAMROCK,TX,79079,9998,,W25611,P
SOUTHERN,4G,TEXAS 3,780,79080,SKELLYTOWN,301 MAIN ST,SKELLYTOWN,TX,79080,9802,,W25656,P
SOUTHERN,4G,TEXAS 3,780,79081,SPEARMAN,101 N BERNICE ST,SPEARMAN,TX,79081,9998,,W25726,P
SOUTHERN,4G,TEXAS 3,780,79082,SPRINGLAKE,108 W MAIN ST,SPRINGLAKE,TX,79082,9804,,W25744,P
SOUTHERN,4G,TEXAS 3,780,79083,STINNETT,431 S MAIN ST,STINNETT,TX,79083,9803,,W25879,P
SOUTHERN,4G,TEXAS 3,780,79084,STRATFORD,201 N MAIN ST,STRATFORD,TX,79084,9803,,W25890,P
SOUTHERN,4G,TEXAS 3,780,79085,FRIONA,1010 MAIN ST,FRIONA,TX,79035,9998,,W23825,P
SOUTHERN,4G,TEXAS 3,780,79086,SUNRAY,400 MAIN ST,SUNRAY,TX,79086,9802,,W25916,P
SOUTHERN,4G,TEXAS 3,780,79087,TEXLINE,303 S 2ND ST,TEXLINE,TX,79087,9802,,W26006,P
SOUTHERN,4G,TEXAS 3,780,79088,TULIA,129 N ARMSTRONG AVE,TULIA,TX,79088,9998,,W26076,P
SOUTHERN,4G,TEXAS 3,780,79091,UMBARGER,25380 STOREY ST,UMBARGER,TX,79091,9900,P,W26097,P
SOUTHERN,4G,TEXAS 3,780,79092,VEGA,222 N MAIN ST,VEGA,TX,79092,9802,,W26161,P
SOUTHERN,4G,TEXAS 3,780,79093,FARNSWORTH,200 FARNSWORTH ST,FARNSWORTH,TX,79033,9998,P,W23716,P
SOUTHERN,4G,TEXAS 3,780,79094,HAPPY,202 MAIN ST,HAPPY,TX,79042,9803,,W24021,P
SOUTHERN,4G,TEXAS 3,780,79094,WAYSIDE,8471 FM 285,WAYSIDE,TX,79094,9802,,W26239,C
SOUTHERN,4G,TEXAS 3,780,79095,WELLINGTON,1000 WEST AVE,WELLINGTON,TX,79095,9998,,W26254,P
SOUTHERN,4G,TEXAS 3,780,79096,WHEELER,507 S CANADIAN ST,WHEELER,TX,79096,9803,,W26302,P
SOUTHERN,4G,TEXAS 3,780,79097,WHITE DEER,110 E 3RD ST,WHITE DEER,TX,79097,9802,,W26305,P
SOUTHERN,4G,TEXAS 3,780,79098,WILDORADO,306 N LOCUST ST,WILDORADO,TX,79098,9802,,W26333,P
SOUTHERN,4G,TEXAS 3,780,79101,AMARILLO,2301 ROSS ST,AMARILLO,TX,79120,9996,,W22731,P
SOUTHERN,4G,TEXAS 3,780,79102,AMARILLO,2301 ROSS ST,AMARILLO,TX,79120,9996,,W22731,P
SOUTHERN,4G,TEXAS 3,780,79103,AMARILLO,2301 ROSS ST,AMARILLO,TX,79120,9996,,W22731,P
SOUTHERN,4G,TEXAS 3,780,79104,AMARILLO,2301 ROSS ST,AMARILLO,TX,79120,9996,,W22731,P
SOUTHERN,4G,TEXAS 3,780,79105,DOWNTOWN AMARILLO,505 E 9TH AVE,AMARILLO,TX,79105,9998,P,W23526,S
SOUTHERN,4G,TEXAS 3,780,79106,JORDAN,8301 W AMARILLO BLVD,AMARILLO,TX,79124,2153,,W24253,S
SOUTHERN,4G,TEXAS 3,780,79107,AMARILLO,2301 ROSS ST,AMARILLO,TX,79120,9996,,W22731,P
SOUTHERN,4G,TEXAS 3,780,79108,AMARILLO,2301 ROSS ST,AMARILLO,TX,79120,9996,,W22731,P
SOUTHERN,4G,TEXAS 3,780,79109,LONE STAR,5000 S WESTERN ST,AMARILLO,TX,79109,6192,,W25685,S
SOUTHERN,4G,TEXAS 3,780,79110,LONE STAR,5000 S WESTERN ST,AMARILLO,TX,79109,6192,,W25685,S
SOUTHERN,4G,TEXAS 3,780,79111,AMARILLO,2301 ROSS ST,AMARILLO,TX,79120,9996,,W22731,P
SOUTHERN,4G,TEXAS 3,780,79114,LONE STAR,5000 S WESTERN ST,AMARILLO,TX,79109,6192,P,W25685,S
SOUTHERN,4G,TEXAS 3,780,79116,SAN JACINTO,307 S WESTERN ST,AMARILLO,TX,79116,9998,P,W25514,S
SOUTHERN,4G,TEXAS 3,780,79117,NORTH AMARILLO,841 MARTIN RD,AMARILLO,TX,79117,9998,P,W24928,S
SOUTHERN,4G,TEXAS 3,780,79118,LONE STAR,5000 S WESTERN ST,AMARILLO,TX,79109,6192,,W25685,S
SOUTHERN,4G,TEXAS 3,780,79119,JORDAN,8301 W AMARILLO BLVD,AMARILLO,TX,79124,2153,,W24253,S
SOUTHERN,4G,TEXAS 3,780,79120,AMARILLO,2301 ROSS ST,AMARILLO,TX,79120,9996,P,W22731,P
SOUTHERN,4G,TEXAS 3,780,79121,JORDAN,8301 W AMARILLO BLVD,AMARILLO,TX,79124,2153,,W24253,S
SOUTHERN,4G,TEXAS 3,780,79124,JORDAN,8301 W AMARILLO BLVD,AMARILLO,TX,79124,2153,,W24253,S
SOUTHERN,4G,TEXAS 3,780,79159,JORDAN,8301 W AMARILLO BLVD,AMARILLO,TX,79124,2153,P,W24253,S
SOUTHERN,4G,TEXAS 3,780,79189,DOWNTOWN AMARILLO,505 E 9TH AVE,AMARILLO,TX,79105,9998,P,W23526,S
SOUTHERN,4G,TEXAS 3,780,79201,CHILDRESS,507 AVENUE F NW,CHILDRESS,TX,79201,9998,,W23231,P
SOUTHERN,4G,TEXAS 3,780,79220,ROARING SPRINGS,403 2ND ST,ROARING SPRINGS,TX,79256,9802,,W25393,P
SOUTHERN,4G,TEXAS 3,780,79225,CHILLICOTHE,14125 US HIGHWAY 287 S,CHILLICOTHE,TX,79225,9804,,W23232,P
SOUTHERN,4G,TEXAS 3,780,79226,CLARENDON,101 W 4TH ST,CLARENDON,TX,79226,9806,,W23260,P
SOUTHERN,4G,TEXAS 3,780,79227,CROWELL,121 N MAIN ST,CROWELL,TX,79227,9802,,W23391,P
SOUTHERN,4G,TEXAS 3,780,79229,DICKENS,921 5TH ST,DICKENS,TX,79229,9803,,W23492,P
SOUTHERN,4G,TEXAS 3,780,79231,DOUGHERTY,611 TEXAS AVE,DOUGHERTY,TX,79231,9800,P,W23523,P
SOUTHERN,4G,TEXAS 3,780,79233,ESTELLINE,710 CLEVELAND ST,ESTELLINE,TX,79233,9800,P,W23675,P
SOUTHERN,4G,TEXAS 3,780,79234,QUITAQUE,115 MAIN ST,QUITAQUE,TX,79255,9803,,W25283,P
SOUTHERN,4G,TEXAS 3,780,79235,FLOYDADA,226 W MISSOURI ST,FLOYDADA,TX,79235,9998,,W23762,P
SOUTHERN,4G,TEXAS 3,780,79236,GUTHRIE,600 N HIGHWAY 83,GUTHRIE,TX,79236,9800,P,W23997,P
SOUTHERN,4G,TEXAS 3,780,79237,HEDLEY,200 MAIN ST,HEDLEY,TX,79237,9998,,W24056,P
SOUTHERN,4G,TEXAS 3,780,79239,LAKEVIEW,13406 HIGHWAY 256,LAKEVIEW,TX,79239,9802,,W24401,P
SOUTHERN,4G,TEXAS 3,780,79241,LOCKNEY,107 N MAIN ST,LOCKNEY,TX,79241,9802,,W24511,P
SOUTHERN,4G,TEXAS 3,780,79243,MCADOO,104 S MAIN,MCADOO,TX,79243,9801,,W24659,P
SOUTHERN,4G,TEXAS 3,780,79244,MATADOR,716 DUNDEE AVE,MATADOR,TX,79244,9802,,W24626,P
SOUTHERN,4G,TEXAS 3,780,79245,MEMPHIS,700 W MAIN ST,MEMPHIS,TX,79245,9998,,W24694,P
SOUTHERN,4G,TEXAS 3,780,79248,PADUCAH,718 10TH ST,PADUCAH,TX,79248,9998,,W25056,P
SOUTHERN,4G,TEXAS 3,780,79250,PETERSBURG,1501 E 1ST ST,PETERSBURG,TX,79250,9802,,W25134,P
SOUTHERN,4G,TEXAS 3,780,79252,QUANAH,219 W 3RD ST,QUANAH,TX,79252,9998,,W25278,P
SOUTHERN,4G,TEXAS 3,780,79255,QUITAQUE,115 MAIN ST,QUITAQUE,TX,79255,9803,,W25283,P
SOUTHERN,4G,TEXAS 3,780,79256,ROARING SPRINGS,403 2ND ST,ROARING SPRINGS,TX,79256,9802,,W25393,P
SOUTHERN,4G,TEXAS 3,780,79257,SILVERTON,401 LONE STAR ST,SILVERTON,TX,79257,9804,,W25645,P
SOUTHERN,4G,TEXAS 3,780,79258,SOUTH PLAINS,323 MAIN ST,SOUTH PLAINS,TX,79258,3000,P,W25696,P
SOUTHERN,4G,TEXAS 3,780,79259,TELL,14900 FM 2042,TELL,TX,79259,3000,,W25972,P
SOUTHERN,4G,TEXAS 3,780,79261,QUITAQUE,115 MAIN ST,QUITAQUE,TX,79255,9803,,W25283,P
SOUTHERN,4G,TEXAS 3,780,79261,TURKEY,505 MAIN ST,TURKEY,TX,79261,9803,,W26077,P
SOUTHERN,4G,TEXAS 3,780,79311,ABERNATHY,801 AVENUE D,ABERNATHY,TX,79311,9998,,W22665,P
SOUTHERN,4G,TEXAS 3,780,79312,AMHERST,815 MAIN ST,AMHERST,TX,79312,9802,,W22744,P
SOUTHERN,4G,TEXAS 3,780,79313,ANTON,306 LAWRENCE ST,ANTON,TX,79313,9802,,W22769,P
SOUTHERN,4G,TEXAS 3,780,79314,BLEDSOE,512 4TH ST,BLEDSOE,TX,79314,3000,P,W22969,P
SOUTHERN,4G,TEXAS 3,780,79316,BROWNFIELD,301 W HILL ST,BROWNFIELD,TX,79316,3300,,W23054,P
SOUTHERN,4G,TEXAS 3,780,79322,CROSBYTON,110 N BERKSHIRE ST,CROSBYTON,TX,79322,2224,,W23385,P
SOUTHERN,4G,TEXAS 3,780,79323,DENVER CITY,107 E 4TH ST,DENVER CITY,TX,79323,9998,,W23471,P
SOUTHERN,4G,TEXAS 3,780,79324,ENOCHS,3010 STATE HIGHWAY 214,ENOCHS,TX,79324,3000,,W23668,P
SOUTHERN,4G,TEXAS 3,780,79325,FARWELL,120 4TH ST,FARWELL,TX,79325,9802,,W23720,P
SOUTHERN,4G,TEXAS 3,780,79326,LITTLEFIELD,801 PHELPS AVE,LITTLEFIELD,TX,79339,3800,,W24503,P
SOUTHERN,4G,TEXAS 3,780,79329,IDALOU,311 MAIN ST,IDALOU,TX,79329,9800,,W24162,P
SOUTHERN,4G,TEXAS 3,780,79330,POST,202 W MAIN ST,POST,TX,79356,9998,,W25219,P
SOUTHERN,4G,TEXAS 3,780,79331,LAMESA,202 N AVENUE G,LAMESA,TX,79331,9998,,W24416,P
SOUTHERN,4G,TEXAS 3,780,79336,LEVELLAND,712 AVENUE G,LEVELLAND,TX,79336,4515,,W24473,P
SOUTHERN,4G,TEXAS 3,780,79338,LEVELLAND,712 AVENUE G,LEVELLAND,TX,79336,4515,P,W24473,P
SOUTHERN,4G,TEXAS 3,780,79339,LITTLEFIELD,801 PHELPS AVE,LITTLEFIELD,TX,79339,3800,,W24503,P
SOUTHERN,4G,TEXAS 3,780,79342,LOOP,895 STATE HIGHWAY 83 E,LOOP,TX,79342,9802,,W24535,P
SOUTHERN,4G,TEXAS 3,780,79343,LORENZO,225 US HIGHWAY 82,LORENZO,TX,79343,2651,,W24540,P
SOUTHERN,4G,TEXAS 3,780,79345,MEADOW,602 N RENFRO ST,MEADOW,TX,79345,9802,,W24678,P
SOUTHERN,4G,TEXAS 3,780,79346,MORTON,106 W TAYLOR AVE,MORTON,TX,79346,9998,,W24796,P
SOUTHERN,4G,TEXAS 3,780,79347,MULESHOE,221 E 3RD ST,MULESHOE,TX,79347,9998,,W24825,P
SOUTHERN,4G,TEXAS 3,780,79350,NEW DEAL,309 N MONROE ST,NEW DEAL,TX,79350,9800,P,W24872,P
SOUTHERN,4G,TEXAS 3,780,79351,ODONNELL,819 DOAK ST,ODONNELL,TX,79351,9800,,W25000,P
SOUTHERN,4G,TEXAS 3,780,79353,PEP,4282 N STATE ROAD 303,PEP,TX,79353,9802,,W25122,P
SOUTHERN,4G,TEXAS 3,780,79355,PLAINS,504 11TH ST,PLAINS,TX,79355,9802,,W25169,P
SOUTHERN,4G,TEXAS 3,780,79356,POST,202 W MAIN ST,POST,TX,79356,9998,,W25219,P
SOUTHERN,4G,TEXAS 3,780,79357,CROSBYTON,110 N BERKSHIRE ST,CROSBYTON,TX,79322,2224,,W23385,P
SOUTHERN,4G,TEXAS 3,780,79357,RALLS,620 TILFORD AVE,RALLS,TX,79357,9803,,W25293,P
SOUTHERN,4G,TEXAS 3,780,79358,ROPESVILLE,403 TIMMONS AVE,ROPESVILLE,TX,79358,9802,,W25428,P
SOUTHERN,4G,TEXAS 3,780,79359,SEAGRAVES,105 MAIN ST,SEAGRAVES,TX,79359,9802,,W25576,P
SOUTHERN,4G,TEXAS 3,780,79360,SEMINOLE,201 SE 3RD ST,SEMINOLE,TX,79360,9998,,W25594,P
SOUTHERN,4G,TEXAS 3,780,79363,SHALLOWATER,105 CLOVIS RD,SHALLOWATER,TX,79363,9998,,W25610,P
SOUTHERN,4G,TEXAS 3,780,79364,SLATON,150 W LYNN ST,SLATON,TX,79364,9998,,W25658,P
SOUTHERN,4G,TEXAS 3,780,79366,SLATON,150 W LYNN ST,SLATON,TX,79364,9998,,W25658,P
SOUTHERN,4G,TEXAS 3,780,79367,SMYER,1002 1ST ST,SMYER,TX,79367,9802,P,W25666,P
SOUTHERN,4G,TEXAS 3,780,79369,SPADE,2756 FM 168,SPADE,TX,79369,9800,P,W25722,P
SOUTHERN,4G,TEXAS 3,780,79370,SPUR,210 W HARRIS ST,SPUR,TX,79370,9998,,W25747,P
SOUTHERN,4G,TEXAS 3,780,79371,SUDAN,105 HORNET DR,SUDAN,TX,79371,9804,,W25899,P
SOUTHERN,4G,TEXAS 3,780,79372,SUNDOWN,807 S SLAUGHTER AVE,SUNDOWN,TX,79372,9800,P,W25912,P
SOUTHERN,4G,TEXAS 3,780,79373,TAHOKA,1525 CONWAY ST,TAHOKA,TX,79373,9803,,W25944,P
SOUTHERN,4G,TEXAS 3,780,79376,BROWNFIELD,301 W HILL ST,BROWNFIELD,TX,79316,3300,,W23054,P
SOUTHERN,4G,TEXAS 3,780,79377,WELCH,218 JUNIPER ST,WELCH,TX,79377,9802,,W26251,P
SOUTHERN,4G,TEXAS 3,780,79378,WELLMAN,503 YOAKUM,WELLMAN,TX,79378,9800,P,W26255,P
SOUTHERN,4G,TEXAS 3,780,79379,WHITEFACE,208 W 2ND ST,WHITEFACE,TX,79379,9800,P,W26313,P
SOUTHERN,4G,TEXAS 3,780,79380,WHITHARRAL,201 BADGER,WHITHARRAL,TX,79380,9800,P,W26318,P
SOUTHERN,4G,TEXAS 3,780,79381,SLATON,150 W LYNN ST,SLATON,TX,79364,9998,,W25658,P
SOUTHERN,4G,TEXAS 3,780,79381,WILSON,1011 HOUSTON AVE,WILSON,TX,79381,9802,,W26355,P
SOUTHERN,4G,TEXAS 3,780,79382,WOLFFORTH,302 E HIGHWAY 62,WOLFFORTH,TX,79382,9998,,W26376,P
SOUTHERN,4G,TEXAS 3,780,79401,DOWNTOWN LUBBOCK,411 AVENUE L,LUBBOCK,TX,79408,1899,,W23540,S
SOUTHERN,4G,TEXAS 3,780,79403,DOWNTOWN LUBBOCK,411 AVENUE L,LUBBOCK,TX,79408,1899,,W23540,S
SOUTHERN,4G,TEXAS 3,780,79404,DOWNTOWN LUBBOCK,411 AVENUE L,LUBBOCK,TX,79408,1899,,W23540,S
SOUTHERN,4G,TEXAS 3,780,79407,LOUISVILLE CARRIER ANX,4811 LOUISVILLE AVE,LUBBOCK,TX,79407,9997,,012191,4
SOUTHERN,4G,TEXAS 3,780,79408,DOWNTOWN LUBBOCK,411 AVENUE L,LUBBOCK,TX,79408,1899,P,W23540,S
SOUTHERN,4G,TEXAS 3,780,79409,LUBBOCK,1515 CRICKETS AVE,LUBBOCK,TX,79402,9998,,W24557,E
SOUTHERN,4G,TEXAS 3,780,79410,MONTEREY,5014 GARY AVE,LUBBOCK,TX,79413,9998,,W24774,S
SOUTHERN,4G,TEXAS 3,780,79411,DOWNTOWN LUBBOCK,411 AVENUE L,LUBBOCK,TX,79408,1899,,W23540,S
SOUTHERN,4G,TEXAS 3,780,79412,MONTEREY,5014 GARY AVE,LUBBOCK,TX,79413,9998,,W24774,S
SOUTHERN,4G,TEXAS 3,780,79413,MONTEREY,5014 GARY AVE,LUBBOCK,TX,79413,9998,,W24774,S
SOUTHERN,4G,TEXAS 3,780,79414,LOUISVILLE CARRIER ANX,4811 LOUISVILLE AVE,LUBBOCK,TX,79407,9997,,012191,4
SOUTHERN,4G,TEXAS 3,780,79415,DOWNTOWN LUBBOCK,411 AVENUE L,LUBBOCK,TX,79408,1899,,W23540,S
SOUTHERN,4G,TEXAS 3,780,79416,SUNSET,2121 FRANKFORD AVE,LUBBOCK,TX,79490,9998,,W25920,S
SOUTHERN,4G,TEXAS 3,780,79423,FREEDOM,5001 AVENUE L,LUBBOCK,TX,79452,9998,,W23812,S
SOUTHERN,4G,TEXAS 3,780,79424,SINGER,4901 S LOOP 289,LUBBOCK,TX,79464,9998,,W25651,S
SOUTHERN,4G,TEXAS 3,780,79452,FREEDOM,5001 AVENUE L,LUBBOCK,TX,79452,9998,P,W23812,S
SOUTHERN,4G,TEXAS 3,780,79453,CPU MEGARON,8207 ITHACA AVE STE D,LUBBOCK,TX,79423,2600,P,W24685,5
SOUTHERN,4G,TEXAS 3,780,79464,SINGER,4901 S LOOP 289,LUBBOCK,TX,79464,9998,P,W25651,S
SOUTHERN,4G,TEXAS 3,780,79490,SUNSET,2121 FRANKFORD AVE,LUBBOCK,TX,79490,9998,P,W25920,S
SOUTHERN,4G,TEXAS 3,780,79493,MONTEREY,5014 GARY AVE,LUBBOCK,TX,79413,9998,P,W24774,S
SOUTHERN,4G,TEXAS 3,780,79499,CPU WHISPERWOOD MAIL SERVICE,5404 4TH ST UNIT F,LUBBOCK,TX,79416,4359,P,W26304,5
SOUTHERN,4G,TEXAS 3,780,79501,ANSON,1002 11TH ST,ANSON,TX,79501,9998,,W22759,P
SOUTHERN,4G,TEXAS 3,780,79502,ASPERMONT,704 S WASHINGTON AVE,ASPERMONT,TX,79502,9998,,W22800,P
SOUTHERN,4G,TEXAS 3,780,79504,BAIRD,208 W 3RD ST,BAIRD,TX,79504,9998,,W22832,P
SOUTHERN,4G,TEXAS 3,780,79505,BENJAMIN,105 S HINTON ST,BENJAMIN,TX,79505,9998,,W22921,P
SOUTHERN,4G,TEXAS 3,780,79506,BLACKWELL,101 NUECES ST,BLACKWELL,TX,79506,9998,,W22961,P
SOUTHERN,4G,TEXAS 3,780,79508,BUFFALO GAP,1218 LITEL ST,BUFFALO GAP,TX,79508,9998,,W23081,P
SOUTHERN,4G,TEXAS 3,780,79510,CLYDE,615 ELM ST,CLYDE,TX,79510,9998,,W23287,P
SOUTHERN,4G,TEXAS 3,780,79511,COAHOMA,102 S 1ST ST,COAHOMA,TX,79511,9998,,W23288,P
SOUTHERN,4G,TEXAS 3,780,79512,COLORADO CITY,116 W 3RD ST,COLORADO CITY,TX,79512,9998,,W23305,P
SOUTHERN,4G,TEXAS 3,780,79518,GIRARD,1485 STATE HIGHWAY 70,GIRARD,TX,79518,9998,,W23894,P
SOUTHERN,4G,TEXAS 3,780,79520,HAMLIN,225 SE AVENUE A,HAMLIN,TX,79520,9998,,W24014,P
SOUTHERN,4G,TEXAS 3,780,79521,HASKELL,201 S 1ST ST,HASKELL,TX,79521,5940,,W24043,P
SOUTHERN,4G,TEXAS 3,780,79525,HAWLEY,525 E ACCESS RD,HAWLEY,TX,79525,9998,,W24051,P
SOUTHERN,4G,TEXAS 3,780,79526,HERMLEIGH,580 JAMES ST,HERMLEIGH,TX,79526,9998,,W24075,P
SOUTHERN,4G,TEXAS 3,780,79527,IRA,6071 W FM 1606,IRA,TX,79527,9998,,W24189,P
SOUTHERN,4G,TEXAS 3,780,79528,JAYTON,840 S MAIN ST,JAYTON,TX,79528,9998,,W24225,P
SOUTHERN,4G,TEXAS 3,780,79529,KNOX CITY,107 N AVENUE A,KNOX CITY,TX,79529,9998,,W24337,P
SOUTHERN,4G,TEXAS 3,780,79530,LAWN,151 MAIN ST,LAWN,TX,79530,9998,,W24444,P
SOUTHERN,4G,TEXAS 3,780,79530,TUSCOLA,742 GRAHAM ST,TUSCOLA,TX,79562,9998,,W26083,P
SOUTHERN,4G,TEXAS 3,780,79532,LORAINE,118 S MAIN ST,LORAINE,TX,79532,9998,,W24538,P
SOUTHERN,4G,TEXAS 3,780,79533,LUEDERS,125 E MAIN ST,LUEDERS,TX,79533,9998,,W24561,P
SOUTHERN,4G,TEXAS 3,780,79533,STAMFORD,115 S SWENSON ST,STAMFORD,TX,79553,9998,,W25856,P
SOUTHERN,4G,TEXAS 3,780,79534,MC CAULLEY,1238 COUNTY ROAD 764,MC CAULLEY,TX,79534,9998,,W24647,P
SOUTHERN,4G,TEXAS 3,780,79535,MARYNEAL,11126 FM 608,MARYNEAL,TX,79535,9998,,W24621,P
SOUTHERN,4G,TEXAS 3,780,79536,MERKEL,222 EDWARDS,MERKEL,TX,79536,9998,,W24705,P
SOUTHERN,4G,TEXAS 3,780,79537,NOLAN,1745 FM 126,NOLAN,TX,79537,9998,,W24913,P
SOUTHERN,4G,TEXAS 3,780,79538,NOVICE,700 PARKER ST,NOVICE,TX,79538,9704,,W24967,P
SOUTHERN,4G,TEXAS 3,780,79539,KNOX CITY,107 N AVENUE A,KNOX CITY,TX,79529,9998,,W24337,P
SOUTHERN,4G,TEXAS 3,780,79539,O BRIEN,601 9TH ST,O BRIEN,TX,79539,9998,,W24971,P
SOUTHERN,4G,TEXAS 3,780,79540,OLD GLORY,9080 FM 1835,OLD GLORY,TX,79540,9998,,W25009,P
SOUTHERN,4G,TEXAS 3,780,79541,OVALO,3010 FM 614,OVALO,TX,79541,9998,,W25048,P
SOUTHERN,4G,TEXAS 3,780,79543,ROBY,117 E NORTH 1ST ST,ROBY,TX,79543,9998,,W25400,P
SOUTHERN,4G,TEXAS 3,780,79543,ROTAN,201 N GARFIELD AVE,ROTAN,TX,79546,9998,,W25446,P
SOUTHERN,4G,TEXAS 3,780,79544,ROCHESTER,213 CAROTHERS ST,ROCHESTER,TX,79544,9998,,W25402,P
SOUTHERN,4G,TEXAS 3,780,79545,ROSCOE,115 MAIN ST,ROSCOE,TX,79545,9998,,W25430,P
SOUTHERN,4G,TEXAS 3,780,79546,ROTAN,201 N GARFIELD AVE,ROTAN,TX,79546,9998,,W25446,P
SOUTHERN,4G,TEXAS 3,780,79547,RULE,503 6TH ST,RULE,TX,79547,9998,,W25462,P
SOUTHERN,4G,TEXAS 3,780,79549,SNYDER,1701 24TH ST,SNYDER,TX,79549,9998,,W25670,P
SOUTHERN,4G,TEXAS 3,780,79550,SNYDER,1701 24TH ST,SNYDER,TX,79549,9998,P,W25670,P
SOUTHERN,4G,TEXAS 3,780,79553,STAMFORD,115 S SWENSON ST,STAMFORD,TX,79553,9998,,W25856,P
SOUTHERN,4G,TEXAS 3,780,79556,SWEETWATER,201 E 3RD ST,SWEETWATER,TX,79556,9998,,W25933,P
SOUTHERN,4G,TEXAS 3,780,79560,SYLVESTER,399 FM 57 S,SYLVESTER,TX,79560,9998,,W25938,P
SOUTHERN,4G,TEXAS 3,780,79561,TRENT,141 N MAIN ST,TRENT,TX,79561,9998,,W26063,P
SOUTHERN,4G,TEXAS 3,780,79562,TUSCOLA,742 GRAHAM ST,TUSCOLA,TX,79562,9998,,W26083,P
SOUTHERN,4G,TEXAS 3,780,79563,TYE,200 TAYLOR ST,TYE,TX,79563,9998,,W26088,P
SOUTHERN,4G,TEXAS 3,780,79565,WESTBROOK,306 N MAIN ST,WESTBROOK,TX,79565,9998,,W26281,P
SOUTHERN,4G,TEXAS 3,780,79566,WINGATE,106 LYNN ST,WINGATE,TX,79566,9998,,W26365,P
SOUTHERN,4G,TEXAS 3,780,79567,WINTERS,221 S MAIN ST,WINTERS,TX,79567,9998,,W26372,P
SOUTHERN,4G,TEXAS 3,780,79601,MAIN OFFICE ABILENE,341 PINE ST,ABILENE,TX,79601,9998,,004811,S
SOUTHERN,4G,TEXAS 3,780,79602,MAIN OFFICE ABILENE,341 PINE ST,ABILENE,TX,79601,9998,,004811,S
SOUTHERN,4G,TEXAS 3,780,79603,MAIN OFFICE ABILENE,341 PINE ST,ABILENE,TX,79601,9998,,004811,S
SOUTHERN,4G,TEXAS 3,780,79604,MAIN OFFICE ABILENE,341 PINE ST,ABILENE,TX,79601,9998,P,004811,S
SOUTHERN,4G,TEXAS 3,780,79605,SOUTHERN HILLS,2501 BUFFALO GAP RD,ABILENE,TX,79605,6185,,W25706,S
SOUTHERN,4G,TEXAS 3,780,79606,SOUTHERN HILLS,2501 BUFFALO GAP RD,ABILENE,TX,79605,6185,,W25706,S
SOUTHERN,4G,TEXAS 3,780,79607,DYESS AFB,2201 AVENUE B,DYESS AFB,TX,79607,1724,,W23568,B
SOUTHERN,4G,TEXAS 3,780,79607,MAIN OFFICE ABILENE,341 PINE ST,ABILENE,TX,79601,9998,,004811,S
SOUTHERN,4G,TEXAS 3,780,79608,SOUTHERN HILLS,2501 BUFFALO GAP RD,ABILENE,TX,79605,6185,P,W25706,S
SOUTHERN,4G,TEXAS 3,780,79701,DOWNTOWN MIDLAND,100 E WALL ST,MIDLAND,TX,79701,9998,,W23543,S
SOUTHERN,4G,TEXAS 3,780,79702,DOWNTOWN MIDLAND,100 E WALL ST,MIDLAND,TX,79701,9998,P,W23543,S
SOUTHERN,4G,TEXAS 3,780,79703,CLAYDESTA,612 VETERANS AIRPARK LN,MIDLAND,TX,79705,9998,,W23270,S
SOUTHERN,4G,TEXAS 3,780,79704,VILLAGE,2315 W LOUISIANA AVE,MIDLAND,TX,79701,9997,P,W26180,S
SOUTHERN,4G,TEXAS 3,780,79705,CLAYDESTA,612 VETERANS AIRPARK LN,MIDLAND,TX,79705,9998,,W23270,S
SOUTHERN,4G,TEXAS 3,780,79706,DOWNTOWN MIDLAND,100 E WALL ST,MIDLAND,TX,79701,9998,,W23543,S
SOUTHERN,4G,TEXAS 3,780,79707,CLAYDESTA,612 VETERANS AIRPARK LN,MIDLAND,TX,79705,9998,,W23270,S
SOUTHERN,4G,TEXAS 3,780,79708,GRAVES,3304 W WADLEY AVE,MIDLAND,TX,79707,9998,P,W23953,S
SOUTHERN,4G,TEXAS 3,780,79710,CLAYDESTA,612 VETERANS AIRPARK LN,MIDLAND,TX,79705,9998,P,W23270,S
SOUTHERN,4G,TEXAS 3,780,79711,MIDLAND,10000 LOOP 40,MIDLAND,TX,79711,9996,P,W24720,P
SOUTHERN,4G,TEXAS 3,780,79713,ACKERLY,303 W 5TH ST,ACKERLY,TX,79713,9998,,W22675,P
SOUTHERN,4G,TEXAS 3,780,79714,ANDREWS,110 NW AVENUE H,ANDREWS,TX,79714,4200,,W22753,P
SOUTHERN,4G,TEXAS 3,780,79718,BALMORHEA,115 N FORT WORTH ST,BALMORHEA,TX,79718,9998,,W22840,P
SOUTHERN,4G,TEXAS 3,780,79718,SARAGOSA,200 W MAIN,SARAGOSA,TX,79780,9998,,W25549,P
SOUTHERN,4G,TEXAS 3,780,79719,BARSTOW,211 MACKEY AVE,BARSTOW,TX,79719,9800,P,W22858,P
SOUTHERN,4G,TEXAS 3,780,79720,BIG SPRING,501 S MAIN ST,BIG SPRING,TX,79720,9998,,W22948,P
SOUTHERN,4G,TEXAS 3,780,79721,BIG SPRING,501 S MAIN ST,BIG SPRING,TX,79720,9998,P,W22948,P
SOUTHERN,4G,TEXAS 3,780,79730,COYANOSA,2550 N HIGHWAY 1776,COYANOSA,TX,79730,9998,P,W23366,P
SOUTHERN,4G,TEXAS 3,780,79731,CRANE,509 S ALFORD ST,CRANE,TX,79731,9998,,W23372,P
SOUTHERN,4G,TEXAS 3,780,79733,FORSAN,110 W 4TH,FORSAN,TX,79733,9810,P,W23779,P
SOUTHERN,4G,TEXAS 3,780,79734,FORT DAVIS,500 SGT GONZALES,FORT DAVIS,TX,79734,9800,,W23782,P
SOUTHERN,4G,TEXAS 3,780,79735,FORT STOCKTON,106 E 4TH ST,FORT STOCKTON,TX,79735,9998,,W23794,P
SOUTHERN,4G,TEXAS 3,780,79738,GAIL,108 S OAK ST,GAIL,TX,79738,9998,,W23845,P
SOUTHERN,4G,TEXAS 3,780,79739,GARDEN CITY,241 E CURRIE,GARDEN CITY,TX,79739,9998,,W23856,P
SOUTHERN,4G,TEXAS 3,780,79741,GOLDSMITH,310 E GULF,GOLDSMITH,TX,79741,9997,,W23915,P
SOUTHERN,4G,TEXAS 3,780,79742,GRANDFALLS,214 N AVENUE D,GRANDFALLS,TX,79742,9800,P,W23941,P
SOUTHERN,4G,TEXAS 3,780,79743,IMPERIAL,304 E STATE HIGHWAY 11,IMPERIAL,TX,79743,9997,P,W24164,P
SOUTHERN,4G,TEXAS 3,780,79744,IRAAN,302 S DRAKE,IRAAN,TX,79744,9801,P,W24190,P
SOUTHERN,4G,TEXAS 3,780,79745,KERMIT,309 N OAK ST,KERMIT,TX,79745,9998,,W24304,P
SOUTHERN,4G,TEXAS 3,780,79748,BIG SPRING,501 S MAIN ST,BIG SPRING,TX,79720,9998,,W22948,P
SOUTHERN,4G,TEXAS 3,780,79748,KNOTT,5900 W FM 846,KNOTT,TX,79748,9998,,W24336,P
SOUTHERN,4G,TEXAS 3,780,79749,LENORAH,3298 STATE HIGHWAY 176,LENORAH,TX,79749,9998,,W24465,P
SOUTHERN,4G,TEXAS 3,780,79752,MC CAMEY,103 W 3RD ST,MC CAMEY,TX,79752,9998,,W24646,P
SOUTHERN,4G,TEXAS 3,780,79754,MENTONE,334 MIDLAND ST,MENTONE,TX,79754,9997,P,W24698,P
SOUTHERN,4G,TEXAS 3,780,79755,MIDKIFF,1005 FM 3095,MIDKIFF,TX,79755,9998,,W24718,P
SOUTHERN,4G,TEXAS 3,780,79756,MONAHANS,201 S BETTY AVE,MONAHANS,TX,79756,9998,,W24763,P
SOUTHERN,4G,TEXAS 3,780,79758,GARDENDALE,4600 E US HIGHWAY 158,GARDENDALE,TX,79758,9998,,W23861,P
SOUTHERN,4G,TEXAS 3,780,79759,GOLDSMITH,310 E GULF,GOLDSMITH,TX,79741,9997,P,W23915,P
SOUTHERN,4G,TEXAS 3,780,79760,ODESSA,200 N TEXAS AVE,ODESSA,TX,79761,9998,P,W24999,P
SOUTHERN,4G,TEXAS 3,780,79761,ODESSA,200 N TEXAS AVE,ODESSA,TX,79761,9998,,W24999,P
SOUTHERN,4G,TEXAS 3,780,79762,NORTHEAST ODESSA,4551 E 52ND ST,ODESSA,TX,79762,9998,,W24954,S
SOUTHERN,4G,TEXAS 3,780,79763,ODESSA,200 N TEXAS AVE,ODESSA,TX,79761,9998,,W24999,P
SOUTHERN,4G,TEXAS 3,780,79764,NORTHEAST ODESSA,4551 E 52ND ST,ODESSA,TX,79762,9998,,W24954,S
SOUTHERN,4G,TEXAS 3,780,79765,NORTHEAST ODESSA,4551 E 52ND ST,ODESSA,TX,79762,9998,,W24954,S
SOUTHERN,4G,TEXAS 3,780,79766,ODESSA,200 N TEXAS AVE,ODESSA,TX,79761,9998,,W24999,P
SOUTHERN,4G,TEXAS 3,780,79768,NORTHEAST ODESSA,4551 E 52ND ST,ODESSA,TX,79762,9998,P,W24954,S
SOUTHERN,4G,TEXAS 3,780,79769,WEST ODESSA,5200 W UNIVERSITY BLVD,ODESSA,TX,79764,7209,P,W26294,S
SOUTHERN,4G,TEXAS 3,780,79770,ORLA,3737 N HIGHWAY 285,ORLA,TX,79770,9800,P,W25041,P
SOUTHERN,4G,TEXAS 3,780,79772,PECOS,106 W 4TH ST,PECOS,TX,79772,9998,,W25111,P
SOUTHERN,4G,TEXAS 3,780,79776,PENWELL,157 S FM ROAD 1601,PENWELL,TX,79776,9800,P,W25120,P
SOUTHERN,4G,TEXAS 3,780,79777,PYOTE,211 N ROGERS,PYOTE,TX,79777,9998,P,W25275,P
SOUTHERN,4G,TEXAS 3,780,79778,RANKIN,819 S GRAND ST,RANKIN,TX,79778,9998,P,W25304,P
SOUTHERN,4G,TEXAS 3,780,79780,SARAGOSA,200 W MAIN,SARAGOSA,TX,79780,9998,P,W25549,P
SOUTHERN,4G,TEXAS 3,780,79781,SHEFFIELD,9584 HIGHWAY 290,SHEFFIELD,TX,79781,9800,P,W25618,P
SOUTHERN,4G,TEXAS 3,780,79782,STANTON,101 N SAINT MARY,STANTON,TX,79782,9998,,W25859,P
SOUTHERN,4G,TEXAS 3,780,79783,TARZAN,2764 STATE HIGHWAY 176,TARZAN,TX,79783,9998,,W25958,P
SOUTHERN,4G,TEXAS 3,780,79785,TOYAH,1984 W FRONTAGE I 20,TOYAH,TX,79785,9800,P,W26056,P
SOUTHERN,4G,TEXAS 3,780,79786,SARAGOSA,200 W MAIN,SARAGOSA,TX,79780,9998,P,W25549,P
SOUTHERN,4G,TEXAS 3,780,79788,WICKETT,300 OBRIEN ST,WICKETT,TX,79788,9998,P,W26326,P
SOUTHERN,4G,TEXAS 3,780,79789,WINK,210 E HENDRICKS BLVD,WINK,TX,79789,9800,P,W26366,P
SOUTHERN,4G,TEXAS 3,780,79830,ALPINE,901 W HOLLAND AVE,ALPINE,TX,79830,9998,,W22721,P
SOUTHERN,4G,TEXAS 3,780,79831,ALPINE,901 W HOLLAND AVE,ALPINE,TX,79830,9998,P,W22721,P
SOUTHERN,4G,TEXAS 3,780,79834,BIG BEND NATIONAL PARK,1 HWY 385 PANTHER JCT,BIG BEND NATIONAL PARK,TX,79834,1000,P,W22945,P
SOUTHERN,4G,TEXAS 3,780,79835,CANUTILLO,7050 DONIPHAN DR,CANUTILLO,TX,79835,5407,,W23132,P
SOUTHERN,4G,TEXAS 3,780,79836,CLINT,13001 ALAMEDA AVE,CLINT,TX,79836,9998,,W23281,P
SOUTHERN,4G,TEXAS 3,780,79837,DELL CITY,108 N MAIN ST,DELL CITY,TX,79837,9998,P,W23462,P
SOUTHERN,4G,TEXAS 3,780,79838,FABENS,605 W MAIN ST,FABENS,TX,79838,9998,P,W23692,P
SOUTHERN,4G,TEXAS 3,780,79839,FORT HANCOCK,107 W TEXAS HIGHWAY 20,FORT HANCOCK,TX,79839,9998,,W23784,P
SOUTHERN,4G,TEXAS 3,780,79842,MARATHON,107 E US HIGHWAY 90,MARATHON,TX,79842,9998,P,W24606,P
SOUTHERN,4G,TEXAS 3,780,79843,MARFA,100 N HIGHLAND AVE,MARFA,TX,79843,9998,,W24608,P
SOUTHERN,4G,TEXAS 3,780,79845,PRESIDIO,202 E OREILLY ST,PRESIDIO,TX,79845,9800,P,W25244,P
SOUTHERN,4G,TEXAS 3,780,79846,PRESIDIO,202 E OREILLY ST,PRESIDIO,TX,79845,9800,P,W25244,P
SOUTHERN,4G,TEXAS 3,780,79847,DELL CITY,108 N MAIN ST,DELL CITY,TX,79837,9998,,W23462,P
SOUTHERN,4G,TEXAS 3,780,79848,SANDERSON,208 W DOWNIE ST,SANDERSON,TX,79848,9800,P,W25528,P
SOUTHERN,4G,TEXAS 3,780,79849,SAN ELIZARIO,1416 SAN ANTONIO RD,SAN ELIZARIO,TX,79849,9998,,W25510,P
SOUTHERN,4G,TEXAS 3,780,79851,SIERRA BLANCA,1195 EL PASO ST,SIERRA BLANCA,TX,79851,9800,P,W25636,P
SOUTHERN,4G,TEXAS 3,780,79852,TERLINGUA,53600 TX HIGHWAY 118,TERLINGUA,TX,79852,9998,,W25981,P
SOUTHERN,4G,TEXAS 3,780,79853,TORNILLO,19280 COBB ST,TORNILLO,TX,79853,9998,P,W26049,P
SOUTHERN,4G,TEXAS 3,780,79854,VALENTINE,311 W CALIFORNIA AVE,VALENTINE,TX,79854,9998,,W26136,P
SOUTHERN,4G,TEXAS 3,780,79855,VAN HORN,603 W BROADWAY ST,VAN HORN,TX,79855,9800,P,W26151,P
SOUTHERN,4G,TEXAS 3,780,79901,WASHINGTON PARK,4400 E PAISANO DR,EL PASO,TX,79905,9998,,W26438,S
SOUTHERN,4G,TEXAS 3,780,79902,MESA HILLS,5981 N MESA ST,EL PASO,TX,79902,9998,,W26899,S
SOUTHERN,4G,TEXAS 3,780,79903,WASHINGTON PARK,4400 E PAISANO DR,EL PASO,TX,79905,9998,,W26438,S
SOUTHERN,4G,TEXAS 3,780,79904,SUNRISE,4100 HERCULES AVE,EL PASO,TX,79904,9998,,W25917,S
SOUTHERN,4G,TEXAS 3,780,79905,WASHINGTON PARK,4400 E PAISANO DR,EL PASO,TX,79905,9998,,W26438,S
SOUTHERN,4G,TEXAS 3,780,79906,FORT BLISS,1733 PLEASONTON RD,EL PASO,TX,79906,9998,,W23780,B
SOUTHERN,4G,TEXAS 3,780,79907,YSLETA,880 N ZARAGOZA RD,EL PASO,TX,79907,9998,,001654,S
SOUTHERN,4G,TEXAS 3,780,79908,FORT BLISS,1733 PLEASONTON RD,EL PASO,TX,79906,9998,,W23780,B
SOUTHERN,4G,TEXAS 3,780,79911,CORONADO,7383 REMCON CIR,EL PASO,TX,79912,9998,,W23342,S
SOUTHERN,4G,TEXAS 3,780,79912,CORONADO,7383 REMCON CIR,EL PASO,TX,79912,9998,,W23342,S
SOUTHERN,4G,TEXAS 3,780,79913,CORONADO,7383 REMCON CIR,EL PASO,TX,79912,9998,P,W23342,S
SOUTHERN,4G,TEXAS 3,780,79914,NORTHGATE EL PASO,5249 SANDERS AVE,EL PASO,TX,79924,9998,P,W24958,S
SOUTHERN,4G,TEXAS 3,780,79915,RANCHLAND,7314 GATEWAY BLVD E,EL PASO,TX,79915,9998,,W25298,S
SOUTHERN,4G,TEXAS 3,780,79917,YSLETA,880 N ZARAGOZA RD,EL PASO,TX,79907,9998,P,001654,S
SOUTHERN,4G,TEXAS 3,780,79922,CORONADO,7383 REMCON CIR,EL PASO,TX,79912,9998,,W23342,S
SOUTHERN,4G,TEXAS 3,780,79923,FIVE POINTS,3011 E YANDELL DR,EL PASO,TX,79903,4133,P,W23743,S
SOUTHERN,4G,TEXAS 3,780,79924,NORTHGATE EL PASO,5249 SANDERS AVE,EL PASO,TX,79924,9998,,W24958,S
SOUTHERN,4G,TEXAS 3,780,79925,AIRPORT MAIN OFC EL PASO,8401 BOEING DR,EL PASO,TX,79910,9996,,W26640,S
SOUTHERN,4G,TEXAS 3,780,79926,RANCHLAND,7314 GATEWAY BLVD E,EL PASO,TX,79915,9998,P,W25298,S
SOUTHERN,4G,TEXAS 3,780,79927,SOCORRO,10550 N LOOP DR,SOCORRO,TX,79927,9998,,W26638,S
SOUTHERN,4G,TEXAS 3,780,79928,SANDY CREEK,2100 GEORGE DIETER DR,EL PASO,TX,79936,9998,,W26940,S
SOUTHERN,4G,TEXAS 3,780,79929,SOCORRO,10550 N LOOP DR,SOCORRO,TX,79927,9998,P,W26638,S
SOUTHERN,4G,TEXAS 3,780,79930,SUMMIT HEIGHTS,4116 DYER ST,EL PASO,TX,79930,9998,,W25909,S
SOUTHERN,4G,TEXAS 3,780,79931,SUMMIT HEIGHTS,4116 DYER ST,EL PASO,TX,79930,9998,P,W25909,S
SOUTHERN,4G,TEXAS 3,780,79932,CORONADO,7383 REMCON CIR,EL PASO,TX,79912,9998,,W23342,S
SOUTHERN,4G,TEXAS 3,780,79934,SUNRISE,4100 HERCULES AVE,EL PASO,TX,79904,9998,,W25917,S
SOUTHERN,4G,TEXAS 3,780,79935,PEBBLE HILLS,3100 N YARBROUGH DR,EL PASO,TX,79925,9998,,W25107,S
SOUTHERN,4G,TEXAS 3,780,79936,PEBBLE HILLS,3100 N YARBROUGH DR,EL PASO,TX,79925,9998,,W25107,S
SOUTHERN,4G,TEXAS 3,780,79937,PEBBLE HILLS,3100 N YARBROUGH DR,EL PASO,TX,79925,9998,P,W25107,S
SOUTHERN,4G,TEXAS 3,780,79938,SANDY CREEK,2100 GEORGE DIETER DR,EL PASO,TX,79936,9998,,W26940,S
SOUTHERN,4G,TEXAS 3,780,79940,DOWNTOWN EL PASO,219 E MILLS AVE,EL PASO,TX,79901,9998,P,W23533,S
SOUTHERN,4G,TEXAS 3,780,79941,DOWNTOWN EL PASO,219 E MILLS AVE,EL PASO,TX,79901,9998,P,W23533,S
SOUTHERN,4G,TEXAS 3,780,79942,DOWNTOWN EL PASO,219 E MILLS AVE,EL PASO,TX,79901,9998,P,W23533,S
SOUTHERN,4G,TEXAS 3,780,79943,DOWNTOWN EL PASO,219 E MILLS AVE,EL PASO,TX,79901,9998,P,W23533,S
SOUTHERN,4G,TEXAS 3,780,79944,DOWNTOWN EL PASO,219 E MILLS AVE,EL PASO,TX,79901,9998,P,W23533,S
SOUTHERN,4G,TEXAS 3,780,79945,DOWNTOWN EL PASO,219 E MILLS AVE,EL PASO,TX,79901,9998,P,W23533,S
SOUTHERN,4G,TEXAS 3,780,79946,DOWNTOWN EL PASO,219 E MILLS AVE,EL PASO,TX,79901,9998,P,W23533,S
SOUTHERN,4G,TEXAS 3,780,79947,DOWNTOWN EL PASO,219 E MILLS AVE,EL PASO,TX,79901,9998,P,W23533,S
SOUTHERN,4G,TEXAS 3,780,79948,DOWNTOWN EL PASO,219 E MILLS AVE,EL PASO,TX,79901,9998,P,W23533,S
SOUTHERN,4G,TEXAS 3,780,79949,DOWNTOWN EL PASO,219 E MILLS AVE,EL PASO,TX,79901,9998,P,W23533,S
SOUTHERN,4G,TEXAS 3,780,79950,DOWNTOWN EL PASO,219 E MILLS AVE,EL PASO,TX,79901,9998,P,W23533,S
SOUTHERN,4G,TEXAS 3,780,79951,DOWNTOWN EL PASO,219 E MILLS AVE,EL PASO,TX,79901,9998,P,W23533,S
SOUTHERN,4G,TEXAS 3,780,79952,DOWNTOWN EL PASO,219 E MILLS AVE,EL PASO,TX,79901,9998,P,W23533,S
SOUTHERN,4G,TEXAS 3,780,79953,DOWNTOWN EL PASO,219 E MILLS AVE,EL PASO,TX,79901,9998,P,W23533,S
SOUTHERN,4G,TEXAS 3,780,79954,DOWNTOWN EL PASO,219 E MILLS AVE,EL PASO,TX,79901,9998,P,W23533,S
SOUTHERN,4G,TEXAS 3,780,79955,DOWNTOWN EL PASO,219 E MILLS AVE,EL PASO,TX,79901,9998,P,W23533,S
SOUTHERN,4G,TEXAS 3,780,79995,WASHINGTON PARK,4400 E PAISANO DR,EL PASO,TX,79905,9998,P,W26438,S
SOUTHERN,4G,TEXAS 3,780,79996,SANDY CREEK,2100 GEORGE DIETER DR,EL PASO,TX,79936,9998,P,W26940,S
SOUTHERN,4G,TEXAS 3,780,79997,AIRPORT MAIN OFC EL PASO,8401 BOEING DR,EL PASO,TX,79910,9996,P,W26640,S
SOUTHERN,4G,TEXAS 3,780,79998,AIRPORT MAIN OFC EL PASO,8401 BOEING DR,EL PASO,TX,79910,9996,P,W26640,S
SOUTHERN,4G,TEXAS 3,780,79999,DOWNTOWN EL PASO,219 E MILLS AVE,EL PASO,TX,79901,9998,P,W23533,S
SOUTHERN,4G,TEXAS 3,780,88513,EL PASO,8401 BOEING DR,EL PASO,TX,79910,9997,P,W23623,E
SOUTHERN,4G,TEXAS 3,780,88540,EL PASO,8401 BOEING DR,EL PASO,TX,79910,9997,P,W23623,E
SOUTHERN,4G,TEXAS 3,780,88554,EL PASO,8401 BOEING DR,EL PASO,TX,79910,9997,P,W23623,E
SOUTHERN,4G,TEXAS 3,780,88565,EL PASO,8401 BOEING DR,EL PASO,TX,79910,9997,P,W23623,E
SOUTHERN,4G,TEXAS 3,780,88575,EL PASO,8401 BOEING DR,EL PASO,TX,79910,9997,P,W23623,E
SOUTHERN,4G,TEXAS 3,780,88587,EL PASO,8401 BOEING DR,EL PASO,TX,79910,9997,P,W23623,E
SOUTHERN,4G,TEXAS 3,780,88588,EL PASO,8401 BOEING DR,EL PASO,TX,79910,9997,P,W23623,E
SOUTHERN,4G,TEXAS 3,780,88590,EL PASO,8401 BOEING DR,EL PASO,TX,79910,9997,P,W23623,E
