area_name,area_code,district_name,district_no,delivery_zipcode,locale_name,physical_delivery_address,physical_city,physical_state,physical_zip,physical_zip4,zip_class_code,locale_key,locale_type
ATLANTIC,4B,MARYLAND,200,20041,DULLES,45005 AVIATION DR STE 120,STERLING,VA,20166,7533,P,V20956,B
ATLANTIC,4B,VIRGINIA,230,20105,SULLY STATION,5003 WESTFIELDS BLVD,CENTREVILLE,VA,20120,9997,,X2A597,B
ATLANTIC,4B,VIRGINIA,230,20105,ALDIE,39344 LITTLE RIVER TPKE,ALDIE,VA,20105,2000,,X26001,P
ATLANTIC,4B,VIRGINIA,230,20106,AMISSVILLE,768 VIEWTOWN RD,AMISSVILLE,VA,20106,9998,,X26022,P
ATLANTIC,4B,VIRGINIA,230,20108,DOWNTOWN MANASSAS,9108 CHURCH ST,MANASSAS,VA,20110,9997,P,X26505,S
ATLANTIC,4B,VIRGINIA,230,20108,MANASSAS,8801 SUDLEY RD,MANASSAS,VA,20110,9998,P,X27067,P
ATLANTIC,4B,VIRGINIA,230,20109,MANASSAS,8801 SUDLEY RD,MANASSAS,VA,20110,9998,,X27067,P
ATLANTIC,4B,VIRGINIA,230,20110,MANASSAS,8801 SUDLEY RD,MANASSAS,VA,20110,9998,,X27067,P
ATLANTIC,4B,VIRGINIA,230,20111,MANASSAS ANNEX,9020 EUCLID AVE STE L,MANASSAS,VA,20110,5347,,X29653,4
ATLANTIC,4B,VIRGINIA,230,20112,MANASSAS ANNEX,9020 EUCLID AVE STE L,MANASSAS,VA,20110,5347,,X29653,4
ATLANTIC,4B,VIRGINIA,230,20113,MANASSAS PARK,2049 OLD CENTREVILLE RD,MANASSAS PARK,VA,20111,9998,P,X27068,B
ATLANTIC,4B,VIRGINIA,230,20115,MARSHALL,8361 W MAIN ST,MARSHALL,VA,20115,9998,,X27086,P
ATLANTIC,4B,VIRGINIA,230,20116,MARSHALL,8361 W MAIN ST,MARSHALL,VA,20115,9998,P,X27086,P
ATLANTIC,4B,VIRGINIA,230,20117,MIDDLEBURG,113 W WASHINGTON ST,MIDDLEBURG,VA,20117,9998,,X27150,P
ATLANTIC,4B,VIRGINIA,230,20118,MIDDLEBURG,113 W WASHINGTON ST,MIDDLEBURG,VA,20117,9998,P,X27150,P
ATLANTIC,4B,VIRGINIA,230,20119,BRISTOW,11151 VALLEY VIEW DR,BRISTOW,VA,20136,9998,,X26197,P
ATLANTIC,4B,VIRGINIA,230,20119,CATLETT,3584 CATLETT RD,CATLETT,VA,20119,9997,,X26286,P
ATLANTIC,4B,VIRGINIA,230,20120,SULLY STATION,5003 WESTFIELDS BLVD,CENTREVILLE,VA,20120,9997,,X2A597,B
ATLANTIC,4B,VIRGINIA,230,20121,CENTREVILLE,14120A ROUTE 29,CENTREVILLE,VA,20120,9998,,X26298,P
ATLANTIC,4B,VIRGINIA,230,20122,CENTREVILLE,14120A ROUTE 29,CENTREVILLE,VA,20120,9998,P,X26298,P
ATLANTIC,4B,VIRGINIA,230,20124,CENTREVILLE,14120A ROUTE 29,CENTREVILLE,VA,20120,9998,,X26298,P
ATLANTIC,4B,VIRGINIA,230,20124,CLIFTON,12644 CHAPEL RD,CLIFTON,VA,20124,9998,,X26365,P
ATLANTIC,4B,VIRGINIA,230,20128,ORLEAN,6864 LEEDS MANOR RD,ORLEAN,VA,20128,9997,P,X27375,P
ATLANTIC,4B,VIRGINIA,230,20129,LEESBURG,25 CATOCTIN CIR SE,LEESBURG,VA,20175,9998,,X26991,P
ATLANTIC,4B,VIRGINIA,230,20129,PAEONIAN SPRINGS,16948 SIMPSON CIR,PAEONIAN SPRINGS,VA,20129,9997,,X27383,P
ATLANTIC,4B,VIRGINIA,230,20131,PHILOMONT,36550 JEB STUART RD,PHILOMONT,VA,20131,9997,P,X27412,P
ATLANTIC,4B,VIRGINIA,230,20132,PURCELLVILLE,220 N HATCHER AVE,PURCELLVILLE,VA,20132,9998,,X27467,P
ATLANTIC,4B,VIRGINIA,230,20134,PURCELLVILLE,220 N HATCHER AVE,PURCELLVILLE,VA,20132,9998,P,X27467,P
ATLANTIC,4B,VIRGINIA,230,20135,BLUEMONT,33775 SNICKERSVILLE TPKE,BLUEMONT,VA,20135,9997,,X26156,P
ATLANTIC,4B,VIRGINIA,230,20135,PURCELLVILLE,220 N HATCHER AVE,PURCELLVILLE,VA,20132,9998,,X27467,P
ATLANTIC,4B,VIRGINIA,230,20136,BRISTOW,11151 VALLEY VIEW DR,BRISTOW,VA,20136,9998,,X26197,P
ATLANTIC,4B,VIRGINIA,230,20136,TRI CITY GAINESVILLE,7645 LIMESTONE DR,GAINESVILLE,VA,20155,9997,,012976,4
ATLANTIC,4B,VIRGINIA,230,20137,BROAD RUN,5073 JOHN MARSHALL HWY,BROAD RUN,VA,20137,1716,,X26199,P
ATLANTIC,4B,VIRGINIA,230,20137,TRI CITY GAINESVILLE,7645 LIMESTONE DR,GAINESVILLE,VA,20155,9997,,012976,4
ATLANTIC,4B,VIRGINIA,230,20138,CALVERTON,4115 CATLETT RD,CALVERTON,VA,20138,9997,P,X26247,P
ATLANTIC,4B,VIRGINIA,230,20139,CASANOVA,5137 WESTON RD,CASANOVA,VA,20139,9997,P,X26277,P
ATLANTIC,4B,VIRGINIA,230,20140,RECTORTOWN,2975 RECTORTOWN RD,RECTORTOWN,VA,20140,9998,P,X27493,P
ATLANTIC,4B,VIRGINIA,230,20141,PURCELLVILLE,220 N HATCHER AVE,PURCELLVILLE,VA,20132,9998,,X27467,P
ATLANTIC,4B,VIRGINIA,230,20142,ROUND HILL,2 MAIN ST,ROUND HILL,VA,20141,9998,P,X27569,P
ATLANTIC,4B,VIRGINIA,230,20143,CATHARPIN,4625 SUDLEY RD,CATHARPIN,VA,20143,9998,,X26285,P
ATLANTIC,4B,VIRGINIA,230,20143,TRI CITY GAINESVILLE,7645 LIMESTONE DR,GAINESVILLE,VA,20155,9997,,012976,4
ATLANTIC,4B,VIRGINIA,230,20144,DELAPLANE,3046 DELAPLANE GRADE RD,DELAPLANE,VA,20144,9998,,X26481,P
ATLANTIC,4B,VIRGINIA,230,20144,MARSHALL,8361 W MAIN ST,MARSHALL,VA,20115,9998,,X27086,P
ATLANTIC,4B,VIRGINIA,230,20146,ASHBURN,44715 PRENTICE DR,DULLES,VA,20101,9996,P,X26052,P
ATLANTIC,4B,VIRGINIA,230,20147,ASHBURN,44715 PRENTICE DR,DULLES,VA,20101,9996,,X26052,P
ATLANTIC,4B,VIRGINIA,230,20148,ASHBURN,44715 PRENTICE DR,DULLES,VA,20101,9996,,X26052,P
ATLANTIC,4B,VIRGINIA,230,20148,ASHBURN II RETAIL,43150 BROADLANDS CENTER PLZ STE 124,BROADLANDS,VA,20148,3808,,014609,B
ATLANTIC,4B,VIRGINIA,230,20151,CHANTILLY,4410 BROOKFIELD CORPORATE DR,CHANTILLY,VA,20151,9998,,X26305,B
ATLANTIC,4B,VIRGINIA,230,20152,CHANTILLY,4410 BROOKFIELD CORPORATE DR,CHANTILLY,VA,20151,9998,,X26305,B
ATLANTIC,4B,VIRGINIA,230,20153,CHANTILLY,4410 BROOKFIELD CORPORATE DR,CHANTILLY,VA,20151,9998,P,X26305,B
ATLANTIC,4B,VIRGINIA,230,20155,TRI CITY GAINESVILLE,7645 LIMESTONE DR,GAINESVILLE,VA,20155,9997,,012976,4
ATLANTIC,4B,VIRGINIA,230,20156,GAINESVILLE,14689 LEE HWY,GAINESVILLE,VA,20155,9998,P,X26690,P
ATLANTIC,4B,VIRGINIA,230,20158,PURCELLVILLE,220 N HATCHER AVE,PURCELLVILLE,VA,20132,9998,,X27467,P
ATLANTIC,4B,VIRGINIA,230,20159,HAMILTON,53 W COLONIAL HWY,HAMILTON,VA,20158,9998,P,X26785,P
ATLANTIC,4B,VIRGINIA,230,20160,CPU LINCOLN,18196 LINCOLN RD,LINCOLN,VA,20160,9998,P,X27000,5
ATLANTIC,4B,VIRGINIA,230,20164,STERLING,150 S STERLING BLVD,STERLING,VA,20164,9998,,X27763,P
ATLANTIC,4B,VIRGINIA,230,20165,POTOMAC FALLS,46164 WESTLAKE DR,STERLING,VA,20165,9998,,X2A710,B
ATLANTIC,4B,VIRGINIA,230,20166,POTOMAC FALLS,46164 WESTLAKE DR,STERLING,VA,20165,9998,,X2A710,B
ATLANTIC,4B,VIRGINIA,230,20167,STERLING,150 S STERLING BLVD,STERLING,VA,20164,9998,P,X27763,P
ATLANTIC,4B,VIRGINIA,230,20168,HAYMARKET,14658 GAP WAY,HAYMARKET,VA,20169,9998,P,X26810,P
ATLANTIC,4B,VIRGINIA,230,20169,TRI CITY GAINESVILLE,7645 LIMESTONE DR,GAINESVILLE,VA,20155,9997,,012976,4
ATLANTIC,4B,VIRGINIA,230,20170,HERNDON,590 GROVE ST,HERNDON,VA,20170,9998,,X26828,P
ATLANTIC,4B,VIRGINIA,230,20171,OAK HILL,13520 MCLEAREN RD,HERNDON,VA,20171,9998,,X2A674,B
ATLANTIC,4B,VIRGINIA,230,20172,HERNDON,590 GROVE ST,HERNDON,VA,20170,9998,P,X26828,P
ATLANTIC,4B,VIRGINIA,230,20175,LEESBURG ANNEX,75 LAWSON RD SE STE 106,LEESBURG,VA,20175,4425,,011764,4
ATLANTIC,4B,VIRGINIA,230,20176,LEESBURG,25 CATOCTIN CIR SE,LEESBURG,VA,20175,9998,,X26991,P
ATLANTIC,4B,VIRGINIA,230,20177,LEESBURG,25 CATOCTIN CIR SE,LEESBURG,VA,20175,9998,P,X26991,P
ATLANTIC,4B,VIRGINIA,230,20178,DOWNTOWN LEESBURG,15 E MARKET ST,LEESBURG,VA,20178,9998,P,X26503,S
ATLANTIC,4B,VIRGINIA,230,20180,LOVETTSVILLE,15 N CHURCH ST,LOVETTSVILLE,VA,20180,9998,,X27031,P
ATLANTIC,4B,VIRGINIA,230,20181,BRISTOW,11151 VALLEY VIEW DR,BRISTOW,VA,20136,9998,,X26197,P
ATLANTIC,4B,VIRGINIA,230,20182,NOKESVILLE,12913 MARSTELLER DR,NOKESVILLE,VA,20181,9998,P,X27298,P
ATLANTIC,4B,VIRGINIA,230,20184,UPPERVILLE,9090 JOHN S MOSBY HWY,UPPERVILLE,VA,20184,9998,,X27865,P
ATLANTIC,4B,VIRGINIA,230,20185,UPPERVILLE,9090 JOHN S MOSBY HWY,UPPERVILLE,VA,20184,9998,P,X27865,P
ATLANTIC,4B,VIRGINIA,230,20186,WARRENTON CARRIER ANNEX,7349 COMFORT INN DR,WARRENTON,VA,20187,9997,,012157,4
ATLANTIC,4B,VIRGINIA,230,20187,VINT HILL FARMS,4257 AIKEN DR,WARRENTON,VA,20187,3934,,X27892,B
ATLANTIC,4B,VIRGINIA,230,20187,WARRENTON CARRIER ANNEX,7349 COMFORT INN DR,WARRENTON,VA,20187,9997,,012157,4
ATLANTIC,4B,VIRGINIA,230,20188,WARRENTON,53 MAIN ST,WARRENTON,VA,20186,9998,P,X27926,P
ATLANTIC,4B,VIRGINIA,230,20190,RESTON,11110 SUNSET HILLS RD,RESTON,VA,20190,9998,,X27512,B
ATLANTIC,4B,VIRGINIA,230,20191,RESTON,11110 SUNSET HILLS RD,RESTON,VA,20190,9998,,X27512,B
ATLANTIC,4B,VIRGINIA,230,20194,RESTON,11110 SUNSET HILLS RD,RESTON,VA,20190,9998,,X27512,B
ATLANTIC,4B,VIRGINIA,230,20195,RESTON,11110 SUNSET HILLS RD,RESTON,VA,20190,9998,P,X27512,B
ATLANTIC,4B,VIRGINIA,230,20197,LOVETTSVILLE,15 N CHURCH ST,LOVETTSVILLE,VA,20180,9998,,X27031,P
ATLANTIC,4B,VIRGINIA,230,20197,WATERFORD,40175 MAIN ST,WATERFORD,VA,20197,9997,,X27940,P
ATLANTIC,4B,VIRGINIA,230,20198,THE PLAINS,4314 FAUQUIER AVE,THE PLAINS,VA,20198,9997,,X27813,P
ATLANTIC,4B,VIRGINIA,230,22003,ANNANDALE,4270 JOHN MARR DR,ANNANDALE,VA,22003,9998,,X26034,P
ATLANTIC,4B,VIRGINIA,230,22009,BURKE,9501 BURKE RD,BURKE,VA,22015,9998,P,X26224,B
ATLANTIC,4B,VIRGINIA,230,22015,BURKE,9501 BURKE RD,BURKE,VA,22015,9998,,X26224,B
ATLANTIC,4B,VIRGINIA,230,22025,WOODBRIDGE VA SDC,3360 POST OFFICE RD,WOODBRIDGE,VA,22193,9905,,021138,4
ATLANTIC,4B,VIRGINIA,230,22026,DUMFRIES,17949 MAIN ST,DUMFRIES,VA,22026,9998,,X26526,P
ATLANTIC,4B,VIRGINIA,230,22026,WOODBRIDGE VA SDC,3360 POST OFFICE RD,WOODBRIDGE,VA,22193,9905,,021138,4
ATLANTIC,4B,VIRGINIA,230,22027,DUNN LORING,2302 GALLOWS RD,DUNN LORING,VA,22027,9998,,X26529,B
ATLANTIC,4B,VIRGINIA,230,22027,OAKTON,10449 WHITE GRANITE DR,OAKTON,VA,22124,9998,,X29803,B
ATLANTIC,4B,VIRGINIA,230,22030,FAIRFAX,10660 PAGE AVE,FAIRFAX,VA,22030,9998,,X26583,P
ATLANTIC,4B,VIRGINIA,230,22031,TURNPIKE,3601 PICKETT RD,FAIRFAX,VA,22031,9998,,X27846,S
ATLANTIC,4B,VIRGINIA,230,22032,TURNPIKE,3601 PICKETT RD,FAIRFAX,VA,22031,9998,,X27846,S
ATLANTIC,4B,VIRGINIA,230,22033,CHANTILLY,4410 BROOKFIELD CORPORATE DR,CHANTILLY,VA,20151,9998,,X26305,B
ATLANTIC,4B,VIRGINIA,230,22035,MERRIFIELD,8409 LEE HWY,MERRIFIELD,VA,22116,9998,,X27222,P
ATLANTIC,4B,VIRGINIA,230,22038,FAIRFAX,10660 PAGE AVE,FAIRFAX,VA,22030,9998,P,X26583,P
ATLANTIC,4B,VIRGINIA,230,22039,FAIRFAX,10660 PAGE AVE,FAIRFAX,VA,22030,9998,,X26583,P
ATLANTIC,4B,VIRGINIA,230,22039,FAIRFAX STATION,5616I OX RD,FAIRFAX STATION,VA,22039,9998,,X26585,B
ATLANTIC,4B,VIRGINIA,230,22040,FALLS CHURCH FINANCE,800 W BROAD ST STE 100,FALLS CHURCH,VA,22046,3199,P,012600,S
ATLANTIC,4B,VIRGINIA,230,22041,BAILEYS CROSSROADS,6021 LEESBURG PIKE,FALLS CHURCH,VA,22041,9998,,X26075,B
ATLANTIC,4B,VIRGINIA,230,22042,FALLS CHURCH 43 ANNEX,2920 ESKRIDGE RD,FAIRFAX,VA,22031,2251,,014826,4
ATLANTIC,4B,VIRGINIA,230,22042,MOSBY FINANCE UNIT,6533 ARLINGTON BLVD STE A,FALLS CHURCH,VA,22042,3023,,015085,B
ATLANTIC,4B,VIRGINIA,230,22043,FALLS CHURCH 43 ANNEX,2920 ESKRIDGE RD,FAIRFAX,VA,22031,2251,,014826,4
ATLANTIC,4B,VIRGINIA,230,22044,BAILEYS CROSSROADS,6021 LEESBURG PIKE,FALLS CHURCH,VA,22041,9998,,X26075,B
ATLANTIC,4B,VIRGINIA,230,22044,SEVEN CORNERS,6375 SEVEN CORNERS CTR,FALLS CHURCH,VA,22044,9998,,X27620,B
ATLANTIC,4B,VIRGINIA,230,22046,BAILEYS CROSSROADS,6021 LEESBURG PIKE,FALLS CHURCH,VA,22041,9998,,X26075,B
ATLANTIC,4B,VIRGINIA,230,22060,FORT BELVOIR,5875 21ST ST,FORT BELVOIR,VA,22060,9998,,X26637,P
ATLANTIC,4B,VIRGINIA,230,22060,NORTH POST,9001 GUNSTON RD,FORT BELVOIR,VA,22060,1298,,X27316,S
ATLANTIC,4B,VIRGINIA,230,22066,GREAT FALLS,10001 GEORGETOWN PIKE,GREAT FALLS,VA,22066,9998,,X26744,P
ATLANTIC,4B,VIRGINIA,230,22079,LORTON,7726 GUNSTON PLZ,LORTON,VA,22079,9998,,X27027,P
ATLANTIC,4B,VIRGINIA,230,22101,MC LEAN,6841 ELM ST,MC LEAN,VA,22101,9998,,X27112,P
ATLANTIC,4B,VIRGINIA,230,22102,WEST MCLEAN,1544 SPRING HILL RD,MC LEAN,VA,22102,9998,,X27964,B
ATLANTIC,4B,VIRGINIA,230,22103,WEST MCLEAN,1544 SPRING HILL RD,MC LEAN,VA,22102,9998,P,X27964,B
ATLANTIC,4B,VIRGINIA,230,22106,CENTRAL MCLEAN DPOBU,6845 ELM ST LBBY,MC LEAN,VA,22101,9886,P,000020,6
ATLANTIC,4B,VIRGINIA,230,22116,MERRIFIELD,8409 LEE HWY,MERRIFIELD,VA,22116,9998,P,X27222,P
ATLANTIC,4B,VIRGINIA,230,22121,MOUNT VERNON,3500T MOUNT VERNON MEMORIAL HWY,MOUNT VERNON,VA,22121,9998,P,X27216,P
ATLANTIC,4B,VIRGINIA,230,22122,NEWINGTON,8253A BACKLICK RD,NEWINGTON,VA,22122,9998,P,X27285,P
ATLANTIC,4B,VIRGINIA,230,22124,OAKTON,10449 WHITE GRANITE DR,OAKTON,VA,22124,9998,,X29803,B
ATLANTIC,4B,VIRGINIA,230,22125,OCCOQUAN,202 MILL ST,OCCOQUAN,VA,22125,9998,P,X27351,P
ATLANTIC,4B,VIRGINIA,230,22134,QUANTICO,400 5TH AVE,QUANTICO,VA,22134,9998,,X27471,P
ATLANTIC,4B,VIRGINIA,230,22134,WOODBRIDGE VA SDC,3360 POST OFFICE RD,WOODBRIDGE,VA,22193,9905,,021138,4
ATLANTIC,4B,VIRGINIA,230,22150,SPRINGFIELD,7051 BROOKFIELD PLZ,SPRINGFIELD,VA,22150,9998,,X27707,P
ATLANTIC,4B,VIRGINIA,230,22151,BURKE,9501 BURKE RD,BURKE,VA,22015,9998,,X26224,B
ATLANTIC,4B,VIRGINIA,230,22151,NORTH SPRINGFIELD,5242 PORT ROYAL RD,SPRINGFIELD,VA,22151,2124,,014246,B
ATLANTIC,4B,VIRGINIA,230,22152,WEST SPRINGFIELD,6200 ROLLING RD,SPRINGFIELD,VA,22152,9998,,X27967,B
ATLANTIC,4B,VIRGINIA,230,22153,SPRINGFIELD,7051 BROOKFIELD PLZ,SPRINGFIELD,VA,22150,9998,,X27707,P
ATLANTIC,4B,VIRGINIA,230,22172,TRIANGLE,18627 OLD TRIANGLE RD,TRIANGLE,VA,22172,9998,,X27837,P
ATLANTIC,4B,VIRGINIA,230,22180,VIENNA,200 LAWYERS RD NW,VIENNA,VA,22180,9998,,X27887,P
ATLANTIC,4B,VIRGINIA,230,22181,OAKTON,10449 WHITE GRANITE DR,OAKTON,VA,22124,9998,,X29803,B
ATLANTIC,4B,VIRGINIA,230,22182,VIENNA,200 LAWYERS RD NW,VIENNA,VA,22180,9998,,X27887,P
ATLANTIC,4B,VIRGINIA,230,22183,VIENNA,200 LAWYERS RD NW,VIENNA,VA,22180,9998,P,X27887,P
ATLANTIC,4B,VIRGINIA,230,22183,TYSONS SELF SERV PO,8150 LEESBURG PIKE STE 180B,VIENNA,VA,22182,7714,P,018371,6
ATLANTIC,4B,VIRGINIA,230,22191,WOODBRIDGE,1810 REDDY DR,WOODBRIDGE,VA,22191,9998,,X28032,P
ATLANTIC,4B,VIRGINIA,230,22192,WOODBRIDGE VA SDC,3360 POST OFFICE RD,WOODBRIDGE,VA,22193,9905,,021138,4
ATLANTIC,4B,VIRGINIA,230,22193,WOODBRIDGE VA SDC,3360 POST OFFICE RD,WOODBRIDGE,VA,22193,9905,,021138,4
ATLANTIC,4B,VIRGINIA,230,22194,WOODBRIDGE,1810 REDDY DR,WOODBRIDGE,VA,22191,9998,P,X28032,P
ATLANTIC,4B,VIRGINIA,230,22195,WOODBRIDGE VA SDC,3360 POST OFFICE RD,WOODBRIDGE,VA,22193,9905,P,021138,4
ATLANTIC,4B,VIRGINIA,230,22199,LORTON,7726 GUNSTON PLZ,LORTON,VA,22079,9998,P,X27027,P
ATLANTIC,4B,VIRGINIA,230,22201,ARLINGTON,3118 WASHINGTON BLVD,ARLINGTON,VA,22201,9998,,X26044,P
ATLANTIC,4B,VIRGINIA,230,22202,EADS FINANCE,1301 S FERN ST,ARLINGTON,VA,22202,4742,,013967,S
ATLANTIC,4B,VIRGINIA,230,22202,EADS CARRIER ANNEX,2565 S SHIRLINGTON RD,ARLINGTON,VA,22206,9991,,014212,4
ATLANTIC,4B,VIRGINIA,230,22203,BUCKINGHAM,235 N GLEBE RD,ARLINGTON,VA,22203,9998,,X26215,S
ATLANTIC,4B,VIRGINIA,230,22203,BUCKINGHAM CARRIER ANNEX,3118 WASHINGTON BLVD,ARLINGTON,VA,22201,9993,,010562,4
ATLANTIC,4B,VIRGINIA,230,22204,SOUTH,1210 S GLEBE RD,ARLINGTON,VA,22204,9998,,X27673,S
ATLANTIC,4B,VIRGINIA,230,22205,PRESTON KING,5877 WASHINGTON BLVD,ARLINGTON,VA,22205,9998,,X27446,S
ATLANTIC,4B,VIRGINIA,230,22206,SHIRLINGTON,2850 S QUINCY ST,ARLINGTON,VA,22206,9998,,X27645,S
ATLANTIC,4B,VIRGINIA,230,22206,SHIRLINGTON ANNEX,2565 S SHIRLINGTON RD,ARLINGTON,VA,22206,9990,,X29644,4
ATLANTIC,4B,VIRGINIA,230,22207,NORTH ARLINGTON,2200 N GEORGE MASON DR,ARLINGTON,VA,22207,9998,,X27313,S
ATLANTIC,4B,VIRGINIA,230,22209,ROSSLYN CARRIER ANNEX,3118 WASHINGTON BLVD,ARLINGTON,VA,22201,9909,,004716,4
ATLANTIC,4B,VIRGINIA,230,22210,ARLINGTON,3118 WASHINGTON BLVD,ARLINGTON,VA,22201,9998,P,X26044,P
ATLANTIC,4B,VIRGINIA,230,22211,ARLINGTON,3118 WASHINGTON BLVD,ARLINGTON,VA,22201,9998,,X26044,P
ATLANTIC,4B,VIRGINIA,230,22211,FORT MYER,217 BUFFALO SOLDIER AVE,FORT MYER,VA,22211,9998,,X26651,S
ATLANTIC,4B,VIRGINIA,230,22213,PRESTON KING,5877 WASHINGTON BLVD,ARLINGTON,VA,22205,9998,,X27446,S
ATLANTIC,4B,VIRGINIA,230,22215,CRYSTAL CITY NEW,320 23RD ST S STE 75,ARLINGTON,VA,22202,9812,P,021232,S
ATLANTIC,4B,VIRGINIA,230,22216,COURT HOUSE ARLINGTON,2043 WILSON BLVD,ARLINGTON,VA,22201,9997,P,X26414,S
ATLANTIC,4B,VIRGINIA,230,22219,ROSSLYN,1550 WILSON BLVD STE 100,ARLINGTON,VA,22209,2415,P,019123,S
ATLANTIC,4B,VIRGINIA,230,22301,ALEXANDRIA,1100 WYTHE ST,ALEXANDRIA,VA,22314,9998,,X26003,P
ATLANTIC,4B,VIRGINIA,230,22301,POTOMAC,1908 MOUNT VERNON AVE,ALEXANDRIA,VA,22301,9998,,X29797,S
ATLANTIC,4B,VIRGINIA,230,22302,PARKFAIRFAX,3682 KING ST,ALEXANDRIA,VA,22302,9998,,X27393,S
ATLANTIC,4B,VIRGINIA,230,22303,JEFFERSON MANOR,5834C N KINGS HWY,ALEXANDRIA,VA,22303,9998,,X26905,B
ATLANTIC,4B,VIRGINIA,230,22304,FRANCONIA,5221 FRANCONIA RD,ALEXANDRIA,VA,22310,9998,,X26658,B
ATLANTIC,4B,VIRGINIA,230,22304,TRADE CENTER FINANCE UNIT,368 S PICKETT ST,ALEXANDRIA,VA,22304,9996,,016200,S
ATLANTIC,4B,VIRGINIA,230,22305,ALEXANDRIA,1100 WYTHE ST,ALEXANDRIA,VA,22314,9998,,X26003,P
ATLANTIC,4B,VIRGINIA,230,22306,ENGLESIDE,8588 RICHMOND HWY,ALEXANDRIA,VA,22309,9998,,X26569,B
ATLANTIC,4B,VIRGINIA,230,22306,COMMUNITY NEW,2923 E LEE AVE,ALEXANDRIA,VA,22306,1721,,020883,B
ATLANTIC,4B,VIRGINIA,230,22307,BELLEVIEW,1626 BELLE VIEW BLVD,ALEXANDRIA,VA,22307,9998,,X26117,B
ATLANTIC,4B,VIRGINIA,230,22307,JEFFERSON MANOR,5834C N KINGS HWY,ALEXANDRIA,VA,22303,9998,,X26905,B
ATLANTIC,4B,VIRGINIA,230,22308,ENGLESIDE,8588 RICHMOND HWY,ALEXANDRIA,VA,22309,9998,,X26569,B
ATLANTIC,4B,VIRGINIA,230,22309,ENGLESIDE,8588 RICHMOND HWY,ALEXANDRIA,VA,22309,9998,,X26569,B
ATLANTIC,4B,VIRGINIA,230,22310,KINGSTOWNE,5900 BARCLAY DR,ALEXANDRIA,VA,22315,9998,,X2A675,B
ATLANTIC,4B,VIRGINIA,230,22310,FRANCONIA,5221 FRANCONIA RD,ALEXANDRIA,VA,22310,9998,,X26658,B
ATLANTIC,4B,VIRGINIA,230,22311,LINCOLNIA,6137 LINCOLNIA RD,ALEXANDRIA,VA,22312,9998,,X27002,S
ATLANTIC,4B,VIRGINIA,230,22312,LINCOLNIA,6137 LINCOLNIA RD,ALEXANDRIA,VA,22312,9998,,X27002,S
ATLANTIC,4B,VIRGINIA,230,22313,ALEXANDRIA,1100 WYTHE ST,ALEXANDRIA,VA,22314,9998,P,X26003,P
ATLANTIC,4B,VIRGINIA,230,22314,MEMORIAL ANNEX,2226 DUKE ST,ALEXANDRIA,VA,22314,4690,,X29796,4
ATLANTIC,4B,VIRGINIA,230,22315,KINGSTOWNE,5900 BARCLAY DR,ALEXANDRIA,VA,22315,9998,,X2A675,B
ATLANTIC,4B,VIRGINIA,230,22320,GEORGE MASON,200 N WASHINGTON ST,ALEXANDRIA,VA,22320,9997,P,010989,S
ATLANTIC,4B,VIRGINIA,230,22401,FREDERICKSBURG,600 PRINCESS ANNE ST,FREDERICKSBURG,VA,22401,9998,,X26669,P
ATLANTIC,4B,VIRGINIA,230,22402,FREDERICKSBURG,600 PRINCESS ANNE ST,FREDERICKSBURG,VA,22401,9998,P,X26669,P
ATLANTIC,4B,VIRGINIA,230,22403,FALMOUTH,16 LICHFIELD BLVD,FREDERICKSBURG,VA,22406,9998,P,X26596,B
ATLANTIC,4B,VIRGINIA,230,22403,CPU EARLS TRUE VALUE,300 CHATHAM HEIGHTS RD,FREDERICKSBURG,VA,22405,2577,P,000899,5
ATLANTIC,4B,VIRGINIA,230,22404,FREDERICKSBURG,600 PRINCESS ANNE ST,FREDERICKSBURG,VA,22401,9998,P,X26669,P
ATLANTIC,4B,VIRGINIA,230,22404,MALL STATION,3102 PLANK RD STE 420,FREDERICKSBURG,VA,22407,9997,P,000183,S
ATLANTIC,4B,VIRGINIA,230,22405,FALMOUTH,16 LICHFIELD BLVD,FREDERICKSBURG,VA,22406,9998,,X26596,B
ATLANTIC,4B,VIRGINIA,230,22406,FALMOUTH,16 LICHFIELD BLVD,FREDERICKSBURG,VA,22406,9998,,X26596,B
ATLANTIC,4B,VIRGINIA,230,22407,FREDERICKSBURG,600 PRINCESS ANNE ST,FREDERICKSBURG,VA,22401,9998,,X26669,P
ATLANTIC,4B,VIRGINIA,230,22408,FREDERICKSBURG,600 PRINCESS ANNE ST,FREDERICKSBURG,VA,22401,9998,,X26669,P
ATLANTIC,4B,VIRGINIA,230,22427,BOWLING GREEN,117 MILFORD ST,BOWLING GREEN,VA,22427,9998,,X26171,P
ATLANTIC,4B,VIRGINIA,230,22430,STAFFORD,2650 RICHMOND HWY,STAFFORD,VA,22554,9998,P,X27736,P
ATLANTIC,4B,VIRGINIA,230,22432,BURGESS,15096 NORTHUMBERLAND HWY,BURGESS,VA,22432,9998,,X26223,P
ATLANTIC,4B,VIRGINIA,230,22433,LOCUST GROVE,4447 GERMANNA HWY,LOCUST GROVE,VA,22508,9998,,X27017,P
ATLANTIC,4B,VIRGINIA,230,22435,CALLAO,72 NORTHUMBERLAND HWY,CALLAO,VA,22435,9998,,X26245,P
ATLANTIC,4B,VIRGINIA,230,22436,CARET,13854 TIDEWATER TRL,CARET,VA,22436,9998,,X26265,P
ATLANTIC,4B,VIRGINIA,230,22436,TAPPAHANNOCK,400 WRIGHT ST,TAPPAHANNOCK,VA,22560,9998,,X27807,P
ATLANTIC,4B,VIRGINIA,230,22437,CENTER CROSS,31837 TIDEWATER TRL,CENTER CROSS,VA,22437,9998,,X26293,P
ATLANTIC,4B,VIRGINIA,230,22437,TAPPAHANNOCK,400 WRIGHT ST,TAPPAHANNOCK,VA,22560,9998,,X27807,P
ATLANTIC,4B,VIRGINIA,230,22438,CHAMPLAIN,11246 TIDEWATER TRL,CHAMPLAIN,VA,22438,9998,,X26303,P
ATLANTIC,4B,VIRGINIA,230,22438,TAPPAHANNOCK,400 WRIGHT ST,TAPPAHANNOCK,VA,22560,9998,,X27807,P
ATLANTIC,4B,VIRGINIA,230,22442,COLES POINT,256 LONG POINT RD,HAGUE,VA,22469,9996,P,X26387,P
ATLANTIC,4B,VIRGINIA,230,22443,COLONIAL BEACH,1000 DWIGHT AVE,COLONIAL BEACH,VA,22443,9998,,X26396,P
ATLANTIC,4B,VIRGINIA,230,22446,CORBIN,4519 FREDERICKSBURG TPKE,CORBIN,VA,22446,9998,P,X26411,P
ATLANTIC,4B,VIRGINIA,230,22448,DAHLGREN,17285 DAHLGREN RD,DAHLGREN,VA,22448,9998,,X26458,P
ATLANTIC,4B,VIRGINIA,230,22451,DOGUE,13218 CLEVE DR,DOGUE,VA,22451,9998,P,X26498,P
ATLANTIC,4B,VIRGINIA,230,22454,DUNNSVILLE,27081 TIDEWATER TRL,DUNNSVILLE,VA,22454,9998,,X26531,P
ATLANTIC,4B,VIRGINIA,230,22454,TAPPAHANNOCK,400 WRIGHT ST,TAPPAHANNOCK,VA,22560,9998,,X27807,P
ATLANTIC,4B,VIRGINIA,230,22456,BURGESS,15096 NORTHUMBERLAND HWY,BURGESS,VA,22432,9998,P,X26223,P
ATLANTIC,4B,VIRGINIA,230,22460,FARNHAM,193 CEDAR GROVE RD,FARNHAM,VA,22460,9998,,X26603,P
ATLANTIC,4B,VIRGINIA,230,22460,WARSAW,360 MAIN ST,WARSAW,VA,22572,9998,,X27927,P
ATLANTIC,4B,VIRGINIA,230,22463,GARRISONVILLE,524 GARRISONVILLE RD,GARRISONVILLE,VA,22463,9998,P,X26696,P
ATLANTIC,4B,VIRGINIA,230,22469,HAGUE,8433 COPLE HWY,HAGUE,VA,22469,9998,,X26780,P
ATLANTIC,4B,VIRGINIA,230,22469,KINSALE,490 KINSALE RD,KINSALE,VA,22488,9998,,X26948,P
ATLANTIC,4B,VIRGINIA,230,22471,HARTWOOD,6 HARTWOOD CHURCH RD,HARTWOOD,VA,22471,9998,P,X26805,P
ATLANTIC,4B,VIRGINIA,230,22472,HAYNESVILLE,11320 RICHMOND RD,HAYNESVILLE,VA,22472,9998,P,X26811,P
ATLANTIC,4B,VIRGINIA,230,22473,HEATHSVILLE,27 MONUMENT PL,HEATHSVILLE,VA,22473,9998,,X26822,P
ATLANTIC,4B,VIRGINIA,230,22476,CHAMPLAIN,11246 TIDEWATER TRL,CHAMPLAIN,VA,22438,9998,,X26303,P
ATLANTIC,4B,VIRGINIA,230,22476,TAPPAHANNOCK,400 WRIGHT ST,TAPPAHANNOCK,VA,22560,9998,,X27807,P
ATLANTIC,4B,VIRGINIA,230,22480,IRVINGTON,4473 IRVINGTON RD,IRVINGTON,VA,22480,9998,,X26887,P
ATLANTIC,4B,VIRGINIA,230,22481,JERSEY,12079 JERSEY RD,JERSEY,VA,22481,9998,P,X26911,P
ATLANTIC,4B,VIRGINIA,230,22482,KILMARNOCK,239 N MAIN ST,KILMARNOCK,VA,22482,9998,,X26938,P
ATLANTIC,4B,VIRGINIA,230,22485,KING GEORGE,7993 KINGS HWY,KING GEORGE,VA,22485,9998,,X26943,P
ATLANTIC,4B,VIRGINIA,230,22488,KINSALE,490 KINSALE RD,KINSALE,VA,22488,9998,,X26948,P
ATLANTIC,4B,VIRGINIA,230,22501,LADYSMITH,18014 JEFFERSON DAVIS HWY,LADYSMITH,VA,22501,9998,,X26958,P
ATLANTIC,4B,VIRGINIA,230,22503,LANCASTER,9054 MARY BALL RD,LANCASTER,VA,22503,9998,,X26969,P
ATLANTIC,4B,VIRGINIA,230,22504,TAPPAHANNOCK,400 WRIGHT ST,TAPPAHANNOCK,VA,22560,9998,,X27807,P
ATLANTIC,4B,VIRGINIA,230,22507,LIVELY,5316 MARY BALL RD,LIVELY,VA,22507,9998,P,X27013,P
ATLANTIC,4B,VIRGINIA,230,22508,LOCUST GROVE,4447 GERMANNA HWY,LOCUST GROVE,VA,22508,9998,,X27017,P
ATLANTIC,4B,VIRGINIA,230,22509,TAPPAHANNOCK,400 WRIGHT ST,TAPPAHANNOCK,VA,22560,9998,,X27807,P
ATLANTIC,4B,VIRGINIA,230,22511,CALLAO,72 NORTHUMBERLAND HWY,CALLAO,VA,22435,9998,,X26245,P
ATLANTIC,4B,VIRGINIA,230,22511,LOTTSBURG,2217 NORTHUMBERLAND HWY,LOTTSBURG,VA,22511,9998,,X27029,P
ATLANTIC,4B,VIRGINIA,230,22513,MERRY POINT,2717 MERRY POINT RD,MERRY POINT,VA,22513,9998,P,X27145,P
ATLANTIC,4B,VIRGINIA,230,22514,BOWLING GREEN,117 MILFORD ST,BOWLING GREEN,VA,22427,9998,,X26171,P
ATLANTIC,4B,VIRGINIA,230,22514,MILFORD,15429 ANTIOCH RD,MILFORD,VA,22514,9998,,X27159,P
ATLANTIC,4B,VIRGINIA,230,22517,MOLLUSK,7377 RIVER RD,MOLLUSK,VA,22517,9998,P,X27188,P
ATLANTIC,4B,VIRGINIA,230,22520,MONTROSS,15917 KINGS HWY,MONTROSS,VA,22520,9998,,X27204,P
ATLANTIC,4B,VIRGINIA,230,22523,MORATTICO,6569 MORATTICO RD,MORATTICO,VA,22523,9998,P,X27207,P
ATLANTIC,4B,VIRGINIA,230,22524,MOUNT HOLLY,4375 COPLE HWY,MOUNT HOLLY,VA,22524,9998,P,X27212,P
ATLANTIC,4B,VIRGINIA,230,22526,NINDE,15488 RIDGE RD,NINDE,VA,22526,9998,P,X27296,P
ATLANTIC,4B,VIRGINIA,230,22528,LIVELY,5316 MARY BALL RD,LIVELY,VA,22507,9998,P,X27013,P
ATLANTIC,4B,VIRGINIA,230,22529,OLDHAMS,3498 OLDHAMS RD,OLDHAMS,VA,22529,9998,P,X27362,P
ATLANTIC,4B,VIRGINIA,230,22530,OPHELIA,22 LIGHTHOUSE VIEW DR STE B,OPHELIA,VA,22530,9998,P,X27368,P
ATLANTIC,4B,VIRGINIA,230,22534,PARTLOW,2920 PARTLOW RD,PARTLOW,VA,22534,9998,,X27397,P
ATLANTIC,4B,VIRGINIA,230,22535,PORT ROYAL,602 MAIN ST,PORT ROYAL,VA,22535,9998,,X27435,P
ATLANTIC,4B,VIRGINIA,230,22538,FREDERICKSBURG,600 PRINCESS ANNE ST,FREDERICKSBURG,VA,22401,9998,,X26669,P
ATLANTIC,4B,VIRGINIA,230,22538,RAPPAHANNOCK ACADEMY,22173 TIDEWATER TRL,RAPPAHANNOCK ACADEMY,VA,22538,9998,,X27486,P
ATLANTIC,4B,VIRGINIA,230,22539,REEDVILLE,284 MORRIS AVE,REEDVILLE,VA,22539,9998,,X27501,P
ATLANTIC,4B,VIRGINIA,230,22542,RHOADESVILLE,25433 LAFAYETTE DR,RHOADESVILLE,VA,22542,9998,,X27515,P
ATLANTIC,4B,VIRGINIA,230,22545,RUBY,32 ARROWHEAD DR STE 101,RUBY,VA,22545,9998,P,X27574,P
ATLANTIC,4B,VIRGINIA,230,22546,RUTHER GLEN,24134 WELCOME WAY DR,RUTHER GLEN,VA,22546,9998,,X27580,P
ATLANTIC,4B,VIRGINIA,230,22547,SEALSTON,1130 KINGS HWY,SEALSTON,VA,22547,9998,P,X27615,P
ATLANTIC,4B,VIRGINIA,230,22548,SHARPS,5231 SHARPS RD,SHARPS,VA,22548,9998,P,X27632,P
ATLANTIC,4B,VIRGINIA,230,22551,SPOTSYLVANIA,7420 BROCK RD,SPOTSYLVANIA,VA,22553,9998,,X27701,P
ATLANTIC,4B,VIRGINIA,230,22553,SPOTSYLVANIA,7420 BROCK RD,SPOTSYLVANIA,VA,22553,9998,,X27701,P
ATLANTIC,4B,VIRGINIA,230,22554,STAFFORD,2650 RICHMOND HWY,STAFFORD,VA,22554,9998,,X27736,P
ATLANTIC,4B,VIRGINIA,230,22555,STAFFORD,2650 RICHMOND HWY,STAFFORD,VA,22554,9998,P,X27736,P
ATLANTIC,4B,VIRGINIA,230,22556,STAFFORD,2650 RICHMOND HWY,STAFFORD,VA,22554,9998,,X27736,P
ATLANTIC,4B,VIRGINIA,230,22560,TAPPAHANNOCK,400 WRIGHT ST,TAPPAHANNOCK,VA,22560,9998,,X27807,P
ATLANTIC,4B,VIRGINIA,230,22565,THORNBURG,5314 MUDD TAVERN RD,THORNBURG,VA,22565,9998,P,X27820,P
ATLANTIC,4B,VIRGINIA,230,22567,UNIONVILLE,23209 VILLAGE RD,UNIONVILLE,VA,22567,9998,,X27854,P
ATLANTIC,4B,VIRGINIA,230,22570,HAYNESVILLE,11320 RICHMOND RD,HAYNESVILLE,VA,22472,9998,P,X26811,P
ATLANTIC,4B,VIRGINIA,230,22572,WARSAW,360 MAIN ST,WARSAW,VA,22572,9998,,X27927,P
ATLANTIC,4B,VIRGINIA,230,22576,IRVINGTON,4473 IRVINGTON RD,IRVINGTON,VA,22480,9998,,X26887,P
ATLANTIC,4B,VIRGINIA,230,22577,SANDY POINT,951 SANDY POINT RD,SANDY POINT,VA,22577,9998,P,X27974,P
ATLANTIC,4B,VIRGINIA,230,22578,WHITE STONE,564 RAPPAHANNOCK DR,WHITE STONE,VA,22578,9998,,X27986,P
ATLANTIC,4B,VIRGINIA,230,22579,WICOMICO CHURCH,5148 JESSE DUPONT MEMORIAL HWY,WICOMICO CHURCH,VA,22579,9998,P,X27996,P
ATLANTIC,4B,VIRGINIA,230,22580,WOODFORD,11087 WOODFORD RD,WOODFORD,VA,22580,9998,,X28033,P
ATLANTIC,4B,VIRGINIA,230,22601,WINCHESTER,340 N PLEASANT VALLEY RD,WINCHESTER,VA,22601,9998,,X28012,P
ATLANTIC,4B,VIRGINIA,230,22602,WINCHESTER,340 N PLEASANT VALLEY RD,WINCHESTER,VA,22601,9998,,X28012,P
ATLANTIC,4B,VIRGINIA,230,22603,WINCHESTER,340 N PLEASANT VALLEY RD,WINCHESTER,VA,22601,9998,,X28012,P
ATLANTIC,4B,VIRGINIA,230,22604,WINCHESTER,340 N PLEASANT VALLEY RD,WINCHESTER,VA,22601,9998,P,X28012,P
ATLANTIC,4B,VIRGINIA,230,22604,DOWNTOWN WINCHESTER,132 N LOUDOUN ST STE 1,WINCHESTER,VA,22601,9997,P,000101,S
ATLANTIC,4B,VIRGINIA,230,22610,BENTONVILLE,2590 STONEWALL JACKSON HWY,BENTONVILLE,VA,22610,2260,,X26126,P
ATLANTIC,4B,VIRGINIA,230,22610,FRONT ROYAL,120 E 3RD ST,FRONT ROYAL,VA,22630,9998,,X26678,P
ATLANTIC,4B,VIRGINIA,230,22611,BERRYVILLE,27 N CHURCH ST,BERRYVILLE,VA,22611,9998,,X26131,P
ATLANTIC,4B,VIRGINIA,230,22620,BOYCE,112 W MAIN ST,BOYCE,VA,22620,9744,,X26174,P
ATLANTIC,4B,VIRGINIA,230,22623,FRONT ROYAL,120 E 3RD ST,FRONT ROYAL,VA,22630,9998,,X26678,P
ATLANTIC,4B,VIRGINIA,230,22624,CLEAR BROOK,1164 BRUCETOWN RD,CLEAR BROOK,VA,22624,9998,,X26360,P
ATLANTIC,4B,VIRGINIA,230,22625,CROSS JUNCTION,6654 N FREDERICK PIKE,CROSS JUNCTION,VA,22625,2368,,X26443,P
ATLANTIC,4B,VIRGINIA,230,22627,FLINT HILL,664F ZACHARY TAYLOR HWY,FLINT HILL,VA,22627,9998,,X26624,P
ATLANTIC,4B,VIRGINIA,230,22630,FRONT ROYAL,120 E 3RD ST,FRONT ROYAL,VA,22630,9998,,X26678,P
ATLANTIC,4B,VIRGINIA,230,22637,CROSS JUNCTION,6654 N FREDERICK PIKE,CROSS JUNCTION,VA,22625,2368,,X26443,P
ATLANTIC,4B,VIRGINIA,230,22637,GORE,6819 NORTHWESTERN PIKE,GORE,VA,22637,9998,,X26732,P
ATLANTIC,4B,VIRGINIA,230,22639,HUME,5046 LEEDS MANOR RD,HUME,VA,22639,9997,,X26869,P
ATLANTIC,4B,VIRGINIA,230,22640,FRONT ROYAL,120 E 3RD ST,FRONT ROYAL,VA,22630,9998,,X26678,P
ATLANTIC,4B,VIRGINIA,230,22641,STRASBURG,152 W KING ST,STRASBURG,VA,22657,9998,,X27779,P
ATLANTIC,4B,VIRGINIA,230,22642,LINDEN,13474 JOHN MARSHALL HWY,LINDEN,VA,22642,9998,,X27003,P
ATLANTIC,4B,VIRGINIA,230,22643,LINDEN,13474 JOHN MARSHALL HWY,LINDEN,VA,22642,9998,,X27003,P
ATLANTIC,4B,VIRGINIA,230,22643,MARKHAM,11524 OLD MARKHAM RD,MARKHAM,VA,22643,9998,,X27084,P
ATLANTIC,4B,VIRGINIA,230,22644,MAURERTOWN,24784 OLD VALLEY PIKE,MAURERTOWN,VA,22644,2658,,X27098,P
ATLANTIC,4B,VIRGINIA,230,22645,MIDDLETOWN,7922 MAIN ST,MIDDLETOWN,VA,22645,9998,,X27151,P
ATLANTIC,4B,VIRGINIA,230,22645,STEPHENS CITY,5071 MAIN ST,STEPHENS CITY,VA,22655,9998,,X27759,P
ATLANTIC,4B,VIRGINIA,230,22646,MILLWOOD,2009 MILLWOOD RD,MILLWOOD,VA,22646,9901,P,X27175,P
ATLANTIC,4B,VIRGINIA,230,22650,FRONT ROYAL,120 E 3RD ST,FRONT ROYAL,VA,22630,9998,,X26678,P
ATLANTIC,4B,VIRGINIA,230,22652,FORT VALLEY,7151 FORT VALLEY RD,FORT VALLEY,VA,22652,9998,,X26655,P
ATLANTIC,4B,VIRGINIA,230,22652,STRASBURG,152 W KING ST,STRASBURG,VA,22657,9998,,X27779,P
ATLANTIC,4B,VIRGINIA,230,22654,STAR TANNERY,2556 GRAVEL SPRINGS RD,STAR TANNERY,VA,22654,9900,,X27746,P
ATLANTIC,4B,VIRGINIA,230,22655,STEPHENS CITY,5071 MAIN ST,STEPHENS CITY,VA,22655,9998,,X27759,P
ATLANTIC,4B,VIRGINIA,230,22656,STEPHENSON,2546 MARTINSBURG PIKE STE 2,STEPHENSON,VA,22656,9998,,X27762,P
ATLANTIC,4B,VIRGINIA,230,22657,STRASBURG,152 W KING ST,STRASBURG,VA,22657,9998,,X27779,P
ATLANTIC,4B,VIRGINIA,230,22660,MAURERTOWN,24784 OLD VALLEY PIKE,MAURERTOWN,VA,22644,2658,,X27098,P
ATLANTIC,4B,VIRGINIA,230,22660,TOMS BROOK,3374 S MAIN ST,TOMS BROOK,VA,22660,1713,,X27830,P
ATLANTIC,4B,VIRGINIA,230,22663,BOYCE,112 W MAIN ST,BOYCE,VA,22620,9744,,X26174,P
ATLANTIC,4B,VIRGINIA,230,22663,WHITE POST,14725 LORD FAIRFAX HWY,WHITE POST,VA,22663,9998,,X27985,P
ATLANTIC,4B,VIRGINIA,230,22664,WOODSTOCK,120 S MUHLENBERG ST,WOODSTOCK,VA,22664,9998,,X28045,P
ATLANTIC,4B,VIRGINIA,230,22701,CULPEPER,205 S MAIN ST,CULPEPER,VA,22701,9998,,X26452,P
ATLANTIC,4B,VIRGINIA,230,22709,MADISON,1438 N MAIN ST,MADISON,VA,22727,9998,,X27052,P
ATLANTIC,4B,VIRGINIA,230,22711,MADISON,1438 N MAIN ST,MADISON,VA,22727,9998,,X27052,P
ATLANTIC,4B,VIRGINIA,230,22712,BEALETON,6189 STATION DR,BEALETON,VA,22712,9998,,X26107,P
ATLANTIC,4B,VIRGINIA,230,22713,BOSTON,6276 SPERRYVILLE PIKE,BOSTON,VA,22713,9998,,X26166,P
ATLANTIC,4B,VIRGINIA,230,22713,CULPEPER,205 S MAIN ST,CULPEPER,VA,22701,9998,,X26452,P
ATLANTIC,4B,VIRGINIA,230,22714,BRANDY STATION,19329 BRANDY RD,BRANDY STATION,VA,22714,9998,,X26186,P
ATLANTIC,4B,VIRGINIA,230,22714,CULPEPER,205 S MAIN ST,CULPEPER,VA,22701,9998,,X26452,P
ATLANTIC,4B,VIRGINIA,230,22715,BRIGHTWOOD,4362 N SEMINOLE TRL,BRIGHTWOOD,VA,22715,9997,,X26194,P
ATLANTIC,4B,VIRGINIA,230,22715,MADISON,1438 N MAIN ST,MADISON,VA,22727,9998,,X27052,P
ATLANTIC,4B,VIRGINIA,230,22718,ELKWOOD,22098 JAMES MADISON HWY,ELKWOOD,VA,22718,1720,,X26563,P
ATLANTIC,4B,VIRGINIA,230,22719,MADISON,1438 N MAIN ST,MADISON,VA,22727,9998,,X27052,P
ATLANTIC,4B,VIRGINIA,230,22720,SUMERDUCK,5338 SUMERDUCK RD,SUMERDUCK,VA,22742,9997,,X27787,P
ATLANTIC,4B,VIRGINIA,230,22723,HOOD,1815 WOLFTOWN HOOD RD,HOOD,VA,22723,9997,,X26857,P
ATLANTIC,4B,VIRGINIA,230,22724,CULPEPER,205 S MAIN ST,CULPEPER,VA,22701,9998,,X26452,P
ATLANTIC,4B,VIRGINIA,230,22725,BRIGHTWOOD,4362 N SEMINOLE TRL,BRIGHTWOOD,VA,22715,9997,,X26194,P
ATLANTIC,4B,VIRGINIA,230,22725,MADISON,1438 N MAIN ST,MADISON,VA,22727,9998,,X27052,P
ATLANTIC,4B,VIRGINIA,230,22726,LIGNUM,23395 LIGNUM RD,LIGNUM,VA,22726,1939,,X26998,P
ATLANTIC,4B,VIRGINIA,230,22727,MADISON,1438 N MAIN ST,MADISON,VA,22727,9998,,X27052,P
ATLANTIC,4B,VIRGINIA,230,22728,BEALETON,6189 STATION DR,BEALETON,VA,22712,9998,,X26107,P
ATLANTIC,4B,VIRGINIA,230,22728,MIDLAND,5473 MIDLAND RD,MIDLAND,VA,22728,9998,,X27153,P
ATLANTIC,4B,VIRGINIA,230,22729,MITCHELLS,11320 MITCHELL RD,MITCHELLS,VA,22729,9997,,X27181,P
ATLANTIC,4B,VIRGINIA,230,22730,MADISON,1438 N MAIN ST,MADISON,VA,22727,9998,,X27052,P
ATLANTIC,4B,VIRGINIA,230,22730,OAKPARK,6321 OAK PARK RD,OAKPARK,VA,22730,9997,,X27347,P
ATLANTIC,4B,VIRGINIA,230,22731,MADISON,1438 N MAIN ST,MADISON,VA,22727,9998,,X27052,P
ATLANTIC,4B,VIRGINIA,230,22731,PRATTS,623 ORANGE RD,PRATTS,VA,22731,9997,,X27444,P
ATLANTIC,4B,VIRGINIA,230,22732,MADISON,1438 N MAIN ST,MADISON,VA,22727,9998,,X27052,P
ATLANTIC,4B,VIRGINIA,230,22733,CULPEPER,205 S MAIN ST,CULPEPER,VA,22701,9998,,X26452,P
ATLANTIC,4B,VIRGINIA,230,22733,RAPIDAN,9767 LOCUST DALE RD,RAPIDAN,VA,22733,9997,,X27485,P
ATLANTIC,4B,VIRGINIA,230,22734,BEALETON,6189 STATION DR,BEALETON,VA,22712,9998,,X26107,P
ATLANTIC,4B,VIRGINIA,230,22734,REMINGTON,501 N JAMES MADISON ST,REMINGTON,VA,22734,9997,,X27508,P
ATLANTIC,4B,VIRGINIA,230,22735,CULPEPER,205 S MAIN ST,CULPEPER,VA,22701,9998,,X26452,P
ATLANTIC,4B,VIRGINIA,230,22736,LIGNUM,23395 LIGNUM RD,LIGNUM,VA,22726,1939,,X26998,P
ATLANTIC,4B,VIRGINIA,230,22737,RIXEYVILLE,8623 RIXEYVILLE RD,RIXEYVILLE,VA,22737,9998,,X27545,P
ATLANTIC,4B,VIRGINIA,230,22738,MADISON,1438 N MAIN ST,MADISON,VA,22727,9998,,X27052,P
ATLANTIC,4B,VIRGINIA,230,22738,ROCHELLE,4225 JACKS SHOP RD,ROCHELLE,VA,22738,9997,,X27550,P
ATLANTIC,4B,VIRGINIA,230,22739,MIDLAND,5473 MIDLAND RD,MIDLAND,VA,22728,9998,P,X27153,P
ATLANTIC,4B,VIRGINIA,230,22740,SPERRYVILLE,43 MAIN ST,SPERRYVILLE,VA,22740,9998,,X27695,P
ATLANTIC,4B,VIRGINIA,230,22740,WASHINGTON,2 LEGGETT LN,WASHINGTON,VA,22747,9906,,X27933,P
ATLANTIC,4B,VIRGINIA,230,22741,CULPEPER,205 S MAIN ST,CULPEPER,VA,22701,9998,,X26452,P
ATLANTIC,4B,VIRGINIA,230,22741,LIGNUM,23395 LIGNUM RD,LIGNUM,VA,22726,1939,,X26998,P
ATLANTIC,4B,VIRGINIA,230,22742,SUMERDUCK,5338 SUMERDUCK RD,SUMERDUCK,VA,22742,9997,,X27787,P
ATLANTIC,4B,VIRGINIA,230,22743,MADISON,1438 N MAIN ST,MADISON,VA,22727,9998,,X27052,P
ATLANTIC,4B,VIRGINIA,230,22747,WASHINGTON,2 LEGGETT LN,WASHINGTON,VA,22747,9906,,X27933,P
ATLANTIC,4B,VIRGINIA,230,22748,WOLFTOWN,216 RAPIDAN CHURCH LN,WOLFTOWN,VA,22748,9997,P,X28029,P
ATLANTIC,4B,VIRGINIA,230,22749,BOSTON,6276 SPERRYVILLE PIKE,BOSTON,VA,22713,9998,,X26166,P
ATLANTIC,4B,VIRGINIA,230,22801,HARRISONBURG,3811 S MAIN ST,HARRISONBURG,VA,22801,9998,,X26801,P
ATLANTIC,4B,VIRGINIA,230,22802,HARRISONBURG,3811 S MAIN ST,HARRISONBURG,VA,22801,9998,,X26801,P
ATLANTIC,4B,VIRGINIA,230,22803,DOWNTOWN HARRISONBURG,281 N MASON ST,HARRISONBURG,VA,22802,4145,P,000492,S
ATLANTIC,4B,VIRGINIA,230,22810,BASYE,1540 ORKNEY GRADE,BASYE,VA,22810,9998,,X26097,P
ATLANTIC,4B,VIRGINIA,230,22811,BERGTON,17175 BERGTON RD,BERGTON,VA,22811,9998,,X26129,P
ATLANTIC,4B,VIRGINIA,230,22811,BROADWAY,151 N CENTRAL ST,BROADWAY,VA,22815,9998,,X26201,P
ATLANTIC,4B,VIRGINIA,230,22812,BRIDGEWATER,100 W COLLEGE ST,BRIDGEWATER,VA,22812,9998,,X26190,P
ATLANTIC,4B,VIRGINIA,230,22815,BROADWAY,151 N CENTRAL ST,BROADWAY,VA,22815,9998,,X26201,P
ATLANTIC,4B,VIRGINIA,230,22820,CRIDERS,20856 CRIDERS RD,CRIDERS,VA,22820,9998,,X26434,P
ATLANTIC,4B,VIRGINIA,230,22821,DAYTON,242 MAIN ST,DAYTON,VA,22821,9998,,X26473,P
ATLANTIC,4B,VIRGINIA,230,22824,EDINBURG,205 N MAIN ST,EDINBURG,VA,22824,9998,,X26552,P
ATLANTIC,4B,VIRGINIA,230,22827,ELKTON,102 W ROCKINGHAM ST,ELKTON,VA,22827,9998,,X26562,P
ATLANTIC,4B,VIRGINIA,230,22830,BROADWAY,151 N CENTRAL ST,BROADWAY,VA,22815,9998,,X26201,P
ATLANTIC,4B,VIRGINIA,230,22830,FULKS RUN,12046 BROCKS GAP RD,FULKS RUN,VA,22830,9998,,X26689,P
ATLANTIC,4B,VIRGINIA,230,22831,DAYTON,242 MAIN ST,DAYTON,VA,22821,9998,,X26473,P
ATLANTIC,4B,VIRGINIA,230,22831,HINTON,6121 RAWLEY PIKE,HINTON,VA,22831,9998,,X26846,P
ATLANTIC,4B,VIRGINIA,230,22833,LACEY SPRING,8975 N VALLEY PIKE,LACEY SPRING,VA,22833,9998,P,X26955,P
ATLANTIC,4B,VIRGINIA,230,22834,HARRISONBURG,3811 S MAIN ST,HARRISONBURG,VA,22801,9998,,X26801,P
ATLANTIC,4B,VIRGINIA,230,22834,LINVILLE,3754 LINVILLE EDOM RD,LINVILLE,VA,22834,9998,,X27005,P
ATLANTIC,4B,VIRGINIA,230,22835,LURAY,102 S BROAD ST,LURAY,VA,22835,9998,,X27044,P
ATLANTIC,4B,VIRGINIA,230,22840,MC GAHEYSVILLE,419 JACOB BURNER DR,MC GAHEYSVILLE,VA,22840,9998,,X27107,P
ATLANTIC,4B,VIRGINIA,230,22841,HARRISONBURG,3811 S MAIN ST,HARRISONBURG,VA,22801,9998,,X26801,P
ATLANTIC,4B,VIRGINIA,230,22841,MOUNT CRAWFORD,411 N MAIN ST,MOUNT CRAWFORD,VA,22841,9998,,X27211,P
ATLANTIC,4B,VIRGINIA,230,22842,MOUNT JACKSON,5240 MAIN ST,MOUNT JACKSON,VA,22842,9998,,X27213,P
ATLANTIC,4B,VIRGINIA,230,22843,BRIDGEWATER,100 W COLLEGE ST,BRIDGEWATER,VA,22812,9998,,X26190,P
ATLANTIC,4B,VIRGINIA,230,22843,MOUNT SOLON,885 NATURAL CHIMNEYS RD,MOUNT SOLON,VA,22843,9998,,X27215,P
ATLANTIC,4B,VIRGINIA,230,22844,NEW MARKET,9444 JOHN SEVIER RD,NEW MARKET,VA,22844,9998,,X27278,P
ATLANTIC,4B,VIRGINIA,230,22845,ORKNEY SPRINGS,4506 ORKNEY SPRINGS RD,ORKNEY SPRINGS,VA,22845,9998,,X27373,P
ATLANTIC,4B,VIRGINIA,230,22846,HARRISONBURG,3811 S MAIN ST,HARRISONBURG,VA,22801,9998,,X26801,P
ATLANTIC,4B,VIRGINIA,230,22846,PENN LAIRD,5375 SPOTSWOOD TRL,PENN LAIRD,VA,22846,9998,,X27405,P
ATLANTIC,4B,VIRGINIA,230,22847,QUICKSBURG,4199 RIDGE RD,QUICKSBURG,VA,22847,9998,,X27473,P
ATLANTIC,4B,VIRGINIA,230,22849,SHENANDOAH,206 VIRGINIA AVE,SHENANDOAH,VA,22849,9998,,X27635,P
ATLANTIC,4B,VIRGINIA,230,22850,SINGERS GLEN,9858 SINGERS GLEN RD,SINGERS GLEN,VA,22850,9998,,X27650,P
ATLANTIC,4B,VIRGINIA,230,22851,STANLEY,151 E MAIN ST,STANLEY,VA,22851,9998,,X27743,P
ATLANTIC,4B,VIRGINIA,230,22853,TIMBERVILLE,172 S MAIN ST,TIMBERVILLE,VA,22853,9998,,X27823,P
ATLANTIC,4B,VIRGINIA,230,22901,CHARLOTTESVILLE VA S&DC,1155 SEMINOLE TRL,CHARLOTTESVILLE,VA,22906,9700,,020719,4
ATLANTIC,4B,VIRGINIA,230,22902,DOWNTOWN CHARLOTTESVILLE,513 E MAIN ST,CHARLOTTESVILLE,VA,22902,9998,,X26502,S
ATLANTIC,4B,VIRGINIA,230,22902,CHARLOTTESVILLE VA S&DC,1155 SEMINOLE TRL,CHARLOTTESVILLE,VA,22906,9700,,020719,4
ATLANTIC,4B,VIRGINIA,230,22903,CHARLOTTESVILLE VA S&DC,1155 SEMINOLE TRL,CHARLOTTESVILLE,VA,22906,9700,,020719,4
ATLANTIC,4B,VIRGINIA,230,22905,BARRACKS ROAD,2150 WISE ST,CHARLOTTESVILLE,VA,22905,9998,P,X26089,S
ATLANTIC,4B,VIRGINIA,230,22906,CHARLOTTESVILLE VA S&DC,1155 SEMINOLE TRL,CHARLOTTESVILLE,VA,22906,9700,P,020719,4
ATLANTIC,4B,VIRGINIA,230,22911,CHARLOTTESVILLE VA S&DC,1155 SEMINOLE TRL,CHARLOTTESVILLE,VA,22906,9700,,020719,4
ATLANTIC,4B,VIRGINIA,230,22920,AFTON,3154 AFTON MOUNTAIN RD,AFTON,VA,22920,9998,,X25995,P
ATLANTIC,4B,VIRGINIA,230,22920,WAYNESBORO,200 S WAYNE AVE,WAYNESBORO,VA,22980,9998,,X27947,P
ATLANTIC,4B,VIRGINIA,230,22922,ARRINGTON,17 PHOENIX RD,ARRINGTON,VA,22922,9998,,X26050,P
ATLANTIC,4B,VIRGINIA,230,22922,LOVINGSTON,131 MAIN ST,LOVINGSTON,VA,22949,9998,,X27034,P
ATLANTIC,4B,VIRGINIA,230,22923,BARBOURSVILLE,5285 BARBOURSVILLE COMM CTR DR,BARBOURSVILLE,VA,22923,8325,,X26082,P
ATLANTIC,4B,VIRGINIA,230,22923,GORDONSVILLE,205 S MAIN ST,GORDONSVILLE,VA,22942,9255,,X26729,P
ATLANTIC,4B,VIRGINIA,230,22924,BATESVILLE,6620 PLANK RD,BATESVILLE,VA,22924,9998,P,X26098,P
ATLANTIC,4B,VIRGINIA,230,22931,COVESVILLE,5912 COVESVILLE STORE RD,COVESVILLE,VA,22931,9998,,X26418,P
ATLANTIC,4B,VIRGINIA,230,22932,CROZET,1210 CROZET AVE,CROZET,VA,22932,9998,,X26445,P
ATLANTIC,4B,VIRGINIA,230,22935,STANARDSVILLE,47 CELT RD,STANARDSVILLE,VA,22973,9998,,X27740,P
ATLANTIC,4B,VIRGINIA,230,22936,EARLYSVILLE,675 BENT OAKS DR,EARLYSVILLE,VA,22936,9998,,X26541,P
ATLANTIC,4B,VIRGINIA,230,22936,CHARLOTTESVILLE VA S&DC,1155 SEMINOLE TRL,CHARLOTTESVILLE,VA,22906,9700,,020719,4
ATLANTIC,4B,VIRGINIA,230,22937,ESMONT,7514 ESMONT RD,ESMONT,VA,22937,9998,,X26571,P
ATLANTIC,4B,VIRGINIA,230,22937,CHARLOTTESVILLE VA S&DC,1155 SEMINOLE TRL,CHARLOTTESVILLE,VA,22906,9700,,020719,4
ATLANTIC,4B,VIRGINIA,230,22938,FABER,68 POST OFFICE LN,FABER,VA,22938,9998,,X26581,P
ATLANTIC,4B,VIRGINIA,230,22938,SCHUYLER,6648 ROCKFISH RIVER RD,SCHUYLER,VA,22969,9998,,X27610,P
ATLANTIC,4B,VIRGINIA,230,22939,FISHERSVILLE,1595 JEFFERSON HWY,FISHERSVILLE,VA,22939,2206,,X26618,P
ATLANTIC,4B,VIRGINIA,230,22940,FREE UNION,4270 FREE UNION RD,FREE UNION,VA,22940,9998,,X26671,P
ATLANTIC,4B,VIRGINIA,230,22940,CHARLOTTESVILLE VA S&DC,1155 SEMINOLE TRL,CHARLOTTESVILLE,VA,22906,9700,,020719,4
ATLANTIC,4B,VIRGINIA,230,22942,GORDONSVILLE,205 S MAIN ST,GORDONSVILLE,VA,22942,9255,,X26729,P
ATLANTIC,4B,VIRGINIA,230,22943,GREENWOOD,788 GREENWOOD RD,GREENWOOD,VA,22943,9998,,X26759,P
ATLANTIC,4B,VIRGINIA,230,22945,IVY,4301 IVY RD,IVY,VA,22945,9997,P,X26891,P
ATLANTIC,4B,VIRGINIA,230,22946,KEENE,6246 ESMONT RD,KEENE,VA,22946,9998,,X26924,P
ATLANTIC,4B,VIRGINIA,230,22947,KESWICK,3991 LOUISA RD,KESWICK,VA,22947,9998,,X26934,P
ATLANTIC,4B,VIRGINIA,230,22947,CHARLOTTESVILLE VA S&DC,1155 SEMINOLE TRL,CHARLOTTESVILLE,VA,22906,9700,,020719,4
ATLANTIC,4B,VIRGINIA,230,22948,LOCUST DALE,1296 N JAMES MADISON HWY,LOCUST DALE,VA,22948,9998,,X27015,P
ATLANTIC,4B,VIRGINIA,230,22948,ORANGE,129 W MAIN ST,ORANGE,VA,22960,9998,,X27369,P
ATLANTIC,4B,VIRGINIA,230,22949,LOVINGSTON,131 MAIN ST,LOVINGSTON,VA,22949,9998,,X27034,P
ATLANTIC,4B,VIRGINIA,230,22952,LYNDHURST,555 MT TORREY RD,LYNDHURST,VA,22952,9998,,X27048,P
ATLANTIC,4B,VIRGINIA,230,22952,WAYNESBORO,200 S WAYNE AVE,WAYNESBORO,VA,22980,9998,,X27947,P
ATLANTIC,4B,VIRGINIA,230,22957,ORANGE,129 W MAIN ST,ORANGE,VA,22960,9998,P,X27369,P
ATLANTIC,4B,VIRGINIA,230,22958,NELLYSFORD,2663 ROCKFISH VALLEY HWY,NELLYSFORD,VA,22958,9998,,X27267,P
ATLANTIC,4B,VIRGINIA,230,22959,NORTH GARDEN,4917 PLANK RD,NORTH GARDEN,VA,22959,9998,,X27315,P
ATLANTIC,4B,VIRGINIA,230,22959,CHARLOTTESVILLE VA S&DC,1155 SEMINOLE TRL,CHARLOTTESVILLE,VA,22906,9700,,020719,4
ATLANTIC,4B,VIRGINIA,230,22960,ORANGE,129 W MAIN ST,ORANGE,VA,22960,9998,,X27369,P
ATLANTIC,4B,VIRGINIA,230,22963,PALMYRA,13683 JAMES MADISON HWY,PALMYRA,VA,22963,4300,,X27387,P
ATLANTIC,4B,VIRGINIA,230,22964,PINEY RIVER,3577 PATRICK HENRY HWY,PINEY RIVER,VA,22964,9998,,X27422,P
ATLANTIC,4B,VIRGINIA,230,22965,QUINQUE,12817 SPOTSWOOD TRL,QUINQUE,VA,22965,9998,P,X27475,P
ATLANTIC,4B,VIRGINIA,230,22967,ROSELAND,7877 PATRICK HENRY HWY,ROSELAND,VA,22967,9998,,X27565,P
ATLANTIC,4B,VIRGINIA,230,22968,RUCKERSVILLE,8845 SEMINOLE TRL,RUCKERSVILLE,VA,22968,9998,,X27575,P
ATLANTIC,4B,VIRGINIA,230,22969,SCHUYLER,6648 ROCKFISH RIVER RD,SCHUYLER,VA,22969,9998,,X27610,P
ATLANTIC,4B,VIRGINIA,230,22971,LOVINGSTON,131 MAIN ST,LOVINGSTON,VA,22949,9998,,X27034,P
ATLANTIC,4B,VIRGINIA,230,22971,SHIPMAN,10697 JAMES RIVER RD,SHIPMAN,VA,22971,9998,,X27642,P
ATLANTIC,4B,VIRGINIA,230,22972,SOMERSET,14257 BLUE RIDGE TPKE,SOMERSET,VA,22972,9998,,X27662,P
ATLANTIC,4B,VIRGINIA,230,22973,STANARDSVILLE,47 CELT RD,STANARDSVILLE,VA,22973,9998,,X27740,P
ATLANTIC,4B,VIRGINIA,230,22974,TROY,25 TROY RD,TROY,VA,22974,9998,,X27841,P
ATLANTIC,4B,VIRGINIA,230,22974,CHARLOTTESVILLE VA S&DC,1155 SEMINOLE TRL,CHARLOTTESVILLE,VA,22906,9700,,020719,4
ATLANTIC,4B,VIRGINIA,230,22976,ROSELAND,7877 PATRICK HENRY HWY,ROSELAND,VA,22967,9998,,X27565,P
ATLANTIC,4B,VIRGINIA,230,22980,PARK,422 N COMMERCE AVE,WAYNESBORO,VA,22980,9997,,X27391,S
ATLANTIC,4B,VIRGINIA,230,22980,WAYNESBORO,200 S WAYNE AVE,WAYNESBORO,VA,22980,9998,,X27947,P
ATLANTIC,4B,VIRGINIA,230,22987,WHITE HALL,2958 BROWNS GAP TPKE,WHITE HALL,VA,22987,9998,P,X27981,P
ATLANTIC,4B,VIRGINIA,230,23001,ACHILLES,9363 GUINEA RD,ACHILLES,VA,23001,9998,P,X25992,P
ATLANTIC,4B,VIRGINIA,230,23002,AMELIA COURT HOUSE,16400 CHURCH ST,AMELIA COURT HOUSE,VA,23002,9998,,X26017,P
ATLANTIC,4B,VIRGINIA,230,23003,ARK,9458 GEORGE WASHINGTON MEMORIAL HWY,ARK,VA,23003,9998,P,X26041,P
ATLANTIC,4B,VIRGINIA,230,23004,ARVONIA,36 ARVON RD,ARVONIA,VA,23004,9998,,X26051,P
ATLANTIC,4B,VIRGINIA,230,23004,NEW CANTON,3708 C G WOODSON RD,NEW CANTON,VA,23123,9998,,X27272,P
ATLANTIC,4B,VIRGINIA,230,23005,ASHLAND,301 ENGLAND ST,ASHLAND,VA,23005,9998,,X26053,P
ATLANTIC,4B,VIRGINIA,230,23005,ASHLAND DPOBU,10030 SLIDING HILL RD,ASHLAND,VA,23005,7941,,012442,6
ATLANTIC,4B,VIRGINIA,230,23009,AYLETT,56 MILL RD,AYLETT,VA,23009,9998,,X26067,P
ATLANTIC,4B,VIRGINIA,230,23011,BARHAMSVILLE,18428 NEW KENT HWY,BARHAMSVILLE,VA,23011,9998,,X26085,P
ATLANTIC,4B,VIRGINIA,230,23011,TOANO,7890 RICHMOND RD,TOANO,VA,23168,9998,,X27828,P
ATLANTIC,4B,VIRGINIA,230,23015,BEAVERDAM,16176 BEAVERDAM SCHOOL RD,BEAVERDAM,VA,23015,9998,,X26109,P
ATLANTIC,4B,VIRGINIA,230,23018,BENA,8833 GUINEA RD,BENA,VA,23018,9998,P,X26122,P
ATLANTIC,4B,VIRGINIA,230,23022,BREMO BLUFF,538 BREMO RD,BREMO BLUFF,VA,23022,9998,,X26189,P
ATLANTIC,4B,VIRGINIA,230,23022,NEW CANTON,3708 C G WOODSON RD,NEW CANTON,VA,23123,9998,,X27272,P
ATLANTIC,4B,VIRGINIA,230,23023,SAINT STEPHENS CHURCH,13280 RICHMOND TAPPAHANNOCK HWY,SAINT STEPHENS CHURCH,VA,23148,9998,,X27593,P
ATLANTIC,4B,VIRGINIA,230,23024,BUMPASS,68 FREDERICKS HALL RD,BUMPASS,VA,23024,9998,,X26222,P
ATLANTIC,4B,VIRGINIA,230,23025,NORTH,13846 JOHN CLAYTON MEMORIAL HWY,NORTH,VA,23128,9998,,X27314,P
ATLANTIC,4B,VIRGINIA,230,23027,CARTERSVILLE,28 HIGH ST,CARTERSVILLE,VA,23027,9998,,X26273,P
ATLANTIC,4B,VIRGINIA,230,23030,CHARLES CITY,10800 COURTHOUSE RD,CHARLES CITY,VA,23030,9998,,X26306,P
ATLANTIC,4B,VIRGINIA,230,23032,CHURCH VIEW,51 WARES BRIDGE RD,CHURCH VIEW,VA,23032,9998,,X26344,P
ATLANTIC,4B,VIRGINIA,230,23032,URBANNA,251 VIRGINIA ST,URBANNA,VA,23175,9998,,X27867,P
ATLANTIC,4B,VIRGINIA,230,23035,COBBS CREEK,2963 BUCKLEY HALL RD,COBBS CREEK,VA,23035,9998,,X26379,P
ATLANTIC,4B,VIRGINIA,230,23038,COLUMBIA,17 CAMERON ST,COLUMBIA,VA,23038,3032,,X26401,P
ATLANTIC,4B,VIRGINIA,230,23039,CROZIER,1531 RIVER RD W,CROZIER,VA,23039,9998,,X26446,P
ATLANTIC,4B,VIRGINIA,230,23039,MAIDENS,2746 MAIDENS LOOP STE E,MAIDENS,VA,23102,9998,,X27061,P
ATLANTIC,4B,VIRGINIA,230,23040,CUMBERLAND,1489 ANDERSON HWY,CUMBERLAND,VA,23040,9998,,X26453,P
ATLANTIC,4B,VIRGINIA,230,23043,DELTAVILLE,17283 GENERAL PULLER HWY,DELTAVILLE,VA,23043,2206,,X26482,P
ATLANTIC,4B,VIRGINIA,230,23045,MATHEWS,161 MAIN ST,MATHEWS,VA,23109,9998,,X27095,P
ATLANTIC,4B,VIRGINIA,230,23047,DOSWELL,16410 WASHINGTON HWY,DOSWELL,VA,23047,9998,,X26501,P
ATLANTIC,4B,VIRGINIA,230,23047,RUTHER GLEN,24134 WELCOME WAY DR,RUTHER GLEN,VA,22546,9998,,X27580,P
ATLANTIC,4B,VIRGINIA,230,23050,COBBS CREEK,2963 BUCKLEY HALL RD,COBBS CREEK,VA,23035,9998,,X26379,P
ATLANTIC,4B,VIRGINIA,230,23050,DUTTON,9226 DUTTON RD,DUTTON,VA,23050,9998,,X26534,P
ATLANTIC,4B,VIRGINIA,230,23055,FORK UNION,4885 JAMES MADISON HWY,FORK UNION,VA,23055,9998,,X26634,P
ATLANTIC,4B,VIRGINIA,230,23056,FOSTER,15315 JOHN CLAYTON MEMORIAL HWY,FOSTER,VA,23056,9998,,X26656,P
ATLANTIC,4B,VIRGINIA,230,23058,GLEN ALLEN,4990 SADLER PL,GLEN ALLEN,VA,23060,9998,P,X26711,P
ATLANTIC,4B,VIRGINIA,230,23059,GLEN ALLEN,4990 SADLER PL,GLEN ALLEN,VA,23060,9998,,X26711,P
ATLANTIC,4B,VIRGINIA,230,23060,GLEN ALLEN,4990 SADLER PL,GLEN ALLEN,VA,23060,9998,,X26711,P
ATLANTIC,4B,VIRGINIA,230,23060,GLEN ALLEN ANNEX,3017 MOUNTAIN RD,GLEN ALLEN,VA,23060,2050,,X26712,S
ATLANTIC,4B,VIRGINIA,230,23061,GLOUCESTER,6892 MAIN ST,GLOUCESTER,VA,23061,9998,,X26719,P
ATLANTIC,4B,VIRGINIA,230,23062,GLOUCESTER POINT,1451 GEORGE WASHINGTON MEMORIAL HWY,GLOUCESTER POINT,VA,23062,9998,,X26720,P
ATLANTIC,4B,VIRGINIA,230,23063,GOOCHLAND,2972 RIVER RD W,GOOCHLAND,VA,23063,9998,,X26726,P
ATLANTIC,4B,VIRGINIA,230,23064,GRIMSTEAD,1150 OLD FERRY RD,GRIMSTEAD,VA,23064,9998,P,X26761,P
ATLANTIC,4B,VIRGINIA,230,23065,GOOCHLAND,2972 RIVER RD W,GOOCHLAND,VA,23063,9998,,X26726,P
ATLANTIC,4B,VIRGINIA,230,23065,GUM SPRING,3250 BROAD STREET RD,GUM SPRING,VA,23065,9998,,X26773,P
ATLANTIC,4B,VIRGINIA,230,23066,GWYNN,11 N BAY HAVEN RD,GWYNN,VA,23066,9998,P,X26775,P
ATLANTIC,4B,VIRGINIA,230,23067,HADENSVILLE,4650 THREE CHOPT RD,HADENSVILLE,VA,23067,9998,P,X26777,P
ATLANTIC,4B,VIRGINIA,230,23068,HALLIEFORD,1811 HALLIEFORD RD,HALLIEFORD,VA,23068,9998,,X26782,P
ATLANTIC,4B,VIRGINIA,230,23069,HANOVER,13228 HANOVER COURTHOUSE RD,HANOVER,VA,23069,9998,,X26791,P
ATLANTIC,4B,VIRGINIA,230,23069,RICHMOND VA S&DC,1801 BROOK RD,RICHMOND,VA,23232,9903,,020650,4
ATLANTIC,4B,VIRGINIA,230,23070,DELTAVILLE,17283 GENERAL PULLER HWY,DELTAVILLE,VA,23043,2206,,X26482,P
ATLANTIC,4B,VIRGINIA,230,23070,HARDYVILLE,15224 GENERAL PULLER HWY,HARDYVILLE,VA,23070,9998,,X26795,P
ATLANTIC,4B,VIRGINIA,230,23071,HARTFIELD,11 GRAFTON CHURCH RD,HARTFIELD,VA,23071,9998,,X26803,P
ATLANTIC,4B,VIRGINIA,230,23072,HAYES,2344 GEORGE WASHINGTON MEMORIAL HWY,HAYES,VA,23072,9998,,X26806,P
ATLANTIC,4B,VIRGINIA,230,23075,HIGHLAND SPRINGS,405 E NINE MILE RD,HENRICO,VA,23075,9998,,X26837,B
ATLANTIC,4B,VIRGINIA,230,23075,RICHMOND VA S&DC,1801 BROOK RD,RICHMOND,VA,23232,9903,,020650,4
ATLANTIC,4B,VIRGINIA,230,23076,HUDGINS,8251 BUCKLEY HALL RD,HUDGINS,VA,23076,9998,,X26868,P
ATLANTIC,4B,VIRGINIA,230,23076,MATHEWS,161 MAIN ST,MATHEWS,VA,23109,9998,,X27095,P
ATLANTIC,4B,VIRGINIA,230,23079,URBANNA,251 VIRGINIA ST,URBANNA,VA,23175,9998,,X27867,P
ATLANTIC,4B,VIRGINIA,230,23083,JETERSVILLE,21595 JETERSVILLE RD,JETERSVILLE,VA,23083,9998,,X26912,P
ATLANTIC,4B,VIRGINIA,230,23084,COLUMBIA,17 CAMERON ST,COLUMBIA,VA,23038,3032,,X26401,P
ATLANTIC,4B,VIRGINIA,230,23084,KENTS STORE,16 KENTS STORE WAY,KENTS STORE,VA,23084,9998,,X26931,P
ATLANTIC,4B,VIRGINIA,230,23085,KING AND QUEEN COURT HOUSE,352 ALLENS CIR,KING AND QUEEN COURT HOUSE,VA,23085,9998,,X26941,P
ATLANTIC,4B,VIRGINIA,230,23085,SAINT STEPHENS CHURCH,13280 RICHMOND TAPPAHANNOCK HWY,SAINT STEPHENS CHURCH,VA,23148,9998,,X27593,P
ATLANTIC,4B,VIRGINIA,230,23086,AYLETT,56 MILL RD,AYLETT,VA,23009,9998,,X26067,P
ATLANTIC,4B,VIRGINIA,230,23086,KING WILLIAM,17 HORSE LANDING RD,KING WILLIAM,VA,23086,9998,,X26946,P
ATLANTIC,4B,VIRGINIA,230,23089,LANEXA,15545 POCAHONTAS TRL,LANEXA,VA,23089,9998,,X26972,P
ATLANTIC,4B,VIRGINIA,230,23090,LIGHTFOOT,6376 RICHMOND RD,LIGHTFOOT,VA,23090,9998,P,X26997,P
ATLANTIC,4B,VIRGINIA,230,23091,SHACKLEFORDS,30165 THE TRL,SHACKLEFORDS,VA,23156,9998,,X27625,P
ATLANTIC,4B,VIRGINIA,230,23092,HARTFIELD,11 GRAFTON CHURCH RD,HARTFIELD,VA,23071,9998,,X26803,P
ATLANTIC,4B,VIRGINIA,230,23092,LOCUST HILL,5924 GENERAL PULLER HWY,LOCUST HILL,VA,23092,9998,,X27019,P
ATLANTIC,4B,VIRGINIA,230,23093,LOUISA,204 W MAIN ST,LOUISA,VA,23093,9998,,X27030,P
ATLANTIC,4B,VIRGINIA,230,23102,MAIDENS,2746 MAIDENS LOOP STE E,MAIDENS,VA,23102,9998,,X27061,P
ATLANTIC,4B,VIRGINIA,230,23103,MANAKIN SABOT,334 RIVER RD W,MANAKIN SABOT,VA,23103,9998,,X27065,P
ATLANTIC,4B,VIRGINIA,230,23106,AYLETT,56 MILL RD,AYLETT,VA,23009,9998,,X26067,P
ATLANTIC,4B,VIRGINIA,230,23106,MANQUIN,2171 RICHMOND TAPPAHANNOCK HWY,MANQUIN,VA,23106,9998,,X27073,P
ATLANTIC,4B,VIRGINIA,230,23108,SHACKLEFORDS,30165 THE TRL,SHACKLEFORDS,VA,23156,9998,,X27625,P
ATLANTIC,4B,VIRGINIA,230,23109,MATHEWS,161 MAIN ST,MATHEWS,VA,23109,9998,,X27095,P
ATLANTIC,4B,VIRGINIA,230,23110,MATTAPONI,6877 LEWIS B PULLER MEMORIAL HWY,MATTAPONI,VA,23110,9998,,X27097,P
ATLANTIC,4B,VIRGINIA,230,23111,ATLEE,9540 CHAMBERLAYNE RD,MECHANICSVILLE,VA,23116,9998,,X2A608,S
ATLANTIC,4B,VIRGINIA,230,23111,MECHANICSVILLE,8050 MECHANICSVILLE TPKE,MECHANICSVILLE,VA,23111,9998,,X27127,P
ATLANTIC,4B,VIRGINIA,230,23112,GENITO,3530 POST OFFICE RD,MIDLOTHIAN,VA,23112,9998,,X2A591,S
ATLANTIC,4B,VIRGINIA,230,23113,BRANDERMILL,4944 MILLRIDGE PKWY E,MIDLOTHIAN,VA,23112,9997,,X2A653,S
ATLANTIC,4B,VIRGINIA,230,23113,MIDLOTHIAN,1201 SYCAMORE SQUARE DR,MIDLOTHIAN,VA,23113,9998,,X27154,P
ATLANTIC,4B,VIRGINIA,230,23114,MIDLOTHIAN,1201 SYCAMORE SQUARE DR,MIDLOTHIAN,VA,23113,9998,,X27154,P
ATLANTIC,4B,VIRGINIA,230,23115,MILLERS TAVERN,6908 RICHMOND HWY,MILLERS TAVERN,VA,23115,9998,P,X27172,P
ATLANTIC,4B,VIRGINIA,230,23116,ATLEE,9540 CHAMBERLAYNE RD,MECHANICSVILLE,VA,23116,9998,,X2A608,S
ATLANTIC,4B,VIRGINIA,230,23117,MINERAL,512 MINERAL AVE,MINERAL,VA,23117,9998,,X27177,P
ATLANTIC,4B,VIRGINIA,230,23119,MATHEWS,161 MAIN ST,MATHEWS,VA,23109,9998,,X27095,P
ATLANTIC,4B,VIRGINIA,230,23119,MOON,184 HAVEN BEACH RD,MOON,VA,23119,9998,,X27206,P
ATLANTIC,4B,VIRGINIA,230,23120,GENITO,3530 POST OFFICE RD,MIDLOTHIAN,VA,23112,9998,,X2A591,S
ATLANTIC,4B,VIRGINIA,230,23120,MOSELEY,21431 HULL STREET RD,MOSELEY,VA,23120,9998,,X27210,P
ATLANTIC,4B,VIRGINIA,230,23123,NEW CANTON,3708 C G WOODSON RD,NEW CANTON,VA,23123,9998,,X27272,P
ATLANTIC,4B,VIRGINIA,230,23124,NEW KENT,12109 NEW KENT HWY,NEW KENT,VA,23124,9907,,X27277,P
ATLANTIC,4B,VIRGINIA,230,23125,MATHEWS,161 MAIN ST,MATHEWS,VA,23109,9998,,X27095,P
ATLANTIC,4B,VIRGINIA,230,23125,NEW POINT,393 SAND BANK RD,NEW POINT,VA,23125,9998,,X27279,P
ATLANTIC,4B,VIRGINIA,230,23126,NEWTOWN,9933 NEWTOWN RD,NEWTOWN,VA,23126,9998,,X27293,P
ATLANTIC,4B,VIRGINIA,230,23126,SAINT STEPHENS CHURCH,13280 RICHMOND TAPPAHANNOCK HWY,SAINT STEPHENS CHURCH,VA,23148,9998,,X27593,P
ATLANTIC,4B,VIRGINIA,230,23127,NORGE,7489 RICHMOND RD,NORGE,VA,23127,9998,P,X27311,P
ATLANTIC,4B,VIRGINIA,230,23128,NORTH,13846 JOHN CLAYTON MEMORIAL HWY,NORTH,VA,23128,9998,,X27314,P
ATLANTIC,4B,VIRGINIA,230,23129,MAIDENS,2746 MAIDENS LOOP STE E,MAIDENS,VA,23102,9998,,X27061,P
ATLANTIC,4B,VIRGINIA,230,23129,OILVILLE,1411 BROAD STREET RD,OILVILLE,VA,23129,9998,,X27357,P
ATLANTIC,4B,VIRGINIA,230,23130,MATHEWS,161 MAIN ST,MATHEWS,VA,23109,9998,,X27095,P
ATLANTIC,4B,VIRGINIA,230,23131,ORDINARY,3992 GEORGE WASHINGTON MEMORIAL HWY,ORDINARY,VA,23131,9998,P,X27370,P
ATLANTIC,4B,VIRGINIA,230,23138,MATHEWS,161 MAIN ST,MATHEWS,VA,23109,9998,,X27095,P
ATLANTIC,4B,VIRGINIA,230,23138,PORT HAYWOOD,3781 NEW POINT COMFORT HWY,PORT HAYWOOD,VA,23138,9998,,X27433,P
ATLANTIC,4B,VIRGINIA,230,23139,POWHATAN,4195 ANDERSON HWY,POWHATAN,VA,23139,9998,,X27443,P
ATLANTIC,4B,VIRGINIA,230,23140,PROVIDENCE FORGE,3511 N COURTHOUSE RD,PROVIDENCE FORGE,VA,23140,9998,,X27457,P
ATLANTIC,4B,VIRGINIA,230,23141,QUINTON,2510 NEW KENT HWY,QUINTON,VA,23141,9998,,X27477,P
ATLANTIC,4B,VIRGINIA,230,23146,ROCKVILLE,16590 POUNCEY TRACT RD,ROCKVILLE,VA,23146,9998,,X27554,P
ATLANTIC,4B,VIRGINIA,230,23147,RUTHVILLE,13121 THE GLEBE LN,RUTHVILLE,VA,23147,9998,P,X27583,P
ATLANTIC,4B,VIRGINIA,230,23148,SAINT STEPHENS CHURCH,13280 RICHMOND TAPPAHANNOCK HWY,SAINT STEPHENS CHURCH,VA,23148,9998,,X27593,P
ATLANTIC,4B,VIRGINIA,230,23149,SALUDA,880 GLOUCESTER RD,SALUDA,VA,23149,2596,,X27596,P
ATLANTIC,4B,VIRGINIA,230,23150,SANDSTON,40 W WILLIAMSBURG RD,SANDSTON,VA,23150,9998,,X27598,P
ATLANTIC,4B,VIRGINIA,230,23153,GOOCHLAND,2972 RIVER RD W,GOOCHLAND,VA,23063,9998,,X26726,P
ATLANTIC,4B,VIRGINIA,230,23153,SANDY HOOK,2883 SANDY HOOK RD,SANDY HOOK,VA,23153,9998,,X27599,P
ATLANTIC,4B,VIRGINIA,230,23154,WARE NECK,6495 WARE NECK RD,WARE NECK,VA,23178,9998,P,X27920,P
ATLANTIC,4B,VIRGINIA,230,23156,SHACKLEFORDS,30165 THE TRL,SHACKLEFORDS,VA,23156,9998,,X27625,P
ATLANTIC,4B,VIRGINIA,230,23161,SAINT STEPHENS CHURCH,13280 RICHMOND TAPPAHANNOCK HWY,SAINT STEPHENS CHURCH,VA,23148,9998,,X27593,P
ATLANTIC,4B,VIRGINIA,230,23162,STUDLEY,5411 STUDLEY RD,STUDLEY,VA,23162,9997,P,X27784,P
ATLANTIC,4B,VIRGINIA,230,23163,MATHEWS,161 MAIN ST,MATHEWS,VA,23109,9998,,X27095,P
ATLANTIC,4B,VIRGINIA,230,23163,SUSAN,5297 NEW POINT COMFORT HWY,SUSAN,VA,23163,9998,,X27791,P
ATLANTIC,4B,VIRGINIA,230,23168,TOANO,7890 RICHMOND RD,TOANO,VA,23168,9998,,X27828,P
ATLANTIC,4B,VIRGINIA,230,23169,TOPPING,882 GREYS POINT RD,TOPPING,VA,23169,9998,,X27831,P
ATLANTIC,4B,VIRGINIA,230,23170,LOUISA,204 W MAIN ST,LOUISA,VA,23093,9998,P,X27030,P
ATLANTIC,4B,VIRGINIA,230,23175,URBANNA,251 VIRGINIA ST,URBANNA,VA,23175,9998,,X27867,P
ATLANTIC,4B,VIRGINIA,230,23176,TOPPING,882 GREYS POINT RD,TOPPING,VA,23169,9998,,X27831,P
ATLANTIC,4B,VIRGINIA,230,23176,WAKE,1360 WAKE RD,WAKE,VA,23176,9998,,X27905,P
ATLANTIC,4B,VIRGINIA,230,23177,AYLETT,56 MILL RD,AYLETT,VA,23009,9998,,X26067,P
ATLANTIC,4B,VIRGINIA,230,23177,WALKERTON,2954 WALKERTON LANDING RD,WALKERTON,VA,23177,9998,,X27910,P
ATLANTIC,4B,VIRGINIA,230,23178,WARE NECK,6495 WARE NECK RD,WARE NECK,VA,23178,9998,P,X27920,P
ATLANTIC,4B,VIRGINIA,230,23180,URBANNA,251 VIRGINIA ST,URBANNA,VA,23175,9998,,X27867,P
ATLANTIC,4B,VIRGINIA,230,23181,WEST POINT,925 MAIN ST,WEST POINT,VA,23181,9998,,X27965,P
ATLANTIC,4B,VIRGINIA,230,23183,WHITE MARSH,4898 GEORGE WASHINGTON MEMORIAL HWY,WHITE MARSH,VA,23183,9998,P,X27982,P
ATLANTIC,4B,VIRGINIA,230,23184,WICOMICO,6926 POWHATAN DR,WICOMICO,VA,23184,9998,P,X27994,P
ATLANTIC,4B,VIRGINIA,230,23185,WILLIAMSBURG,425 N BOUNDARY ST,WILLIAMSBURG,VA,23185,9998,,X27999,P
ATLANTIC,4B,VIRGINIA,230,23187,WILLIAMSBURG,425 N BOUNDARY ST,WILLIAMSBURG,VA,23185,9998,P,X27999,P
ATLANTIC,4B,VIRGINIA,230,23188,MONTICELLO,5219 MONTICELLO AVE,WILLIAMSBURG,VA,23188,9998,,001994,S
ATLANTIC,4B,VIRGINIA,230,23192,MONTPELIER,17132 MOUNTAIN RD,MONTPELIER,VA,23192,9998,,X27199,P
ATLANTIC,4B,VIRGINIA,230,23218,CAPITOL,700 E MAIN ST,RICHMOND,VA,23219,9998,P,X26262,S
ATLANTIC,4B,VIRGINIA,230,23219,RICHMOND VA S&DC,1801 BROOK RD,RICHMOND,VA,23232,9903,,020650,4
ATLANTIC,4B,VIRGINIA,230,23220,SAUNDERS,1645 W BROAD ST,RICHMOND,VA,23220,2106,,017841,S
ATLANTIC,4B,VIRGINIA,230,23220,RICHMOND VA S&DC,1801 BROOK RD,RICHMOND,VA,23232,9903,,020650,4
ATLANTIC,4B,VIRGINIA,230,23221,WESTHAMPTON,805 GLENBURNIE RD,RICHMOND,VA,23226,9998,,X27973,S
ATLANTIC,4B,VIRGINIA,230,23222,BELLEVUE,5327 CHAMBERLAYNE RD,RICHMOND,VA,23227,9998,,X26119,B
ATLANTIC,4B,VIRGINIA,230,23222,RICHMOND VA S&DC,1801 BROOK RD,RICHMOND,VA,23232,9903,,020650,4
ATLANTIC,4B,VIRGINIA,230,23223,EAST END,414 N 25TH ST,RICHMOND,VA,23223,9998,,X26545,S
ATLANTIC,4B,VIRGINIA,230,23223,RICHMOND VA S&DC,1801 BROOK RD,RICHMOND,VA,23232,9903,,020650,4
ATLANTIC,4B,VIRGINIA,230,23224,SOUTHSIDE,2101 HOPKINS RD,RICHMOND,VA,23224,9998,,X27686,S
ATLANTIC,4B,VIRGINIA,230,23225,FOREST HILL,1021 HIOAKS RD,RICHMOND,VA,23225,9998,,X26632,S
ATLANTIC,4B,VIRGINIA,230,23225,RICHMOND VA S&DC,1801 BROOK RD,RICHMOND,VA,23232,9903,,020650,4
ATLANTIC,4B,VIRGINIA,230,23226,WESTHAMPTON,805 GLENBURNIE RD,RICHMOND,VA,23226,9998,,X27973,S
ATLANTIC,4B,VIRGINIA,230,23227,BELLEVUE,5327 CHAMBERLAYNE RD,RICHMOND,VA,23227,9998,,X26119,B
ATLANTIC,4B,VIRGINIA,230,23227,RICHMOND VA S&DC,1801 BROOK RD,RICHMOND,VA,23232,9903,,020650,4
ATLANTIC,4B,VIRGINIA,230,23228,LAKESIDE,2100 E PARHAM RD,HENRICO,VA,23228,9998,,X26967,B
ATLANTIC,4B,VIRGINIA,230,23229,REGENCY,2000 STARLING DR,HENRICO,VA,23229,9998,,X27504,B
ATLANTIC,4B,VIRGINIA,230,23230,WEST END,2220 DABNEY RD,RICHMOND,VA,23230,9998,,X27962,B
ATLANTIC,4B,VIRGINIA,230,23230,WESTHAMPTON,805 GLENBURNIE RD,RICHMOND,VA,23226,9998,,X27973,S
ATLANTIC,4B,VIRGINIA,230,23231,MONTROSE HEIGHTS,5300 KLOCKNER DR,HENRICO,VA,23231,9998,,X27203,S
ATLANTIC,4B,VIRGINIA,230,23231,RICHMOND VA S&DC,1801 BROOK RD,RICHMOND,VA,23232,9903,,020650,4
ATLANTIC,4B,VIRGINIA,230,23233,RIDGE,10509 PATTERSON AVE,HENRICO,VA,23238,9998,,X27531,B
ATLANTIC,4B,VIRGINIA,230,23234,AMPTHILL,3930 MEADOWDALE BLVD,NORTH CHESTERFIELD,VA,23234,9998,,X26028,B
ATLANTIC,4B,VIRGINIA,230,23235,BON AIR,101 N PINETTA DR,NORTH CHESTERFIELD,VA,23235,9998,,X26161,B
ATLANTIC,4B,VIRGINIA,230,23235,TOWNE CENTER,1121 MALL DR,NORTH CHESTERFIELD,VA,23235,4735,,000370,S
ATLANTIC,4B,VIRGINIA,230,23235,POCOSHOCK CREEK,7501 LADY BLAIR LN,NORTH CHESTERFIELD,VA,23236,9998,,001542,B
ATLANTIC,4B,VIRGINIA,230,23236,POCOSHOCK CREEK,7501 LADY BLAIR LN,NORTH CHESTERFIELD,VA,23236,9998,,001542,B
ATLANTIC,4B,VIRGINIA,230,23237,AMPTHILL,3930 MEADOWDALE BLVD,NORTH CHESTERFIELD,VA,23234,9998,,X26028,B
ATLANTIC,4B,VIRGINIA,230,23238,RIDGE,10509 PATTERSON AVE,HENRICO,VA,23238,9998,,X27531,B
ATLANTIC,4B,VIRGINIA,230,23241,CENTRAL RICHMOND,205 N 2ND ST,RICHMOND,VA,23241,9998,P,001246,S
ATLANTIC,4B,VIRGINIA,230,23242,RIDGE,10509 PATTERSON AVE,HENRICO,VA,23238,9998,P,X27531,B
ATLANTIC,4B,VIRGINIA,230,23250,MONTROSE HEIGHTS,5300 KLOCKNER DR,HENRICO,VA,23231,9998,,X27203,S
ATLANTIC,4B,VIRGINIA,230,23250,RICHMOND VA S&DC,1801 BROOK RD,RICHMOND,VA,23232,9903,,020650,4
ATLANTIC,4B,VIRGINIA,230,23255,REGENCY,2000 STARLING DR,HENRICO,VA,23229,9998,P,X27504,B
ATLANTIC,4B,VIRGINIA,230,23260,RICHMOND VA S&DC,1801 BROOK RD,RICHMOND,VA,23232,9903,P,020650,4
ATLANTIC,4B,VIRGINIA,230,23261,RICHMOND VA S&DC,1801 BROOK RD,RICHMOND,VA,23232,9903,P,020650,4
ATLANTIC,4B,VIRGINIA,230,23285,RICHMOND VA S&DC,1801 BROOK RD,RICHMOND,VA,23232,9903,P,020650,4
ATLANTIC,4B,VIRGINIA,230,23294,REGENCY,2000 STARLING DR,HENRICO,VA,23229,9998,,X27504,B
ATLANTIC,4B,VIRGINIA,230,23301,ACCOMAC,23380 FRONT ST,ACCOMAC,VA,23301,9998,,X25991,P
ATLANTIC,4B,VIRGINIA,230,23302,ASSAWOMAN,11360 ATLANTIC RD,ASSAWOMAN,VA,23302,9997,,X26055,P
ATLANTIC,4B,VIRGINIA,230,23303,ATLANTIC,9561 ATLANTIC RD,ATLANTIC,VA,23303,9998,,X26060,P
ATLANTIC,4B,VIRGINIA,230,23303,OAK HALL,8133 LANKFORD HWY,OAK HALL,VA,23416,9998,,X27345,P
ATLANTIC,4B,VIRGINIA,230,23304,BATTERY PARK,20512 TODD AVE,BATTERY PARK,VA,23304,9998,P,X26101,P
ATLANTIC,4B,VIRGINIA,230,23306,BELLE HAVEN,35561 BELLE HAVEN RD,BELLE HAVEN,VA,23306,9998,,X26115,P
ATLANTIC,4B,VIRGINIA,230,23307,NASSAWADOX,10238 ROGERS DR,NASSAWADOX,VA,23413,9998,,X27238,P
ATLANTIC,4B,VIRGINIA,230,23308,BLOXOM,26099 SHOREMAIN DR,BLOXOM,VA,23308,9998,,X26150,P
ATLANTIC,4B,VIRGINIA,230,23310,CAPE CHARLES,299 RANDOLPH AVE,CAPE CHARLES,VA,23310,9998,,X26254,P
ATLANTIC,4B,VIRGINIA,230,23313,CAPEVILLE,4511 CAPEVILLE RD,CAPEVILLE,VA,23313,9998,P,X26258,P
ATLANTIC,4B,VIRGINIA,230,23314,CARROLLTON,15108 CARROLLTON BLVD,CARROLLTON,VA,23314,9998,,X26267,P
ATLANTIC,4B,VIRGINIA,230,23315,CARRSVILLE,5354 CARRSVILLE HWY,CARRSVILLE,VA,23315,9998,,X26269,P
ATLANTIC,4B,VIRGINIA,230,23315,WINDSOR,4 E WINDSOR BLVD,WINDSOR,VA,23487,9998,,X28017,P
ATLANTIC,4B,VIRGINIA,230,23316,CHERITON,21197 N BAYSIDE RD,CHERITON,VA,23316,9998,P,X26323,P
ATLANTIC,4B,VIRGINIA,230,23320,CHESAPEAKE,1425 BATTLEFIELD BLVD N,CHESAPEAKE,VA,23320,9998,,X26324,P
ATLANTIC,4B,VIRGINIA,230,23321,JOLLIFF RETAIL,4300 PORTSMOUTH BLVD STE 174,CHESAPEAKE,VA,23321,9997,,X2A536,S
ATLANTIC,4B,VIRGINIA,230,23321,JOLLIFF,4417 PORTSMOUTH BLVD,CHESAPEAKE,VA,23321,9998,,X26917,4
ATLANTIC,4B,VIRGINIA,230,23322,GREAT BRIDGE,1100 BATTLEFIELD BLVD S,CHESAPEAKE,VA,23322,9998,,X26743,S
ATLANTIC,4B,VIRGINIA,230,23322,NORTHWEST RADIO,1400 NORTHWEST BLVD STE 101,CHESAPEAKE,VA,23322,4093,,X27326,S
ATLANTIC,4B,VIRGINIA,230,23323,DEEP CREEK,857 GEORGE WASHINGTON HWY N,CHESAPEAKE,VA,23323,9998,,X26476,S
ATLANTIC,4B,VIRGINIA,230,23323,NORFOLK VA S&DC,600 CHURCH ST,NORFOLK,VA,23501,9943,,020718,4
ATLANTIC,4B,VIRGINIA,230,23324,PORTLOCK,1103 GODWIN AVE,CHESAPEAKE,VA,23324,1697,,X27436,S
ATLANTIC,4B,VIRGINIA,230,23324,SOUTH NORFOLK,1210 POINDEXTER ST,CHESAPEAKE,VA,23324,9998,,X27682,S
ATLANTIC,4B,VIRGINIA,230,23324,NORFOLK VA S&DC,600 CHURCH ST,NORFOLK,VA,23501,9943,,020718,4
ATLANTIC,4B,VIRGINIA,230,23325,INDIAN RIVER,3810 INDIAN RIVER RD,CHESAPEAKE,VA,23325,9998,,X26879,S
ATLANTIC,4B,VIRGINIA,230,23325,NORFOLK VA S&DC,600 CHURCH ST,NORFOLK,VA,23501,9943,,020718,4
ATLANTIC,4B,VIRGINIA,230,23327,CHESAPEAKE,1425 BATTLEFIELD BLVD N,CHESAPEAKE,VA,23320,9998,P,X26324,P
ATLANTIC,4B,VIRGINIA,230,23328,GREAT BRIDGE,1100 BATTLEFIELD BLVD S,CHESAPEAKE,VA,23322,9998,P,X26743,S
ATLANTIC,4B,VIRGINIA,230,23336,CHINCOTEAGUE ISLAND,4144 MAIN ST,CHINCOTEAGUE ISLAND,VA,23336,9998,,X26330,P
ATLANTIC,4B,VIRGINIA,230,23337,CHINCOTEAGUE ISLAND,4144 MAIN ST,CHINCOTEAGUE ISLAND,VA,23336,9998,,X26330,P
ATLANTIC,4B,VIRGINIA,230,23337,WALLOPS ISLAND,7 OREILEY ST BLDG E,WALLOPS ISLAND,VA,23337,9998,,X27912,B
ATLANTIC,4B,VIRGINIA,230,23341,CRADDOCKVILLE,34032 CRADDOCKVILLE RD,CRADDOCKVILLE,VA,23341,9998,P,X26424,P
ATLANTIC,4B,VIRGINIA,230,23347,EASTVILLE,5253 WILLOW OAK RD,EASTVILLE,VA,23347,9998,P,X26548,P
ATLANTIC,4B,VIRGINIA,230,23350,EXMORE,12144 BANK AVE,EXMORE,VA,23350,9998,,X26579,P
ATLANTIC,4B,VIRGINIA,230,23354,FRANKTOWN,9135 FRANKTOWN RD,FRANKTOWN,VA,23354,9998,,X26661,P
ATLANTIC,4B,VIRGINIA,230,23354,NASSAWADOX,10238 ROGERS DR,NASSAWADOX,VA,23413,9998,,X27238,P
ATLANTIC,4B,VIRGINIA,230,23356,HORNTOWN,4581 FLEMING RD,HORNTOWN,VA,23395,9998,,X26859,P
ATLANTIC,4B,VIRGINIA,230,23356,NEW CHURCH,4136 LANKFORD HWY,NEW CHURCH,VA,23415,9998,,X27275,P
ATLANTIC,4B,VIRGINIA,230,23357,ACCOMAC,23380 FRONT ST,ACCOMAC,VA,23301,9998,,X25991,P
ATLANTIC,4B,VIRGINIA,230,23357,GREENBUSH,21988 GREENBUSH RD,GREENBUSH,VA,23357,9998,,X26752,P
ATLANTIC,4B,VIRGINIA,230,23359,BLOXOM,26099 SHOREMAIN DR,BLOXOM,VA,23308,9998,,X26150,P
ATLANTIC,4B,VIRGINIA,230,23359,HALLWOOD,27497 MAIN ST,HALLWOOD,VA,23359,9998,,X26784,P
ATLANTIC,4B,VIRGINIA,230,23389,HARBORTON,28059 DOCKVIEW ST,HARBORTON,VA,23389,9997,P,X26793,P
ATLANTIC,4B,VIRGINIA,230,23395,HORNTOWN,4581 FLEMING RD,HORNTOWN,VA,23395,9998,,X26859,P
ATLANTIC,4B,VIRGINIA,230,23395,NEW CHURCH,4136 LANKFORD HWY,NEW CHURCH,VA,23415,9998,,X27275,P
ATLANTIC,4B,VIRGINIA,230,23397,ISLE OF WIGHT,17161 COURTHOUSE HWY,ISLE OF WIGHT,VA,23397,9998,P,X26888,P
ATLANTIC,4B,VIRGINIA,230,23398,JAMESVILLE,6010 OCCOHANNOCK NECK RD,JAMESVILLE,VA,23398,9998,P,X26900,P
ATLANTIC,4B,VIRGINIA,230,23401,KELLER,18243 1ST ST,KELLER,VA,23401,9998,P,X26927,P
ATLANTIC,4B,VIRGINIA,230,23404,LOCUSTVILLE,28033 DRUMMONDTOWN RD,LOCUSTVILLE,VA,23404,9998,,X27021,P
ATLANTIC,4B,VIRGINIA,230,23405,MACHIPONGO,7414 MACHIPONGO DR,MACHIPONGO,VA,23405,9998,,X27050,P
ATLANTIC,4B,VIRGINIA,230,23407,MAPPSVILLE,14148 LANKFORD HWY,MAPPSVILLE,VA,23407,9998,P,X27075,P
ATLANTIC,4B,VIRGINIA,230,23408,MARIONVILLE,9095 SEASIDE RD,MARIONVILLE,VA,23408,9998,P,X27081,P
ATLANTIC,4B,VIRGINIA,230,23410,MELFA,19268 AIRPORT DR,MELFA,VA,23410,3369,,X27134,P
ATLANTIC,4B,VIRGINIA,230,23412,NELSONIA,16150 LANKFORD HWY,NELSONIA,VA,23414,9998,P,X27269,P
ATLANTIC,4B,VIRGINIA,230,23413,NASSAWADOX,10238 ROGERS DR,NASSAWADOX,VA,23413,9998,P,X27238,P
ATLANTIC,4B,VIRGINIA,230,23414,NELSONIA,16150 LANKFORD HWY,NELSONIA,VA,23414,9998,P,X27269,P
ATLANTIC,4B,VIRGINIA,230,23415,NEW CHURCH,4136 LANKFORD HWY,NEW CHURCH,VA,23415,9998,,X27275,P
ATLANTIC,4B,VIRGINIA,230,23416,OAK HALL,8133 LANKFORD HWY,OAK HALL,VA,23416,9998,,X27345,P
ATLANTIC,4B,VIRGINIA,230,23417,ONANCOCK,35 MARKET ST,ONANCOCK,VA,23417,1900,,X27364,P
ATLANTIC,4B,VIRGINIA,230,23418,ONLEY,25468 COASTAL BLVD,ONLEY,VA,23418,9998,,X27366,P
ATLANTIC,4B,VIRGINIA,230,23420,PAINTER,33280 HICKMAN ST,PAINTER,VA,23420,9998,,X27386,P
ATLANTIC,4B,VIRGINIA,230,23421,PARKSLEY,24290 COOKE ST,PARKSLEY,VA,23421,9998,,X27394,P
ATLANTIC,4B,VIRGINIA,230,23422,PUNGOTEAGUE,30296 BOBTOWN RD,PUNGOTEAGUE,VA,23422,9998,P,X27466,P
ATLANTIC,4B,VIRGINIA,230,23423,QUINBY,35369 UPSHURS NECK RD,QUINBY,VA,23423,9998,P,X27474,P
ATLANTIC,4B,VIRGINIA,230,23424,RESCUE,21148 RESCUE RD,RESCUE,VA,23424,9998,P,X27511,P
ATLANTIC,4B,VIRGINIA,230,23426,BLOXOM,26099 SHOREMAIN DR,BLOXOM,VA,23308,9998,,X26150,P
ATLANTIC,4B,VIRGINIA,230,23426,OAK HALL,8133 LANKFORD HWY,OAK HALL,VA,23416,9998,,X27345,P
ATLANTIC,4B,VIRGINIA,230,23427,SAXIS,20264 SAXIS RD,SAXIS,VA,23427,9998,P,X27606,P
ATLANTIC,4B,VIRGINIA,230,23430,SMITHFIELD,234 MAIN ST,SMITHFIELD,VA,23430,9998,,X27655,P
ATLANTIC,4B,VIRGINIA,230,23431,SMITHFIELD,234 MAIN ST,SMITHFIELD,VA,23430,9998,P,X27655,P
ATLANTIC,4B,VIRGINIA,230,23432,CHUCKATUCK,109 KINGS HWY,SUFFOLK,VA,23432,9998,,X26340,S
ATLANTIC,4B,VIRGINIA,230,23432,DRIVER,4897 BENNETTS PASTURE RD,SUFFOLK,VA,23435,9998,,X26514,S
ATLANTIC,4B,VIRGINIA,230,23433,CRITTENDEN,1605 BRIDGE RD,SUFFOLK,VA,23433,9998,,X26439,S
ATLANTIC,4B,VIRGINIA,230,23433,DRIVER,4897 BENNETTS PASTURE RD,SUFFOLK,VA,23435,9998,,X26514,S
ATLANTIC,4B,VIRGINIA,230,23434,SUFFOLK,445 N MAIN ST,SUFFOLK,VA,23434,9998,,X27785,P
ATLANTIC,4B,VIRGINIA,230,23435,DRIVER,4897 BENNETTS PASTURE RD,SUFFOLK,VA,23435,9998,,X26514,S
ATLANTIC,4B,VIRGINIA,230,23436,DRIVER,4897 BENNETTS PASTURE RD,SUFFOLK,VA,23435,9998,,X26514,S
ATLANTIC,4B,VIRGINIA,230,23437,HOLLAND,6723 S QUAY RD,SUFFOLK,VA,23437,9998,,X26851,S
ATLANTIC,4B,VIRGINIA,230,23438,HOLLAND,6723 S QUAY RD,SUFFOLK,VA,23437,9998,,X26851,S
ATLANTIC,4B,VIRGINIA,230,23438,WHALEYVILLE,6425 WHALEYVILLE BLVD,SUFFOLK,VA,23438,9998,,X27978,S
ATLANTIC,4B,VIRGINIA,230,23439,SUFFOLK,445 N MAIN ST,SUFFOLK,VA,23434,9998,P,X27785,P
ATLANTIC,4B,VIRGINIA,230,23440,TANGIER,4432 POST OFFICE RD,TANGIER,VA,23440,3301,P,X27805,P
ATLANTIC,4B,VIRGINIA,230,23441,TASLEY,24148 MERRY BRANCH RD,TASLEY,VA,23441,9900,P,X27808,P
ATLANTIC,4B,VIRGINIA,230,23442,OAK HALL,8133 LANKFORD HWY,OAK HALL,VA,23416,9998,,X27345,P
ATLANTIC,4B,VIRGINIA,230,23443,TOWNSEND,28463 SEASIDE RD,TOWNSEND,VA,23443,9998,P,X27832,P
ATLANTIC,4B,VIRGINIA,230,23450,VIRGINIA BEACH,501 VIKING DR,VIRGINIA BEACH,VA,23452,9998,P,X27897,P
ATLANTIC,4B,VIRGINIA,230,23451,SEAPINES RETAIL,320 33RD ST,VIRGINIA BEACH,VA,23451,9996,,X2A535,S
ATLANTIC,4B,VIRGINIA,230,23451,SEAPINES CARRIER ANNEX,2652 PRODUCTION RD STE B,VIRGINIA BEACH,VA,23454,9997,,013305,4
ATLANTIC,4B,VIRGINIA,230,23452,VIRGINIA BEACH,501 VIKING DR,VIRGINIA BEACH,VA,23452,9998,,X27897,P
ATLANTIC,4B,VIRGINIA,230,23453,PRINCESS ANNE,2509 GEORGE MASON DR,VIRGINIA BEACH,VA,23456,9998,,X27452,S
ATLANTIC,4B,VIRGINIA,230,23454,HILLTOP OCEANA,550 FIRST COLONIAL RD STE 308,VIRGINIA BEACH,VA,23451,9997,,X26844,S
ATLANTIC,4B,VIRGINIA,230,23454,LONDON BRIDGE,2652 PRODUCTION RD,VIRGINIA BEACH,VA,23454,9998,,X29771,4
ATLANTIC,4B,VIRGINIA,230,23455,BAYSIDE,2109 THOROUGHGOOD RD,VIRGINIA BEACH,VA,23455,9998,,X26105,S
ATLANTIC,4B,VIRGINIA,230,23456,PRINCESS ANNE,2509 GEORGE MASON DR,VIRGINIA BEACH,VA,23456,9998,,X27452,S
ATLANTIC,4B,VIRGINIA,230,23457,BACKBAY,1107 PRINCESS ANNE RD,VIRGINIA BEACH,VA,23457,9998,,X26071,S
ATLANTIC,4B,VIRGINIA,230,23457,PRINCESS ANNE,2509 GEORGE MASON DR,VIRGINIA BEACH,VA,23456,9998,,X27452,S
ATLANTIC,4B,VIRGINIA,230,23462,WITCHDUCK,4831 COLUMBUS ST,VIRGINIA BEACH,VA,23462,9998,,X28023,S
ATLANTIC,4B,VIRGINIA,230,23464,ACREDALE ANNEX,1700 CENTERVILLE TPKE,VIRGINIA BEACH,VA,23464,9997,,001368,4
ATLANTIC,4B,VIRGINIA,230,23466,WITCHDUCK,4831 COLUMBUS ST,VIRGINIA BEACH,VA,23462,9998,P,X28023,S
ATLANTIC,4B,VIRGINIA,230,23467,ACREDALE,1225 KEMPSVILLE RD,VIRGINIA BEACH,VA,23464,9998,P,X25993,S
ATLANTIC,4B,VIRGINIA,230,23471,BAYSIDE,2109 THOROUGHGOOD RD,VIRGINIA BEACH,VA,23455,9998,P,X26105,S
ATLANTIC,4B,VIRGINIA,230,23471,HAYGOOD,998 INDEPENDENCE BLVD STE 102,VIRGINIA BEACH,VA,23455,9996,P,018753,S
ATLANTIC,4B,VIRGINIA,230,23480,WACHAPREAGUE,19 MAIN ST,WACHAPREAGUE,VA,23480,9998,P,X27904,P
ATLANTIC,4B,VIRGINIA,230,23483,ATLANTIC,9561 ATLANTIC RD,ATLANTIC,VA,23303,9998,P,X26060,P
ATLANTIC,4B,VIRGINIA,230,23486,WILLIS WHARF,4457 WILLIS WHARF RD,WILLIS WHARF,VA,23486,9998,P,X28005,P
ATLANTIC,4B,VIRGINIA,230,23487,WINDSOR,4 E WINDSOR BLVD,WINDSOR,VA,23487,9998,,X28017,P
ATLANTIC,4B,VIRGINIA,230,23488,OAK HALL,8133 LANKFORD HWY,OAK HALL,VA,23416,9998,,X27345,P
ATLANTIC,4B,VIRGINIA,230,23488,WITHAMS,28309 WITHAMS RD,WITHAMS,VA,23488,9998,,X28024,P
ATLANTIC,4B,VIRGINIA,230,23501,NORFOLK VA S&DC,600 CHURCH ST,NORFOLK,VA,23501,9943,P,020718,4
ATLANTIC,4B,VIRGINIA,230,23502,THOMAS CORNER,5900 E VIRGINIA BEACH BLVD STE 190,NORFOLK,VA,23502,9998,,X27818,S
ATLANTIC,4B,VIRGINIA,230,23503,OCEAN VIEW,9631 1ST VIEW ST,NORFOLK,VA,23503,9998,,X27352,S
ATLANTIC,4B,VIRGINIA,230,23504,NORFOLK VA S&DC,600 CHURCH ST,NORFOLK,VA,23501,9943,,020718,4
ATLANTIC,4B,VIRGINIA,230,23505,WRIGHT,7712 GRANBY ST,NORFOLK,VA,23505,9998,,X28051,S
ATLANTIC,4B,VIRGINIA,230,23507,NORFOLK VA S&DC,600 CHURCH ST,NORFOLK,VA,23501,9943,,020718,4
ATLANTIC,4B,VIRGINIA,230,23508,MILAN,2301 COLLEY AVE,NORFOLK,VA,23517,9997,,019919,S
ATLANTIC,4B,VIRGINIA,230,23508,NORFOLK VA S&DC,600 CHURCH ST,NORFOLK,VA,23501,9943,,020718,4
ATLANTIC,4B,VIRGINIA,230,23509,LAFAYETTE,2655 TIDEWATER DR,NORFOLK,VA,23509,9998,,X26960,S
ATLANTIC,4B,VIRGINIA,230,23509,NORFOLK VA S&DC,600 CHURCH ST,NORFOLK,VA,23501,9943,,020718,4
ATLANTIC,4B,VIRGINIA,230,23510,NORFOLK VA S&DC,600 CHURCH ST,NORFOLK,VA,23501,9943,,020718,4
ATLANTIC,4B,VIRGINIA,230,23511,NAVAL BASE,1731 GILBERT ST,NORFOLK,VA,23511,9997,,X27252,B
ATLANTIC,4B,VIRGINIA,230,23511,WRIGHT,7712 GRANBY ST,NORFOLK,VA,23505,9998,,X28051,S
ATLANTIC,4B,VIRGINIA,230,23513,NORVIEW,1112 GREEN ST,NORFOLK,VA,23513,9998,,X27329,S
ATLANTIC,4B,VIRGINIA,230,23514,CUSTOMHOUSE,126 ATLANTIC ST,NORFOLK,VA,23514,9998,P,X26456,S
ATLANTIC,4B,VIRGINIA,230,23517,DEBREE,417 W 20TH ST,NORFOLK,VA,23517,9998,,X26474,S
ATLANTIC,4B,VIRGINIA,230,23517,NORFOLK VA S&DC,600 CHURCH ST,NORFOLK,VA,23501,9943,,020718,4
ATLANTIC,4B,VIRGINIA,230,23518,L C PAGE,2461 E LITTLE CREEK RD,NORFOLK,VA,23518,9998,,X26952,S
ATLANTIC,4B,VIRGINIA,230,23523,BERKLEY,711 E LIBERTY ST,NORFOLK,VA,23523,9998,,X26130,S
ATLANTIC,4B,VIRGINIA,230,23523,NORFOLK VA S&DC,600 CHURCH ST,NORFOLK,VA,23501,9943,,020718,4
ATLANTIC,4B,VIRGINIA,230,23541,THOMAS CORNER,5900 E VIRGINIA BEACH BLVD STE 190,NORFOLK,VA,23502,9998,P,X27818,S
ATLANTIC,4B,VIRGINIA,230,23601,WARWICK,10830 WARWICK BLVD,NEWPORT NEWS,VA,23601,9998,,X27928,S
ATLANTIC,4B,VIRGINIA,230,23602,DENBIGH,14104 WARWICK BLVD,NEWPORT NEWS,VA,23602,9998,,012759,S
ATLANTIC,4B,VIRGINIA,230,23603,LEE HALL,17415 WARWICK BLVD,NEWPORT NEWS,VA,23603,9998,,X26989,S
ATLANTIC,4B,VIRGINIA,230,23603,PATRICK HENRY,685 TURNBERRY BLVD,NEWPORT NEWS,VA,23608,9998,,001840,S
ATLANTIC,4B,VIRGINIA,230,23604,FORT EUSTIS,1321 VICTORY BLVD,FORT EUSTIS,VA,23604,9998,,X26642,S
ATLANTIC,4B,VIRGINIA,230,23604,PATRICK HENRY,685 TURNBERRY BLVD,NEWPORT NEWS,VA,23608,9998,,001840,S
ATLANTIC,4B,VIRGINIA,230,23605,PARKVIEW,636 79TH ST,NEWPORT NEWS,VA,23605,9998,,X27395,S
ATLANTIC,4B,VIRGINIA,230,23605,HAMPTON VA S&DC,809 ABERDEEN RD,HAMPTON,VA,23670,9702,,020717,4
ATLANTIC,4B,VIRGINIA,230,23606,HIDENWOOD,25 HIDENWOOD SHOPPING CTR,NEWPORT NEWS,VA,23606,2228,,018971,S
ATLANTIC,4B,VIRGINIA,230,23606,HIDENWOOD ANNEX,759 J CLYDE MORRIS BLVD,NEWPORT NEWS,VA,23601,1514,,019290,4
ATLANTIC,4B,VIRGINIA,230,23607,NEWPORT NEWS,101 25TH ST,NEWPORT NEWS,VA,23607,9998,,X27288,P
ATLANTIC,4B,VIRGINIA,230,23608,PATRICK HENRY,685 TURNBERRY BLVD,NEWPORT NEWS,VA,23608,9998,,001840,S
ATLANTIC,4B,VIRGINIA,230,23609,DENBIGH,14104 WARWICK BLVD,NEWPORT NEWS,VA,23602,9998,P,012759,S
ATLANTIC,4B,VIRGINIA,230,23612,OYSTER POINT,739 THIMBLE SHOALS BLVD STE 501,NEWPORT NEWS,VA,23606,9994,P,X29599,S
ATLANTIC,4B,VIRGINIA,230,23651,PHOEBUS,102 E MELLEN ST,HAMPTON,VA,23663,9998,,X27414,S
ATLANTIC,4B,VIRGINIA,230,23661,WYTHE,405 CHESTERFIELD RD,HAMPTON,VA,23661,9998,,X28055,S
ATLANTIC,4B,VIRGINIA,230,23661,HAMPTON VA S&DC,809 ABERDEEN RD,HAMPTON,VA,23670,9702,,020717,4
ATLANTIC,4B,VIRGINIA,230,23662,POQUOSON,529 WYTHE CREEK RD,POQUOSON,VA,23662,9998,,X27432,B
ATLANTIC,4B,VIRGINIA,230,23662,HAMPTON VA S&DC,809 ABERDEEN RD,HAMPTON,VA,23670,9702,,020717,4
ATLANTIC,4B,VIRGINIA,230,23663,PHOEBUS,102 E MELLEN ST,HAMPTON,VA,23663,9998,,X27414,S
ATLANTIC,4B,VIRGINIA,230,23664,RIVERDALE,1062 W MERCURY BLVD,HAMPTON,VA,23666,9998,,X27541,S
ATLANTIC,4B,VIRGINIA,230,23665,LANGLEY AFB,62 WALNUT AVE,HAMPTON,VA,23665,9998,,X26974,S
ATLANTIC,4B,VIRGINIA,230,23665,HAMPTON VA S&DC,809 ABERDEEN RD,HAMPTON,VA,23670,9702,,020717,4
ATLANTIC,4B,VIRGINIA,230,23666,RIVERDALE,1062 W MERCURY BLVD,HAMPTON,VA,23666,9998,,X27541,S
ATLANTIC,4B,VIRGINIA,230,23666,HAMPTON VA S&DC,809 ABERDEEN RD,HAMPTON,VA,23670,9702,,020717,4
ATLANTIC,4B,VIRGINIA,230,23669,OLD HAMPTON,89 LINCOLN ST,HAMPTON,VA,23669,9998,,X27360,S
ATLANTIC,4B,VIRGINIA,230,23669,HAMPTON VA S&DC,809 ABERDEEN RD,HAMPTON,VA,23670,9702,,020717,4
ATLANTIC,4B,VIRGINIA,230,23670,HAMPTON VA S&DC,809 ABERDEEN RD,HAMPTON,VA,23670,9702,P,020717,4
ATLANTIC,4B,VIRGINIA,230,23690,GRAFTON,5702 GEORGE WASHINGTON MEM HWY,YORKTOWN,VA,23692,2878,,X26735,B
ATLANTIC,4B,VIRGINIA,230,23690,YORKTOWN,126 BALLARD ST,YORKTOWN,VA,23690,9998,,X28060,P
ATLANTIC,4B,VIRGINIA,230,23690,COAST GUARD FINANCE UNIT,1 U S COAST GUARD TRN CTR,YORKTOWN,VA,23690,5001,,004500,B
ATLANTIC,4B,VIRGINIA,230,23692,GRAFTON,5702 GEORGE WASHINGTON MEM HWY,YORKTOWN,VA,23692,2878,,X26735,B
ATLANTIC,4B,VIRGINIA,230,23693,GRAFTON,5702 GEORGE WASHINGTON MEM HWY,YORKTOWN,VA,23692,2878,,X26735,B
ATLANTIC,4B,VIRGINIA,230,23694,LACKEY,2028 OLD WILLIAMSBURG RD,LACKEY,VA,23694,9800,P,X26956,P
ATLANTIC,4B,VIRGINIA,230,23696,SEAFORD,2300 SEAFORD RD,SEAFORD,VA,23696,9998,,X27614,P
ATLANTIC,4B,VIRGINIA,230,23701,OLIVE,201 CHOWAN DR,PORTSMOUTH,VA,23701,9998,,X27363,S
ATLANTIC,4B,VIRGINIA,230,23701,PORTSMOUTH,933 BROAD ST,PORTSMOUTH,VA,23707,9998,,X27438,P
ATLANTIC,4B,VIRGINIA,230,23702,PORTSMOUTH,933 BROAD ST,PORTSMOUTH,VA,23707,9998,,X27438,P
ATLANTIC,4B,VIRGINIA,230,23703,CHURCHLAND,3590 TOWNE POINT RD,PORTSMOUTH,VA,23703,9998,,X26347,S
ATLANTIC,4B,VIRGINIA,230,23703,PORTSMOUTH,933 BROAD ST,PORTSMOUTH,VA,23707,9998,,X27438,P
ATLANTIC,4B,VIRGINIA,230,23704,PORTSMOUTH,933 BROAD ST,PORTSMOUTH,VA,23707,9998,,X27438,P
ATLANTIC,4B,VIRGINIA,230,23705,PORTSIDE,431 CRAWFORD ST FL 1,PORTSMOUTH,VA,23704,9997,P,X27437,S
ATLANTIC,4B,VIRGINIA,230,23707,PORTSMOUTH,933 BROAD ST,PORTSMOUTH,VA,23707,9998,,X27438,P
ATLANTIC,4B,VIRGINIA,230,23801,FORT LEE,1400 SUSTAINMENT AVE,FORT LEE,VA,23801,1616,,X26645,B
ATLANTIC,4B,VIRGINIA,230,23801,PETERSBURG,29 FRANKLIN ST,PETERSBURG,VA,23803,9997,,X27408,P
ATLANTIC,4B,VIRGINIA,230,23803,PETERSBURG,29 FRANKLIN ST,PETERSBURG,VA,23803,9997,,X27408,P
ATLANTIC,4B,VIRGINIA,230,23804,PETERSBURG,29 FRANKLIN ST,PETERSBURG,VA,23803,9997,P,X27408,P
ATLANTIC,4B,VIRGINIA,230,23805,PETERSBURG,29 FRANKLIN ST,PETERSBURG,VA,23803,9997,,X27408,P
ATLANTIC,4B,VIRGINIA,230,23805,WALNUT HILL,3131 S CRATER RD,PETERSBURG,VA,23805,9998,,X27915,S
ATLANTIC,4B,VIRGINIA,230,23821,ALBERTA,642 MAIN ST,ALBERTA,VA,23821,9998,,X26000,P
ATLANTIC,4B,VIRGINIA,230,23824,BLACKSTONE,400 S MAIN ST,BLACKSTONE,VA,23824,9998,,X26143,P
ATLANTIC,4B,VIRGINIA,230,23827,BOYKINS,32129 N MAIN ST,BOYKINS,VA,23827,9998,,X26178,P
ATLANTIC,4B,VIRGINIA,230,23827,CAPRON,23021 MAIN ST,CAPRON,VA,23829,9998,,X26263,P
ATLANTIC,4B,VIRGINIA,230,23828,BRANCHVILLE,33143 WOODARD ST,BRANCHVILLE,VA,23828,9998,,X26181,P
ATLANTIC,4B,VIRGINIA,230,23828,CAPRON,23021 MAIN ST,CAPRON,VA,23829,9998,,X26263,P
ATLANTIC,4B,VIRGINIA,230,23829,CAPRON,23021 MAIN ST,CAPRON,VA,23829,9998,,X26263,P
ATLANTIC,4B,VIRGINIA,230,23830,CARSON,17206 HALLIGAN PARK RD,CARSON,VA,23830,9998,,X26272,P
ATLANTIC,4B,VIRGINIA,230,23830,STONY CREEK,12445 MAIN ST,STONY CREEK,VA,23882,9998,,X27776,P
ATLANTIC,4B,VIRGINIA,230,23831,CHESTER,12300 ROCK HILL RD,CHESTER,VA,23831,9998,,X26325,P
ATLANTIC,4B,VIRGINIA,230,23832,CHESTERFIELD,10221 KRAUSE RD,CHESTERFIELD,VA,23832,9998,,X26327,P
ATLANTIC,4B,VIRGINIA,230,23833,CHURCH ROAD,15300 COX RD,CHURCH ROAD,VA,23833,9998,,X26343,P
ATLANTIC,4B,VIRGINIA,230,23834,COLONIAL HEIGHTS,1205 BOULEVARD,COLONIAL HEIGHTS,VA,23834,9998,,X26398,P
ATLANTIC,4B,VIRGINIA,230,23836,CHESTER,12300 ROCK HILL RD,CHESTER,VA,23831,9998,,X26325,P
ATLANTIC,4B,VIRGINIA,230,23837,COURTLAND,22183 MAIN ST,COURTLAND,VA,23837,9998,,X26416,P
ATLANTIC,4B,VIRGINIA,230,23838,CHESTERFIELD,10221 KRAUSE RD,CHESTERFIELD,VA,23832,9998,,X26327,P
ATLANTIC,4B,VIRGINIA,230,23839,WAKEFIELD,312 W CHURCH ST,WAKEFIELD,VA,23888,9998,,X27906,P
ATLANTIC,4B,VIRGINIA,230,23840,DEWITT,16907 BOYDTON PLANK RD,DEWITT,VA,23840,9998,,X26489,P
ATLANTIC,4B,VIRGINIA,230,23841,DINWIDDIE,14416 COURTHOUSE RD,DINWIDDIE,VA,23841,9998,,X26494,P
ATLANTIC,4B,VIRGINIA,230,23842,DISPUTANTA,10001 COUNTY DR,DISPUTANTA,VA,23842,9998,,X26495,P
ATLANTIC,4B,VIRGINIA,230,23843,DOLPHIN,7593 LIBERTY RD,DOLPHIN,VA,23843,9998,,X26499,P
ATLANTIC,4B,VIRGINIA,230,23843,LAWRENCEVILLE,409 S HICKS ST,LAWRENCEVILLE,VA,23868,9998,,X26980,P
ATLANTIC,4B,VIRGINIA,230,23844,CAPRON,23021 MAIN ST,CAPRON,VA,23829,9998,,X26263,P
ATLANTIC,4B,VIRGINIA,230,23845,EBONY,468 ROBINSON FERRY RD,EBONY,VA,23845,9998,,X26551,P
ATLANTIC,4B,VIRGINIA,230,23845,LAWRENCEVILLE,409 S HICKS ST,LAWRENCEVILLE,VA,23868,9998,,X26980,P
ATLANTIC,4B,VIRGINIA,230,23846,WAKEFIELD,312 W CHURCH ST,WAKEFIELD,VA,23888,9998,,X27906,P
ATLANTIC,4B,VIRGINIA,230,23847,EMPORIA,109 S MAIN ST,EMPORIA,VA,23847,9998,,X26566,P
ATLANTIC,4B,VIRGINIA,230,23850,CHURCH ROAD,15300 COX RD,CHURCH ROAD,VA,23833,9998,,X26343,P
ATLANTIC,4B,VIRGINIA,230,23850,FORD,9109 BALTIMORE RD,FORD,VA,23850,9998,,X26629,P
ATLANTIC,4B,VIRGINIA,230,23851,FRANKLIN,519 N MAIN ST,FRANKLIN,VA,23851,9998,,X26659,P
ATLANTIC,4B,VIRGINIA,230,23856,FREEMAN,18031 GOVERNOR HARRISON PKWY,FREEMAN,VA,23856,9998,,X26672,P
ATLANTIC,4B,VIRGINIA,230,23856,LAWRENCEVILLE,409 S HICKS ST,LAWRENCEVILLE,VA,23868,9998,,X26980,P
ATLANTIC,4B,VIRGINIA,230,23857,GASBURG,4205 GASBURG RD,GASBURG,VA,23857,9998,,X26699,P
ATLANTIC,4B,VIRGINIA,230,23857,LAWRENCEVILLE,409 S HICKS ST,LAWRENCEVILLE,VA,23868,9998,,X26980,P
ATLANTIC,4B,VIRGINIA,230,23860,HOPEWELL,117 W POYTHRESS ST,HOPEWELL,VA,23860,9998,,X26858,P
ATLANTIC,4B,VIRGINIA,230,23866,IVOR,8280 MAIN ST,IVOR,VA,23866,9998,,X26890,P
ATLANTIC,4B,VIRGINIA,230,23867,JARRATT,215 JARRATT AVE,JARRATT,VA,23867,9998,,X26903,P
ATLANTIC,4B,VIRGINIA,230,23868,LAWRENCEVILLE,409 S HICKS ST,LAWRENCEVILLE,VA,23868,9998,,X26980,P
ATLANTIC,4B,VIRGINIA,230,23872,MC KENNEY,10504 RIVES AVE,MC KENNEY,VA,23872,9998,,X27111,P
ATLANTIC,4B,VIRGINIA,230,23874,NEWSOMS,29174 S MAIN ST,NEWSOMS,VA,23874,9998,,X27292,P
ATLANTIC,4B,VIRGINIA,230,23875,PRINCE GEORGE,6605 COURTHOUSE RD,PRINCE GEORGE,VA,23875,9998,,X27449,P
ATLANTIC,4B,VIRGINIA,230,23878,SEDLEY,18050 JOHNSONS MILL RD,SEDLEY,VA,23878,9998,,X27618,P
ATLANTIC,4B,VIRGINIA,230,23879,SKIPPERS,5334 SKIPPERS RD,SKIPPERS,VA,23879,9998,,X27652,P
ATLANTIC,4B,VIRGINIA,230,23881,SPRING GROVE,17 SWANNS POINT RD,SPRING GROVE,VA,23881,9998,,X27705,P
ATLANTIC,4B,VIRGINIA,230,23881,SURRY,91 COLONIAL TRL E,SURRY,VA,23883,9998,,X27790,P
ATLANTIC,4B,VIRGINIA,230,23882,STONY CREEK,12445 MAIN ST,STONY CREEK,VA,23882,9998,,X27776,P
ATLANTIC,4B,VIRGINIA,230,23883,SURRY,91 COLONIAL TRL E,SURRY,VA,23883,9998,,X27790,P
ATLANTIC,4B,VIRGINIA,230,23884,SUSSEX,15083 COURTHOUSE RD,SUSSEX,VA,23884,9998,P,X27792,P
ATLANTIC,4B,VIRGINIA,230,23885,SUTHERLAND,5503 HART RD,SUTHERLAND,VA,23885,9998,,X27793,P
ATLANTIC,4B,VIRGINIA,230,23887,LAWRENCEVILLE,409 S HICKS ST,LAWRENCEVILLE,VA,23868,9998,,X26980,P
ATLANTIC,4B,VIRGINIA,230,23887,VALENTINES,23 MANNING DR,VALENTINES,VA,23887,9998,,X27876,P
ATLANTIC,4B,VIRGINIA,230,23888,WAKEFIELD,312 W CHURCH ST,WAKEFIELD,VA,23888,9998,,X27906,P
ATLANTIC,4B,VIRGINIA,230,23889,ALBERTA,642 MAIN ST,ALBERTA,VA,23821,9998,,X26000,P
ATLANTIC,4B,VIRGINIA,230,23889,WARFIELD,15243 BOYDTON PLANK RD,WARFIELD,VA,23889,9998,,X27921,P
ATLANTIC,4B,VIRGINIA,230,23890,WAVERLY,325 W MAIN ST,WAVERLY,VA,23890,9998,,X27946,P
ATLANTIC,4B,VIRGINIA,230,23893,LAWRENCEVILLE,409 S HICKS ST,LAWRENCEVILLE,VA,23868,9998,,X26980,P
ATLANTIC,4B,VIRGINIA,230,23893,WHITE PLAINS,6529 ROBINSON FERRY RD,WHITE PLAINS,VA,23893,9998,,X27983,P
ATLANTIC,4B,VIRGINIA,230,23894,CHURCH ROAD,15300 COX RD,CHURCH ROAD,VA,23833,9998,,X26343,P
ATLANTIC,4B,VIRGINIA,230,23894,WILSONS,2120 SPRINGTON RD,WILSONS,VA,23894,9998,,X28009,P
ATLANTIC,4B,VIRGINIA,230,23897,JARRATT,215 JARRATT AVE,JARRATT,VA,23867,9998,,X26903,P
ATLANTIC,4B,VIRGINIA,230,23897,YALE,20123 COURTHOUSE RD STE A,YALE,VA,23897,9998,,X28057,P
ATLANTIC,4B,VIRGINIA,230,23898,IVOR,8280 MAIN ST,IVOR,VA,23866,9998,,X26890,P
ATLANTIC,4B,VIRGINIA,230,23898,ZUNI,5375 WINDSOR BLVD,ZUNI,VA,23898,9998,,X28067,P
ATLANTIC,4B,VIRGINIA,230,23899,CLAREMONT,3962 SPRING GROVE AVE,CLAREMONT,VA,23899,9998,P,X26355,P
ATLANTIC,4B,VIRGINIA,230,23901,FARMVILLE,301 E 3RD ST,FARMVILLE,VA,23901,9998,,X26600,P
ATLANTIC,4B,VIRGINIA,230,23915,BASKERVILLE,4444 BASKERVILLE RD,BASKERVILLE,VA,23915,9998,,X26091,P
ATLANTIC,4B,VIRGINIA,230,23917,BOYDTON,419 MADISON ST,BOYDTON,VA,23917,9998,,X26177,P
ATLANTIC,4B,VIRGINIA,230,23919,BRACEY,3913 HIGHWAY NINE O THREE,BRACEY,VA,23919,9998,,X26180,P
ATLANTIC,4B,VIRGINIA,230,23920,BRODNAX,460 PINEY POND RD,BRODNAX,VA,23920,9998,,X26202,P
ATLANTIC,4B,VIRGINIA,230,23921,BUCKINGHAM,4241 OAK HILL RD,BUCKINGHAM,VA,23921,9998,,X26216,P
ATLANTIC,4B,VIRGINIA,230,23922,BURKEVILLE,204 S AGNEW ST,BURKEVILLE,VA,23922,9998,,X26226,P
ATLANTIC,4B,VIRGINIA,230,23923,CHARLOTTE COURT HOUSE,140 DAVID BRUCE AVE,CHARLOTTE COURT HOUSE,VA,23923,9998,,X26312,P
ATLANTIC,4B,VIRGINIA,230,23924,CHASE CITY,960 N MAIN ST,CHASE CITY,VA,23924,9998,,X26318,P
ATLANTIC,4B,VIRGINIA,230,23927,CLARKSVILLE,104 4TH ST,CLARKSVILLE,VA,23927,9998,,X26356,P
ATLANTIC,4B,VIRGINIA,230,23930,CREWE,101 W TENNESSEE AVE,CREWE,VA,23930,9998,,X26432,P
ATLANTIC,4B,VIRGINIA,230,23934,CHARLOTTE COURT HOUSE,140 DAVID BRUCE AVE,CHARLOTTE COURT HOUSE,VA,23923,9998,,X26312,P
ATLANTIC,4B,VIRGINIA,230,23934,CULLEN,4304 THOMAS JEFFERSON HWY,CULLEN,VA,23934,9998,,X26450,P
ATLANTIC,4B,VIRGINIA,230,23936,DILLWYN,16625 OAK ST,DILLWYN,VA,23936,9998,,X26493,P
ATLANTIC,4B,VIRGINIA,230,23937,CHARLOTTE COURT HOUSE,140 DAVID BRUCE AVE,CHARLOTTE COURT HOUSE,VA,23923,9998,,X26312,P
ATLANTIC,4B,VIRGINIA,230,23937,DRAKES BRANCH,4871 DRAKES MAIN ST,DRAKES BRANCH,VA,23937,9998,,X26508,P
ATLANTIC,4B,VIRGINIA,230,23938,DUNDAS,4091 DUNDAS RD,DUNDAS,VA,23938,9998,,X26527,P
ATLANTIC,4B,VIRGINIA,230,23939,EVERGREEN,7077 OLD EVERGREEN RD,EVERGREEN,VA,23939,9900,P,X26575,P
ATLANTIC,4B,VIRGINIA,230,23942,BURKEVILLE,204 S AGNEW ST,BURKEVILLE,VA,23922,9998,,X26226,P
ATLANTIC,4B,VIRGINIA,230,23942,GREEN BAY,8278 W PATRICK HENRY HWY,GREEN BAY,VA,23942,9998,,X26746,P
ATLANTIC,4B,VIRGINIA,230,23944,KENBRIDGE,118 E 5TH AVE,KENBRIDGE,VA,23944,9998,,X26929,P
ATLANTIC,4B,VIRGINIA,230,23947,KEYSVILLE,225 KING ST,KEYSVILLE,VA,23947,9998,,X26935,P
ATLANTIC,4B,VIRGINIA,230,23950,LA CROSSE,50 SAINT TAMMANY RD,LA CROSSE,VA,23950,9998,,X26953,P
ATLANTIC,4B,VIRGINIA,230,23952,VICTORIA,1715 MAIN ST,VICTORIA,VA,23974,9998,,X27886,P
ATLANTIC,4B,VIRGINIA,230,23954,BURKEVILLE,204 S AGNEW ST,BURKEVILLE,VA,23922,9998,,X26226,P
ATLANTIC,4B,VIRGINIA,230,23954,MEHERRIN,495 MOORES ORDINARY RD,MEHERRIN,VA,23954,9998,,X27133,P
ATLANTIC,4B,VIRGINIA,230,23955,NOTTOWAY,329 W COURTHOUSE RD,NOTTOWAY,VA,23955,3619,P,X27331,P
ATLANTIC,4B,VIRGINIA,230,23958,PAMPLIN,1 CHURCH ST,PAMPLIN,VA,23958,9998,,X27388,P
ATLANTIC,4B,VIRGINIA,230,23959,CHARLOTTE COURT HOUSE,140 DAVID BRUCE AVE,CHARLOTTE COURT HOUSE,VA,23923,9998,,X26312,P
ATLANTIC,4B,VIRGINIA,230,23959,PHENIX,6836 PHENIX MAIN ST,PHENIX,VA,23959,9998,,X27411,P
ATLANTIC,4B,VIRGINIA,230,23960,FARMVILLE,301 E 3RD ST,FARMVILLE,VA,23901,9998,,X26600,P
ATLANTIC,4B,VIRGINIA,230,23960,PROSPECT,152 PROSPECT RD,PROSPECT,VA,23960,9998,,X27453,P
ATLANTIC,4B,VIRGINIA,230,23962,CHARLOTTE COURT HOUSE,140 DAVID BRUCE AVE,CHARLOTTE COURT HOUSE,VA,23923,9998,,X26312,P
ATLANTIC,4B,VIRGINIA,230,23962,RANDOLPH,6000 ROANOKE STATION RD,RANDOLPH,VA,23962,9998,,X27482,P
ATLANTIC,4B,VIRGINIA,230,23963,PAMPLIN,1 CHURCH ST,PAMPLIN,VA,23958,9998,,X27388,P
ATLANTIC,4B,VIRGINIA,230,23963,RED HOUSE,9699 RED HOUSE RD,RED HOUSE,VA,23963,9998,,X27497,P
ATLANTIC,4B,VIRGINIA,230,23964,CHASE CITY,960 N MAIN ST,CHASE CITY,VA,23924,9998,,X26318,P
ATLANTIC,4B,VIRGINIA,230,23964,RED OAK,6025 BARNESVILLE HWY,RED OAK,VA,23964,9998,,X27498,P
ATLANTIC,4B,VIRGINIA,230,23966,FARMVILLE,301 E 3RD ST,FARMVILLE,VA,23901,9998,,X26600,P
ATLANTIC,4B,VIRGINIA,230,23966,RICE,658 RICES DEPOT RD,RICE,VA,23966,9998,,X27518,P
ATLANTIC,4B,VIRGINIA,230,23967,CHARLOTTE COURT HOUSE,140 DAVID BRUCE AVE,CHARLOTTE COURT HOUSE,VA,23923,9998,,X26312,P
ATLANTIC,4B,VIRGINIA,230,23967,SAXE,180 HAILEY RD,SAXE,VA,23967,9998,,X27605,P
ATLANTIC,4B,VIRGINIA,230,23968,CHASE CITY,960 N MAIN ST,CHASE CITY,VA,23924,9998,,X26318,P
ATLANTIC,4B,VIRGINIA,230,23968,SKIPWITH,6000 SKIPWITH RD,SKIPWITH,VA,23968,9998,,X27653,P
ATLANTIC,4B,VIRGINIA,230,23970,SOUTH HILL,216 E FERRELL ST,SOUTH HILL,VA,23970,9998,,X27677,P
ATLANTIC,4B,VIRGINIA,230,23974,VICTORIA,1715 MAIN ST,VICTORIA,VA,23974,9998,,X27886,P
ATLANTIC,4B,VIRGINIA,230,23976,WYLLIESBURG,790 BARNESVILLE HWY,WYLLIESBURG,VA,23976,9998,,X28054,P
ATLANTIC,4B,VIRGINIA,230,24001,DOWNTOWN ROANOKE,101 CHURCH AVE SW,ROANOKE,VA,24011,9997,P,002367,S
ATLANTIC,4B,VIRGINIA,230,24002,DOWNTOWN ROANOKE,101 CHURCH AVE SW,ROANOKE,VA,24011,9997,P,002367,S
ATLANTIC,4B,VIRGINIA,230,24003,DOWNTOWN ROANOKE,101 CHURCH AVE SW,ROANOKE,VA,24011,9997,P,002367,S
ATLANTIC,4B,VIRGINIA,230,24004,DOWNTOWN ROANOKE,101 CHURCH AVE SW,ROANOKE,VA,24011,9997,P,002367,S
ATLANTIC,4B,VIRGINIA,230,24005,DOWNTOWN ROANOKE,101 CHURCH AVE SW,ROANOKE,VA,24011,9997,P,002367,S
ATLANTIC,4B,VIRGINIA,230,24006,DOWNTOWN ROANOKE,101 CHURCH AVE SW,ROANOKE,VA,24011,9997,P,002367,S
ATLANTIC,4B,VIRGINIA,230,24007,DOWNTOWN ROANOKE,101 CHURCH AVE SW,ROANOKE,VA,24011,9997,P,002367,S
ATLANTIC,4B,VIRGINIA,230,24008,DOWNTOWN ROANOKE,101 CHURCH AVE SW,ROANOKE,VA,24011,9997,P,002367,S
ATLANTIC,4B,VIRGINIA,230,24009,DOWNTOWN ROANOKE,101 CHURCH AVE SW,ROANOKE,VA,24011,9997,P,002367,S
ATLANTIC,4B,VIRGINIA,230,24010,DOWNTOWN ROANOKE,101 CHURCH AVE SW,ROANOKE,VA,24011,9997,P,002367,S
ATLANTIC,4B,VIRGINIA,230,24011,ROANOKE CARRIER ANNEX,1515 COURTLAND RD NE,ROANOKE,VA,24012,9997,,X29867,4
ATLANTIC,4B,VIRGINIA,230,24012,ROANOKE CARRIER ANNEX,1515 COURTLAND RD NE,ROANOKE,VA,24012,9997,,X29867,4
ATLANTIC,4B,VIRGINIA,230,24013,ROANOKE CARRIER ANNEX,1515 COURTLAND RD NE,ROANOKE,VA,24012,9997,,X29867,4
ATLANTIC,4B,VIRGINIA,230,24014,SOUTH ROANOKE,2229 CRYSTAL SPRING AVE SW,ROANOKE,VA,24014,9998,,X27684,S
ATLANTIC,4B,VIRGINIA,230,24014,ROANOKE CARRIER ANNEX,1515 COURTLAND RD NE,ROANOKE,VA,24012,9997,,X29867,4
ATLANTIC,4B,VIRGINIA,230,24015,GRANDIN ROAD,1733 GRANDIN RD SW,ROANOKE,VA,24015,9998,,X26737,S
ATLANTIC,4B,VIRGINIA,230,24016,ROANOKE CARRIER ANNEX,1515 COURTLAND RD NE,ROANOKE,VA,24012,9997,,X29867,4
ATLANTIC,4B,VIRGINIA,230,24017,MELROSE,3018 MELROSE AVE NW,ROANOKE,VA,24017,9998,,X27136,S
ATLANTIC,4B,VIRGINIA,230,24018,CAVE SPRING,4069 POSTAL DR,ROANOKE,VA,24018,9998,,X26291,B
ATLANTIC,4B,VIRGINIA,230,24019,HOLLINS,6621 WILLIAMSON RD,ROANOKE,VA,24019,9998,,X26852,B
ATLANTIC,4B,VIRGINIA,230,24020,HOLLINS,6621 WILLIAMSON RD,ROANOKE,VA,24019,9998,P,X26852,B
ATLANTIC,4B,VIRGINIA,230,24022,ROANOKE,419 RUTHERFORD AVE NE,ROANOKE,VA,24022,9998,P,X27549,P
ATLANTIC,4B,VIRGINIA,230,24023,ROANOKE,419 RUTHERFORD AVE NE,ROANOKE,VA,24022,9998,P,X27549,P
ATLANTIC,4B,VIRGINIA,230,24024,ROANOKE,419 RUTHERFORD AVE NE,ROANOKE,VA,24022,9998,P,X27549,P
ATLANTIC,4B,VIRGINIA,230,24025,ROANOKE,419 RUTHERFORD AVE NE,ROANOKE,VA,24022,9998,P,X27549,P
ATLANTIC,4B,VIRGINIA,230,24026,ROANOKE,419 RUTHERFORD AVE NE,ROANOKE,VA,24022,9998,P,X27549,P
ATLANTIC,4B,VIRGINIA,230,24027,ROANOKE,419 RUTHERFORD AVE NE,ROANOKE,VA,24022,9998,P,X27549,P
ATLANTIC,4B,VIRGINIA,230,24028,ROANOKE,419 RUTHERFORD AVE NE,ROANOKE,VA,24022,9998,P,X27549,P
ATLANTIC,4B,VIRGINIA,230,24029,ROANOKE,419 RUTHERFORD AVE NE,ROANOKE,VA,24022,9998,P,X27549,P
ATLANTIC,4B,VIRGINIA,230,24030,ROANOKE,419 RUTHERFORD AVE NE,ROANOKE,VA,24022,9998,P,X27549,P
ATLANTIC,4B,VIRGINIA,230,24031,ROANOKE,419 RUTHERFORD AVE NE,ROANOKE,VA,24022,9998,P,X27549,P
ATLANTIC,4B,VIRGINIA,230,24032,ROANOKE,419 RUTHERFORD AVE NE,ROANOKE,VA,24022,9998,P,X27549,P
ATLANTIC,4B,VIRGINIA,230,24033,ROANOKE,419 RUTHERFORD AVE NE,ROANOKE,VA,24022,9998,P,X27549,P
ATLANTIC,4B,VIRGINIA,230,24034,ROANOKE,419 RUTHERFORD AVE NE,ROANOKE,VA,24022,9998,P,X27549,P
ATLANTIC,4B,VIRGINIA,230,24035,ROANOKE,419 RUTHERFORD AVE NE,ROANOKE,VA,24022,9998,P,X27549,P
ATLANTIC,4B,VIRGINIA,230,24036,ROANOKE,419 RUTHERFORD AVE NE,ROANOKE,VA,24022,9998,P,X27549,P
ATLANTIC,4B,VIRGINIA,230,24037,ROANOKE,419 RUTHERFORD AVE NE,ROANOKE,VA,24022,9998,P,X27549,P
ATLANTIC,4B,VIRGINIA,230,24038,ROANOKE,419 RUTHERFORD AVE NE,ROANOKE,VA,24022,9998,P,X27549,P
ATLANTIC,4B,VIRGINIA,230,24053,ARARAT,5134 ARARAT HWY,ARARAT,VA,24053,9998,,X26039,P
ATLANTIC,4B,VIRGINIA,230,24054,AXTON,1725 DANIEL RD,AXTON,VA,24054,9998,,X26066,P
ATLANTIC,4B,VIRGINIA,230,24055,BASSETT,3465 FAIRYSTONE PARK HWY,BASSETT,VA,24055,9998,,X26094,P
ATLANTIC,4B,VIRGINIA,230,24058,BELSPRING,7893 NECK CREEK RD,BELSPRING,VA,24058,9998,P,X26120,P
ATLANTIC,4B,VIRGINIA,230,24059,BENT MOUNTAIN,9961 BENT MOUNTAIN RD,BENT MOUNTAIN,VA,24059,9998,,X26124,P
ATLANTIC,4B,VIRGINIA,230,24060,BLACKSBURG,909 UNIVERSITY CITY BLVD,BLACKSBURG,VA,24060,9998,,X26142,P
ATLANTIC,4B,VIRGINIA,230,24062,BLACKSBURG,909 UNIVERSITY CITY BLVD,BLACKSBURG,VA,24060,9998,P,X26142,P
ATLANTIC,4B,VIRGINIA,230,24063,DOWNTOWN BLACKSBURG,118 N MAIN ST,BLACKSBURG,VA,24060,9997,P,001629,S
ATLANTIC,4B,VIRGINIA,230,24064,BLUE RIDGE,3521 BLUE RIDGE BLVD,BLUE RIDGE,VA,24064,9998,,X26154,P
ATLANTIC,4B,VIRGINIA,230,24065,BOONES MILL,60 MAIN ST,BOONES MILL,VA,24065,9998,,X26164,P
ATLANTIC,4B,VIRGINIA,230,24066,BUCHANAN,19698 MAIN ST,BUCHANAN,VA,24066,9998,,X26214,P
ATLANTIC,4B,VIRGINIA,230,24067,CALLAWAY,7855 CALLAWAY RD,CALLAWAY,VA,24067,9998,,X26246,P
ATLANTIC,4B,VIRGINIA,230,24068,DOWNTOWN CHRISTIANSBURG,2 E MAIN ST,CHRISTIANSBURG,VA,24073,9997,P,X2A490,S
ATLANTIC,4B,VIRGINIA,230,24068,CHRISTIANSBURG,350 ARBOR DR,CHRISTIANSBURG,VA,24073,9998,P,X26335,P
ATLANTIC,4B,VIRGINIA,230,24069,CASCADE,5860 CASCADE RD,CASCADE,VA,24069,9998,,X26278,P
ATLANTIC,4B,VIRGINIA,230,24070,CATAWBA,4917 CATAWBA CREEK RD,CATAWBA,VA,24070,9998,,X26283,P
ATLANTIC,4B,VIRGINIA,230,24072,CHECK,168 MEADOW RUN RD SE,CHECK,VA,24072,9998,,X26322,P
ATLANTIC,4B,VIRGINIA,230,24072,COPPER HILL,8480 FLOYD HWY N,COPPER HILL,VA,24079,9998,,X26410,P
ATLANTIC,4B,VIRGINIA,230,24073,CHRISTIANSBURG,350 ARBOR DR,CHRISTIANSBURG,VA,24073,9998,,X26335,P
ATLANTIC,4B,VIRGINIA,230,24076,CLAUDVILLE,4551 CLAUDVILLE HWY,CLAUDVILLE,VA,24076,9998,,X26359,P
ATLANTIC,4B,VIRGINIA,230,24077,CLOVERDALE,4518 READ MOUNTAIN RD,CLOVERDALE,VA,24077,9998,,X26374,P
ATLANTIC,4B,VIRGINIA,230,24078,COLLINSVILLE,3365 VIRGINIA AVE,COLLINSVILLE,VA,24078,9998,,X26392,P
ATLANTIC,4B,VIRGINIA,230,24079,COPPER HILL,8480 FLOYD HWY N,COPPER HILL,VA,24079,9998,,X26410,P
ATLANTIC,4B,VIRGINIA,230,24082,CRITZ,2658 ABRAM PENN HWY,CRITZ,VA,24082,9998,,X26440,P
ATLANTIC,4B,VIRGINIA,230,24083,DALEVILLE,1492 ROANOKE RD,DALEVILLE,VA,24083,9998,,X26460,P
ATLANTIC,4B,VIRGINIA,230,24084,DUBLIN,1 TOWN CENTER DR,DUBLIN,VA,24084,9998,,X26518,P
ATLANTIC,4B,VIRGINIA,230,24085,EAGLE ROCK,14630 CHURCH ST,EAGLE ROCK,VA,24085,9998,,X26540,P
ATLANTIC,4B,VIRGINIA,230,24086,EGGLESTON,3618 CHURCH HILL RD,EGGLESTON,VA,24086,9998,,X26556,P
ATLANTIC,4B,VIRGINIA,230,24087,ELLISTON,9420 ROANOKE RD,ELLISTON,VA,24087,9998,,X26564,P
ATLANTIC,4B,VIRGINIA,230,24088,FERRUM,57 FIELDCREST RD,FERRUM,VA,24088,9998,,X26605,P
ATLANTIC,4B,VIRGINIA,230,24089,COLLINSVILLE,3365 VIRGINIA AVE,COLLINSVILLE,VA,24078,9998,,X26392,P
ATLANTIC,4B,VIRGINIA,230,24089,FIELDALE,20 MARSHALL WAY,FIELDALE,VA,24089,9998,,X26606,P
ATLANTIC,4B,VIRGINIA,230,24090,FINCASTLE,223 S ROANOKE ST,FINCASTLE,VA,24090,9998,,X26608,P
ATLANTIC,4B,VIRGINIA,230,24091,FLOYD,819 E MAIN ST,FLOYD,VA,24091,9998,,X26626,P
ATLANTIC,4B,VIRGINIA,230,24092,GLADE HILL,7300 OLD FRANKLIN TPKE,GLADE HILL,VA,24092,9998,,X26706,P
ATLANTIC,4B,VIRGINIA,230,24093,GLEN LYN,106 DAVIS AVE,GLEN LYN,VA,24093,9998,,X26713,P
ATLANTIC,4B,VIRGINIA,230,24095,GOODVIEW,7315 GOODVIEW RD,GOODVIEW,VA,24095,9998,,X26728,P
ATLANTIC,4B,VIRGINIA,230,24101,HARDY,7210 HARDY RD,HARDY,VA,24101,9998,,X26794,P
ATLANTIC,4B,VIRGINIA,230,24101,CPU SMITH MOUNTAIN,40 VILLAGE SPRINGS DR STE 14,HARDY,VA,24101,9997,,010342,5
ATLANTIC,4B,VIRGINIA,230,24102,HENRY,30 TOWNE CREEK RD,HENRY,VA,24102,9998,,X26826,P
ATLANTIC,4B,VIRGINIA,230,24104,HUDDLESTON,1080 TOLERS FERRY RD,HUDDLESTON,VA,24104,9998,,X26867,P
ATLANTIC,4B,VIRGINIA,230,24105,INDIAN VALLEY,321 INDIAN VALLEY POST OFFICE RD NW,INDIAN VALLEY,VA,24105,9998,,X26880,P
ATLANTIC,4B,VIRGINIA,230,24111,MC COY,6100 CENTENNIAL RD,MC COY,VA,24111,9998,P,X27105,P
ATLANTIC,4B,VIRGINIA,230,24112,MARTINSVILLE,1123 SPRUCE ST,MARTINSVILLE,VA,24112,9998,,X27087,P
ATLANTIC,4B,VIRGINIA,230,24114,CENTRAL MARTINSVILLE,1 W CHURCH ST,MARTINSVILLE,VA,24112,6229,P,X26296,S
ATLANTIC,4B,VIRGINIA,230,24115,MARTINSVILLE,1123 SPRUCE ST,MARTINSVILLE,VA,24112,9998,P,X27087,P
ATLANTIC,4B,VIRGINIA,230,24120,MEADOWS OF DAN,3561 JEB STUART HWY,MEADOWS OF DAN,VA,24120,9998,,X27122,P
ATLANTIC,4B,VIRGINIA,230,24121,MONETA,14211 MONETA RD,MONETA,VA,24121,9998,,X27189,P
ATLANTIC,4B,VIRGINIA,230,24122,MONTVALE,11345 W LYNCHBURG SALEM TPKE,MONTVALE,VA,24122,9998,,X27205,P
ATLANTIC,4B,VIRGINIA,230,24124,NARROWS,305 MAIN ST,NARROWS,VA,24124,9998,,X27234,P
ATLANTIC,4B,VIRGINIA,230,24124,PEARISBURG,206 N MAIN ST,PEARISBURG,VA,24134,9998,,X27401,P
ATLANTIC,4B,VIRGINIA,230,24126,NEWBERN,5339 WILDERNESS RD,NEWBERN,VA,24126,9998,P,X27282,P
ATLANTIC,4B,VIRGINIA,230,24127,NEW CASTLE,283 MAIN ST,NEW CASTLE,VA,24127,9998,,X27273,P
ATLANTIC,4B,VIRGINIA,230,24128,NEWPORT,119 BLUE GRASS TRL,NEWPORT,VA,24128,9998,,X27286,P
ATLANTIC,4B,VIRGINIA,230,24129,RADFORD,901 W MAIN ST,RADFORD,VA,24141,9998,P,X27479,P
ATLANTIC,4B,VIRGINIA,230,24132,PARROTT,6059 PARROTT MOUNTAIN RD,PARROTT,VA,24132,9998,P,X27396,P
ATLANTIC,4B,VIRGINIA,230,24133,PATRICK SPRINGS,22015 JEB STUART HWY,PATRICK SPRINGS,VA,24133,9998,,X27399,P
ATLANTIC,4B,VIRGINIA,230,24134,PEARISBURG,206 N MAIN ST,PEARISBURG,VA,24134,9998,,X27401,P
ATLANTIC,4B,VIRGINIA,230,24136,PEMBROKE,102 PROGRESS ST,PEMBROKE,VA,24136,9998,,X27403,P
ATLANTIC,4B,VIRGINIA,230,24137,PENHOOK,137 MORGANS FORK RD,PENHOOK,VA,24137,9998,,X27404,P
ATLANTIC,4B,VIRGINIA,230,24138,PILOT,5044 PILOT RD,PILOT,VA,24138,9998,,X27416,P
ATLANTIC,4B,VIRGINIA,230,24138,RINER,3955 RINER RD,RINER,VA,24149,9998,,X27538,P
ATLANTIC,4B,VIRGINIA,230,24139,PITTSVILLE,5424 PITTSVILLE RD,PITTSVILLE,VA,24139,9998,,X27423,P
ATLANTIC,4B,VIRGINIA,230,24141,RADFORD,901 W MAIN ST,RADFORD,VA,24141,9998,,X27479,P
ATLANTIC,4B,VIRGINIA,230,24143,RADFORD,901 W MAIN ST,RADFORD,VA,24141,9998,P,X27479,P
ATLANTIC,4B,VIRGINIA,230,24146,REDWOOD,3450 OLD FRANKLIN TPKE,REDWOOD,VA,24146,9998,P,X27500,P
ATLANTIC,4B,VIRGINIA,230,24147,RICH CREEK,299 OLD VIRGINIA AVE,RICH CREEK,VA,24147,9998,,X27520,P
ATLANTIC,4B,VIRGINIA,230,24148,RIDGEWAY,82 MAGNOLIA ST,RIDGEWAY,VA,24148,9998,,X27533,P
ATLANTIC,4B,VIRGINIA,230,24149,RINER,3955 RINER RD,RINER,VA,24149,9998,,X27538,P
ATLANTIC,4B,VIRGINIA,230,24150,RIPPLEMEAD,101 GREYSTONE DR,RIPPLEMEAD,VA,24150,9998,,X27540,P
ATLANTIC,4B,VIRGINIA,230,24151,ROCKY MOUNT,20 E COLLEGE ST,ROCKY MOUNT,VA,24151,9998,,X27558,P
ATLANTIC,4B,VIRGINIA,230,24153,SALEM,320 W MAIN ST,SALEM,VA,24153,9998,,X27594,P
ATLANTIC,4B,VIRGINIA,230,24162,SHAWSVILLE,6914 ROANOKE RD,SHAWSVILLE,VA,24162,9998,,X27633,P
ATLANTIC,4B,VIRGINIA,230,24165,SPENCER,33 SPENCER PENN RD,SPENCER,VA,24165,9998,,X27694,P
ATLANTIC,4B,VIRGINIA,230,24167,STAFFORDSVILLE,494 CEDAR CREST LOOP,STAFFORDSVILLE,VA,24167,9998,,X27737,P
ATLANTIC,4B,VIRGINIA,230,24168,STANLEYTOWN,180 FAIR OAKS DR,STANLEYTOWN,VA,24168,9998,,X27744,P
ATLANTIC,4B,VIRGINIA,230,24171,STUART,101 N MAIN ST,STUART,VA,24171,9998,,X27782,P
ATLANTIC,4B,VIRGINIA,230,24174,THAXTON,1162 PENICKS MILL RD,THAXTON,VA,24174,9998,,X27811,P
ATLANTIC,4B,VIRGINIA,230,24175,TROUTVILLE,4952 LEE HWY,TROUTVILLE,VA,24175,9998,,X27840,P
ATLANTIC,4B,VIRGINIA,230,24176,UNION HALL,66 BERGER LOOP,UNION HALL,VA,24176,9998,,X27853,P
ATLANTIC,4B,VIRGINIA,230,24177,VESTA,16 COMMUNITY LN,VESTA,VA,24177,9998,P,X27884,P
ATLANTIC,4B,VIRGINIA,230,24179,VINTON,119 S POLLARD ST,VINTON,VA,24179,9998,,X27894,P
ATLANTIC,4B,VIRGINIA,230,24184,WIRTZ,7198 BOOKER T WASHINGTON HWY,WIRTZ,VA,24184,9998,,X28021,P
ATLANTIC,4B,VIRGINIA,230,24185,WOOLWINE,9724 WOOLWINE HWY,WOOLWINE,VA,24185,9998,,X28050,P
ATLANTIC,4B,VIRGINIA,230,24201,BRISTOL,111 6TH ST,BRISTOL,VA,24203,9998,,X26196,P
ATLANTIC,4B,VIRGINIA,230,24202,BRISTOL,111 6TH ST,BRISTOL,VA,24203,9998,,X26196,P
ATLANTIC,4B,VIRGINIA,230,24203,BRISTOL,111 6TH ST,BRISTOL,VA,24203,9998,P,X26196,P
ATLANTIC,4B,VIRGINIA,230,24209,DOMINION,220 PLAZA XING,BRISTOL,VA,24201,1704,P,000195,S
ATLANTIC,4B,VIRGINIA,230,24210,ABINGDON,300 W MAIN ST,ABINGDON,VA,24210,9998,,X25990,P
ATLANTIC,4B,VIRGINIA,230,24211,ABINGDON,300 W MAIN ST,ABINGDON,VA,24210,9998,,X25990,P
ATLANTIC,4B,VIRGINIA,230,24212,ABINGDON,300 W MAIN ST,ABINGDON,VA,24210,9998,P,X25990,P
ATLANTIC,4B,VIRGINIA,230,24216,APPALACHIA,534 W MAIN ST,APPALACHIA,VA,24216,9998,,X26036,P
ATLANTIC,4B,VIRGINIA,230,24216,BIG STONE GAP,512 SHAWNEE AVE E,BIG STONE GAP,VA,24219,9998,,X26137,P
ATLANTIC,4B,VIRGINIA,230,24217,HONAKER,5528 REDBUD HWY,HONAKER,VA,24260,9998,,X26855,P
ATLANTIC,4B,VIRGINIA,230,24218,BEN HUR,37997 VETERANS MEMORIAL HWY,BEN HUR,VA,24218,9998,P,X26121,P
ATLANTIC,4B,VIRGINIA,230,24219,BIG STONE GAP,512 SHAWNEE AVE E,BIG STONE GAP,VA,24219,9998,,X26137,P
ATLANTIC,4B,VIRGINIA,230,24220,HAYSI,288 HAYSI MAIN ST,HAYSI,VA,24256,9998,,X26814,P
ATLANTIC,4B,VIRGINIA,230,24221,BLACKWATER,8989 STATE ROUTE 70 STE 101,BLACKWATER,VA,24221,9998,,X26144,P
ATLANTIC,4B,VIRGINIA,230,24221,DUFFIELD,466 DUFF PATT HWY,DUFFIELD,VA,24244,9998,,X26519,P
ATLANTIC,4B,VIRGINIA,230,24224,CASTLEWOOD,19366 US HIGHWAY 58,CASTLEWOOD,VA,24224,9998,,X26281,P
ATLANTIC,4B,VIRGINIA,230,24225,CLEVELAND,6550 CLEVELAND RD,CLEVELAND,VA,24225,9998,,X26362,P
ATLANTIC,4B,VIRGINIA,230,24226,CLINCHCO,16556 DICKENSON HWY,CLINCHCO,VA,24226,9998,,X26369,P
ATLANTIC,4B,VIRGINIA,230,24228,CLINTWOOD,454 CHASE ST STE 100,CLINTWOOD,VA,24228,9998,,X26372,P
ATLANTIC,4B,VIRGINIA,230,24230,COEBURN,115 HIGH AVE NE,COEBURN,VA,24230,9998,,X26382,P
ATLANTIC,4B,VIRGINIA,230,24236,DAMASCUS,211 N REYNOLDS ST,DAMASCUS,VA,24236,9998,,X26464,P
ATLANTIC,4B,VIRGINIA,230,24237,NORA,5623 DANTE MOUNTAIN RD,NORA,VA,24272,9998,,X27302,P
ATLANTIC,4B,VIRGINIA,230,24239,DAVENPORT,4038 HELEN HENDERSON HWY,DAVENPORT,VA,24239,9998,,X26470,P
ATLANTIC,4B,VIRGINIA,230,24239,HONAKER,5528 REDBUD HWY,HONAKER,VA,24260,9998,,X26855,P
ATLANTIC,4B,VIRGINIA,230,24243,DRYDEN,48354 VETERANS MEMORIAL HWY,DRYDEN,VA,24243,9998,,X26517,P
ATLANTIC,4B,VIRGINIA,230,24243,PENNINGTON GAP,41610 W MORGAN AVE,PENNINGTON GAP,VA,24277,9998,,X27406,P
ATLANTIC,4B,VIRGINIA,230,24244,DUFFIELD,466 DUFF PATT HWY,DUFFIELD,VA,24244,9998,,X26519,P
ATLANTIC,4B,VIRGINIA,230,24245,DUNGANNON,18948 VETERANS MEMORIAL HWY STE 102,DUNGANNON,VA,24245,9998,,X26528,P
ATLANTIC,4B,VIRGINIA,230,24246,EAST STONE GAP,3911 E STONE GAP RD,EAST STONE GAP,VA,24246,9998,P,X26547,P
ATLANTIC,4B,VIRGINIA,230,24248,EWING,1579 DR THOMAS WALKER RD,EWING,VA,24248,9998,,X26577,P
ATLANTIC,4B,VIRGINIA,230,24250,GATE CITY,380 JONES ST,GATE CITY,VA,24251,9998,,X26700,P
ATLANTIC,4B,VIRGINIA,230,24251,GATE CITY,380 JONES ST,GATE CITY,VA,24251,9998,,X26700,P
ATLANTIC,4B,VIRGINIA,230,24256,HAYSI,288 HAYSI MAIN ST,HAYSI,VA,24256,9998,,X26814,P
ATLANTIC,4B,VIRGINIA,230,24258,GATE CITY,380 JONES ST,GATE CITY,VA,24251,9998,,X26700,P
ATLANTIC,4B,VIRGINIA,230,24258,HILTONS,90 SECOND ST,HILTONS,VA,24258,9997,,X26845,P
ATLANTIC,4B,VIRGINIA,230,24260,HONAKER,5528 REDBUD HWY,HONAKER,VA,24260,9998,,X26855,P
ATLANTIC,4B,VIRGINIA,230,24263,JONESVILLE,169 CHURCH ST,JONESVILLE,VA,24263,9998,,X26918,P
ATLANTIC,4B,VIRGINIA,230,24265,KEOKEE,119 POST OFFICE RD,KEOKEE,VA,24265,9998,,X26932,P
ATLANTIC,4B,VIRGINIA,230,24266,LEBANON,304 W MAIN ST,LEBANON,VA,24266,9998,,X26984,P
ATLANTIC,4B,VIRGINIA,230,24270,GATE CITY,380 JONES ST,GATE CITY,VA,24251,9998,,X26700,P
ATLANTIC,4B,VIRGINIA,230,24270,MENDOTA,2543 MENDOTA RD,MENDOTA,VA,24270,9998,,X27138,P
ATLANTIC,4B,VIRGINIA,230,24271,NICKELSVILLE,158 BETHEL RD,NICKELSVILLE,VA,24271,9998,,X27295,P
ATLANTIC,4B,VIRGINIA,230,24272,NORA,5623 DANTE MOUNTAIN RD,NORA,VA,24272,9998,,X27302,P
ATLANTIC,4B,VIRGINIA,230,24273,NORTON,39 7TH ST NW,NORTON,VA,24273,9998,,X27327,P
ATLANTIC,4B,VIRGINIA,230,24277,PENNINGTON GAP,41610 W MORGAN AVE,PENNINGTON GAP,VA,24277,9998,,X27406,P
ATLANTIC,4B,VIRGINIA,230,24279,POUND,11317 HIGHLAND AVE,POUND,VA,24279,9998,,X27441,P
ATLANTIC,4B,VIRGINIA,230,24280,ROSEDALE,18542 U S HIGHWAY 19 STE C,ROSEDALE,VA,24280,9998,,X27564,P
ATLANTIC,4B,VIRGINIA,230,24281,EWING,1579 DR THOMAS WALKER RD,EWING,VA,24248,9998,,X26577,P
ATLANTIC,4B,VIRGINIA,230,24281,ROSE HILL,6501 DR THOMAS WALKER RD,ROSE HILL,VA,24281,9998,,X27563,P
ATLANTIC,4B,VIRGINIA,230,24282,PENNINGTON GAP,41610 W MORGAN AVE,PENNINGTON GAP,VA,24277,9998,,X27406,P
ATLANTIC,4B,VIRGINIA,230,24282,SAINT CHARLES,155 MONARCH RD,SAINT CHARLES,VA,24282,9998,,X27589,P
ATLANTIC,4B,VIRGINIA,230,24283,CASTLEWOOD,19366 US HIGHWAY 58,CASTLEWOOD,VA,24224,9998,,X26281,P
ATLANTIC,4B,VIRGINIA,230,24283,SAINT PAUL,16552 RUSSELL ST,SAINT PAUL,VA,24283,9998,,X27591,P
ATLANTIC,4B,VIRGINIA,230,24290,GATE CITY,380 JONES ST,GATE CITY,VA,24251,9998,,X26700,P
ATLANTIC,4B,VIRGINIA,230,24292,WHITETOP,15145 HIGHLANDS PKWY,WHITETOP,VA,24292,9998,,X27988,P
ATLANTIC,4B,VIRGINIA,230,24293,WISE,208 MAIN ST,WISE,VA,24293,9998,,X28022,P
ATLANTIC,4B,VIRGINIA,230,24301,PULASKI,109 N WASHINGTON AVE,PULASKI,VA,24301,9998,,X27464,P
ATLANTIC,4B,VIRGINIA,230,24311,ATKINS,5864 LEE HWY,ATKINS,VA,24311,9998,,X26059,P
ATLANTIC,4B,VIRGINIA,230,24311,MARION,200 PEARL AVE,MARION,VA,24354,9998,,X27080,P
ATLANTIC,4B,VIRGINIA,230,24312,AUSTINVILLE,2286 AUSTINVILLE RD,AUSTINVILLE,VA,24312,9998,,X26065,P
ATLANTIC,4B,VIRGINIA,230,24313,BARREN SPRINGS,1895 WYSOR HWY,BARREN SPRINGS,VA,24313,3643,,X26090,P
ATLANTIC,4B,VIRGINIA,230,24314,BASTIAN,178 WALNUT DR,BASTIAN,VA,24314,9998,,X26096,P
ATLANTIC,4B,VIRGINIA,230,24314,BLAND,207 JACKSON ST,BLAND,VA,24315,9998,,X26148,P
ATLANTIC,4B,VIRGINIA,230,24315,BLAND,207 JACKSON ST,BLAND,VA,24315,9998,,X26148,P
ATLANTIC,4B,VIRGINIA,230,24316,CHILHOWIE,195 OLD STAGE RD,CHILHOWIE,VA,24319,9998,,X26329,P
ATLANTIC,4B,VIRGINIA,230,24317,CANA,14207 FANCY GAP HWY,CANA,VA,24317,3660,,X26253,P
ATLANTIC,4B,VIRGINIA,230,24318,CERES,5592 W BLUE GRASS TRL,CERES,VA,24318,9998,,X26301,P
ATLANTIC,4B,VIRGINIA,230,24319,CHILHOWIE,195 OLD STAGE RD,CHILHOWIE,VA,24319,9998,,X26329,P
ATLANTIC,4B,VIRGINIA,230,24323,CROCKETT,1163 CROCKETT RD,CROCKETT,VA,24323,9998,,X26441,P
ATLANTIC,4B,VIRGINIA,230,24323,RURAL RETREAT,405 S MAIN ST,RURAL RETREAT,VA,24368,9998,,X27578,P
ATLANTIC,4B,VIRGINIA,230,24324,DRAPER,4390 ACADEMY ST,DRAPER,VA,24324,9998,,X26509,P
ATLANTIC,4B,VIRGINIA,230,24324,PULASKI,109 N WASHINGTON AVE,PULASKI,VA,24301,9998,,X27464,P
ATLANTIC,4B,VIRGINIA,230,24325,DUGSPUR,60 DOUBLE CABIN RD,DUGSPUR,VA,24325,9998,,X26520,P
ATLANTIC,4B,VIRGINIA,230,24326,ELK CREEK,62 COMERS ROCK RD,ELK CREEK,VA,24326,9998,,X26560,P
ATLANTIC,4B,VIRGINIA,230,24326,INDEPENDENCE,301 DAVIS ST,INDEPENDENCE,VA,24348,9998,,X26876,P
ATLANTIC,4B,VIRGINIA,230,24327,EMORY,31045 OXFORD AVE,EMORY,VA,24327,9998,P,X26565,P
ATLANTIC,4B,VIRGINIA,230,24328,FANCY GAP,7608 FANCY GAP HWY,FANCY GAP,VA,24328,9998,,X26598,P
ATLANTIC,4B,VIRGINIA,230,24330,FRIES,491 W MAIN ST,FRIES,VA,24330,9998,,X26676,P
ATLANTIC,4B,VIRGINIA,230,24333,GALAX,200 E GRAYSON ST,GALAX,VA,24333,9998,,X26693,P
ATLANTIC,4B,VIRGINIA,230,24340,GLADE SPRING,205 E GLADE ST,GLADE SPRING,VA,24340,9998,,X26705,P
ATLANTIC,4B,VIRGINIA,230,24343,HILLSVILLE,404 S MAIN ST,HILLSVILLE,VA,24343,9998,,X26843,P
ATLANTIC,4B,VIRGINIA,230,24347,HIWASSEE,2298 JULIA SIMPKINS RD,HIWASSEE,VA,24347,9998,,X26847,P
ATLANTIC,4B,VIRGINIA,230,24348,INDEPENDENCE,301 DAVIS ST,INDEPENDENCE,VA,24348,9998,,X26876,P
ATLANTIC,4B,VIRGINIA,230,24350,AUSTINVILLE,2286 AUSTINVILLE RD,AUSTINVILLE,VA,24312,9998,,X26065,P
ATLANTIC,4B,VIRGINIA,230,24351,LAMBSBURG,3291 LAMBSBURG RD,LAMBSBURG,VA,24351,9998,,X26968,P
ATLANTIC,4B,VIRGINIA,230,24352,LAUREL FORK,14208 DANVILLE PIKE,LAUREL FORK,VA,24352,3699,,X26979,P
ATLANTIC,4B,VIRGINIA,230,24354,MARION,200 PEARL AVE,MARION,VA,24354,9998,,X27080,P
ATLANTIC,4B,VIRGINIA,230,24360,MAX MEADOWS,1427 RAMSEY MOUNTAIN RD,MAX MEADOWS,VA,24360,9998,,X27101,P
ATLANTIC,4B,VIRGINIA,230,24360,WYTHEVILLE,380 W MAIN ST,WYTHEVILLE,VA,24382,9998,,X28056,P
ATLANTIC,4B,VIRGINIA,230,24361,GLADE SPRING,205 E GLADE ST,GLADE SPRING,VA,24340,9998,,X26705,P
ATLANTIC,4B,VIRGINIA,230,24361,MEADOWVIEW,29063 WALKER LN,MEADOWVIEW,VA,24361,3725,,X27123,P
ATLANTIC,4B,VIRGINIA,230,24363,MOUTH OF WILSON,700 TROUTDALE HWY,MOUTH OF WILSON,VA,24363,9998,,X27220,P
ATLANTIC,4B,VIRGINIA,230,24366,ROCKY GAP,12797 N SCENIC HWY,ROCKY GAP,VA,24366,9998,,X27557,P
ATLANTIC,4B,VIRGINIA,230,24368,RURAL RETREAT,405 S MAIN ST,RURAL RETREAT,VA,24368,9998,,X27578,P
ATLANTIC,4B,VIRGINIA,230,24370,SALTVILLE,146 PALMER AVE,SALTVILLE,VA,24370,9998,,X27595,P
ATLANTIC,4B,VIRGINIA,230,24374,SPEEDWELL,6766 GRAYSON TPKE,SPEEDWELL,VA,24374,9998,,X27693,P
ATLANTIC,4B,VIRGINIA,230,24375,SUGAR GROVE,5444 SUGAR GROVE HWY,SUGAR GROVE,VA,24375,9998,,X27786,P
ATLANTIC,4B,VIRGINIA,230,24377,CHILHOWIE,195 OLD STAGE RD,CHILHOWIE,VA,24319,9998,,X26329,P
ATLANTIC,4B,VIRGINIA,230,24378,TROUTDALE,93 RIPSHIN RD,TROUTDALE,VA,24378,9998,,X27839,P
ATLANTIC,4B,VIRGINIA,230,24380,WILLIS,5600 FLOYD HWY S,WILLIS,VA,24380,9998,,X28004,P
ATLANTIC,4B,VIRGINIA,230,24381,GALAX,200 E GRAYSON ST,GALAX,VA,24333,9998,,X26693,P
ATLANTIC,4B,VIRGINIA,230,24381,WOODLAWN,32 COULSON CHURCH RD,WOODLAWN,VA,24381,9998,,X28034,P
ATLANTIC,4B,VIRGINIA,230,24382,WYTHEVILLE,380 W MAIN ST,WYTHEVILLE,VA,24382,9998,,X28056,P
ATLANTIC,4B,VIRGINIA,230,24401,STAUNTON,1430 N AUGUSTA ST,STAUNTON,VA,24401,9998,,X27753,P
ATLANTIC,4B,VIRGINIA,230,24402,STAUNTON,1430 N AUGUSTA ST,STAUNTON,VA,24401,9998,P,X27753,P
ATLANTIC,4B,VIRGINIA,230,24402,WOODRUM,123 W FREDERICK ST STE 1102,STAUNTON,VA,24401,9997,P,X28037,S
ATLANTIC,4B,VIRGINIA,230,24411,AUGUSTA SPRINGS,10 OLD WHITETAIL LN,AUGUSTA SPRINGS,VA,24411,9998,P,X26064,P
ATLANTIC,4B,VIRGINIA,230,24412,BACOVA,23 POST OFFICE DR,BACOVA,VA,24412,9998,P,X26072,P
ATLANTIC,4B,VIRGINIA,230,24413,BLUE GRASS,2741 BLUE GRASS VALLEY RD,BLUE GRASS,VA,24413,9998,,X26153,P
ATLANTIC,4B,VIRGINIA,230,24415,BROWNSBURG,2741 BROWNSBURG TPKE,BROWNSBURG,VA,24415,9800,P,X26207,P
ATLANTIC,4B,VIRGINIA,230,24416,BUENA VISTA,2071 FOREST AVE,BUENA VISTA,VA,24416,9998,,X26218,P
ATLANTIC,4B,VIRGINIA,230,24421,CHURCHVILLE,3696 CHURCHVILLE AVE,CHURCHVILLE,VA,24421,9998,,X26348,P
ATLANTIC,4B,VIRGINIA,230,24422,CLIFTON FORGE,324 COMMERCIAL AVE,CLIFTON FORGE,VA,24422,9998,,X26366,P
ATLANTIC,4B,VIRGINIA,230,24426,COVINGTON,211 W MAIN ST,COVINGTON,VA,24426,9998,,X26422,P
ATLANTIC,4B,VIRGINIA,230,24430,CRAIGSVILLE,105 W CRAIG ST,CRAIGSVILLE,VA,24430,9998,,X26428,P
ATLANTIC,4B,VIRGINIA,230,24431,CRIMORA,1805 E SIDE HWY STE 101,CRIMORA,VA,24431,9998,,X26436,P
ATLANTIC,4B,VIRGINIA,230,24431,WAYNESBORO,200 S WAYNE AVE,WAYNESBORO,VA,22980,9998,,X27947,P
ATLANTIC,4B,VIRGINIA,230,24432,CHURCHVILLE,3696 CHURCHVILLE AVE,CHURCHVILLE,VA,24421,9998,,X26348,P
ATLANTIC,4B,VIRGINIA,230,24432,DEERFIELD,3079 DEERFIELD VALLEY RD,DEERFIELD,VA,24432,9998,,X26477,P
ATLANTIC,4B,VIRGINIA,230,24433,DOE HILL,7583 DOE HILL RD,DOE HILL,VA,24433,9998,,X26497,P
ATLANTIC,4B,VIRGINIA,230,24433,MC DOWELL,8988 HIGHLAND TPKE,MC DOWELL,VA,24458,9998,,X27106,P
ATLANTIC,4B,VIRGINIA,230,24435,FAIRFIELD,5586 N LEE HWY,FAIRFIELD,VA,24435,9998,,X26586,P
ATLANTIC,4B,VIRGINIA,230,24437,MOUNT SIDNEY,2349 LEE HWY,MOUNT SIDNEY,VA,24467,9998,,X27214,P
ATLANTIC,4B,VIRGINIA,230,24439,GOSHEN,9693 MAURY RIVER RD,GOSHEN,VA,24439,9998,,X26733,P
ATLANTIC,4B,VIRGINIA,230,24440,GREENVILLE,4171 LEE JACKSON HWY STE 101,GREENVILLE,VA,24440,9998,,X26753,P
ATLANTIC,4B,VIRGINIA,230,24441,GROTTOES,110 6TH ST,GROTTOES,VA,24441,9998,,X26768,P
ATLANTIC,4B,VIRGINIA,230,24442,MC DOWELL,8988 HIGHLAND TPKE,MC DOWELL,VA,24458,9998,,X27106,P
ATLANTIC,4B,VIRGINIA,230,24445,HOT SPRINGS,2793 MAIN ST,HOT SPRINGS,VA,24445,2619,,X26863,P
ATLANTIC,4B,VIRGINIA,230,24448,IRON GATE,511 MARKET ST,IRON GATE,VA,24448,9998,P,X26884,P
ATLANTIC,4B,VIRGINIA,230,24450,LEXINGTON,101 LEE AVE,LEXINGTON,VA,24450,9998,,X26996,P
ATLANTIC,4B,VIRGINIA,230,24457,LOW MOOR,105 OLD CHURCH RD,LOW MOOR,VA,24457,9998,P,X27035,P
ATLANTIC,4B,VIRGINIA,230,24458,MC DOWELL,8988 HIGHLAND TPKE,MC DOWELL,VA,24458,9998,,X27106,P
ATLANTIC,4B,VIRGINIA,230,24459,MIDDLEBROOK,3696 MIDDLEBROOK VILLAGE RD,MIDDLEBROOK,VA,24459,9998,,X27149,P
ATLANTIC,4B,VIRGINIA,230,24460,MILLBORO,142 MAIN ST,MILLBORO,VA,24460,9998,,X27162,P
ATLANTIC,4B,VIRGINIA,230,24463,MINT SPRING,2069 LEE JACKSON HWY,MINT SPRING,VA,24463,9900,P,X27179,P
ATLANTIC,4B,VIRGINIA,230,24464,MONTEBELLO,15048 CRABTREE FALLS HWY,MONTEBELLO,VA,24464,9998,,X27192,P
ATLANTIC,4B,VIRGINIA,230,24464,ROSELAND,7877 PATRICK HENRY HWY,ROSELAND,VA,22967,9998,,X27565,P
ATLANTIC,4B,VIRGINIA,230,24465,MONTEREY,66 E MAIN ST,MONTEREY,VA,24465,2000,,X27193,P
ATLANTIC,4B,VIRGINIA,230,24467,MOUNT SIDNEY,2349 LEE HWY,MOUNT SIDNEY,VA,24467,9998,,X27214,P
ATLANTIC,4B,VIRGINIA,230,24469,NEW HOPE,610 BATTLEFIELD RD,NEW HOPE,VA,24469,9998,P,X27276,P
ATLANTIC,4B,VIRGINIA,230,24471,GROTTOES,110 6TH ST,GROTTOES,VA,24441,9998,,X26768,P
ATLANTIC,4B,VIRGINIA,230,24471,PORT REPUBLIC,8595 MAIN ST,PORT REPUBLIC,VA,24471,9998,,X27434,P
ATLANTIC,4B,VIRGINIA,230,24472,GREENVILLE,4171 LEE JACKSON HWY STE 101,GREENVILLE,VA,24440,9998,,X26753,P
ATLANTIC,4B,VIRGINIA,230,24472,RAPHINE,2139 RAPHINE RD,RAPHINE,VA,24472,9998,,X27484,P
ATLANTIC,4B,VIRGINIA,230,24473,ROCKBRIDGE BATHS,4781 MAURY RIVER RD,ROCKBRIDGE BATHS,VA,24473,9998,,X27552,P
ATLANTIC,4B,VIRGINIA,230,24474,SELMA,1119 RICHMOND ST,SELMA,VA,24474,9998,P,X27619,P
ATLANTIC,4B,VIRGINIA,230,24476,STEELES TAVERN,6554 LEE JACKSON HWY,STEELES TAVERN,VA,24476,9998,,X27756,P
ATLANTIC,4B,VIRGINIA,230,24477,STUARTS DRAFT,2857 STUARTS DRAFT HWY STE 133,STUARTS DRAFT,VA,24477,2787,,X27783,P
ATLANTIC,4B,VIRGINIA,230,24479,CHURCHVILLE,3696 CHURCHVILLE AVE,CHURCHVILLE,VA,24421,9998,,X26348,P
ATLANTIC,4B,VIRGINIA,230,24479,SWOOPE,1351 HEWITT RD,SWOOPE,VA,24479,9998,,X27797,P
ATLANTIC,4B,VIRGINIA,230,24482,VERONA,485 LEE HWY,VERONA,VA,24482,9998,,X27883,P
ATLANTIC,4B,VIRGINIA,230,24483,FAIRFIELD,5586 N LEE HWY,FAIRFIELD,VA,24435,9998,,X26586,P
ATLANTIC,4B,VIRGINIA,230,24484,HOT SPRINGS,2793 MAIN ST,HOT SPRINGS,VA,24445,2619,,X26863,P
ATLANTIC,4B,VIRGINIA,230,24484,WARM SPRINGS,97 OLD MILL RD,WARM SPRINGS,VA,24484,9998,,X27924,P
ATLANTIC,4B,VIRGINIA,230,24485,CHURCHVILLE,3696 CHURCHVILLE AVE,CHURCHVILLE,VA,24421,9998,,X26348,P
ATLANTIC,4B,VIRGINIA,230,24486,WEYERS CAVE,27 DEPOT RD,WEYERS CAVE,VA,24486,9998,,X27976,P
ATLANTIC,4B,VIRGINIA,230,24487,MILLBORO,142 MAIN ST,MILLBORO,VA,24460,9998,,X27162,P
ATLANTIC,4B,VIRGINIA,230,24487,WILLIAMSVILLE,12258 COWPASTURE RIVER RD S,WILLIAMSVILLE,VA,24487,9998,,X28001,P
ATLANTIC,4B,VIRGINIA,230,24501,LYNCHBURG,3300 ODD FELLOWS RD,LYNCHBURG,VA,24506,9998,,X27047,P
ATLANTIC,4B,VIRGINIA,230,24502,FORT HILL,6020 FORT AVE,LYNCHBURG,VA,24502,9998,,X2A474,S
ATLANTIC,4B,VIRGINIA,230,24502,LYNCHBURG,3300 ODD FELLOWS RD,LYNCHBURG,VA,24506,9998,,X27047,P
ATLANTIC,4B,VIRGINIA,230,24503,LYNCHBURG,3300 ODD FELLOWS RD,LYNCHBURG,VA,24506,9998,,X27047,P
ATLANTIC,4B,VIRGINIA,230,24503,RIVERMONT,2485 RIVERMONT AVE,LYNCHBURG,VA,24503,9998,,X27543,S
ATLANTIC,4B,VIRGINIA,230,24504,LYNCHBURG,3300 ODD FELLOWS RD,LYNCHBURG,VA,24506,9998,,X27047,P
ATLANTIC,4B,VIRGINIA,230,24505,COURTHOUSE LYNCHBURG,1100 CLAY ST,LYNCHBURG,VA,24504,9998,P,X26504,S
ATLANTIC,4B,VIRGINIA,230,24506,LYNCHBURG,3300 ODD FELLOWS RD,LYNCHBURG,VA,24506,9998,P,X27047,P
ATLANTIC,4B,VIRGINIA,230,24517,ALTAVISTA,700 BROAD ST,ALTAVISTA,VA,24517,9998,,X26010,P
ATLANTIC,4B,VIRGINIA,230,24520,ALTON,2041 BLANE RD,ALTON,VA,24520,9998,,X26011,P
ATLANTIC,4B,VIRGINIA,230,24521,AMHERST,120 S MAIN ST,AMHERST,VA,24521,9998,,X26021,P
ATLANTIC,4B,VIRGINIA,230,24522,APPOMATTOX,791 COURT ST,APPOMATTOX,VA,24522,9998,,X26038,P
ATLANTIC,4B,VIRGINIA,230,24523,BEDFORD,500 E MAIN ST,BEDFORD,VA,24523,9998,,X26111,P
ATLANTIC,4B,VIRGINIA,230,24526,BIG ISLAND,10830 LEE JACKSON HWY,BIG ISLAND,VA,24526,9998,,X26135,P
ATLANTIC,4B,VIRGINIA,230,24527,BLAIRS,5601 U S HIGHWAY 29,BLAIRS,VA,24527,9998,,X26146,P
ATLANTIC,4B,VIRGINIA,230,24528,BROOKNEAL,101 TODD ST,BROOKNEAL,VA,24528,9998,,X26204,P
ATLANTIC,4B,VIRGINIA,230,24529,BUFFALO JUNCTION,7199 HIGHWAY 49,BUFFALO JUNCTION,VA,24529,4420,,X26220,P
ATLANTIC,4B,VIRGINIA,230,24529,VIRGILINA,1142 7TH ST,VIRGILINA,VA,24598,9998,,X27895,P
ATLANTIC,4B,VIRGINIA,230,24530,CALLANDS,12001 CALLANDS RD,CALLANDS,VA,24530,9998,,X26244,P
ATLANTIC,4B,VIRGINIA,230,24531,CHATHAM,31 S MAIN ST,CHATHAM,VA,24531,9998,,X26321,P
ATLANTIC,4B,VIRGINIA,230,24533,CLIFFORD,120 TURKEY MOUNTAIN RD,CLIFFORD,VA,24533,9998,P,X26363,P
ATLANTIC,4B,VIRGINIA,230,24534,CLOVER,101 S MAIN ST,CLOVER,VA,24534,9998,,X26373,P
ATLANTIC,4B,VIRGINIA,230,24535,CLUSTER SPRINGS,6225 HUELL MATTHEWS HWY,CLUSTER SPRINGS,VA,24535,9998,P,X26376,P
ATLANTIC,4B,VIRGINIA,230,24536,COLEMAN FALLS,6285 LEE JACKSON HWY,COLEMAN FALLS,VA,24536,9998,,X26386,P
ATLANTIC,4B,VIRGINIA,230,24538,CONCORD,10275 VILLAGE HWY,CONCORD,VA,24538,9998,,X26407,P
ATLANTIC,4B,VIRGINIA,230,24539,CRYSTAL HILL,6200 HOWARD P ANDERSON RD,CRYSTAL HILL,VA,24539,9998,,X26449,P
ATLANTIC,4B,VIRGINIA,230,24540,DANVILLE,105 TEAL CT,DANVILLE,VA,24541,9998,,X26466,P
ATLANTIC,4B,VIRGINIA,230,24541,DANVILLE,105 TEAL CT,DANVILLE,VA,24541,9998,,X26466,P
ATLANTIC,4B,VIRGINIA,230,24543,DANVILLE,105 TEAL CT,DANVILLE,VA,24541,9998,P,X26466,P
ATLANTIC,4B,VIRGINIA,230,24543,COURTHOUSE DANVILLE,700 MAIN ST,DANVILLE,VA,24541,9993,P,001767,S
ATLANTIC,4B,VIRGINIA,230,24549,DRY FORK,656 DRY FORK RD,DRY FORK,VA,24549,9998,,X26516,P
ATLANTIC,4B,VIRGINIA,230,24550,EVINGTON,11496 LEESVILLE RD,EVINGTON,VA,24550,9998,,X26576,P
ATLANTIC,4B,VIRGINIA,230,24551,FOREST,14803 FOREST RD,FOREST,VA,24551,9998,,X26630,P
ATLANTIC,4B,VIRGINIA,230,24553,GLADSTONE,2418 PIEDMONT RD,GLADSTONE,VA,24553,9998,,X26707,P
ATLANTIC,4B,VIRGINIA,230,24554,GLADYS,62 PIGEON RUN RD,GLADYS,VA,24554,9998,,X26708,P
ATLANTIC,4B,VIRGINIA,230,24555,GLASGOW,805 BLUE RIDGE RD,GLASGOW,VA,24555,9998,,X26709,P
ATLANTIC,4B,VIRGINIA,230,24556,GOODE,9161 FOREST RD,GOODE,VA,24556,2992,,X26727,P
ATLANTIC,4B,VIRGINIA,230,24557,GRETNA,101 DR MARTIN LUTHER KING DR,GRETNA,VA,24557,9998,,X26760,P
ATLANTIC,4B,VIRGINIA,230,24558,HALIFAX,231 S MAIN ST,HALIFAX,VA,24558,9998,,X26781,P
ATLANTIC,4B,VIRGINIA,230,24563,HURT,201 MAIN ST,HURT,VA,24563,9998,,X26873,P
ATLANTIC,4B,VIRGINIA,230,24565,CHATHAM,31 S MAIN ST,CHATHAM,VA,24531,9998,,X26321,P
ATLANTIC,4B,VIRGINIA,230,24565,JAVA,3093 JAVA RD,JAVA,VA,24565,9998,,X26904,P
ATLANTIC,4B,VIRGINIA,230,24566,BLAIRS,5601 U S HIGHWAY 29,BLAIRS,VA,24527,9998,,X26146,P
ATLANTIC,4B,VIRGINIA,230,24566,KEELING,12096 OLD RICHMOND RD,KEELING,VA,24566,9998,,X26922,P
ATLANTIC,4B,VIRGINIA,230,24569,GLADYS,62 PIGEON RUN RD,GLADYS,VA,24554,9998,,X26708,P
ATLANTIC,4B,VIRGINIA,230,24569,LONG ISLAND,102 PEAK PL,LONG ISLAND,VA,24569,9998,,X27024,P
ATLANTIC,4B,VIRGINIA,230,24571,LYNCH STATION,969 POWELL RD,LYNCH STATION,VA,24571,9998,,X27045,P
ATLANTIC,4B,VIRGINIA,230,24572,MADISON HEIGHTS,158 LAKEVIEW DR,MADISON HEIGHTS,VA,24572,9998,,X27054,P
ATLANTIC,4B,VIRGINIA,230,24574,MONROE,3378 S AMHERST HWY,MONROE,VA,24574,9998,,X27190,P
ATLANTIC,4B,VIRGINIA,230,24576,NARUNA,438 WHIPPING CREEK RD,NARUNA,VA,24576,9998,P,X27235,P
ATLANTIC,4B,VIRGINIA,230,24577,NATHALIE,1031 VOLENS RD,NATHALIE,VA,24577,9998,,X27239,P
ATLANTIC,4B,VIRGINIA,230,24578,NATURAL BRIDGE,6477 S LEE HWY,NATURAL BRIDGE,VA,24578,9998,,X27245,P
ATLANTIC,4B,VIRGINIA,230,24579,NATURAL BRIDGE STATION,1482 WERT FULKNER HWY,NATURAL BRIDGE STATION,VA,24579,9998,,X27246,P
ATLANTIC,4B,VIRGINIA,230,24580,NELSON,1868 HIGHWAY 49,NELSON,VA,24580,9998,,X27268,P
ATLANTIC,4B,VIRGINIA,230,24586,RINGGOLD,4745 RINGGOLD CHURCH RD,RINGGOLD,VA,24586,9998,,X27539,P
ATLANTIC,4B,VIRGINIA,230,24588,RUSTBURG,1103 VILLAGE HWY,RUSTBURG,VA,24588,9998,,X27579,P
ATLANTIC,4B,VIRGINIA,230,24589,SCOTTSBURG,2221 SCOTTSBURG RD,SCOTTSBURG,VA,24589,9998,,X27611,P
ATLANTIC,4B,VIRGINIA,230,24590,SCOTTSVILLE,110 SCOTTSVILLE CTR,SCOTTSVILLE,VA,24590,9998,,X27612,P
ATLANTIC,4B,VIRGINIA,230,24592,SOUTH BOSTON,601 N MAIN ST,SOUTH BOSTON,VA,24592,9998,,X27674,P
ATLANTIC,4B,VIRGINIA,230,24593,SPOUT SPRING,837 SPOUT SPRING RD,SPOUT SPRING,VA,24593,9998,,X27703,P
ATLANTIC,4B,VIRGINIA,230,24594,SUTHERLIN,2061 LAUREL GROVE RD,SUTHERLIN,VA,24594,9998,,X27794,P
ATLANTIC,4B,VIRGINIA,230,24595,AMHERST,120 S MAIN ST,AMHERST,VA,24521,9998,P,X26021,P
ATLANTIC,4B,VIRGINIA,230,24597,VERNON HILL,10164 MOUNTAIN RD,VERNON HILL,VA,24597,9998,,X27882,P
ATLANTIC,4B,VIRGINIA,230,24598,VIRGILINA,1142 7TH ST,VIRGILINA,VA,24598,9998,,X27895,P
ATLANTIC,4B,VIRGINIA,230,24599,WINGINA,13711 NORWOOD RD,WINGINA,VA,24599,9998,,X28018,P
ATLANTIC,4B,VIRGINIA,230,24601,AMONATE,5185 AMONATE RD,AMONATE,VA,24601,9998,P,X26027,P
ATLANTIC,4B,VIRGINIA,230,24602,BANDY,4284 RAVENS NEST BRANCH RD,BANDY,VA,24602,9998,,X26078,P
ATLANTIC,4B,VIRGINIA,230,24602,CEDAR BLUFF,1126 CEDAR VALLEY DR,CEDAR BLUFF,VA,24609,9998,,X26292,P
ATLANTIC,4B,VIRGINIA,230,24603,BIG ROCK,32148 RIVERSIDE DR,BIG ROCK,VA,24603,9998,,X26136,P
ATLANTIC,4B,VIRGINIA,230,24603,GRUNDY,123 WALNUT ST,GRUNDY,VA,24614,9998,,X26769,P
ATLANTIC,4B,VIRGINIA,230,24604,BISHOP,3978 STONEY RIDGE RD,BISHOP,VA,24604,9998,P,X26140,P
ATLANTIC,4B,VIRGINIA,230,24605,BLUEFIELD,507 VIRGINIA AVE,BLUEFIELD,VA,24605,9998,,X26155,P
ATLANTIC,4B,VIRGINIA,230,24606,BOISSEVAIN,102 CREEKVIEW RD,BOISSEVAIN,VA,24606,9998,P,X26158,P
ATLANTIC,4B,VIRGINIA,230,24607,BREAKS,579 KING SOLOMON COLLEY RD,BREAKS,VA,24607,9998,P,X26187,P
ATLANTIC,4B,VIRGINIA,230,24608,TAZEWELL,276 MAIN ST,TAZEWELL,VA,24651,9995,P,X27809,P
ATLANTIC,4B,VIRGINIA,230,24609,CEDAR BLUFF,1126 CEDAR VALLEY DR,CEDAR BLUFF,VA,24609,9998,,X26292,P
ATLANTIC,4B,VIRGINIA,230,24612,DORAN,5947 GOVERNOR G C PERRY HWY STE 1,DORAN,VA,24612,9998,P,X26500,P
ATLANTIC,4B,VIRGINIA,230,24613,FALLS MILLS,401 BRUSHFORK RD,FALLS MILLS,VA,24613,9998,,X26595,P
ATLANTIC,4B,VIRGINIA,230,24614,GRUNDY,123 WALNUT ST,GRUNDY,VA,24614,9998,,X26769,P
ATLANTIC,4B,VIRGINIA,230,24619,HORSEPEN,2354 HORSEPEN RD,HORSEPEN,VA,24619,9998,P,X26860,P
ATLANTIC,4B,VIRGINIA,230,24620,HURLEY,7505 LESTERS FORK RD,HURLEY,VA,24620,9998,,X26872,P
ATLANTIC,4B,VIRGINIA,230,24622,CEDAR BLUFF,1126 CEDAR VALLEY DR,CEDAR BLUFF,VA,24609,9998,,X26292,P
ATLANTIC,4B,VIRGINIA,230,24622,JEWELL RIDGE,978 JEWELL MAIN RD,JEWELL RIDGE,VA,24622,9998,,X26915,P
ATLANTIC,4B,VIRGINIA,230,24622,RICHLANDS,1430 FRONT ST,RICHLANDS,VA,24641,9998,,X27525,P
ATLANTIC,4B,VIRGINIA,230,24624,KEEN MOUNTAIN,1063 KEEN MOUNTAIN CAMP RD,KEEN MOUNTAIN,VA,24624,9998,P,X26923,P
ATLANTIC,4B,VIRGINIA,230,24627,MAVISDALE,9170 GARDEN CREEK RD,MAVISDALE,VA,24627,9998,P,X27100,P
ATLANTIC,4B,VIRGINIA,230,24628,MAXIE,1793 BULL CREEK RD,MAXIE,VA,24628,9998,,X27102,P
ATLANTIC,4B,VIRGINIA,230,24630,NORTH TAZEWELL,1511 RIVERSIDE DR,NORTH TAZEWELL,VA,24630,9998,,X27318,P
ATLANTIC,4B,VIRGINIA,230,24631,OAKWOOD,10735 RIVERSIDE DR,OAKWOOD,VA,24631,9998,,X27350,P
ATLANTIC,4B,VIRGINIA,230,24634,PILGRIMS KNOB,14006 DISMAL RIVER RD,PILGRIMS KNOB,VA,24634,9998,,X27415,P
ATLANTIC,4B,VIRGINIA,230,24635,POCAHONTAS,300 CENTRE ST,POCAHONTAS,VA,24635,5100,P,X27430,P
ATLANTIC,4B,VIRGINIA,230,24637,POUNDING MILL,380 ADAIR DR,POUNDING MILL,VA,24637,9998,,X27442,P
ATLANTIC,4B,VIRGINIA,230,24639,RAVEN,561 RAVEN RD,RAVEN,VA,24639,9998,,X27489,P
ATLANTIC,4B,VIRGINIA,230,24641,RICHLANDS,1430 FRONT ST,RICHLANDS,VA,24641,9998,,X27525,P
ATLANTIC,4B,VIRGINIA,230,24646,ROWE,2772 ROBINSON FORK RD,ROWE,VA,24646,9998,,X27571,P
ATLANTIC,4B,VIRGINIA,230,24649,SWORDS CREEK,4209 SWORDS CREEK RD,SWORDS CREEK,VA,24649,9998,,X27798,P
ATLANTIC,4B,VIRGINIA,230,24651,TAZEWELL,276 MAIN ST,TAZEWELL,VA,24651,9995,,X27809,P
ATLANTIC,4B,VIRGINIA,230,24656,GRUNDY,123 WALNUT ST,GRUNDY,VA,24614,9998,,X26769,P
ATLANTIC,4B,VIRGINIA,230,24656,VANSANT,1903 LOVERS GAP RD,VANSANT,VA,24656,9998,,X27877,P
ATLANTIC,4B,VIRGINIA,230,24657,RICHLANDS,1430 FRONT ST,RICHLANDS,VA,24641,9998,,X27525,P
ATLANTIC,4B,VIRGINIA,230,24657,WHITEWOOD,1510 BROWN MOUNTAIN RD,WHITEWOOD,VA,24657,9998,,X27989,P
ATLANTIC,4B,VIRGINIA,230,24658,WOLFORD,5145 HURLEY RD,WOLFORD,VA,24658,9998,P,X28028,P
ATLANTIC,4B,VIRGINIA,230,37620,BRISTOL,111 6TH ST,BRISTOL,VA,24203,9998,,X26196,P
ATLANTIC,4B,VIRGINIA,230,37621,BRISTOL,111 6TH ST,BRISTOL,VA,24203,9998,P,X26196,P
